# start	end	mode	name  (end = start+size-1; 0 = size unknown)
0x08000264	0x080002DF	thumb	AgbMain
0x080002E0	0x080003D7	thumb	main_loop__Fv
0x080003D8	0x080004D7	thumb	sub_080003D8__Fv
0x080004D8	0x080005FF	thumb	sub_080004D8
0x08000600	0x0800069F	thumb	sub_08000600
0x080006A0	0x08000747	thumb	sub_080006A0
0x08000748	0x0800078F	thumb	sub_08000748
0x08000790	0x080007AF	thumb	sub_08000790
0x080007B0	0x080007CB	thumb	sub_080007B0
0x080007CC	0x08000837	thumb	sub_080007CC
0x08000838	0x080008AB	thumb	setup_vectors
0x080008AC	0x080008CF	thumb	sub_080008AC
0x080008D0	0x080008DB	thumb	sub_080008D0
0x080008DC	0x080008DD	thumb	sub_080008DC
0x080008E0	0x08000903	thumb	seed_rng
0x08000904	0x0800090F	thumb	init_sram
0x08000910	0x0800091D	thumb	init_all_data
0x08000920	0x08000943	thumb	sub_08000920
0x08000944	0x08000BE7	thumb	init_save
0x08000BE8	0x08000D53	thumb	sub_08000BE8
0x08000D54	0x08000D63	thumb	get_enginemode_flag_1
0x08000D64	0x08000D87	thumb	set_enginemode_flag_1
0x08000D88	0x08000DBF	thumb	write_ram_magic
0x08000DC0	0x08000E09	thumb	check_ram_magic
0x08000E0C	0x08000E2F	thumb	clear_ram
0x08000E30	0x08000E5B	thumb	clear_gfx
0x08000E5C	0x08000F03	thumb	sub_08000E5C
0x08000F04	0x08000F9F	thumb	sub_08000F04
0x08000FA0	0x08000FE1	thumb	sub_08000FA0__FP14GraphicsBufferUsUs
0x08000FE4	0x0800100B	thumb	sub_08000FE4__FP14GraphicsBufferUs
0x0800100C	0x08001137	thumb	sub_0800100C__FPvUi
0x08001138	0x08001157	thumb	sub_08001138__FPvUs
0x08001158	0x080012BB	thumb	sub_08001158__FUsUs
0x080012BC	0x08001377	thumb	sub_080012BC
0x08001378	0x080013CF	thumb	sub_08001378
0x080013D0	0x08001453	thumb	sub_080013D0
0x08001454	0x0800152F	thumb	DmaClearGraphicsBuffer
0x08001530	0x0800160B	thumb	CpuClearGraphicsBuffer
0x0800160C	0x0800162F	thumb	CpuCopyPaletteToGfxBuffer
0x08001630	0x0800164B	thumb	resetInputState
0x0800164C	0x080016E3	thumb	pollInput
0x080016E4	0x08001717	thumb	CheckSoftResetKeys
0x08001718	0x08001743	thumb	DoReset
0x08001744	0x08001777	thumb	sub_08001744
0x08001778	0x080017AB	thumb	sub_08001778
0x080017AC	0x080017DF	thumb	sub_080017AC
0x080017E0	0x08001813	thumb	sub_080017E0
0x08001814	0x0800186B	thumb	sub_08001814
0x0800186C	0x080018E3	thumb	sub_0800186C
0x080018E4	0x080018F3	thumb	sub_080018E4
0x080018F4	0x0800190B	thumb	sub_080018F4
0x0800190C	0x0800192F	thumb	sub_0800190C
0x08001930	0x0800195F	thumb	sub_08001930
0x08001960	0x08001969	thumb	sub_08001960
0x0800196C	0x080019A3	thumb	Dma3CopyOamFromGfxBuffer
0x080019A4	0x080019DB	thumb	Dma3CopyPalettesFromGfxBuffer
0x080019DC	0x08001A13	thumb	Dma3Clear
0x08001A14	0x08001A37	thumb	Dma3Copy
0x08001A38	0x08001A6F	thumb	Dma3Fill
0x08001A70	0x08001A93	thumb	Dma0Clear
0x08001A94	0x08001AAB	thumb	Dma0Copy
0x08001AAC	0x08001ACB	thumb	Dma0Fill
0x08001ACC	0x08001B17	thumb	CpuMemClear
0x08001B18	0x08001B51	thumb	CpuSmartSet
0x08001B54	0x08001B9B	thumb	CpuMemFill
0x08001B9C	0x08001BCB	thumb	misctext_get_room_description
0x08001BCC	0x08001BFB	thumb	misctext_get_goods_description
0x08001BFC	0x08001C2B	thumb	misctext_get_psi_description
0x08001C2C	0x08001C5B	thumb	misctext_get_skill_description
0x08001C5C	0x08001D2B	thumb	get_misctext_msg
0x08001D2C	0x08001D55	thumb	isCharIdOverworldPlayable
0x08001D58	0x08001D6F	thumb	isLucasOrKumatora
0x08001D70	0x08001DAF	thumb	sub_08001D70
0x08001DB0	0x08001DC7	thumb	get_misctext_len
0x08001DC8	0x08001DF7	thumb	sub_08001DC8
0x08001DF8	0x08001E3F	thumb	sub_08001DF8
0x08001E40	0x08001EA3	thumb	sub_08001E40
0x08001EA4	0x08001F4F	thumb	sub_08001EA4
0x08001F50	0x08001FB3	thumb	sub_08001F50
0x08001FB4	0x08002103	thumb	sub_08001FB4
0x08002104	0x08002253	thumb	sub_08002104
0x08002254	0x080023A3	thumb	sub_08002254
0x080023A4	0x080023DF	thumb	sub_080023A4
0x080023E0	0x0800241F	thumb	sub_080023E0
0x08002420	0x08002473	thumb	copyText
0x08002474	0x080024EF	thumb	sub_08002474
0x080024F0	0x0800255B	thumb	sub_080024F0
0x0800255C	0x0800259F	thumb	sub_0800255C
0x080025A0	0x080025D7	thumb	getNthMemoPage
0x080025D8	0x08002603	thumb	sub_080025D8
0x08002604	0x08002633	thumb	sub_08002604
0x08002634	0x0800268B	thumb	breakIntoDigits
0x0800268C	0x080026BF	thumb	sub_0800268C
0x080026C0	0x080026EF	thumb	incrementSavePlaytime
0x080026F0	0x0800272B	thumb	incrementSessionPlaytime
0x0800272C	0x0800275F	thumb	sub_0800272C
0x08002760	0x08002799	thumb	sub_08002760
0x0800279C	0x080027E1	thumb	sub_0800279C
0x080027E4	0x08002829	thumb	sub_080027E4
0x0800282C	0x0800289B	thumb	sub_0800282C
0x0800289C	0x080028A7	thumb	Blob_GetEntry
0x080028A8	0x080028B5	thumb	Blob_GetEntrySize
0x080028B8	0x080028BB	thumb	Blob_GetNumEntries
0x080028BC	0x080028F3	thumb	set_event_flag
0x080028F4	0x08002935	thumb	sub_080028F4
0x08002938	0x0800294F	thumb	sub_08002938
0x08002950	0x0800296F	thumb	sub_08002950
0x08002970	0x08002997	thumb	get_flag
0x08002998	0x080029BB	thumb	get_shop_flag
0x080029BC	0x080029D3	thumb	get_progression_flag
0x080029D4	0x080029F7	thumb	sub_080029D4
0x080029F8	0x08002A2F	thumb	set_giftbox_flag
0x08002A30	0x08002A57	thumb	get_giftbox_flag
0x08002A58	0x08002A8D	thumb	sub_08002A58
0x08002A90	0x08002AB9	thumb	sub_08002A90
0x08002ABC	0x08002AF3	thumb	sub_08002ABC
0x08002AF4	0x08002B1B	thumb	sub_08002AF4
0x08002B1C	0x08002B5F	thumb	sub_08002B1C
0x08002B60	0x08002BA3	thumb	sub_08002B60
0x08002BA4	0x08002BCB	thumb	sub_08002BA4
0x08002BCC	0x08002BF1	thumb	sub_08002BCC
0x08002BF4	0x08002C1F	thumb	sub_08002BF4
0x08002C20	0x08002C4B	thumb	sub_08002C20
0x08002C4C	0x08002C53	thumb	sub_08002C4C
0x08002C54	0x08002C5B	thumb	sub_08002C54
0x08002C5C	0x08002D17	thumb	sub_08002C5C
0x08002D18	0x08002D87	thumb	sub_08002D18
0x08002D88	0x08002D97	thumb	sub_08002D88
0x08002D98	0x08002DAF	thumb	sub_08002D98
0x08002DB0	0x08002DC7	thumb	sub_08002DB0
0x08002DC8	0x08002DFF	thumb	sub_08002DC8
0x08002E00	0x08002E33	thumb	sub_08002E00
0x08002E34	0x08002E5D	thumb	lerp2
0x08002E60	0x08002E89	thumb	lerp
0x08002E8C	0x08002EDF	thumb	sub_08002E8C
0x08002EE0	0x08002F8B	thumb	sub_08002EE0
0x08002F8C	0x08002FA3	thumb	sub_08002F8C
0x08002FA4	0x08002FBF	thumb	sub_08002FA4
0x08002FC0	0x08002FD1	thumb	Divide
0x08002FD4	0x08002FE5	thumb	RemainderNullOnDBZ
0x08002FE8	0x08003007	thumb	sub_08002FE8
0x08003008	0x08003023	thumb	sub_08003008
0x08003024	0x0800303B	thumb	sub_08003024
0x0800303C	0x080030A3	thumb	sub_0800303C
0x080030A4	0x080031DF	thumb	sub_080030A4
0x080031E0	0x080031EF	thumb	sub_080031E0
0x080031F0	0x08003277	thumb	sub_080031F0
0x08003278	0x08003313	thumb	sub_08003278
0x08003314	0x08003393	thumb	sub_08003314
0x08003394	0x08003407	thumb	sub_08003394
0x08003408	0x080034C7	thumb	sub_08003408
0x080034C8	0x08003553	thumb	sub_080034C8
0x08003554	0x080035C3	thumb	sub_08003554
0x080035C4	0x080036E7	thumb	sub_080035C4
0x080036E8	0x0800371F	thumb	sub_080036E8
0x08003720	0x0800377B	thumb	init_audio
0x0800377C	0x080037A7	thumb	snd_restart
0x080037A8	0x080037BB	thumb	snd_vsync
0x080037BC	0x080037D7	thumb	snd_main
0x080037D8	0x080037E1	thumb	snd_vsync_on
0x080037E4	0x080037ED	thumb	snd_vsync_off
0x080037F0	0x080038A3	thumb	startSong_battle
0x080038A4	0x08003927	thumb	startSong
0x08003928	0x0800399B	thumb	startSong_alt
0x0800399C	0x080039FF	thumb	play_sound
0x08003A00	0x08003A5F	thumb	musicPlayerFadeInIfPaused_bgm
0x08003A60	0x08003AB7	thumb	musicPlayerFadeIn_bgm
0x08003AB8	0x08003ADF	thumb	musicPlayerFadeOutTemp_bgm
0x08003AE0	0x08003B2F	thumb	musicPlayerFadeIn_sfx
0x08003B30	0x08003B57	thumb	musicPlayerFadeOut_sfx
0x08003B58	0x08003BA7	thumb	musicPlayerStop_bgm
0x08003BA8	0x08003BF7	thumb	musicPlayerStop_sfx
0x08003BF8	0x08003C1F	thumb	musicPlayerPause_bgm
0x08003C20	0x08003C47	thumb	musicPlayerContinue_bgm
0x08003C48	0x08003C87	thumb	musicPlayerUpdateVolume
0x08003C88	0x08003CCF	thumb	musicPlayerInitAndUpdateVolume
0x08003CD0	0x08003D13	thumb	musicPlayerSetPanpotClamped
0x08003D14	0x08003D33	thumb	getCurrentTrack
0x08003D34	0x08003D47	thumb	getPrevTrack
0x08003D48	0x08003D63	thumb	getMusicPlayerVolumePercent
0x08003D64	0x08003D81	thumb	isMusicPlayerPlaying_bgm
0x08003D84	0x08003DCD	thumb	getMusicPlayerIndex
0x08003DD0	0x08003DF5	thumb	getMusicPlayer_bgm
0x08003DF8	0x08003E1D	thumb	getMusicPlayer_sfx
0x08003E20	0x08003E59	thumb	percentToMPlayVolume
0x08003E5C	0x08003E9F	thumb	MPlayVolumeToPercent
0x08003EA0	0x08003ECB	thumb	storeMusicPlayerVolumes
0x08003ECC	0x08003EF7	thumb	retrieveMusicPlayerVolumes
0x08003EF8	0x08004043	thumb	sub_08003EF8
0x08004044	0x0800408B	thumb	sub_08004044
0x0800408C	0x08004113	thumb	sub_0800408C
0x08004114	0x0800444B	thumb	sub_08004114
0x0800444C	0x080044B7	thumb	sub_0800444C
0x080044B8	0x0800451B	thumb	sub_080044B8
0x0800451C	0x0800465F	thumb	sub_0800451C
0x08004660	0x08004793	thumb	sub_08004660
0x08004794	0x0800494B	thumb	sub_08004794
0x0800494C	0x08004BB7	thumb	sub_0800494C
0x08004BB8	0x08004CB7	thumb	sub_08004BB8
0x08004CB8	0x08004E63	thumb	sub_08004CB8
0x08004E64	0x08004F7B	thumb	sub_08004E64
0x08004F7C	0x08004FB3	thumb	sub_08004F7C
0x08004FB4	0x080050FB	thumb	sub_08004FB4
0x080050FC	0x080050FF	thumb	nullsub_1
0x08005100	0x08005103	thumb	nullsub_2
0x08005104	0x0800519B	thumb	exec_mode
0x0800519C	0x080051DF	thumb	sub_0800519C
0x080051E0	0x080052CF	thumb	sub_080051E0
0x080052D0	0x080052E3	thumb	sub_080052D0
0x080052E4	0x0800534F	thumb	sub_080052E4
0x08005350	0x08005353	thumb	nullsub_3
0x08005354	0x08005363	thumb	sub_08005354
0x08005364	0x080053CF	thumb	sub_08005364
0x080053D0	0x0800545B	thumb	sub_080053D0
0x0800545C	0x0800549F	thumb	sub_0800545C
0x080054A0	0x080055E3	thumb	sub_080054A0
0x080055E4	0x080056E3	thumb	sub_080055E4
0x080056E4	0x0800572F	thumb	sub_080056E4
0x08005730	0x08005843	thumb	sub_08005730
0x08005844	0x08005847	thumb	nullsub_60
0x08005848	0x0800588F	thumb	sub_08005848
0x08005890	0x080058D7	thumb	sub_08005890
0x080058D8	0x080058FF	thumb	sub_080058D8
0x08005900	0x08005A3B	thumb	sub_08005900
0x08005A3C	0x08005A6F	thumb	sub_08005A3C
0x08005A70	0x08005A93	thumb	sub_08005A70
0x08005A94	0x08005AD7	thumb	sub_08005A94
0x08005AD8	0x08005B33	thumb	sub_08005AD8
0x08005B34	0x08005B67	thumb	sub_08005B34
0x08005B68	0x08005BB3	thumb	sub_08005B68
0x08005BB4	0x08005BFB	thumb	sub_08005BB4
0x08005BFC	0x08005C13	thumb	sub_08005BFC
0x08005C14	0x08005C37	thumb	sub_08005C14
0x08005C38	0x08005C4B	thumb	sub_08005C38
0x08005C4C	0x08005D53	thumb	sub_08005C4C
0x08005D54	0x08005FB3	thumb	sub_08005D54
0x08005FB4	0x080061CB	thumb	sub_08005FB4
0x080061CC	0x080062EF	thumb	sub_080061CC
0x080062F0	0x080064A7	thumb	sub_080062F0
0x080064A8	0x080066B3	thumb	sub_080064A8
0x080066B4	0x0800677B	thumb	sub_080066B4
0x0800677C	0x080067B3	thumb	sub_0800677C
0x080067B4	0x080067DB	thumb	sub_080067B4
0x080067DC	0x0800684F	thumb	sub_080067DC
0x08006850	0x08006867	thumb	sub_08006850
0x08006868	0x0800687B	thumb	sub_08006868
0x0800687C	0x080068B7	thumb	sub_0800687C
0x080068B8	0x08006943	thumb	sub_080068B8
0x08006944	0x08006967	thumb	sub_08006944
0x08006968	0x08006A87	thumb	sub_08006968
0x08006A88	0x08006ACB	thumb	sub_08006A88
0x08006ACC	0x08006B3F	thumb	sub_08006ACC
0x08006B40	0x08006E7F	thumb	sub_08006B40
0x08006E80	0x08006F77	thumb	sub_08006E80
0x08006F78	0x0800724B	thumb	sub_08006F78
0x0800724C	0x08007317	thumb	sub_0800724C
0x08007318	0x08007357	thumb	sub_08007318
0x08007358	0x08007397	thumb	sub_08007358
0x08007398	0x0800775F	thumb	sub_08007398
0x08007760	0x08007AD3	thumb	sub_08007760
0x08007AD4	0x08007CBF	thumb	sub_08007AD4
0x08007CC0	0x08007CE7	thumb	sub_08007CC0
0x08007CE8	0x08007D17	thumb	sub_08007CE8
0x08007D18	0x08007D93	thumb	sub_08007D18
0x08007D94	0x08007DEB	thumb	sub_08007D94
0x08007DEC	0x08007E2B	thumb	sub_08007DEC
0x08007E2C	0x08007E53	thumb	sub_08007E2C
0x08007E54	0x08007F17	thumb	sub_08007E54
0x08007F18	0x08007F63	thumb	sub_08007F18
0x08007F64	0x08007FC7	thumb	sub_08007F64
0x08007FC8	0x0800800B	thumb	sub_08007FC8
0x0800800C	0x0800809B	thumb	sub_0800800C
0x0800809C	0x080080BB	thumb	sub_0800809C
0x080080BC	0x080080DB	thumb	sub_080080BC
0x080080DC	0x0800810F	thumb	sub_080080DC
0x08008110	0x080081FF	thumb	sub_08008110
0x08008200	0x08008243	thumb	sub_08008200
0x08008244	0x080082DB	thumb	sub_08008244
0x080082DC	0x080083A7	thumb	sub_080082DC
0x080083A8	0x080083AB	thumb	nullsub_4
0x080083AC	0x080083AF	thumb	nullsub_5
0x080083B0	0x080083B3	thumb	nullsub_61
0x080083B4	0x080083B7	thumb	nullsub_62
0x080083B8	0x08008703	thumb	setup_overworld_music
0x08008704	0x08008829	thumb	sub_08008704
0x0800882C	0x080088AB	thumb	sub_0800882C
0x080088AC	0x0800891F	thumb	sub_080088AC
0x08008920	0x080089DF	thumb	draw_message
0x080089E0	0x080089EF	thumb	sub_080089E0
0x080089F0	0x08008BAB	thumb	sub_080089F0
0x08008BAC	0x08008C27	thumb	sub_08008BAC
0x08008C28	0x08008C6F	thumb	sub_08008C28
0x08008C70	0x08008D37	thumb	sub_08008C70
0x08008D38	0x08008D3B	thumb	nullsub_63
0x08008D3C	0x08008E07	thumb	sub_08008D3C
0x08008E08	0x08008ECB	thumb	sub_08008E08
0x08008ECC	0x08008F0B	thumb	sub_08008ECC
0x08008F0C	0x08009263	thumb	sub_08008F0C
0x08009264	0x080092AF	thumb	sub_08009264
0x080092B0	0x0800932B	thumb	sub_080092B0
0x0800932C	0x08009393	thumb	sub_0800932C
0x08009394	0x080093EF	thumb	sub_08009394
0x080093F0	0x0800946B	thumb	sub_080093F0
0x0800946C	0x08009567	thumb	sub_0800946C
0x08009568	0x080096EB	thumb	sub_08009568
0x080096EC	0x08009827	thumb	sub_080096EC
0x08009828	0x08009A47	thumb	sub_08009828
0x08009A48	0x08009AF3	thumb	sub_08009A48
0x08009AF4	0x08009B97	thumb	sub_08009AF4
0x08009B98	0x08009C4B	thumb	sub_08009B98
0x08009C4C	0x08009C67	thumb	sub_08009C4C
0x08009C68	0x08009C83	thumb	sub_08009C68
0x08009C84	0x08009CD7	thumb	sub_08009C84
0x08009CD8	0x08009D6B	thumb	sub_08009CD8
0x08009D6C	0x08009DDB	thumb	sub_08009D6C
0x08009DDC	0x08009E17	thumb	sub_08009DDC
0x08009E18	0x08009E37	thumb	sub_08009E18
0x08009E38	0x08009F0F	thumb	sub_08009E38
0x08009F10	0x08009F6F	thumb	sub_08009F10
0x08009F70	0x08009FD3	thumb	sub_08009F70
0x08009FD4	0x0800A07B	thumb	sub_08009FD4
0x0800A07C	0x0800A08F	thumb	sub_0800A07C
0x0800A090	0x0800A0A3	thumb	sub_0800A090
0x0800A0A4	0x0800A1C3	thumb	sub_0800A0A4
0x0800A1C4	0x0800A23F	thumb	sub_0800A1C4
0x0800A240	0x0800A2CB	thumb	sub_0800A240
0x0800A2CC	0x0800A353	thumb	sub_0800A2CC
0x0800A354	0x0800A3B3	thumb	sub_0800A354
0x0800A3B4	0x0800A3EB	thumb	sub_0800A3B4
0x0800A3EC	0x0800A47F	thumb	sub_0800A3EC
0x0800A480	0x0800A4C7	thumb	sub_0800A480
0x0800A4C8	0x0800A677	thumb	sub_0800A4C8
0x0800A678	0x0800A8DB	thumb	sub_0800A678
0x0800A8DC	0x0800A9DF	thumb	sub_0800A8DC
0x0800A9E0	0x0800AAC7	thumb	sub_0800A9E0
0x0800AAC8	0x0800AB63	thumb	sub_0800AAC8
0x0800AB64	0x0800AB73	thumb	sub_0800AB64
0x0800AB74	0x0800AC9F	thumb	sub_0800AB74
0x0800ACA0	0x0800AD6B	thumb	sub_0800ACA0
0x0800AD6C	0x0800ADBB	thumb	sub_0800AD6C
0x0800ADBC	0x0800AE2B	thumb	sub_0800ADBC
0x0800AE2C	0x0800AF43	thumb	sub_0800AE2C
0x0800AF44	0x0800AFBF	thumb	sub_0800AF44
0x0800AFC0	0x0800B00B	thumb	sub_0800AFC0
0x0800B00C	0x0800B1FB	thumb	sub_0800B00C
0x0800B1FC	0x0800B357	thumb	sub_0800B1FC
0x0800B358	0x0800B473	thumb	sub_0800B358
0x0800B474	0x0800B503	thumb	sub_0800B474
0x0800B504	0x0800B613	thumb	sub_0800B504
0x0800B614	0x0800B63B	thumb	sub_0800B614
0x0800B63C	0x0800B65F	thumb	sub_0800B63C
0x0800B660	0x0800B7AB	thumb	sub_0800B660
0x0800B7AC	0x0800BB53	thumb	sub_0800B7AC
0x0800BB54	0x0800BBF1	thumb	sub_0800BB54
0x0800BBF4	0x0800BC47	thumb	sub_0800BBF4
0x0800BC48	0x0800BE03	thumb	sub_0800BC48
0x0800BE04	0x0800C02F	thumb	sub_0800BE04
0x0800C030	0x0800C10B	thumb	sub_0800C030
0x0800C10C	0x0800C693	thumb	sub_0800C10C
0x0800C694	0x0800CBDF	thumb	sub_0800C694
0x0800CBE0	0x0800CCA7	thumb	sub_0800CBE0
0x0800CCA8	0x0800CDCF	thumb	sub_0800CCA8
0x0800CDD0	0x0800D0EF	thumb	sub_0800CDD0
0x0800D0F0	0x0800D6EF	thumb	sub_0800D0F0
0x0800D6F0	0x0800D813	thumb	sub_0800D6F0
0x0800D814	0x0800DA8B	thumb	sub_0800D814
0x0800DA8C	0x0800E337	thumb	sub_0800DA8C
0x0800E338	0x0800E44F	thumb	sub_0800E338
0x0800E450	0x0800E49F	thumb	sub_0800E450
0x0800E4A0	0x0800E4FF	thumb	sub_0800E4A0
0x0800E500	0x0800E54F	thumb	sub_0800E500
0x0800E550	0x0800E5AF	thumb	sub_0800E550
0x0800E5B0	0x0800E5FB	thumb	sub_0800E5B0
0x0800E5FC	0x0800E653	thumb	sub_0800E5FC
0x0800E654	0x0800E69F	thumb	sub_0800E654
0x0800E6A0	0x0800E6FB	thumb	sub_0800E6A0
0x0800E6FC	0x0800E85B	thumb	sub_0800E6FC
0x0800E85C	0x0800E85F	thumb	nullsub_64
0x0800E860	0x0800EA37	thumb	sub_0800E860
0x0800EA38	0x0800EB9F	thumb	sub_0800EA38
0x0800EBA0	0x0800EBD7	thumb	sub_0800EBA0
0x0800EBD8	0x0800EBF7	thumb	sub_0800EBD8
0x0800EBF8	0x0800EC2F	thumb	sub_0800EBF8
0x0800EC30	0x0800ECC7	thumb	sub_0800EC30
0x0800ECC8	0x0800EDCB	thumb	sub_0800ECC8
0x0800EDCC	0x0800EE4F	thumb	sub_0800EDCC
0x0800EE50	0x0800EECF	thumb	sub_0800EE50
0x0800EED0	0x0800EF9B	thumb	sub_0800EED0
0x0800EF9C	0x0800EFF3	thumb	sub_0800EF9C
0x0800EFF4	0x0800F03F	thumb	sub_0800EFF4
0x0800F040	0x0800F313	thumb	sub_0800F040
0x0800F314	0x0800F453	thumb	sub_0800F314
0x0800F454	0x0800F57F	thumb	sub_0800F454
0x0800F580	0x0800F5EB	thumb	sub_0800F580
0x0800F5EC	0x0800F99B	thumb	sub_0800F5EC
0x0800F99C	0x0800FBFF	thumb	sub_0800F99C
0x0800FC00	0x0800FCE7	thumb	sub_0800FC00
0x0800FCE8	0x0800FDA7	thumb	sub_0800FCE8
0x0800FDA8	0x0800FDE7	thumb	sub_0800FDA8
0x0800FDE8	0x080101F7	thumb	sub_0800FDE8
0x080101F8	0x080104BB	thumb	sub_080101F8
0x080104BC	0x08010527	thumb	sub_080104BC
0x08010528	0x0801059B	thumb	sub_08010528
0x0801059C	0x080105F3	thumb	sub_0801059C
0x080105F4	0x08010623	thumb	sub_080105F4
0x08010624	0x080106CB	thumb	sub_08010624
0x080106CC	0x08010807	thumb	sub_080106CC
0x08010808	0x0801084B	thumb	sub_08010808
0x0801084C	0x0801097B	thumb	sub_0801084C
0x0801097C	0x08010A3F	thumb	sub_0801097C
0x08010A40	0x08010C47	thumb	sub_08010A40
0x08010C48	0x08010F57	thumb	sub_08010C48
0x08010F58	0x0801124B	thumb	sub_08010F58
0x0801124C	0x08011563	thumb	sub_0801124C
0x08011564	0x080115C3	thumb	sub_08011564
0x080115C4	0x080117C3	thumb	sub_080115C4
0x080117C4	0x080118CF	thumb	sub_080117C4
0x080118D0	0x08011A3F	thumb	sub_080118D0
0x08011A40	0x08011A7F	thumb	sub_08011A40
0x08011A80	0x08011ABB	thumb	sub_08011A80
0x08011ABC	0x08011BA3	thumb	sub_08011ABC
0x08011BA4	0x08011C57	thumb	sub_08011BA4
0x08011C58	0x08011DA3	thumb	sub_08011C58
0x08011DA4	0x08011EBF	thumb	sub_08011DA4
0x08011EC0	0x08011F17	thumb	sub_08011EC0
0x08011F18	0x08011F73	thumb	sub_08011F18
0x08011F74	0x08012027	thumb	sub_08011F74
0x08012028	0x080120F3	thumb	draw_background
0x080120F4	0x0801216B	thumb	sub_080120F4
0x0801216C	0x080121CF	thumb	sub_0801216C
0x080121D0	0x0801220F	thumb	sub_080121D0
0x08012210	0x08012237	thumb	sub_08012210
0x08012238	0x0801230B	thumb	sub_08012238
0x0801230C	0x08012353	thumb	sub_0801230C
0x08012354	0x080123AF	thumb	sub_08012354
0x080123B0	0x08012407	thumb	sub_080123B0
0x08012408	0x08012463	thumb	sub_08012408
0x08012464	0x080124BF	thumb	sub_08012464
0x080124C0	0x080124F7	thumb	sub_080124C0
0x080124F8	0x0801258F	thumb	sub_080124F8
0x08012590	0x0801263B	thumb	sub_08012590
0x0801263C	0x0801278F	thumb	sub_0801263C
0x08012790	0x080127BB	thumb	sub_08012790
0x080127BC	0x0801282F	thumb	sub_080127BC
0x08012830	0x080129BB	thumb	sub_08012830
0x080129BC	0x08012ACF	thumb	sub_080129BC
0x08012AD0	0x08012BD7	thumb	sub_08012AD0
0x08012BD8	0x08012C1B	thumb	sub_08012BD8
0x08012C1C	0x08012C47	thumb	sub_08012C1C
0x08012C48	0x08012CBB	thumb	sub_08012C48
0x08012CBC	0x08012CEB	thumb	sub_08012CBC
0x08012CEC	0x08012D4F	thumb	sub_08012CEC
0x08012D50	0x08012DAF	thumb	sub_08012D50
0x08012DB0	0x08012E4F	thumb	sub_08012DB0
0x08012E50	0x08012EA7	thumb	sub_08012E50
0x08012EA8	0x08012F2B	thumb	sub_08012EA8
0x08012F2C	0x08012FBB	thumb	sub_08012F2C
0x08012FBC	0x080131AF	thumb	sub_08012FBC
0x080131B0	0x0801339F	thumb	sub_080131B0
0x080133A0	0x080133D7	thumb	sub_080133A0
0x080133D8	0x08013577	thumb	sub_080133D8
0x08013578	0x080135AB	thumb	sub_08013578
0x080135AC	0x0801365B	thumb	sub_080135AC
0x0801365C	0x0801368B	thumb	sub_0801365C
0x0801368C	0x080136BB	thumb	sub_0801368C
0x080136BC	0x08013747	thumb	sub_080136BC
0x08013748	0x08013777	thumb	sub_08013748
0x08013778	0x080137A7	thumb	sub_08013778
0x080137A8	0x0801387F	thumb	sub_080137A8
0x08013880	0x080138FB	thumb	sub_08013880
0x080138FC	0x08013997	thumb	sub_080138FC
0x08013998	0x080139AB	thumb	sub_08013998
0x080139AC	0x080139FB	thumb	sub_080139AC
0x080139FC	0x08013A33	thumb	sub_080139FC
0x08013A34	0x08013A3F	thumb	sub_08013A34
0x08013A40	0x08013B6B	thumb	sub_08013A40
0x08013B6C	0x08013C47	thumb	sub_08013B6C
0x08013C48	0x08013CC7	thumb	sub_08013C48
0x08013CC8	0x08013D37	thumb	sub_08013CC8
0x08013D38	0x08013EB7	thumb	sub_08013D38
0x08013EB8	0x0801402B	thumb	sub_08013EB8
0x0801402C	0x08014073	thumb	sub_0801402C
0x08014074	0x080140CF	thumb	sub_08014074
0x080140D0	0x080141CF	thumb	sub_080140D0
0x080141D0	0x08014243	thumb	sub_080141D0
0x08014244	0x080142EF	thumb	sub_08014244
0x080142F0	0x0801439B	thumb	sub_080142F0
0x0801439C	0x08014463	thumb	sub_0801439C
0x08014464	0x080144E7	thumb	sub_08014464
0x080144E8	0x08014583	thumb	sub_080144E8
0x08014584	0x080145A7	thumb	sub_08014584
0x080145A8	0x080145BB	thumb	sub_080145A8
0x080145BC	0x080145F3	thumb	sub_080145BC
0x080145F4	0x0801463F	thumb	sub_080145F4
0x08014640	0x0801468B	thumb	sub_08014640
0x0801468C	0x08014797	thumb	sub_0801468C
0x08014798	0x0801480B	thumb	sub_08014798
0x0801480C	0x080148D3	thumb	sub_0801480C
0x080148D4	0x080149D3	thumb	sub_080148D4
0x080149D4	0x08014A3F	thumb	sub_080149D4
0x08014A40	0x08014AEB	thumb	sub_08014A40
0x08014AEC	0x08014B97	thumb	sub_08014AEC
0x08014B98	0x08014C83	thumb	sub_08014B98
0x08014C84	0x08014CFB	thumb	sub_08014C84
0x08014CFC	0x08014D73	thumb	sub_08014CFC
0x08014D74	0x08014DEB	thumb	sub_08014D74
0x08014DEC	0x08014E03	thumb	sub_08014DEC
0x08014E04	0x08014E1B	thumb	sub_08014E04
0x08014E1C	0x08014EAF	thumb	sub_08014E1C
0x08014EB0	0x08014F27	thumb	sub_08014EB0
0x08014F28	0x08014FAB	thumb	sub_08014F28
0x08014FAC	0x08014FDF	thumb	sub_08014FAC
0x08014FE0	0x0801508F	thumb	sub_08014FE0
0x08015090	0x080150F7	thumb	sub_08015090
0x080150F8	0x08015173	thumb	sub_080150F8
0x08015174	0x0801526B	thumb	sub_08015174
0x0801526C	0x08015277	thumb	sub_0801526C
0x08015278	0x080152B3	thumb	sub_08015278
0x080152B4	0x080152DF	thumb	sub_080152B4
0x080152E0	0x0801535F	thumb	sub_080152E0
0x08015360	0x0801543F	thumb	sub_08015360
0x08015440	0x080154BF	thumb	sub_08015440
0x080154C0	0x0801553F	thumb	sub_080154C0
0x08015540	0x080155BF	thumb	sub_08015540
0x080155C0	0x08015667	thumb	sub_080155C0
0x08015668	0x0801572F	thumb	sub_08015668
0x08015730	0x080157C3	thumb	sub_08015730
0x080157C4	0x08015843	thumb	sub_080157C4
0x08015844	0x080158C3	thumb	sub_08015844
0x080158C4	0x080158EF	thumb	sub_080158C4
0x080158F0	0x0801591B	thumb	sub_080158F0
0x0801591C	0x08015987	thumb	sub_0801591C
0x08015988	0x08015A63	thumb	sub_08015988
0x08015A64	0x08015CEB	thumb	sub_08015A64
0x08015CEC	0x08015E4F	thumb	sub_08015CEC
0x08015E50	0x08015ECF	thumb	sub_08015E50
0x08015ED0	0x08015F4F	thumb	sub_08015ED0
0x08015F50	0x08015FCF	thumb	sub_08015F50
0x08015FD0	0x0801603B	thumb	sub_08015FD0
0x0801603C	0x08016107	thumb	sub_0801603C
0x08016108	0x080161D3	thumb	sub_08016108
0x080161D4	0x080162A7	thumb	sub_080161D4
0x080162A8	0x0801632B	thumb	sub_080162A8
0x0801632C	0x080163E3	thumb	sub_0801632C
0x080163E4	0x0801645B	thumb	sub_080163E4
0x0801645C	0x08016527	thumb	sub_0801645C
0x08016528	0x080166D7	thumb	sub_08016528
0x080166D8	0x080167AF	thumb	sub_080166D8
0x080167B0	0x0801685B	thumb	sub_080167B0
0x0801685C	0x080168D7	thumb	sub_0801685C
0x080168D8	0x08016983	thumb	sub_080168D8
0x08016984	0x08016A17	thumb	sub_08016984
0x08016A18	0x08016A27	thumb	sub_08016A18
0x08016A28	0x08016A47	thumb	sub_08016A28
0x08016A48	0x08016A5F	thumb	sub_08016A48
0x08016A60	0x08016A7F	thumb	sub_08016A60
0x08016A80	0x08016A9F	thumb	sub_08016A80
0x08016AA0	0x08016AA3	thumb	nullsub_65
0x08016AA4	0x08016AA7	thumb	nullsub_66
0x08016AA8	0x08016AE3	thumb	sub_08016AA8
0x08016AE4	0x08016AF3	thumb	sub_08016AE4
0x08016AF4	0x08016B13	thumb	sub_08016AF4
0x08016B14	0x08016B33	thumb	sub_08016B14
0x08016B34	0x08016B53	thumb	sub_08016B34
0x08016B54	0x08016B6B	thumb	sub_08016B54
0x08016B6C	0x08016BB3	thumb	sub_08016B6C
0x08016BB4	0x08016BB7	thumb	nullsub_67
0x08016BB8	0x08016BC3	thumb	sub_08016BB8
0x08016BC4	0x08016BE3	thumb	sub_08016BC4
0x08016BE4	0x08016C03	thumb	sub_08016BE4
0x08016C04	0x08016C0F	thumb	sub_08016C04
0x08016C10	0x08016C1B	thumb	sub_08016C10
0x08016C1C	0x08016C27	thumb	sub_08016C1C
0x08016C28	0x08016C33	thumb	sub_08016C28
0x08016C34	0x08016C3F	thumb	sub_08016C34
0x08016C40	0x08016C4B	thumb	sub_08016C40
0x08016C4C	0x08016C57	thumb	sub_08016C4C
0x08016C58	0x08016C63	thumb	sub_08016C58
0x08016C64	0x08016C6F	thumb	sub_08016C64
0x08016C70	0x08016C7B	thumb	sub_08016C70
0x08016C7C	0x08016C87	thumb	sub_08016C7C
0x08016C88	0x08016C93	thumb	sub_08016C88
0x08016C94	0x08016C9F	thumb	sub_08016C94
0x08016CA0	0x08016CAF	thumb	sub_08016CA0
0x08016CB0	0x08016CBB	thumb	sub_08016CB0
0x08016CBC	0x08016D07	thumb	sub_08016CBC
0x08016D08	0x08016D53	thumb	sub_08016D08
0x08016D54	0x08016E43	thumb	sub_08016D54
0x08016E44	0x08016E63	thumb	sub_08016E44
0x08016E64	0x08016EE7	thumb	sub_08016E64
0x08016EE8	0x08016F1B	thumb	sub_08016EE8
0x08016F1C	0x08016F4B	thumb	sub_08016F1C
0x08016F4C	0x08016F67	thumb	sub_08016F4C
0x08016F68	0x080172D3	thumb	sub_08016F68
0x080172D4	0x080173B7	thumb	sub_080172D4
0x080173B8	0x08017487	thumb	sub_080173B8
0x08017488	0x08017583	thumb	sub_08017488
0x08017584	0x08017647	thumb	sub_08017584
0x08017648	0x080177CF	thumb	sub_08017648
0x080177D0	0x080179A7	thumb	sub_080177D0
0x080179A8	0x08017A4B	thumb	sub_080179A8
0x08017A4C	0x08017B83	thumb	sub_08017A4C
0x08017B84	0x08017D27	thumb	sub_08017B84
0x08017D28	0x08017E63	thumb	sub_08017D28
0x08017E64	0x08017F47	thumb	sub_08017E64
0x08017F48	0x08017F8F	thumb	sub_08017F48
0x08017F90	0x0801856B	thumb	sub_08017F90
0x0801856C	0x0801862F	thumb	sub_0801856C
0x08018630	0x08018693	thumb	sub_08018630
0x08018694	0x0801870B	thumb	sub_08018694
0x0801870C	0x080187C3	thumb	sub_0801870C
0x080187C4	0x08018817	thumb	sub_080187C4
0x08018818	0x0801887F	thumb	sub_08018818
0x08018880	0x0801890F	thumb	sub_08018880
0x08018910	0x08018987	thumb	sub_08018910
0x08018988	0x08018AC3	thumb	sub_08018988
0x08018AC4	0x08018B2F	thumb	sub_08018AC4
0x08018B30	0x08018ECF	thumb	sub_08018B30
0x08018ED0	0x08018F9B	thumb	sub_08018ED0
0x08018F9C	0x08019077	thumb	sub_08018F9C
0x08019078	0x080190B7	thumb	sub_08019078
0x080190B8	0x08019273	thumb	sub_080190B8
0x08019274	0x0801931F	thumb	sub_08019274
0x08019320	0x080193CB	thumb	sub_08019320
0x080193CC	0x08019407	thumb	sub_080193CC
0x08019408	0x0801952B	thumb	sub_08019408
0x0801952C	0x080195AF	thumb	sub_0801952C
0x080195B0	0x0801960B	thumb	sub_080195B0
0x0801960C	0x0801965B	thumb	sub_0801960C
0x0801965C	0x080198A3	thumb	sub_0801965C
0x080198A4	0x080199C7	thumb	sub_080198A4
0x080199C8	0x08019B87	thumb	sub_080199C8
0x08019B88	0x08019BEF	thumb	sub_08019B88
0x08019BF0	0x08019D03	thumb	sub_08019BF0
0x08019D04	0x08019D9B	thumb	sub_08019D04
0x08019D9C	0x08019E3F	thumb	sub_08019D9C
0x08019E40	0x08019EE7	thumb	sub_08019E40
0x08019EE8	0x08019F43	thumb	sub_08019EE8
0x08019F44	0x08019F8F	thumb	sub_08019F44
0x08019F90	0x08019FE3	thumb	sub_08019F90
0x08019FE4	0x0801A1B7	thumb	sub_08019FE4
0x0801A1B8	0x0801A217	thumb	sub_0801A1B8
0x0801A218	0x0801A235	thumb	sub_0801A218
0x0801A238	0x0801A2B3	thumb	sub_0801A238
0x0801A2B4	0x0801A2DB	thumb	sub_0801A2B4
0x0801A2DC	0x0801A3AB	thumb	sub_0801A2DC
0x0801A3AC	0x0801A3D7	thumb	sub_0801A3AC
0x0801A3D8	0x0801A433	thumb	sub_0801A3D8
0x0801A434	0x0801A52F	thumb	sub_0801A434
0x0801A530	0x0801A547	thumb	sub_0801A530
0x0801A548	0x0801A57B	thumb	sub_0801A548
0x0801A57C	0x0801A593	thumb	sub_0801A57C
0x0801A594	0x0801A5BF	thumb	sub_0801A594
0x0801A5C0	0x0801A5EB	thumb	sub_0801A5C0
0x0801A5EC	0x0801A603	thumb	sub_0801A5EC
0x0801A604	0x0801A61B	thumb	sub_0801A604
0x0801A61C	0x0801A637	thumb	sub_0801A61C
0x0801A638	0x0801A64F	thumb	sub_0801A638
0x0801A650	0x0801A677	thumb	sub_0801A650
0x0801A678	0x0801A693	thumb	sub_0801A678
0x0801A694	0x0801A6AB	thumb	sub_0801A694
0x0801A6AC	0x0801A6C3	thumb	sub_0801A6AC
0x0801A6C4	0x0801A6D7	thumb	sub_0801A6C4
0x0801A6D8	0x0801A763	thumb	sub_0801A6D8
0x0801A764	0x0801A7AB	thumb	sub_0801A764
0x0801A7AC	0x0801A7CB	thumb	sub_0801A7AC
0x0801A7CC	0x0801A867	thumb	sub_0801A7CC
0x0801A868	0x0801A903	thumb	sub_0801A868
0x0801A904	0x0801A977	thumb	sub_0801A904
0x0801A978	0x0801A9D7	thumb	sub_0801A978
0x0801A9D8	0x0801AA1B	thumb	sub_0801A9D8
0x0801AA1C	0x0801AA6F	thumb	sub_0801AA1C
0x0801AA70	0x0801AAAF	thumb	sub_0801AA70
0x0801AAB0	0x0801AAFF	thumb	sub_0801AAB0
0x0801AB00	0x0801AB37	thumb	sub_0801AB00
0x0801AB38	0x0801AB4F	thumb	sub_0801AB38
0x0801AB50	0x0801AD4B	thumb	sub_0801AB50
0x0801AD4C	0x0801AD83	thumb	sub_0801AD4C
0x0801AD84	0x0801AD9F	thumb	sub_0801AD84
0x0801ADA0	0x0801ADCB	thumb	sub_0801ADA0
0x0801ADCC	0x0801AE17	thumb	sub_0801ADCC
0x0801AE18	0x0801AE57	thumb	sub_0801AE18
0x0801AE58	0x0801AEFF	thumb	sub_0801AE58
0x0801AF00	0x0801AFA3	thumb	sub_0801AF00
0x0801AFA4	0x0801B03F	thumb	sub_0801AFA4
0x0801B040	0x0801B0C3	thumb	sub_0801B040
0x0801B0C4	0x0801B0F7	thumb	getFirstDoorOnMap
0x0801B0F8	0x0801B143	thumb	sub_0801B0F8
0x0801B144	0x0801B1BB	thumb	sub_0801B144
0x0801B1BC	0x0801B2D3	thumb	sub_0801B1BC
0x0801B2D4	0x0801B313	thumb	isMapGraphicsValid
0x0801B314	0x0801B3A3	thumb	sub_0801B314
0x0801B3A4	0x0801B3B3	thumb	getMusicIDForRoom
0x0801B3B4	0x0801B3D7	thumb	getMapLayerAlphaInfo
0x0801B3D8	0x0801B3F7	thumb	getMapGraphicsInfo
0x0801B3F8	0x0801B3FB	thumb	nullsub_0801B3F8
0x0801B3FC	0x0801B413	thumb	getMapGraphics
0x0801B414	0x0801B42B	thumb	getMapPaletteTable
0x0801B42C	0x0801B443	thumb	getMapTilemapData
0x0801B444	0x0801B45B	thumb	getMapTileData
0x0801B45C	0x0801B47F	thumb	getMapDoorsHotspots
0x0801B480	0x0801B497	thumb	sub_0801B480
0x0801B498	0x0801B4C3	thumb	getMapObjectData
0x0801B4C4	0x0801B4E3	thumb	getGiftBoxData
0x0801B4E4	0x0801B503	thumb	getDoorDestinationInfo
0x0801B504	0x0801B51F	thumb	sub_0801B504
0x0801B520	0x0801B53B	thumb	sub_0801B520
0x0801B53C	0x0801B557	thumb	sub_0801B53C
0x0801B558	0x0801B573	thumb	sub_0801B558
0x0801B574	0x0801B5E7	thumb	sub_0801B574
0x0801B5E8	0x0801B7D7	thumb	sub_0801B5E8
0x0801B7D8	0x0801B98B	thumb	sub_0801B7D8
0x0801B98C	0x0801BEDF	thumb	exec_cmd
0x0801BEE0	0x0801BF17	thumb	exec_extended
0x0801BF18	0x0801BF47	thumb	sub_0801BF18
0x0801BF48	0x0801BF83	thumb	cmd_delay
0x0801BF84	0x0801BFFB	thumb	cmd_set_anim_speed
0x0801BFFC	0x0801C043	thumb	cmd_load_subscript
0x0801C044	0x0801C073	thumb	cmd_04
0x0801C074	0x0801C0FB	thumb	cmd_05
0x0801C0FC	0x0801C177	thumb	cmd_06
0x0801C178	0x0801C1CF	thumb	cmd_07
0x0801C1D0	0x0801C287	thumb	cmd_reload_room
0x0801C288	0x0801C2B7	thumb	cmd_C9
0x0801C2B8	0x0801C447	thumb	cmd_E4
0x0801C448	0x0801C4A3	thumb	cmd_F5
0x0801C4A4	0x0801C4D7	thumb	cmd_set_flag
0x0801C4D8	0x0801C505	thumb	cmd_0B
0x0801C508	0x0801C533	thumb	cmd_0C
0x0801C534	0x0801C55F	thumb	cmd_push_flag
0x0801C560	0x0801C581	thumb	cmd_0E
0x0801C584	0x0801C5A5	thumb	cmd_0F
0x0801C5A8	0x0801C5E7	thumb	cmd_flag_equals
0x0801C5E8	0x0801C61F	thumb	cmd_11
0x0801C620	0x0801C657	thumb	cmd_12
0x0801C658	0x0801C685	thumb	cmd_DD
0x0801C688	0x0801C6A9	thumb	cmd_DE
0x0801C6AC	0x0801C6E3	thumb	cmd_DF
0x0801C6E4	0x0801C72F	thumb	cmd_14
0x0801C730	0x0801C74B	thumb	cmd_push_map_id
0x0801C74C	0x0801C75D	thumb	cmd_add_pocket
0x0801C760	0x0801C773	thumb	cmd_push_pocket
0x0801C774	0x0801C79B	thumb	cmd_set_key_item
0x0801C79C	0x0801C82F	thumb	cmd_get_item_count
0x0801C830	0x0801C84B	thumb	cmd_get_party_size
0x0801C84C	0x0801C88B	thumb	cmd_has_party_member
0x0801C88C	0x0801C8C5	thumb	cmd_has_party_member_2
0x0801C8C8	0x0801C923	thumb	cmd_party_add
0x0801C924	0x0801C96D	thumb	cmd_party_heal
0x0801C970	0x0801C9CB	thumb	cmd_party_remove
0x0801C9CC	0x0801CA13	thumb	cmd_20
0x0801CA14	0x0801CA47	thumb	cmd_set_giftbox_flag
0x0801CA48	0x0801CA73	thumb	cmd_get_giftbox_flag
0x0801CA74	0x0801CA89	thumb	cmd_member_heal
0x0801CA8C	0x0801CAB3	thumb	cmd_24
0x0801CAB4	0x0801CAC5	thumb	cmd_add_bank
0x0801CAC8	0x0801CADB	thumb	cmd_get_bank
0x0801CADC	0x0801CAF9	thumb	cmd_27
0x0801CAFC	0x0801CB47	thumb	cmd_28
0x0801CB48	0x0801CBA3	thumb	cmd_29
0x0801CBA4	0x0801CC27	thumb	cmd_31
0x0801CC28	0x0801CC6F	thumb	cmd_2A
0x0801CC70	0x0801CD1F	thumb	cmd_cfg_member
0x0801CD20	0x0801CDFF	thumb	cmd_cfg_member_item
0x0801CE00	0x0801CE47	thumb	cmd_get_hp_pp
0x0801CE48	0x0801CE67	thumb	cmd_peek_session_playtime
0x0801CE68	0x0801CE83	thumb	cmd_push_session_playtime
0x0801CE84	0x0801CEDF	thumb	cmd_set_ailment
0x0801CEE0	0x0801CF43	thumb	cmd_E3
0x0801CF44	0x0801CFA1	thumb	cmd_E5
0x0801CFA4	0x0801D037	thumb	cmd_E6
0x0801D038	0x0801D0C7	thumb	cmd_E7
0x0801D0C8	0x0801D18B	thumb	cmd_E8
0x0801D18C	0x0801D24B	thumb	cmd_EA
0x0801D24C	0x0801D27F	thumb	cmd_get_char_lvl
0x0801D280	0x0801D2D3	thumb	cmd_heal_hp
0x0801D2D4	0x0801D31F	thumb	cmd_heal_pp
0x0801D320	0x0801D437	thumb	cmd_set_psi
0x0801D438	0x0801D4D9	thumb	cmd_F2
0x0801D4DC	0x0801D4FB	thumb	cmd_F8
0x0801D4FC	0x0801D543	thumb	cmd_F9
0x0801D544	0x0801D593	thumb	cmd_FA
0x0801D594	0x0801D61F	thumb	cmd_put_ocho
0x0801D620	0x0801D695	thumb	cmd_get_ocho
0x0801D698	0x0801D6FB	thumb	cmd_FF
0x0801D6FC	0x0801D863	thumb	cmd_disp_msg
0x0801D864	0x0801D9C3	thumb	cmd_disp_msg_0
0x0801D9C4	0x0801D9F7	thumb	cmd_34
0x0801D9F8	0x0801DA2B	thumb	cmd_35
0x0801DA2C	0x0801DA47	thumb	cmd_get_msg_choice
0x0801DA48	0x0801DA7B	thumb	cmd_37
0x0801DA7C	0x0801DB0F	thumb	cmd_38
0x0801DB10	0x0801DB47	thumb	cmd_load_name
0x0801DB48	0x0801DBAF	thumb	cmd_3A
0x0801DBB0	0x0801DBBB	thumb	cmd_3B
0x0801DBBC	0x0801DCBF	thumb	cmd_change_room
0x0801DCC0	0x0801DDB3	thumb	cmd_3D
0x0801DDB4	0x0801DDB7	thumb	cmd_3E
0x0801DDB8	0x0801DE2F	thumb	cmd_3F
0x0801DE30	0x0801DEDB	thumb	cmd_pan_to_pos
0x0801DEDC	0x0801DF85	thumb	cmd_41
0x0801DF88	0x0801E0DF	thumb	cmd_pan_to_map_pos
0x0801E0E0	0x0801E11D	thumb	cmd_43
0x0801E120	0x0801E14B	thumb	cmd_44
0x0801E14C	0x0801E163	thumb	cmd_45
0x0801E164	0x0801E17B	thumb	cmd_46
0x0801E17C	0x0801E1ED	thumb	cmd_47
0x0801E1F0	0x0801E2AB	thumb	cmd_48
0x0801E2AC	0x0801E2FB	thumb	cmd_cam_follow_sprite
0x0801E2FC	0x0801E3CF	thumb	cmd_4A
0x0801E3D0	0x0801E42F	thumb	cmd_4B
0x0801E430	0x0801E48B	thumb	cmd_4C
0x0801E48C	0x0801E52F	thumb	cmd_4D
0x0801E530	0x0801E587	thumb	cmd_4E
0x0801E588	0x0801E5A7	thumb	cmd_4F
0x0801E5A8	0x0801E5D7	thumb	cmd_CC
0x0801E5D8	0x0801E611	thumb	cmd_CD
0x0801E614	0x0801E685	thumb	cmd_E0
0x0801E688	0x0801E72B	thumb	cmd_EB
0x0801E72C	0x0801E741	thumb	cmd_F0
0x0801E744	0x0801E773	thumb	cmd_F1
0x0801E774	0x0801E837	thumb	cmd_50
0x0801E838	0x0801E8FB	thumb	cmd_play_anim
0x0801E8FC	0x0801E965	thumb	cmd_linemove
0x0801E968	0x0801EB0F	thumb	cmd_53
0x0801EB10	0x0801EBE7	thumb	cmd_54
0x0801EBE8	0x0801ECFB	thumb	cmd_55
0x0801ECFC	0x0801ED93	thumb	cmd_56
0x0801ED94	0x0801EE23	thumb	cmd_57
0x0801EE24	0x0801EE61	thumb	cmd_58
0x0801EE64	0x0801EE75	thumb	cmd_59
0x0801EE78	0x0801EF03	thumb	cmd_5A
0x0801EF04	0x0801F04F	thumb	cmd_5B
0x0801F050	0x0801F093	thumb	cmd_5C
0x0801F094	0x0801F0E1	thumb	cmd_set_member_sprite
0x0801F0E4	0x0801F13F	thumb	cmd_5E
0x0801F140	0x0801F17B	thumb	cmd_5F
0x0801F17C	0x0801F1CB	thumb	cmd_60
0x0801F1CC	0x0801F1ED	thumb	cmd_61
0x0801F1F0	0x0801F23D	thumb	cmd_62
0x0801F240	0x0801F2B7	thumb	cmd_63
0x0801F2B8	0x0801F335	thumb	cmd_64
0x0801F338	0x0801F383	thumb	cmd_65
0x0801F384	0x0801F3D1	thumb	cmd_66
0x0801F3D4	0x0801F3F3	thumb	cmd_67
0x0801F3F4	0x0801F483	thumb	cmd_68
0x0801F484	0x0801F4AD	thumb	cmd_69
0x0801F4B0	0x0801F4D9	thumb	cmd_6A
0x0801F4DC	0x0801F545	thumb	cmd_6B
0x0801F548	0x0801F595	thumb	cmd_6C
0x0801F598	0x0801F60D	thumb	cmd_6D
0x0801F610	0x0801F6DF	thumb	cmd_B4
0x0801F6E0	0x0801F70F	thumb	cmd_load_sprite_table
0x0801F710	0x0801F71D	thumb	cmd_B7
0x0801F720	0x0801F753	thumb	cmd_B8
0x0801F754	0x0801F7B7	thumb	cmd_BA
0x0801F7B8	0x0801F7CB	thumb	cmd_BF
0x0801F7CC	0x0801F833	thumb	cmd_C0
0x0801F834	0x0801F85F	thumb	cmd_get_talker_sprite
0x0801F860	0x0801F8CD	thumb	cmd_C2
0x0801F8D0	0x0801F92B	thumb	cmd_C3
0x0801F92C	0x0801F967	thumb	cmd_C4
0x0801F968	0x0801FBBF	thumb	cmd_C5
0x0801FBC0	0x0801FBF7	thumb	cmd_C6
0x0801FBF8	0x0801FC5F	thumb	cmd_CA
0x0801FC60	0x0801FCA9	thumb	cmd_D2
0x0801FCAC	0x0801FCF5	thumb	cmd_D3
0x0801FCF8	0x0801FD7F	thumb	cmd_D5
0x0801FD80	0x0801FD99	thumb	cmd_D6
0x0801FD9C	0x0801FE25	thumb	cmd_D7
0x0801FE28	0x0801FEBD	thumb	cmd_D9
0x0801FEC0	0x0801FF41	thumb	cmd_DA
0x0801FF44	0x0801FF67	thumb	cmd_E9
0x0801FF68	0x0801FF9B	thumb	cmd_F3
0x0801FF9C	0x08020017	thumb	cmd_F7
0x08020018	0x08020037	thumb	cmd_FD
0x08020038	0x08020063	thumb	cmd_FE
0x08020064	0x0802008D	thumb	cmd_96
0x08020090	0x080200C3	thumb	cmd_set_fade
0x080200C4	0x08020157	thumb	cmd_fade_in
0x08020158	0x080201AB	thumb	cmd_play_fade
0x080201AC	0x080201E9	thumb	cmd_71
0x080201EC	0x0802023D	thumb	cmd_72
0x08020240	0x0802029F	thumb	cmd_73
0x080202A0	0x080202DD	thumb	cmd_set_palettes
0x080202E0	0x08020327	thumb	cmd_75
0x08020328	0x0802039B	thumb	cmd_76
0x0802039C	0x080203B7	thumb	cmd_stop_shake
0x080203B8	0x08020425	thumb	cmd_play_anim_above
0x08020428	0x08020445	thumb	cmd_79
0x08020448	0x08020523	thumb	cmd_7A
0x08020524	0x0802052F	thumb	cmd_7B
0x08020530	0x0802053B	thumb	cmd_7C
0x0802053C	0x080205AF	thumb	cmd_7D
0x080205B0	0x080205EB	thumb	cmd_7E
0x080205EC	0x08020641	thumb	cmd_7F
0x08020644	0x08020753	thumb	cmd_80
0x08020754	0x0802078F	thumb	cmd_81
0x08020790	0x08020853	thumb	cmd_disp_text_special
0x08020854	0x080208D3	thumb	cmd_B9
0x080208D4	0x08020933	thumb	cmd_BB
0x08020934	0x0802098B	thumb	cmd_BC
0x0802098C	0x080209C7	thumb	cmd_BD
0x080209C8	0x08020A4F	thumb	cmd_BE
0x08020A50	0x08020AB3	thumb	cmd_C7
0x08020AB4	0x08020B03	thumb	cmd_C8
0x08020B04	0x08020B5F	thumb	cmd_CE
0x08020B60	0x08020C0F	thumb	cmd_CF
0x08020C10	0x08020C29	thumb	cmd_D1
0x08020C2C	0x08020C4B	thumb	cmd_set_logo_disp
0x08020C4C	0x08020CDB	thumb	cmd_F4
0x08020CDC	0x08020D03	thumb	cmd_disp_staffroll
0x08020D04	0x08020E03	thumb	cmd_play_sound_ext
0x08020E04	0x08020E5B	thumb	cmd_play_sound
0x08020E5C	0x08020E9D	thumb	cmd_fade_bgm
0x08020EA0	0x08020EE1	thumb	cmd_fade_sfx
0x08020EE4	0x08020F11	thumb	cmd_stop_bgm
0x08020F14	0x08020F47	thumb	cmd_stop_sfx
0x08020F48	0x08020FA5	thumb	cmd_88
0x08020FA8	0x08021033	thumb	cmd_set_bgm
0x08021034	0x080210AF	thumb	cmd_set_bgm_other
0x080210B0	0x0802119B	thumb	cmd_8A
0x0802119C	0x08021207	thumb	cmd_CB
0x08021208	0x08021225	thumb	cmd_push_current_track
0x08021228	0x08021293	thumb	cmd_set_volume
0x08021294	0x080212C1	thumb	cmd_DB
0x080212C4	0x080212F1	thumb	cmd_DC
0x080212F4	0x08021311	thumb	cmd_E1
0x08021314	0x080213EB	thumb	cmd_play_sfx
0x080213EC	0x0802142B	thumb	cmd_init_battle
0x0802142C	0x08021457	thumb	cmd_8D
0x08021458	0x08021483	thumb	cmd_8E
0x08021484	0x080214AF	thumb	cmd_8F
0x080214B0	0x080214D7	thumb	cmd_90
0x080214D8	0x080214DB	thumb	cmd_91
0x080214DC	0x080214EF	thumb	cmd_set_gameover
0x080214F0	0x0802150D	thumb	cmd_93
0x08021510	0x0802159B	thumb	cmd_open_shop
0x0802159C	0x080215EF	thumb	cmd_open_save
0x080215F0	0x08021627	thumb	cmd_open_naming
0x08021628	0x08021697	thumb	cmd_cmp_input_name
0x08021698	0x08021717	thumb	cmd_open_itemguy
0x08021718	0x08021723	thumb	cmd_open_bank
0x08021724	0x08021731	thumb	cmd_A6
0x08021734	0x0802173F	thumb	cmd_restart
0x08021740	0x08021797	thumb	cmd_set_movement_property
0x08021798	0x080217B3	thumb	cmd_AC
0x080217B4	0x0802180B	thumb	cmd_AD
0x0802180C	0x08021833	thumb	cmd_AE
0x08021834	0x08021837	thumb	cmd_AF
0x08021838	0x0802185B	thumb	cmd_B0
0x0802185C	0x08021877	thumb	cmd_B1
0x08021878	0x080218AD	thumb	sub_08021878
0x080218B0	0x080218C7	thumb	scriptstack_push_eq
0x080218C8	0x080218E7	thumb	scriptstack_set
0x080218E8	0x08021913	thumb	scriptstack_push
0x08021914	0x0802191D	thumb	scriptstack_peek
0x08021920	0x0802192F	thumb	sub_08021920
0x08021930	0x08021AFB	thumb	sub_08021930
0x08021AFC	0x08021B63	thumb	sub_08021AFC
0x08021B64	0x08021BDB	thumb	sub_08021B64
0x08021BDC	0x08021DC3	thumb	sub_08021BDC
0x08021DC4	0x08021F3F	thumb	sub_08021DC4
0x08021F40	0x08022023	thumb	sub_08021F40
0x08022024	0x080220EB	thumb	sub_08022024
0x080220EC	0x0802211F	thumb	sub_080220EC
0x08022120	0x08022193	thumb	sub_08022120
0x08022194	0x080222BF	thumb	sub_08022194
0x080222C0	0x080222F7	thumb	sub_080222C0
0x080222F8	0x08022353	thumb	sub_080222F8
0x08022354	0x08022367	thumb	sub_08022354
0x08022368	0x080223F3	thumb	sub_08022368
0x080223F4	0x08022473	thumb	sub_080223F4
0x08022474	0x080224DF	thumb	sub_08022474
0x080224E0	0x0802255B	thumb	draw_ui_text
0x0802255C	0x080225B3	thumb	sub_0802255C
0x080225B4	0x0802260B	thumb	sub_080225B4
0x0802260C	0x08022693	thumb	sub_0802260C
0x08022694	0x0802270F	thumb	sub_08022694
0x08022710	0x080227BB	thumb	sub_08022710
0x080227BC	0x080229EF	thumb	sub_080227BC
0x080229F0	0x08022A17	thumb	sub_080229F0
0x08022A18	0x08022E4F	thumb	sub_08022A18
0x08022E50	0x08022E8B	thumb	sub_08022E50
0x08022E8C	0x08022ECF	thumb	sub_08022E8C
0x08022ED0	0x08022F13	thumb	sub_08022ED0
0x08022F14	0x08022F6B	thumb	sub_08022F14
0x08022F6C	0x08022FE3	thumb	sub_08022F6C
0x08022FE4	0x08023053	thumb	sub_08022FE4
0x08023054	0x080230C7	thumb	sub_08023054
0x080230C8	0x08023117	thumb	sub_080230C8
0x08023118	0x08023147	thumb	sub_08023118
0x08023148	0x0802337B	thumb	sub_08023148
0x0802337C	0x080233BF	thumb	sub_0802337C
0x080233C0	0x08023413	thumb	sub_080233C0
0x08023414	0x0802348F	thumb	sub_08023414
0x08023490	0x08023587	thumb	sub_08023490
0x08023588	0x0802388F	thumb	sub_08023588
0x08023890	0x08023947	thumb	sub_08023890
0x08023948	0x08023E43	thumb	sub_08023948
0x08023E44	0x08023EF7	thumb	sub_08023E44
0x08023EF8	0x08023F4B	thumb	sub_08023EF8
0x08023F4C	0x08023FA7	thumb	sub_08023F4C
0x08023FA8	0x0802400B	thumb	sub_08023FA8
0x0802400C	0x0802406B	thumb	sub_0802400C
0x0802406C	0x08024147	thumb	sub_0802406C
0x08024148	0x080242C3	thumb	sub_08024148
0x080242C4	0x0802443B	thumb	sub_080242C4
0x0802443C	0x080244D3	thumb	sub_0802443C
0x080244D4	0x0802450F	thumb	sub_080244D4
0x08024510	0x0802454B	thumb	sub_08024510
0x0802454C	0x08024627	thumb	sub_0802454C
0x08024628	0x0802462B	thumb	nullsub_6
0x0802462C	0x08024743	thumb	sub_0802462C
0x08024744	0x08024873	thumb	sub_08024744
0x08024874	0x080248D3	thumb	sub_08024874
0x080248D4	0x080249E7	thumb	sub_080248D4
0x080249E8	0x08024A73	thumb	sub_080249E8
0x08024A74	0x08024B3F	thumb	sub_08024A74
0x08024B40	0x08024B9B	thumb	sub_08024B40
0x08024B9C	0x08024CC7	thumb	sub_08024B9C
0x08024CC8	0x08024DCB	thumb	sub_08024CC8
0x08024DCC	0x08024EEB	thumb	sub_08024DCC
0x08024EEC	0x08024F73	thumb	sub_08024EEC
0x08024F74	0x0802503B	thumb	sub_08024F74
0x0802503C	0x080250B3	thumb	sub_0802503C
0x080250B4	0x08025167	thumb	sub_080250B4
0x08025168	0x0802519B	thumb	sub_08025168
0x0802519C	0x080251D7	thumb	sub_0802519C
0x080251D8	0x080251DB	thumb	nullsub_68
0x080251DC	0x080251F3	thumb	sub_080251DC
0x080251F4	0x0802533F	thumb	sub_080251F4
0x08025340	0x0802561F	thumb	object_interact
0x08025620	0x08025717	thumb	sub_08025620
0x08025718	0x08025917	thumb	sub_08025718
0x08025918	0x080259D3	thumb	sub_08025918
0x080259D4	0x08025A7F	thumb	sub_080259D4
0x08025A80	0x08025B3B	thumb	sub_08025A80
0x08025B3C	0x08025BF7	thumb	sub_08025B3C
0x08025BF8	0x08025CAF	thumb	sub_08025BF8
0x08025CB0	0x08025D63	thumb	sub_08025CB0
0x08025D64	0x08025E1F	thumb	sub_08025D64
0x08025E20	0x08025ED7	thumb	sub_08025E20
0x08025ED8	0x08025F97	thumb	sub_08025ED8
0x08025F98	0x080260C7	thumb	sub_08025F98
0x080260C8	0x0802610B	thumb	sub_080260C8
0x0802610C	0x080261CF	thumb	sub_0802610C
0x080261D0	0x080262EF	thumb	sub_080261D0
0x080262F0	0x0802630B	thumb	sub_080262F0
0x0802630C	0x080263A3	thumb	sub_0802630C
0x080263A4	0x0802646F	thumb	sub_080263A4
0x08026470	0x08026507	thumb	sub_08026470
0x08026508	0x0802660F	thumb	sub_08026508
0x08026610	0x0802665B	thumb	sub_08026610
0x0802665C	0x08026723	thumb	sub_0802665C
0x08026724	0x0802675F	thumb	sub_08026724
0x08026760	0x0802691B	thumb	sub_08026760
0x0802691C	0x08026937	thumb	sub_0802691C
0x08026938	0x080269AB	thumb	sub_08026938
0x080269AC	0x08026AF7	thumb	sub_080269AC
0x08026AF8	0x08026BCB	thumb	sub_08026AF8
0x08026BCC	0x08026C27	thumb	sub_08026BCC
0x08026C28	0x08026CCF	thumb	sub_08026C28
0x08026CD0	0x08026CE3	thumb	sub_08026CD0
0x08026CE4	0x08026DA7	thumb	sub_08026CE4
0x08026DA8	0x08026DDF	thumb	sub_08026DA8
0x08026DE0	0x08026E3B	thumb	sub_08026DE0
0x08026E3C	0x0802706B	thumb	sub_08026E3C
0x0802706C	0x0802709F	thumb	getDirectionIndex
0x080270A0	0x080270B7	thumb	getVelocity
0x080270B8	0x080270C7	thumb	getPrevDirection
0x080270C8	0x080270D7	thumb	sub_080270C8
0x080270D8	0x080270E7	thumb	sub_080270D8
0x080270E8	0x080270F7	thumb	getOppositeDirection
0x080270F8	0x08027137	thumb	get90DegreeTurn
0x08027138	0x08027163	thumb	sub_08027138
0x08027164	0x0802718B	thumb	sub_08027164
0x0802718C	0x0802724B	thumb	get_obj
0x0802724C	0x080272F3	thumb	sub_0802724C
0x080272F4	0x080274AB	thumb	sub_080272F4
0x080274AC	0x0802767F	thumb	sub_080274AC
0x08027680	0x0802773B	thumb	sub_08027680
0x0802773C	0x0802781B	thumb	sub_0802773C
0x0802781C	0x08027903	thumb	sub_0802781C
0x08027904	0x0802793F	thumb	sub_08027904
0x08027940	0x080279AB	thumb	sub_08027940
0x080279AC	0x08027A27	thumb	sub_080279AC
0x08027A28	0x08027ADF	thumb	sub_08027A28
0x08027AE0	0x08027B83	thumb	sub_08027AE0
0x08027B84	0x08027BCF	thumb	sub_08027B84
0x08027BD0	0x08027C1F	thumb	sub_08027BD0
0x08027C20	0x08027C3F	thumb	sub_08027C20
0x08027C40	0x08027C97	thumb	sub_08027C40
0x08027C98	0x08027CD7	thumb	sub_08027C98
0x08027CD8	0x08027D1B	thumb	sub_08027CD8
0x08027D1C	0x08027DC3	thumb	sub_08027D1C
0x08027DC4	0x08027DE3	thumb	sub_08027DC4
0x08027DE4	0x08027DF3	thumb	sub_08027DE4
0x08027DF4	0x08027E0B	thumb	sub_08027DF4
0x08027E0C	0x08027E5F	thumb	sub_08027E0C
0x08027E60	0x08027E73	thumb	sub_08027E60
0x08027E74	0x08027EF7	thumb	sub_08027E74
0x08027EF8	0x08027F35	thumb	sub_08027EF8
0x08027F38	0x08027F6D	thumb	getCommonScriptLine
0x08027F70	0x08027FB5	thumb	getRoomScriptLine
0x08027FB8	0x08027FD7	thumb	sub_08027FB8
0x08027FD8	0x0802801F	thumb	sub_08027FD8
0x08028020	0x0802803F	thumb	sub_08028020
0x08028040	0x0802807F	thumb	sub_08028040
0x08028080	0x08028263	thumb	sub_08028080
0x08028264	0x0802877F	thumb	sub_08028264
0x08028780	0x08028C0B	thumb	sub_08028780
0x08028C0C	0x08028C6F	thumb	sub_08028C0C
0x08028C70	0x08029053	thumb	sub_08028C70
0x08029054	0x08029077	thumb	sub_08029054
0x08029078	0x0802934F	thumb	sub_08029078
0x08029350	0x080293BB	thumb	sub_08029350
0x080293BC	0x080293C7	thumb	sub_080293BC
0x080293C8	0x0802941B	thumb	sub_080293C8
0x0802941C	0x08029425	thumb	sub_0802941C
0x08029428	0x080294DB	thumb	sub_08029428
0x080294DC	0x080295E7	thumb	sub_080294DC
0x080295E8	0x08029683	thumb	initStatMeters
0x08029684	0x080296E3	thumb	sub_08029684
0x080296E4	0x08029B17	thumb	sub_080296E4
0x08029B18	0x08029CAB	thumb	sub_08029B18
0x08029CAC	0x08029D0F	thumb	sub_08029CAC
0x08029D10	0x08029D9B	thumb	sub_08029D10
0x08029D9C	0x08029E17	thumb	sub_08029D9C
0x08029E18	0x08029EEF	thumb	sub_08029E18
0x08029EF0	0x08029FC7	thumb	sub_08029EF0
0x08029FC8	0x0802A037	thumb	sub_08029FC8
0x0802A038	0x0802A059	thumb	add_dp_to_pocket
0x0802A05C	0x0802A07D	thumb	add_dp_to_bank
0x0802A080	0x0802A0BB	thumb	withdraw_dp
0x0802A0BC	0x0802A0F7	thumb	deposit_dp
0x0802A0F8	0x0802A123	thumb	update_key_item_quantity
0x0802A124	0x0802A17F	thumb	sub_0802A124
0x0802A180	0x0802A263	thumb	sub_0802A180
0x0802A264	0x0802A30F	thumb	sub_0802A264
0x0802A310	0x0802A3CF	thumb	sub_0802A310
0x0802A3D0	0x0802A3FD	thumb	heldItemQty
0x0802A400	0x0802A42B	thumb	heldItemIndex
0x0802A42C	0x0802A453	thumb	sub_0802A42C
0x0802A454	0x0802A499	thumb	giveItemQuantity
0x0802A49C	0x0802A573	thumb	sub_0802A49C
0x0802A574	0x0802A60B	thumb	sub_0802A574
0x0802A60C	0x0802A62F	thumb	sub_0802A60C
0x0802A630	0x0802A66F	thumb	sub_0802A630
0x0802A670	0x0802A74B	thumb	sub_0802A670
0x0802A74C	0x0802A7F7	thumb	sub_0802A74C
0x0802A7F8	0x0802A8D3	thumb	sub_0802A7F8
0x0802A8D4	0x0802A98B	thumb	sub_0802A8D4
0x0802A98C	0x0802A9B3	thumb	sub_0802A98C
0x0802A9B4	0x0802AA77	thumb	sub_0802A9B4
0x0802AA78	0x0802AAEB	thumb	sub_0802AA78
0x0802AAEC	0x0802ABCB	thumb	updateStatMeter
0x0802ABCC	0x0802AC63	thumb	sub_0802ABCC
0x0802AC64	0x0802AD87	thumb	tickStatMeter
0x0802AD88	0x0802ADCB	thumb	sub_0802AD88
0x0802ADCC	0x0802AF23	thumb	set_ailment
0x0802AF24	0x0802AF87	thumb	sub_0802AF24
0x0802AF88	0x0802AFBB	thumb	sub_0802AF88
0x0802AFBC	0x0802AFEF	thumb	sub_0802AFBC
0x0802AFF0	0x0802B047	thumb	heal_hp
0x0802B048	0x0802B093	thumb	restore_pp
0x0802B094	0x0802B0CF	thumb	sub_0802B094
0x0802B0D0	0x0802B187	thumb	sub_0802B0D0
0x0802B188	0x0802B36F	thumb	sub_0802B188
0x0802B370	0x0802B4D7	thumb	sub_0802B370
0x0802B4D8	0x0802B53B	thumb	sub_0802B4D8
0x0802B53C	0x0802B57B	thumb	sub_0802B53C
0x0802B57C	0x0802B5D7	thumb	sub_0802B57C
0x0802B5D8	0x0802B843	thumb	sub_0802B5D8
0x0802B844	0x0802B857	thumb	sub_0802B844
0x0802B858	0x0802B873	thumb	get_char_stats
0x0802B874	0x0802B88B	thumb	sub_0802B874
0x0802B88C	0x0802B8C3	thumb	getStatMeter
0x0802B8C4	0x0802B8F3	thumb	sub_0802B8C4
0x0802B8F4	0x0802B923	thumb	sub_0802B8F4
0x0802B924	0x0802B953	thumb	sub_0802B924
0x0802B954	0x0802B9BF	thumb	getPartyMemberByHeldItem
0x0802B9C0	0x0802B9E5	thumb	is_equippable
0x0802B9E8	0x0802BA25	thumb	getItemEquipSlot
0x0802BA28	0x0802BA65	thumb	getEquippedItemIndex2
0x0802BA68	0x0802BA75	thumb	isEquipLytSet2
0x0802BA78	0x0802BA95	thumb	setEquipLyt2
0x0802BA98	0x0802BB03	thumb	sub_0802BA98
0x0802BB04	0x0802BB63	thumb	sub_0802BB04
0x0802BB64	0x0802BBC7	thumb	sub_0802BB64
0x0802BBC8	0x0802BBE3	thumb	sub_0802BBC8
0x0802BBE4	0x0802C3F7	thumb	sub_0802BBE4
0x0802C3F8	0x0802C49F	thumb	sub_0802C3F8
0x0802C4A0	0x0802C8A7	thumb	sub_0802C4A0
0x0802C8A8	0x0802CED3	thumb	sub_0802C8A8
0x0802CED4	0x0802CF13	thumb	sub_0802CED4
0x0802CF14	0x0802D293	thumb	sub_0802CF14
0x0802D294	0x0802D3F7	thumb	sub_0802D294
0x0802D3F8	0x0802D457	thumb	sub_0802D3F8
0x0802D458	0x0802D5CF	thumb	sub_0802D458
0x0802D5D0	0x0802D617	thumb	sub_0802D5D0
0x0802D618	0x0802D65F	thumb	sub_0802D618
0x0802D660	0x0802D69F	thumb	sub_0802D660
0x0802D6A0	0x0802D78F	thumb	sub_0802D6A0
0x0802D790	0x0802D9F7	thumb	sub_0802D790
0x0802D9F8	0x0802DA57	thumb	updateObjectPosition
0x0802DA58	0x0802DB9B	thumb	sub_0802DA58
0x0802DB9C	0x0802DC2B	thumb	sub_0802DB9C
0x0802DC2C	0x0802DD03	thumb	enemy_move
0x0802DD04	0x0802DD9F	thumb	sub_0802DD04
0x0802DDA0	0x0802DE5B	thumb	sub_0802DDA0
0x0802DE5C	0x0802DEAF	thumb	sub_0802DE5C
0x0802DEB0	0x0802DF13	thumb	sub_0802DEB0
0x0802DF14	0x0802DF47	thumb	sub_0802DF14
0x0802DF48	0x0802DF93	thumb	sub_0802DF48
0x0802DF94	0x0802DFBF	thumb	sub_0802DF94
0x0802DFC0	0x0802DFE3	thumb	sub_0802DFC0
0x0802DFE4	0x0802E047	thumb	sub_0802DFE4
0x0802E048	0x0802E06F	thumb	sub_0802E048
0x0802E070	0x0802E07B	thumb	sub_0802E070
0x0802E07C	0x0802E0A3	thumb	sub_0802E07C
0x0802E0A4	0x0802E0C7	thumb	sub_0802E0A4
0x0802E0C8	0x0802E0FF	thumb	sub_0802E0C8
0x0802E100	0x0802E103	thumb	sub_0802E100
0x0802E104	0x0802E13B	thumb	sub_0802E104
0x0802E13C	0x0802E1FF	thumb	sub_0802E13C
0x0802E200	0x0802E25B	thumb	sub_0802E200
0x0802E25C	0x0802E2BB	thumb	sub_0802E25C
0x0802E2BC	0x0802E33F	thumb	sub_0802E2BC
0x0802E340	0x0802E393	thumb	sub_0802E340
0x0802E394	0x0802E3FF	thumb	sub_0802E394
0x0802E400	0x0802E40F	thumb	sub_0802E400
0x0802E410	0x0802E41F	thumb	sub_0802E410
0x0802E420	0x0802E43B	thumb	sub_0802E420
0x0802E43C	0x0802E457	thumb	sub_0802E43C
0x0802E458	0x0802E473	thumb	sub_0802E458
0x0802E474	0x0802E4C3	thumb	sub_0802E474
0x0802E4C4	0x0802E52F	thumb	sub_0802E4C4
0x0802E530	0x0802E57F	thumb	sub_0802E530
0x0802E580	0x0802E58B	thumb	sub_0802E580
0x0802E58C	0x0802E5F3	thumb	sub_0802E58C
0x0802E5F4	0x0802E62F	thumb	sub_0802E5F4
0x0802E630	0x0802E64B	thumb	sub_0802E630
0x0802E64C	0x0802E667	thumb	sub_0802E64C
0x0802E668	0x0802E683	thumb	sub_0802E668
0x0802E684	0x0802E69F	thumb	sub_0802E684
0x0802E6A0	0x0802E6BB	thumb	sub_0802E6A0
0x0802E6BC	0x0802E727	thumb	sub_0802E6BC
0x0802E728	0x0802E7BF	thumb	sub_0802E728
0x0802E7C0	0x0802E82F	thumb	sub_0802E7C0
0x0802E830	0x0802E883	thumb	sub_0802E830
0x0802E884	0x0802E9C7	thumb	sub_0802E884
0x0802E9C8	0x0802E9E7	thumb	sub_0802E9C8
0x0802E9E8	0x0802EA03	thumb	sub_0802E9E8
0x0802EA04	0x0802EB5B	thumb	sub_0802EA04
0x0802EB5C	0x0802EBAB	thumb	sub_0802EB5C
0x0802EBAC	0x0802EBD3	thumb	sub_0802EBAC
0x0802EBD4	0x0802EBE3	thumb	sub_0802EBD4
0x0802EBE4	0x0802EC3B	thumb	sub_0802EBE4
0x0802EC3C	0x0802ECCB	thumb	sub_0802EC3C
0x0802ECCC	0x0802ECF3	thumb	sub_0802ECCC
0x0802ECF4	0x0802ED2B	thumb	sub_0802ECF4
0x0802ED2C	0x0802ED5B	thumb	sub_0802ED2C
0x0802ED5C	0x0802ED8F	thumb	sub_0802ED5C
0x0802ED90	0x0802EDBB	thumb	sub_0802ED90
0x0802EDBC	0x0802F02B	thumb	sub_0802EDBC
0x0802F02C	0x0802F1FF	thumb	sub_0802F02C
0x0802F200	0x0802F233	thumb	sub_0802F200
0x0802F234	0x0802F2B3	thumb	sub_0802F234
0x0802F2B4	0x0802F2CB	thumb	sub_0802F2B4
0x0802F2CC	0x0802F303	thumb	sub_0802F2CC
0x0802F304	0x0802F347	thumb	sub_0802F304
0x0802F348	0x0802F38F	thumb	sub_0802F348
0x0802F390	0x0802F3B7	thumb	sub_0802F390
0x0802F3B8	0x0802F64F	thumb	sub_0802F3B8
0x0802F650	0x0802F773	thumb	sub_0802F650
0x0802F774	0x0802F89F	thumb	sub_0802F774
0x0802F8A0	0x0802FA9B	thumb	sub_0802F8A0
0x0802FA9C	0x0802FC97	thumb	sub_0802FA9C
0x0802FC98	0x0802FDF7	thumb	sub_0802FC98
0x0802FDF8	0x0802FF8F	thumb	sub_0802FDF8
0x0802FF90	0x0803016B	thumb	sub_0802FF90
0x0803016C	0x0803016F	thumb	sub_0803016C
0x08030170	0x08030173	thumb	sub_08030170
0x08030174	0x08030177	thumb	sub_08030174
0x08030178	0x0803017B	thumb	sub_08030178
0x0803017C	0x0803017F	thumb	sub_0803017C
0x08030180	0x0803018F	thumb	sub_08030180
0x08030190	0x08030353	thumb	sub_08030190
0x08030354	0x0803042B	thumb	sub_08030354
0x0803042C	0x0803050B	thumb	sub_0803042C
0x0803050C	0x0803054F	thumb	sub_0803050C
0x08030550	0x080306C3	thumb	sub_08030550
0x080306C4	0x08030723	thumb	sub_080306C4
0x08030724	0x080307DB	thumb	draw_sprites
0x080307DC	0x0803080F	thumb	sub_080307DC
0x08030810	0x0803092B	thumb	sub_08030810
0x0803092C	0x080309FF	thumb	sub_0803092C
0x08030A00	0x08030B6F	thumb	sub_08030A00
0x08030B70	0x08030D33	thumb	sub_08030B70
0x08030D34	0x0803147F	thumb	sub_08030D34
0x08031480	0x0803172F	thumb	sub_08031480
0x08031730	0x080318A3	thumb	sub_08031730
0x080318A4	0x0803196F	thumb	sub_080318A4
0x08031970	0x08031AB7	thumb	sub_08031970
0x08031AB8	0x08031C33	thumb	sub_08031AB8
0x08031C34	0x08031DDF	thumb	sub_08031C34
0x08031DE0	0x08031FCB	thumb	sub_08031DE0
0x08031FCC	0x08032127	thumb	sub_08031FCC
0x08032128	0x080322BF	thumb	sub_08032128
0x080322C0	0x080322CB	thumb	sub_080322C0
0x080322CC	0x080322D7	thumb	sub_080322CC
0x080322D8	0x080324CF	thumb	sub_080322D8
0x080324D0	0x0803253B	thumb	sub_080324D0
0x0803253C	0x08032747	thumb	sub_0803253C
0x08032748	0x08032823	thumb	sub_08032748
0x08032824	0x08032887	thumb	sub_08032824
0x08032888	0x08032957	thumb	sub_08032888
0x08032958	0x08032A43	thumb	sub_08032958
0x08032A44	0x08032AA7	thumb	sub_08032A44
0x08032AA8	0x08032ADB	thumb	sub_08032AA8
0x08032ADC	0x08032B33	thumb	sub_08032ADC
0x08032B34	0x08032CC7	thumb	sub_08032B34
0x08032CC8	0x08032DAB	thumb	sub_08032CC8
0x08032DAC	0x08032DF3	thumb	sub_08032DAC
0x08032DF4	0x08032E1F	thumb	sub_08032DF4
0x08032E20	0x08032EDB	thumb	sub_08032E20
0x08032EDC	0x08032F5B	thumb	sub_08032EDC
0x08032F5C	0x08032F8B	thumb	sub_08032F5C
0x08032F8C	0x08032FBB	thumb	sub_08032F8C
0x08032FBC	0x080330EF	thumb	update_oam
0x080330F0	0x0803327B	thumb	sub_080330F0
0x0803327C	0x0803329B	thumb	sub_0803327C
0x0803329C	0x080332AB	thumb	sub_0803329C
0x080332AC	0x08033373	thumb	sub_080332AC
0x08033374	0x08033413	thumb	sub_08033374
0x08033414	0x0803345F	thumb	sub_08033414
0x08033460	0x08033483	thumb	sub_08033460
0x08033484	0x0803349B	thumb	sub_08033484
0x0803349C	0x080334B3	thumb	sub_0803349C
0x080334B4	0x080334CF	thumb	sub_080334B4
0x080334D0	0x08033547	thumb	sub_080334D0
0x08033548	0x08033577	thumb	sub_08033548
0x08033578	0x080335EF	thumb	sub_08033578
0x080335F0	0x0803361F	thumb	sub_080335F0
0x08033620	0x080337A7	thumb	sub_08033620
0x080337A8	0x080337EF	thumb	sub_080337A8
0x080337F0	0x08033867	thumb	sub_080337F0
0x08033868	0x080338AB	thumb	sub_08033868
0x080338AC	0x080338D7	thumb	faceNearTarget
0x080338D8	0x08033947	thumb	sub_080338D8
0x08033948	0x08033A53	thumb	sub_08033948
0x08033A54	0x08033A8B	thumb	sub_08033A54
0x08033A8C	0x08033ABB	thumb	sub_08033A8C
0x08033ABC	0x08033AEB	thumb	sub_08033ABC
0x08033AEC	0x08033B1F	thumb	sub_08033AEC
0x08033B20	0x08033B57	thumb	sub_08033B20
0x08033B58	0x08033B8F	thumb	sub_08033B58
0x08033B90	0x08033BCB	thumb	sub_08033B90
0x08033BCC	0x08033C13	thumb	sub_08033BCC
0x08033C14	0x08033C43	thumb	sub_08033C14
0x08033C44	0x08033C9F	thumb	sub_08033C44
0x08033CA0	0x08033CFB	thumb	sub_08033CA0
0x08033CFC	0x08033DA7	thumb	sub_08033CFC
0x08033DA8	0x08033E6F	thumb	sub_08033DA8
0x08033E70	0x08033FEB	thumb	sub_08033E70
0x08033FEC	0x080340F7	thumb	sub_08033FEC
0x080340F8	0x08034157	thumb	sub_080340F8
0x08034158	0x0803425F	thumb	sub_08034158
0x08034260	0x08034287	thumb	sub_08034260
0x08034288	0x08034347	thumb	sub_08034288
0x08034348	0x080343B7	thumb	sub_08034348
0x080343B8	0x080344CB	thumb	sub_080343B8
0x080344CC	0x080345AB	thumb	sub_080344CC
0x080345AC	0x08034607	thumb	sub_080345AC
0x08034608	0x080346F7	thumb	sub_08034608
0x080346F8	0x0803476B	thumb	sub_080346F8
0x0803476C	0x080347B7	thumb	sub_0803476C
0x080347B8	0x0803496B	thumb	sub_080347B8
0x0803496C	0x080349BF	thumb	sub_0803496C
0x080349C0	0x08034A0F	thumb	sub_080349C0
0x08034A10	0x08034A8B	thumb	sub_08034A10
0x08034A8C	0x08034BA9	thumb	walkObjectTowardPosition
0x08034BAC	0x08034CE7	thumb	sub_08034BAC
0x08034CE8	0x08034DA5	thumb	sub_08034CE8
0x08034DA8	0x08034EB7	thumb	sub_08034DA8
0x08034EB8	0x08034FC7	thumb	sub_08034EB8
0x08034FC8	0x08034FE3	thumb	sub_08034FC8
0x08034FE4	0x08034FFB	thumb	sub_08034FE4
0x08034FFC	0x08035113	thumb	sub_08034FFC
0x08035114	0x08035137	thumb	sub_08035114
0x08035138	0x0803516F	thumb	sub_08035138
0x08035170	0x08035297	thumb	sub_08035170
0x08035298	0x08035383	thumb	sub_08035298
0x08035384	0x08035413	thumb	sub_08035384
0x08035414	0x080354CB	thumb	sub_08035414
0x080354CC	0x080355AB	thumb	sub_080354CC
0x080355AC	0x080355CB	thumb	sub_080355AC
0x080355CC	0x080355FF	thumb	sub_080355CC
0x08035600	0x080357CF	thumb	sub_08035600
0x080357D0	0x0803581F	thumb	sub_080357D0
0x08035820	0x0803593F	thumb	sub_08035820
0x08035940	0x080359DB	thumb	sub_08035940
0x080359DC	0x08035A87	thumb	sub_080359DC
0x08035A88	0x08035AEB	thumb	sub_08035A88
0x08035AEC	0x08035B77	thumb	sub_08035AEC
0x08035B78	0x08035C0B	thumb	sub_08035B78
0x08035C0C	0x08035C63	thumb	sub_08035C0C
0x08035C64	0x08035C8B	thumb	sub_08035C64
0x08035C8C	0x08035D3F	thumb	sub_08035C8C
0x08035D40	0x08035DFB	thumb	sub_08035D40
0x08035DFC	0x08035E97	thumb	sub_08035DFC
0x08035E98	0x08035F4B	thumb	sub_08035E98
0x08035F4C	0x08035FBB	thumb	sub_08035F4C
0x08035FBC	0x08035FE3	thumb	sub_08035FBC
0x08035FE4	0x0803602F	thumb	sub_08035FE4
0x08036030	0x08036047	thumb	sub_08036030
0x08036048	0x080360DF	thumb	sub_08036048
0x080360E0	0x080361AF	thumb	sub_080360E0
0x080361B0	0x080361DB	thumb	sub_080361B0
0x080361DC	0x08036237	thumb	sub_080361DC
0x08036238	0x080362BF	thumb	sub_08036238
0x080362C0	0x08036337	thumb	sub_080362C0
0x08036338	0x08036387	thumb	sub_08036338
0x08036388	0x0803639F	thumb	sub_08036388
0x080363A0	0x0803644F	thumb	sub_080363A0
0x08036450	0x0803647F	thumb	sub_08036450
0x08036480	0x080364B7	thumb	sub_08036480
0x080364B8	0x080365EB	thumb	sub_080364B8
0x080365EC	0x0803664F	thumb	sub_080365EC
0x08036650	0x080366BF	thumb	coarseDirectionToTarget
0x080366C0	0x08036731	thumb	directionToTargetByID
0x08036734	0x0803677B	thumb	sub_08036734
0x0803677C	0x080367D7	thumb	sub_0803677C
0x080367D8	0x0803682F	thumb	directionToTarget
0x08036830	0x08036863	thumb	sub_08036830
0x08036864	0x08036903	thumb	sub_08036864
0x08036904	0x0803695F	thumb	sub_08036904
0x08036960	0x0803699B	thumb	sub_08036960
0x0803699C	0x08036A1B	thumb	sub_0803699C
0x08036A1C	0x08036A65	thumb	updateObjDirection
0x08036A68	0x08036A8F	thumb	sub_08036A68
0x08036A90	0x08036B33	thumb	sub_08036A90
0x08036B34	0x08036B6B	thumb	sub_08036B34
0x08036B6C	0x08036BA3	thumb	sub_08036B6C
0x08036BA4	0x08036BD7	thumb	sub_08036BA4
0x08036BD8	0x08036BEB	thumb	get_obj_direct
0x08036BEC	0x08036BFD	thumb	sub_08036BEC
0x08036C00	0x08036C21	thumb	sub_08036C00
0x08036C24	0x08036C67	thumb	sub_08036C24
0x08036C68	0x08036C7F	thumb	sub_08036C68
0x08036C80	0x08036C9F	thumb	sub_08036C80
0x08036CA0	0x08036CBF	thumb	sub_08036CA0
0x08036CC0	0x08036CCF	thumb	sub_08036CC0
0x08036CD0	0x08036CDF	thumb	sub_08036CD0
0x08036CE0	0x08036CFF	thumb	sub_08036CE0
0x08036D00	0x08036D17	thumb	sub_08036D00
0x08036D18	0x08036D3B	thumb	sub_08036D18
0x08036D3C	0x08036D5F	thumb	sub_08036D3C
0x08036D60	0x08036D77	thumb	sub_08036D60
0x08036D78	0x08036DDB	thumb	sub_08036D78
0x08036DDC	0x08036DF3	thumb	sub_08036DDC
0x08036DF4	0x08036E0B	thumb	sub_08036DF4
0x08036E0C	0x08036E6F	thumb	sub_08036E0C
0x08036E70	0x08036E8F	thumb	sub_08036E70
0x08036E90	0x08036EB7	thumb	sub_08036E90
0x08036EB8	0x0803701F	thumb	sub_08036EB8
0x08037020	0x08037133	thumb	sub_08037020
0x08037134	0x0803720B	thumb	sub_08037134
0x0803720C	0x080372D7	thumb	sub_0803720C
0x080372D8	0x0803732F	thumb	sub_080372D8
0x08037330	0x0803752F	thumb	sub_08037330
0x08037530	0x08037607	thumb	sub_08037530
0x08037608	0x080376EB	thumb	sub_08037608
0x080376EC	0x08037707	thumb	sub_080376EC
0x08037708	0x08037793	thumb	sub_08037708
0x08037794	0x080377B3	thumb	sub_08037794
0x080377B4	0x080377CF	thumb	sub_080377B4
0x080377D0	0x0803788B	thumb	sub_080377D0
0x0803788C	0x0803793B	thumb	sub_0803788C
0x0803793C	0x08037957	thumb	sub_0803793C
0x08037958	0x080379BF	thumb	sub_08037958
0x080379C0	0x08037A0B	thumb	sub_080379C0
0x08037A0C	0x08037A7B	thumb	sub_08037A0C
0x08037A7C	0x08037AF3	thumb	sub_08037A7C
0x08037AF4	0x08037B4B	thumb	sub_08037AF4
0x08037B4C	0x08037B93	thumb	sub_08037B4C
0x08037B94	0x08037C03	thumb	sub_08037B94
0x08037C04	0x08037C53	thumb	sub_08037C04
0x08037C54	0x08037C83	thumb	sub_08037C54
0x08037C84	0x08037CA3	thumb	sub_08037C84
0x08037CA4	0x08037DAF	thumb	init_dp_transaction
0x08037DB0	0x08037E53	thumb	sub_08037DB0
0x08037E54	0x08037ECF	thumb	sub_08037E54
0x08037ED0	0x08037F6F	thumb	sub_08037ED0
0x08037F70	0x08037F73	thumb	nullsub_41
0x08037F74	0x080380BF	thumb	sub_08037F74
0x080380C0	0x0803817B	thumb	sub_080380C0
0x0803817C	0x080381AF	thumb	sub_0803817C
0x080381B0	0x080381DB	thumb	sub_080381B0
0x080381DC	0x08038207	thumb	sub_080381DC
0x08038208	0x0803829F	thumb	sub_08038208
0x080382A0	0x080382EB	thumb	sub_080382A0
0x080382EC	0x080382EF	thumb	nullsub_69
0x080382F0	0x080382F3	thumb	nullsub_70
0x080382F4	0x080383AB	thumb	sub_080382F4
0x080383AC	0x08038413	thumb	sub_080383AC
0x08038414	0x08038547	thumb	sub_08038414
0x08038548	0x080385FF	thumb	sub_08038548
0x08038600	0x080387D3	thumb	sub_08038600
0x080387D4	0x08038A3F	thumb	sub_080387D4
0x08038A40	0x08038ABB	thumb	sub_08038A40
0x08038ABC	0x08038BDB	thumb	sub_08038ABC
0x08038BDC	0x08038E7F	thumb	sub_08038BDC
0x08038E80	0x08038F8F	thumb	sub_08038E80
0x08038F90	0x08039037	thumb	sub_08038F90
0x08039038	0x0803917B	thumb	sub_08039038
0x0803917C	0x080392C3	thumb	sub_0803917C
0x080392C4	0x080393D7	thumb	sub_080392C4
0x080393D8	0x080394EF	thumb	sub_080393D8
0x080394F0	0x08039533	thumb	sub_080394F0
0x08039534	0x08039537	thumb	nullsub_71
0x08039538	0x0803953B	thumb	nullsub_72
0x0803953C	0x0803953F	thumb	nullsub_73
0x08039540	0x08039543	thumb	nullsub_74
0x08039544	0x0803960B	thumb	navigate1DMenu
0x0803960C	0x08039693	thumb	sub_0803960C
0x08039694	0x08039737	thumb	sub_08039694
0x08039738	0x080397CF	thumb	sub_08039738
0x080397D0	0x08039933	thumb	navigateWrapping2DMenu
0x08039934	0x08039A17	thumb	sub_08039934
0x08039A18	0x08039A73	thumb	sub_08039A18
0x08039A74	0x08039B23	thumb	sub_08039A74
0x08039B24	0x08039B5B	thumb	sub_08039B24
0x08039B5C	0x08039B87	thumb	sub_08039B5C
0x08039B88	0x08039C03	thumb	sub_08039B88
0x08039C04	0x08039CDB	thumb	sub_08039C04
0x08039CDC	0x08039E87	thumb	sub_08039CDC
0x08039E88	0x08039EC7	thumb	initCurrentDebugPage
0x08039EC8	0x08039EFF	thumb	initDebugMenuPage1
0x08039F00	0x08039F3F	thumb	initDebugMenuPage2
0x08039F40	0x08039F7F	thumb	initDebugMenuPage3
0x08039F80	0x08039FBB	thumb	initDebugMenuPage4
0x08039FBC	0x08039FFB	thumb	initDebugMenuPage5
0x08039FFC	0x0803A03B	thumb	initDebugMenuPage6
0x0803A03C	0x0803A0E9	thumb	mode_debug_menu
0x0803A0EC	0x0803A197	thumb	debugMenuPage1
0x0803A198	0x0803A223	thumb	handleDebugPage1
0x0803A224	0x0803A2D3	thumb	debugChangeCurrentRoom
0x0803A2D4	0x0803A3C7	thumb	debugMenuPage2
0x0803A3C8	0x0803A457	thumb	handleDebugPage2
0x0803A458	0x0803A4CF	thumb	sub_0803A458
0x0803A4D0	0x0803A59B	thumb	debugMenuPage3
0x0803A59C	0x0803A641	thumb	handleDebugPage3
0x0803A644	0x0803A75B	thumb	debugChangeMapCoords
0x0803A75C	0x0803A82F	thumb	debugMenuPage4
0x0803A830	0x0803A843	thumb	handleDebugPage4
0x0803A844	0x0803A973	thumb	sub_0803A844
0x0803A974	0x0803AA97	thumb	debugMenuPage5
0x0803AA98	0x0803AAAB	thumb	handleDebugPage5
0x0803AAAC	0x0803AC9B	thumb	sub_0803AAAC
0x0803AC9C	0x0803AD47	thumb	debugMenuPage6
0x0803AD48	0x0803AD4B	thumb	nullsub_19
0x0803AD4C	0x0803AD4F	thumb	nullsub_20
0x0803AD50	0x0803ADA7	thumb	sub_0803AD50
0x0803ADA8	0x0803ADBB	thumb	sub_0803ADA8
0x0803ADBC	0x0803ADCF	thumb	sub_0803ADBC
0x0803ADD0	0x0803AEC7	thumb	sub_0803ADD0
0x0803AEC8	0x0803B007	thumb	sub_0803AEC8
0x0803B008	0x0803B15F	thumb	sub_0803B008
0x0803B160	0x0803B277	thumb	sub_0803B160
0x0803B278	0x0803B2C7	thumb	sub_0803B278
0x0803B2C8	0x0803B3C3	thumb	sub_0803B2C8
0x0803B3C4	0x0803B473	thumb	sub_0803B3C4
0x0803B474	0x0803B4FB	thumb	sub_0803B474
0x0803B4FC	0x0803B543	thumb	sub_0803B4FC
0x0803B544	0x0803B58B	thumb	sub_0803B544
0x0803B58C	0x0803B5C3	thumb	sub_0803B58C
0x0803B5C4	0x0803B60F	thumb	sub_0803B5C4
0x0803B610	0x0803B637	thumb	sub_0803B610
0x0803B638	0x0803B65F	thumb	sub_0803B638
0x0803B660	0x0803B687	thumb	sub_0803B660
0x0803B688	0x0803B723	thumb	sub_0803B688
0x0803B724	0x0803B7CB	thumb	sub_0803B724
0x0803B7CC	0x0803B7FF	thumb	sub_0803B7CC
0x0803B800	0x0803B85F	thumb	sub_0803B800
0x0803B860	0x0803B8A7	thumb	sub_0803B860
0x0803B8A8	0x0803B917	thumb	sub_0803B8A8
0x0803B918	0x0803BD87	thumb	sub_0803B918
0x0803BD88	0x0803BF43	thumb	sub_0803BD88
0x0803BF44	0x0803BFEB	thumb	sub_0803BF44
0x0803BFEC	0x0803C4AF	thumb	sub_0803BFEC
0x0803C4B0	0x0803C4C3	thumb	sub_0803C4B0
0x0803C4C4	0x0803C4DB	thumb	sub_0803C4C4
0x0803C4DC	0x0803C547	thumb	sub_0803C4DC
0x0803C548	0x0803C54B	thumb	nullsub_17
0x0803C54C	0x0803C5BF	thumb	sub_0803C54C
0x0803C5C0	0x0803C9AB	thumb	sub_0803C5C0
0x0803C9AC	0x0803CB67	thumb	sub_0803C9AC
0x0803CB68	0x0803CBC3	thumb	sub_0803CB68
0x0803CBC4	0x0803D057	thumb	sub_0803CBC4
0x0803D058	0x0803D06B	thumb	sub_0803D058
0x0803D06C	0x0803D0A7	thumb	sub_0803D06C
0x0803D0A8	0x0803D0DF	thumb	sub_0803D0A8
0x0803D0E0	0x0803D0E3	thumb	nullsub_18
0x0803D0E4	0x00000000	arm	sub_0803D0E4
0x0803D13C	0x00000000	arm	sub_0803D13C
0x0803D1B4	0x00000000	arm	sub_0803D1B4
0x0803D2A4	0x00000000	arm	sub_0803D2A4
0x0803D32C	0x00000000	arm	sub_0803D32C
0x0803D374	0x00000000	arm	sub_0803D374
0x0803D3FC	0x00000000	arm	sub_0803D3FC
0x0803D474	0x00000000	arm	sub_0803D474
0x0803D59C	0x00000000	thumb	sub_0803D59C
0x0803D5EC	0x00000000	thumb	sub_0803D5EC
0x0803D61C	0x00000000	thumb	sub_0803D61C
0x0803D678	0x0803D6C7	thumb	sub_0803D678
0x0803D6C8	0x0803D717	thumb	sub_0803D6C8
0x0803D718	0x0803D7CB	thumb	sub_0803D718
0x0803D7CC	0x0803D877	thumb	sub_0803D7CC
0x0803D878	0x0803D9A7	thumb	sub_0803D878
0x0803D9A8	0x0803DAAB	thumb	sub_0803D9A8
0x0803DAAC	0x0803DBB7	thumb	sub_0803DAAC
0x0803DBB8	0x0803DCE3	thumb	sub_0803DBB8
0x0803DCE4	0x0803DD1B	thumb	sub_0803DCE4
0x0803DD1C	0x0803DD3B	thumb	sub_0803DD1C
0x0803DD3C	0x0803DD5B	thumb	sub_0803DD3C
0x0803DD5C	0x0803DDD7	thumb	sub_0803DD5C
0x0803DDD8	0x0803DE07	thumb	sub_0803DDD8
0x0803DE08	0x0803DE37	thumb	sub_0803DE08
0x0803DE38	0x0803DF47	thumb	sub_0803DE38
0x0803DF48	0x0803DF93	thumb	sub_0803DF48
0x0803DF94	0x0803E0EB	thumb	sub_0803DF94
0x0803E0EC	0x0803E16B	thumb	sub_0803E0EC
0x0803E16C	0x0803E25F	thumb	sub_0803E16C
0x0803E260	0x0803E2AF	thumb	sub_0803E260
0x0803E2B0	0x0803E2E3	thumb	sub_0803E2B0
0x0803E2E4	0x0803E2FB	thumb	sub_0803E2E4
0x0803E2FC	0x0803E2FF	thumb	nullsub_75
0x0803E300	0x0803E303	thumb	nullsub_7
0x0803E304	0x0803E357	thumb	sub_0803E304
0x0803E358	0x0803E3B3	thumb	sub_0803E358
0x0803E3B4	0x0803E3BF	thumb	sub_0803E3B4
0x0803E3C0	0x0803E3D3	thumb	sub_0803E3C0
0x0803E3D4	0x0803E3D7	thumb	nullsub_76
0x0803E3D8	0x0803E3EB	thumb	sub_0803E3D8
0x0803E3EC	0x0803E403	thumb	sub_0803E3EC
0x0803E404	0x0803E407	thumb	nullsub_77
0x0803E408	0x0803E46B	thumb	sub_0803E408
0x0803E46C	0x0803E4AF	thumb	sub_0803E46C
0x0803E4B0	0x0803E4B3	thumb	nullsub_78
0x0803E4B4	0x0803E4B7	thumb	nullsub_79
0x0803E4B8	0x0803E50B	thumb	sub_0803E4B8
0x0803E50C	0x0803E577	thumb	sub_0803E50C
0x0803E578	0x0803E6EB	thumb	sub_0803E578
0x0803E6EC	0x0803E737	thumb	sub_0803E6EC
0x0803E738	0x0803E833	thumb	sub_0803E738
0x0803E834	0x0803E843	thumb	sub_0803E834
0x0803E844	0x0803E907	thumb	sub_0803E844
0x0803E908	0x0803EA4B	thumb	sub_0803E908
0x0803EA4C	0x0803EAEB	thumb	sub_0803EA4C
0x0803EAEC	0x0803EB77	thumb	sub_0803EAEC
0x0803EB78	0x0803EC27	thumb	sub_0803EB78
0x0803EC28	0x0803EC7F	thumb	sub_0803EC28
0x0803EC80	0x0803ECBF	thumb	sub_0803EC80
0x0803ECC0	0x0803EE1F	thumb	sub_0803ECC0
0x0803EE20	0x0803EE33	thumb	sub_0803EE20
0x0803EE34	0x0803EE77	thumb	sub_0803EE34
0x0803EE78	0x0803EE9F	thumb	sub_0803EE78
0x0803EEA0	0x0803F037	thumb	sub_0803EEA0
0x0803F038	0x0803F067	thumb	sub_0803F038
0x0803F068	0x0803F0A3	thumb	sub_0803F068
0x0803F0A4	0x0803F123	thumb	sub_0803F0A4
0x0803F124	0x0803F19F	thumb	sub_0803F124
0x0803F1A0	0x0803F1A9	thumb	sub_0803F1A0
0x0803F1AC	0x0803F25F	thumb	sub_0803F1AC
0x0803F260	0x0803F36B	thumb	sub_0803F260
0x0803F36C	0x0803F3AF	thumb	sub_0803F36C
0x0803F3B0	0x0803F423	thumb	sub_0803F3B0
0x0803F424	0x0803F5CB	thumb	sub_0803F424
0x0803F5CC	0x0803F773	thumb	sub_0803F5CC
0x0803F774	0x0803F8F7	thumb	sub_0803F774
0x0803F8F8	0x0803FA8B	thumb	sub_0803F8F8
0x0803FA8C	0x0803FAC7	thumb	sub_0803FA8C
0x0803FAC8	0x0803FB5F	thumb	sub_0803FAC8
0x0803FB60	0x0803FC73	thumb	sub_0803FB60
0x0803FC74	0x0803FC93	thumb	sub_0803FC74
0x0803FC94	0x0803FCC3	thumb	sub_0803FC94
0x0803FCC4	0x0803FD13	thumb	sub_0803FCC4
0x0803FD14	0x0803FD47	thumb	sub_0803FD14
0x0803FD48	0x0803FE47	thumb	sub_0803FD48
0x0803FE48	0x0803FE7B	thumb	sub_0803FE48
0x0803FE7C	0x0803FEAF	thumb	sub_0803FE7C
0x0803FEB0	0x0803FEF3	thumb	sub_0803FEB0
0x0803FEF4	0x0803FF4F	thumb	sub_0803FEF4
0x0803FF50	0x0803FFF3	thumb	sub_0803FF50
0x0803FFF4	0x08040023	thumb	sub_0803FFF4
0x08040024	0x0804008F	thumb	sub_08040024
0x08040090	0x080400D3	thumb	sub_08040090
0x080400D4	0x08040163	thumb	sub_080400D4
0x08040164	0x080401BB	thumb	sub_08040164
0x080401BC	0x08040295	thumb	sub_080401BC
0x08040298	0x0804037B	thumb	sub_08040298
0x0804037C	0x080407AB	thumb	sub_0804037C
0x080407AC	0x080407E3	thumb	sub_080407AC
0x080407E4	0x080409B7	thumb	sub_080407E4
0x080409B8	0x08040B1F	thumb	sub_080409B8
0x08040B20	0x08040B57	thumb	sub_08040B20
0x08040B58	0x08040FAB	thumb	sub_08040B58
0x08040FAC	0x08040FE3	thumb	sub_08040FAC
0x08040FE4	0x08041117	thumb	sub_08040FE4
0x08041118	0x0804114F	thumb	sub_08041118
0x08041150	0x080414E3	thumb	sub_08041150
0x080414E4	0x0804151B	thumb	sub_080414E4
0x0804151C	0x080415E3	thumb	sub_0804151C
0x080415E4	0x0804165B	thumb	sub_080415E4
0x0804165C	0x080417F7	thumb	sub_0804165C
0x080417F8	0x08041863	thumb	sub_080417F8
0x08041864	0x080418F7	thumb	sub_08041864
0x080418F8	0x08041C5B	thumb	sub_080418F8
0x08041C5C	0x08041F13	thumb	sub_08041C5C
0x08041F14	0x08041F7F	thumb	sub_08041F14
0x08041F80	0x08042013	thumb	sub_08041F80
0x08042014	0x080422B3	thumb	sub_08042014
0x080422B4	0x0804254B	thumb	sub_080422B4
0x0804254C	0x08042837	thumb	sub_0804254C
0x08042838	0x08042A6B	thumb	sub_08042838
0x08042A6C	0x08042B87	thumb	sub_08042A6C
0x08042B88	0x08042D47	thumb	sub_08042B88
0x08042D48	0x08042F4F	thumb	sub_08042D48
0x08042F50	0x080430B3	thumb	sub_08042F50
0x080430B4	0x080431FB	thumb	sub_080430B4
0x080431FC	0x0804337B	thumb	sub_080431FC
0x0804337C	0x0804389B	thumb	sub_0804337C
0x0804389C	0x08043EB3	thumb	sub_0804389C
0x08043EB4	0x080441BB	thumb	sub_08043EB4
0x080441BC	0x080442D7	thumb	sub_080441BC
0x080442D8	0x080443A3	thumb	sub_080442D8
0x080443A4	0x08044413	thumb	sub_080443A4
0x08044414	0x080444AB	thumb	sub_08044414
0x080444AC	0x0804455F	thumb	sub_080444AC
0x08044560	0x08044597	thumb	sub_08044560
0x08044598	0x080445DB	thumb	sub_08044598
0x080445DC	0x08044613	thumb	sub_080445DC
0x08044614	0x080446E7	thumb	sub_08044614
0x080446E8	0x080447A3	thumb	sub_080446E8
0x080447A4	0x0804485F	thumb	sub_080447A4
0x08044860	0x080449BF	thumb	sub_08044860
0x080449C0	0x08044AD7	thumb	sub_080449C0
0x08044AD8	0x08044C8B	thumb	sub_08044AD8
0x08044C8C	0x08044DA7	thumb	sub_08044C8C
0x08044DA8	0x08044E83	thumb	sub_08044DA8
0x08044E84	0x08044EFF	thumb	sub_08044E84
0x08044F00	0x0804538F	thumb	sub_08044F00
0x08045390	0x080453D3	thumb	sub_08045390
0x080453D4	0x080454EF	thumb	sub_080453D4
0x080454F0	0x0804557B	thumb	sub_080454F0
0x0804557C	0x080457CF	thumb	sub_0804557C
0x080457D0	0x08045853	thumb	sub_080457D0
0x08045854	0x080458B7	thumb	sub_08045854
0x080458B8	0x0804598B	thumb	sub_080458B8
0x0804598C	0x08045C27	thumb	sub_0804598C
0x08045C28	0x08045C2B	thumb	nullsub_080
0x08045C2C	0x08045C2F	thumb	nullsub_081
0x08045C30	0x08045C33	thumb	nullsub_082
0x08045C34	0x08045CCF	thumb	sub_08045C34
0x08045CD0	0x08045D4F	thumb	sub_08045CD0
0x08045D50	0x08045E03	thumb	sub_08045D50
0x08045E04	0x08045EA7	thumb	sub_08045E04
0x08045EA8	0x08045F87	thumb	sub_08045EA8
0x08045F88	0x080460C7	thumb	sub_08045F88
0x080460C8	0x080461DB	thumb	sub_080460C8
0x080461DC	0x0804626B	thumb	sub_080461DC
0x0804626C	0x0804631B	thumb	sub_0804626C
0x0804631C	0x080463F7	thumb	sub_0804631C
0x080463F8	0x080464A7	thumb	sub_080463F8
0x080464A8	0x0804650F	thumb	sub_080464A8
0x08046510	0x080465F7	thumb	sub_08046510
0x080465F8	0x080467BF	thumb	sub_080465F8
0x080467C0	0x08046973	thumb	sub_080467C0
0x08046974	0x080469CB	thumb	sub_08046974
0x080469CC	0x08046A27	thumb	sub_080469CC
0x08046A28	0x08046A63	thumb	sub_08046A28
0x08046A64	0x08046AF7	thumb	sub_08046A64
0x08046AF8	0x08046BA7	thumb	sub_08046AF8
0x08046BA8	0x08046CE7	thumb	sub_08046BA8
0x08046CE8	0x08046D0B	thumb	sub_08046CE8
0x08046D0C	0x08046D2B	thumb	sub_08046D0C
0x08046D2C	0x08046D8F	thumb	sub_08046D2C
0x08046D90	0x08046EEF	thumb	sub_08046D90
0x08046EF0	0x08046FD7	thumb	sub_08046EF0
0x08046FD8	0x080470A7	thumb	sub_08046FD8
0x080470A8	0x080471B3	thumb	sub_080470A8
0x080471B4	0x080472BB	thumb	sub_080471B4
0x080472BC	0x080473EB	thumb	sub_080472BC
0x080473EC	0x080475A3	thumb	sub_080473EC
0x080475A4	0x0804769F	thumb	sub_080475A4
0x080476A0	0x080476BF	thumb	sub_080476A0
0x080476C0	0x08047743	thumb	sub_080476C0
0x08047744	0x08047747	thumb	nullsub_42
0x08047748	0x0804774B	thumb	nullsub_43
0x0804774C	0x080477BB	thumb	sub_0804774C
0x080477BC	0x0804782B	thumb	sub_080477BC
0x0804782C	0x0804782F	thumb	nullsub_44
0x08047830	0x08047833	thumb	nullsub_45
0x08047834	0x080478FF	thumb	sub_08047834
0x08047900	0x080479DB	thumb	sub_08047900
0x080479DC	0x08047A27	thumb	sub_080479DC
0x08047A28	0x08047A6F	thumb	sub_08047A28
0x08047A70	0x08047A73	thumb	nullsub_083
0x08047A74	0x08047A77	thumb	nullsub_084
0x08047A78	0x08047B0B	thumb	sub_08047A78
0x08047B0C	0x08047B9B	thumb	sub_08047B0C
0x08047B9C	0x08047C3B	thumb	sub_08047B9C
0x08047C3C	0x08047CDB	thumb	sub_08047C3C
0x08047CDC	0x08047D8F	thumb	sub_08047CDC
0x08047D90	0x08047E03	thumb	sub_08047D90
0x08047E04	0x08047E47	thumb	sub_08047E04
0x08047E48	0x08047EA3	thumb	sub_08047E48
0x08047EA4	0x08047F27	thumb	sub_08047EA4
0x08047F28	0x08047FD3	thumb	sub_08047F28
0x08047FD4	0x08048073	thumb	sub_08047FD4
0x08048074	0x08048107	thumb	loadMemoEntryPage
0x08048108	0x08048157	thumb	sub_08048108
0x08048158	0x080481DB	thumb	sub_08048158
0x080481DC	0x08048213	thumb	sub_080481DC
0x08048214	0x08048307	thumb	sub_08048214
0x08048308	0x080483DF	thumb	sub_08048308
0x080483E0	0x080484A7	thumb	sub_080483E0
0x080484A8	0x080484FB	thumb	sub_080484A8
0x080484FC	0x08048533	thumb	sub_080484FC
0x08048534	0x0804854F	thumb	sub_08048534
0x08048550	0x080485C3	thumb	sub_08048550
0x080485C4	0x0804863B	thumb	sub_080485C4
0x0804863C	0x0804865B	thumb	sub_0804863C
0x0804865C	0x0804869F	thumb	sub_0804865C
0x080486A0	0x080486D5	thumb	getMenus1Text
0x080486D8	0x0804870D	thumb	getMemoEntryText
0x08048710	0x08048747	thumb	sub_08048710
0x08048748	0x0804879F	thumb	bufferedTextLength
0x080487A0	0x080487D3	thumb	sub_080487A0
0x080487D4	0x08048877	thumb	sub_080487D4
0x08048878	0x080489F7	thumb	sub_08048878
0x080489F8	0x08048B57	thumb	sub_080489F8
0x08048B58	0x08048C5B	thumb	sub_08048B58
0x08048C5C	0x08048CE3	thumb	sub_08048C5C
0x08048CE4	0x08048EF7	thumb	sub_08048CE4
0x08048EF8	0x08048F73	thumb	sub_08048EF8
0x08048F74	0x08048FEB	thumb	sub_08048F74
0x08048FEC	0x080490CF	thumb	sub_08048FEC
0x080490D0	0x0804915F	thumb	sub_080490D0
0x08049160	0x080491EF	thumb	sub_08049160
0x080491F0	0x0804927F	thumb	sub_080491F0
0x08049280	0x080492CF	thumb	sub_08049280
0x080492D0	0x080495C7	thumb	sub_080492D0
0x080495C8	0x080496F7	thumb	sub_080495C8
0x080496F8	0x0804973F	thumb	sub_080496F8
0x08049740	0x080497CF	thumb	sub_08049740
0x080497D0	0x08049837	thumb	sub_080497D0
0x08049838	0x08049893	thumb	sub_08049838
0x08049894	0x080498AF	thumb	sub_08049894
0x080498B0	0x080498C3	thumb	sub_080498B0
0x080498C4	0x080498E3	thumb	sub_080498C4
0x080498E4	0x08049953	thumb	sub_080498E4
0x08049954	0x080499A3	thumb	sub_08049954
0x080499A4	0x080499CF	thumb	sub_080499A4
0x080499D0	0x08049AF7	thumb	sub_080499D0
0x08049AF8	0x08049B6F	thumb	sub_08049AF8
0x08049B70	0x08049C6F	thumb	sub_08049B70
0x08049C70	0x08049D5B	thumb	sub_08049C70
0x08049D5C	0x08049DC3	thumb	sub_08049D5C
0x08049DC4	0x08049DF7	thumb	sub_08049DC4
0x08049DF8	0x08049E1F	thumb	sub_08049DF8
0x08049E20	0x08049E47	thumb	sub_08049E20
0x08049E48	0x08049E6F	thumb	sub_08049E48
0x08049E70	0x08049E97	thumb	sub_08049E70
0x08049E98	0x08049EBF	thumb	sub_08049E98
0x08049EC0	0x08049EE7	thumb	sub_08049EC0
0x08049EE8	0x08049F0F	thumb	sub_08049EE8
0x08049F10	0x08049F37	thumb	sub_08049F10
0x08049F38	0x08049F5F	thumb	sub_08049F38
0x08049F60	0x08049F87	thumb	sub_08049F60
0x08049F88	0x08049FAF	thumb	sub_08049F88
0x08049FB0	0x08049FD7	thumb	sub_08049FB0
0x08049FD8	0x08049FFF	thumb	sub_08049FD8
0x0804A000	0x0804A027	thumb	sub_0804A000
0x0804A028	0x0804A04F	thumb	sub_0804A028
0x0804A050	0x0804A077	thumb	sub_0804A050
0x0804A078	0x0804A0A7	thumb	sub_0804A078
0x0804A0A8	0x0804A15B	thumb	sub_0804A0A8
0x0804A15C	0x0804A187	thumb	sub_0804A15C
0x0804A188	0x0804A1BF	thumb	sub_0804A188
0x0804A1C0	0x0804A217	thumb	sub_0804A1C0
0x0804A218	0x0804A2DF	thumb	sub_0804A218
0x0804A2E0	0x0804A397	thumb	sub_0804A2E0
0x0804A398	0x0804A3EF	thumb	sub_0804A398
0x0804A3F0	0x0804A447	thumb	sub_0804A3F0
0x0804A448	0x0804A507	thumb	sub_0804A448
0x0804A508	0x0804A54F	thumb	sub_0804A508
0x0804A550	0x0804A627	thumb	sub_0804A550
0x0804A628	0x0804A6F3	thumb	sub_0804A628
0x0804A6F4	0x0804A737	thumb	sub_0804A6F4
0x0804A738	0x0804A7B7	thumb	sub_0804A738
0x0804A7B8	0x0804A8B3	thumb	sub_0804A7B8
0x0804A8B4	0x0804AA37	thumb	sub_0804A8B4
0x0804AA38	0x0804AAFF	thumb	sub_0804AA38
0x0804AB00	0x0804AB47	thumb	sub_0804AB00
0x0804AB48	0x0804ADC7	thumb	sub_0804AB48
0x0804ADC8	0x0804AE4B	thumb	sub_0804ADC8
0x0804AE4C	0x0804AFC7	thumb	sub_0804AE4C
0x0804AFC8	0x0804B08B	thumb	sub_0804AFC8
0x0804B08C	0x0804B217	thumb	sub_0804B08C
0x0804B218	0x0804B333	thumb	sub_0804B218
0x0804B334	0x0804B3F7	thumb	sub_0804B334
0x0804B3F8	0x0804B4AF	thumb	sub_0804B3F8
0x0804B4B0	0x0804B65B	thumb	sub_0804B4B0
0x0804B65C	0x0804B65F	thumb	nullsub_085
0x0804B660	0x0804B6E7	thumb	sub_0804B660
0x0804B6E8	0x0804B743	thumb	sub_0804B6E8
0x0804B744	0x0804B78F	thumb	sub_0804B744
0x0804B790	0x0804B803	thumb	sub_0804B790
0x0804B804	0x0804B84B	thumb	sub_0804B804
0x0804B84C	0x0804B87B	thumb	sub_0804B84C
0x0804B87C	0x0804B93F	thumb	sub_0804B87C
0x0804B940	0x0804B97B	thumb	sub_0804B940
0x0804B97C	0x0804BA27	thumb	sub_0804B97C
0x0804BA28	0x0804BA3B	thumb	sub_0804BA28
0x0804BA3C	0x0804BA5F	thumb	sub_0804BA3C
0x0804BA60	0x0804BA6B	thumb	sub_0804BA60
0x0804BA6C	0x0804BB0F	thumb	sub_0804BA6C
0x0804BB10	0x0804BB27	thumb	sub_0804BB10
0x0804BB28	0x0804BB57	thumb	sub_0804BB28
0x0804BB58	0x0804BD33	thumb	sub_0804BB58
0x0804BD34	0x0804BD83	thumb	sub_0804BD34
0x0804BD84	0x0804BE63	thumb	sub_0804BD84
0x0804BE64	0x0804BEB3	thumb	setMenuGoods
0x0804BEB4	0x0804BEFB	thumb	setMenuEquip
0x0804BEFC	0x0804BF33	thumb	setMenuPSI
0x0804BF34	0x0804BF7B	thumb	setMenuStatus
0x0804BF7C	0x0804BFCB	thumb	setMenuSkills
0x0804BFCC	0x0804C003	thumb	setMenuMemoSelect
0x0804C004	0x0804C04F	thumb	setMenuMemoView
0x0804C050	0x0804C1E7	thumb	sub_0804C050
0x0804C1E8	0x0804C227	thumb	setMenuShopTransactionSelect
0x0804C228	0x0804C253	thumb	setMenuShopCharacterSelect
0x0804C254	0x0804C2A3	thumb	setShopBuyMenu
0x0804C2A4	0x0804C2DF	thumb	setShopSellMenu
0x0804C2E0	0x0804C32F	thumb	setMenuItemGuyTransactionSelect
0x0804C330	0x0804C35B	thumb	setMenuItemGuyCharacterSelect
0x0804C35C	0x0804C397	thumb	setItemGuyDepositMenu
0x0804C398	0x0804C3DF	thumb	setItemGuyWithdrawMenu
0x0804C3E0	0x0804C407	thumb	setMenuSaveSelect
0x0804C408	0x0804C4B3	thumb	setMenuNewGame
0x0804C4B4	0x0804C51B	thumb	setMenuTryAgain
0x0804C51C	0x0804C5AF	thumb	sub_0804C51C
0x0804C5B0	0x0804C68B	thumb	sub_0804C5B0
0x0804C68C	0x0804C8BB	thumb	sub_0804C68C
0x0804C8BC	0x0804C8BF	thumb	nullsub_23
0x0804C8C0	0x0804C943	thumb	sub_0804C8C0
0x0804C944	0x0804C9F7	thumb	sub_0804C944
0x0804C9F8	0x0804CAAF	thumb	exec_menu
0x0804CAB0	0x0804CC47	thumb	menuGoods
0x0804CC48	0x0804CCF3	thumb	menuEquip
0x0804CCF4	0x0804CD03	thumb	sub_0804CCF4
0x0804CD04	0x0804CE5B	thumb	menuPSI
0x0804CE5C	0x0804CF1F	thumb	menuStatus
0x0804CF20	0x0804D06F	thumb	menuSkills
0x0804D070	0x0804D117	thumb	menuMemoSelect
0x0804D118	0x0804D18B	thumb	menuMemoView
0x0804D18C	0x0804D393	thumb	menuBattleMemory
0x0804D394	0x0804D3F3	thumb	menuShopTransactionSelect
0x0804D3F4	0x0804D473	thumb	menuShopCharacterSelect
0x0804D474	0x0804D5DF	thumb	menuShopItemSelectBuy
0x0804D5E0	0x0804D703	thumb	menuShopItemSelectSell
0x0804D704	0x0804D763	thumb	menuItemGuyTransactionSelect
0x0804D764	0x0804D7E3	thumb	menuItemGuyCharacterSelect
0x0804D7E4	0x0804D8D3	thumb	menuItemGuyItemSelectDeposit
0x0804D8D4	0x0804D9FB	thumb	menuItemGuyItemSelectWithdraw
0x0804D9FC	0x0804DB53	thumb	menuSaveSelect
0x0804DB54	0x0804DBE5	thumb	menuNewGame
0x0804DBE8	0x0804DC5B	thumb	menuTryAgain
0x0804DC5C	0x0804DDFF	thumb	sub_0804DC5C
0x0804DE00	0x0804DECB	thumb	sub_0804DE00
0x0804DECC	0x0804DF2F	thumb	sub_0804DECC
0x0804DF30	0x0804DFE3	thumb	sub_0804DF30
0x0804DFE4	0x0804E077	thumb	sub_0804DFE4
0x0804E078	0x0804E117	thumb	sub_0804E078
0x0804E118	0x0804E16B	thumb	sub_0804E118
0x0804E16C	0x0804E3AB	thumb	sub_0804E16C
0x0804E3AC	0x0804E3DF	thumb	sub_0804E3AC
0x0804E3E0	0x0804E413	thumb	sub_0804E3E0
0x0804E414	0x0804E47B	thumb	sub_0804E414
0x0804E47C	0x0804E557	thumb	sub_0804E47C
0x0804E558	0x0804E5C3	thumb	sub_0804E558
0x0804E5C4	0x0804E7D3	thumb	sub_0804E5C4
0x0804E7D4	0x0804E80F	thumb	sub_0804E7D4
0x0804E810	0x0804E85F	thumb	sub_0804E810
0x0804E860	0x0804E8B7	thumb	sub_0804E860
0x0804E8B8	0x0804E8E7	thumb	sub_0804E8B8
0x0804E8E8	0x0804E937	thumb	sub_0804E8E8
0x0804E938	0x0804E967	thumb	sub_0804E938
0x0804E968	0x0804E997	thumb	sub_0804E968
0x0804E998	0x0804E9C7	thumb	sub_0804E998
0x0804E9C8	0x0804E9F7	thumb	sub_0804E9C8
0x0804E9F8	0x0804EA27	thumb	sub_0804E9F8
0x0804EA28	0x0804EAA3	thumb	sub_0804EA28
0x0804EAA4	0x0804EB67	thumb	sub_0804EAA4
0x0804EB68	0x0804ECC7	thumb	sub_0804EB68
0x0804ECC8	0x0804EDFB	thumb	sub_0804ECC8
0x0804EDFC	0x0804EE5F	thumb	sub_0804EDFC
0x0804EE60	0x0804EE63	thumb	nullsub_21
0x0804EE64	0x0804EEE7	thumb	toggleBattleMemorySprite
0x0804EEE8	0x0804EF37	thumb	sub_0804EEE8
0x0804EF38	0x0804EF9B	thumb	advanceMemoEntry
0x0804EF9C	0x0804EFD3	thumb	handleShopTransactionSelection
0x0804EFD4	0x0804F019	thumb	setShopSubmenu
0x0804F01C	0x0804F0D3	thumb	sub_0804F01C
0x0804F0D4	0x0804F157	thumb	sub_0804F0D4
0x0804F158	0x0804F18F	thumb	handleItemGuyTransactionSelection
0x0804F190	0x0804F1D5	thumb	setItemGuySubmenu
0x0804F1D8	0x0804F293	thumb	sub_0804F1D8
0x0804F294	0x0804F333	thumb	sub_0804F294
0x0804F334	0x0804F3EB	thumb	sub_0804F334
0x0804F3EC	0x0804F4E3	thumb	sub_0804F3EC
0x0804F4E4	0x0804F519	thumb	handleTryAgain
0x0804F51C	0x0804F6C7	thumb	sub_0804F51C
0x0804F6C8	0x0804F7AF	thumb	sub_0804F6C8
0x0804F7B0	0x0804F88F	thumb	sub_0804F7B0
0x0804F890	0x0804F967	thumb	sub_0804F890
0x0804F968	0x0804FA5B	thumb	sub_0804F968
0x0804FA5C	0x0804FCAF	thumb	sub_0804FA5C
0x0804FCB0	0x0804FDDF	thumb	sub_0804FCB0
0x0804FDE0	0x0804FE83	thumb	sub_0804FDE0
0x0804FE84	0x0804FF2F	thumb	sub_0804FE84
0x0804FF30	0x08050007	thumb	sub_0804FF30
0x08050008	0x080500D3	thumb	sub_08050008
0x080500D4	0x08050217	thumb	sub_080500D4
0x08050218	0x0805030B	thumb	sub_08050218
0x0805030C	0x080503DB	thumb	sub_0805030C
0x080503DC	0x08050457	thumb	sub_080503DC
0x08050458	0x080505D7	thumb	sub_08050458
0x080505D8	0x08050625	thumb	sub_080505D8
0x08050628	0x080506A3	thumb	backspaceMenuText
0x080506A4	0x080506CB	thumb	sub_080506A4
0x080506CC	0x08050733	thumb	sub_080506CC
0x08050734	0x08050737	thumb	sub_08050734
0x08050738	0x0805078F	thumb	sub_08050738
0x08050790	0x08050947	thumb	sub_08050790
0x08050948	0x080509AF	thumb	sub_08050948
0x080509B0	0x08050A73	thumb	sub_080509B0
0x08050A74	0x08050B5F	thumb	sub_08050A74
0x08050B60	0x08050C07	thumb	sub_08050B60
0x08050C08	0x08050C67	thumb	sub_08050C08
0x08050C68	0x08050CFF	thumb	sub_08050C68
0x08050D00	0x08050D63	thumb	sub_08050D00
0x08050D64	0x08050D7F	thumb	sub_08050D64
0x08050D80	0x08050DB3	thumb	sub_08050D80
0x08050DB4	0x08050DDF	thumb	sub_08050DB4
0x08050DE0	0x08050E1F	thumb	sub_08050DE0
0x08050E20	0x08050E63	thumb	sub_08050E20
0x08050E64	0x08050E93	thumb	sub_08050E64
0x08050E94	0x08050EEB	thumb	sub_08050E94
0x08050EEC	0x08050F2B	thumb	sub_08050EEC
0x08050F2C	0x08050F87	thumb	sub_08050F2C
0x08050F88	0x08050FCB	thumb	sub_08050F88
0x08050FCC	0x08050FD7	thumb	sub_08050FCC
0x08050FD8	0x08050FEF	thumb	sub_08050FD8
0x08050FF0	0x08051057	thumb	sub_08050FF0
0x08051058	0x0805107F	thumb	sub_08051058
0x08051080	0x0805108B	thumb	sub_08051080
0x0805108C	0x080510A3	thumb	sub_0805108C
0x080510A4	0x080510B7	thumb	sub_080510A4
0x080510B8	0x0805111B	thumb	sub_080510B8
0x0805111C	0x08051143	thumb	sub_0805111C
0x08051144	0x080511B3	thumb	sub_08051144
0x080511B4	0x080511F7	thumb	sub_080511B4
0x080511F8	0x08051253	thumb	sub_080511F8
0x08051254	0x080512B3	thumb	sub_08051254
0x080512B4	0x080512B7	thumb	nullsub_22
0x080512B8	0x080512CB	thumb	sub_080512B8
0x080512CC	0x08051447	thumb	sub_080512CC
0x08051448	0x0805153B	thumb	sub_08051448
0x0805153C	0x080515DB	thumb	sub_0805153C
0x080515DC	0x08051677	thumb	sub_080515DC
0x08051678	0x0805173B	thumb	sub_08051678
0x0805173C	0x0805179B	thumb	sub_0805173C
0x0805179C	0x080517AB	thumb	sub_0805179C
0x080517AC	0x0805183F	thumb	sub_080517AC
0x08051840	0x08051907	thumb	sub_08051840
0x08051908	0x0805191B	thumb	sub_08051908
0x0805191C	0x080519C3	thumb	sub_0805191C
0x080519C4	0x08051A07	thumb	sub_080519C4
0x08051A08	0x08051A73	thumb	sub_08051A08
0x08051A74	0x08051B47	thumb	sub_08051A74
0x08051B48	0x08051BDB	thumb	sub_08051B48
0x08051BDC	0x08051C27	thumb	copy_save_from_iwram
0x08051C28	0x08051C33	thumb	sub_08051C28
0x08051C34	0x08051C37	thumb	nullsub_24
0x08051C38	0x08051C73	thumb	sub_08051C38
0x08051C74	0x08051CF3	thumb	sub_08051C74
0x08051CF4	0x08051F7F	thumb	sub_08051CF4
0x08051F80	0x08052053	thumb	sub_08051F80
0x08052054	0x08052087	thumb	copy_save_to_iwram
0x08052088	0x08052093	thumb	sub_08052088
0x08052094	0x0805209F	thumb	sub_08052094
0x080520A0	0x080520FF	thumb	sub_080520A0
0x08052100	0x08052127	thumb	sub_08052100
0x08052128	0x0805213B	thumb	sub_08052128
0x0805213C	0x0805217B	thumb	sub_0805213C
0x0805217C	0x08052183	thumb	sub_0805217C
0x08052184	0x080521A3	thumb	sub_08052184
0x080521A4	0x08052207	thumb	sub_080521A4
0x08052208	0x080522A7	thumb	sub_08052208
0x080522A8	0x0805235F	thumb	sub_080522A8
0x08052360	0x080523B7	thumb	sub_08052360
0x080523B8	0x080523D3	thumb	sub_080523B8
0x080523D4	0x0805244B	thumb	sub_080523D4
0x0805244C	0x080524EB	thumb	sub_0805244C
0x080524EC	0x0805255B	thumb	sub_080524EC
0x0805255C	0x08052677	thumb	sub_0805255C
0x08052678	0x0805270B	thumb	condenseInventory
0x0805270C	0x0805280B	thumb	sub_0805270C
0x0805280C	0x08052863	thumb	sub_0805280C
0x08052864	0x0805289F	thumb	sub_08052864
0x080528A0	0x08052963	thumb	sub_080528A0
0x08052964	0x08052A63	thumb	sub_08052964
0x08052A64	0x08052AFB	thumb	sub_08052A64
0x08052AFC	0x08052BDF	thumb	sub_08052AFC
0x08052BE0	0x08052CC3	thumb	sub_08052BE0
0x08052CC4	0x08052D1B	thumb	sub_08052CC4
0x08052D1C	0x08052DBB	thumb	sub_08052D1C
0x08052DBC	0x08052EA3	thumb	sub_08052DBC
0x08052EA4	0x08052EBF	thumb	sub_08052EA4
0x08052EC0	0x08052F73	thumb	sub_08052EC0
0x08052F74	0x08052F7F	thumb	sub_08052F74
0x08052F80	0x08052F9B	thumb	sub_08052F80
0x08052F9C	0x08052FC7	thumb	sub_08052F9C
0x08052FC8	0x08053033	thumb	sub_08052FC8
0x08053034	0x08053147	thumb	sub_08053034
0x08053148	0x080531C7	thumb	sub_08053148
0x080531C8	0x08053233	thumb	sub_080531C8
0x08053234	0x080532DF	thumb	sub_08053234
0x080532E0	0x08053383	thumb	sortPsi
0x08053384	0x080533EF	thumb	loadSupportPsi
0x080533F0	0x0805345B	thumb	loadOffensePsi
0x0805345C	0x080534C7	thumb	loadAssistPsi
0x080534C8	0x08053595	thumb	navigate1DMenuChecked
0x08053598	0x0805361D	thumb	navigateScrollingMenu
0x08053620	0x080536F7	thumb	navigatePageableMenu
0x080536F8	0x08053753	thumb	sub_080536F8
0x08053754	0x08053803	thumb	navigateTabbedMenu
0x08053804	0x08053967	thumb	sub_08053804
0x08053968	0x08053AC7	thumb	navigateScrolling2DMenu
0x08053AC8	0x08053C33	thumb	sub_08053AC8
0x08053C34	0x08053E97	thumb	sub_08053C34
0x08053E98	0x08053EE9	thumb	getNonPlayablePartyMemberIndex
0x08053EEC	0x08054107	thumb	sub_08053EEC
0x08054108	0x0805412F	thumb	sub_08054108
0x08054130	0x080541FF	thumb	sub_08054130
0x08054200	0x08054263	thumb	sub_08054200
0x08054264	0x080542FB	thumb	sub_08054264
0x080542FC	0x0805435F	thumb	sub_080542FC
0x08054360	0x0805438B	thumb	sub_08054360
0x0805438C	0x080543E7	thumb	sub_0805438C
0x080543E8	0x080544F7	thumb	sub_080543E8
0x080544F8	0x08054527	thumb	sub_080544F8
0x08054528	0x08054557	thumb	sub_08054528
0x08054558	0x0805458B	thumb	sub_08054558
0x0805458C	0x080545BF	thumb	sub_0805458C
0x080545C0	0x08054603	thumb	sub_080545C0
0x08054604	0x0805463F	thumb	sub_08054604
0x08054640	0x0805466F	thumb	sub_08054640
0x08054670	0x08054693	thumb	sub_08054670
0x08054694	0x080546AF	thumb	sub_08054694
0x080546B0	0x080546D7	thumb	numItemsInInventory
0x080546D8	0x0805471F	thumb	sub_080546D8
0x08054720	0x0805476B	thumb	sub_08054720
0x0805476C	0x080547A3	thumb	sub_0805476C
0x080547A4	0x0805486B	thumb	sub_080547A4
0x0805486C	0x0805493B	thumb	sub_0805486C
0x0805493C	0x08054A8F	thumb	sub_0805493C
0x08054A90	0x08054B2F	thumb	sub_08054A90
0x08054B30	0x08054B73	thumb	sub_08054B30
0x08054B74	0x08054BB7	thumb	sub_08054B74
0x08054BB8	0x08054BDF	thumb	buyItem
0x08054BE0	0x08054CA3	thumb	sub_08054BE0
0x08054CA4	0x08054CDB	thumb	sub_08054CA4
0x08054CDC	0x08054EF3	thumb	sub_08054CDC
0x08054EF4	0x08054F33	thumb	sub_08054EF4
0x08054F34	0x08054F59	thumb	isItemIdEquipment
0x08054F5C	0x08054FB7	thumb	getCharNameAlt
0x08054FB8	0x08054FCB	thumb	getCharName
0x08054FCC	0x08054FDF	thumb	getCharStats
0x08054FE0	0x08054FEF	thumb	getBufferedCharStats
0x08054FF0	0x08055007	thumb	sub_08054FF0
0x08055008	0x08055035	thumb	getCharIndexInParty
0x08055038	0x08055049	thumb	isCharUnconscious
0x0805504C	0x08055067	thumb	isCharStatsOverworldPlayable
0x08055068	0x08055097	thumb	sub_08055068
0x08055098	0x080550D5	thumb	getEquippedItemIndex
0x080550D8	0x08055103	thumb	getInventoryIndex
0x08055104	0x08055137	thumb	sub_08055104
0x08055138	0x0805517F	thumb	isItemIdEquipped
0x08055180	0x0805518D	thumb	isEquipLytSet
0x08055190	0x080551AD	thumb	setEquipLyt
0x080551B0	0x0805521B	thumb	sub_080551B0
0x0805521C	0x08055253	thumb	refreshPartyEquipLyt
0x08055254	0x080552B7	thumb	refreshEquipLyt
0x080552B8	0x080552E3	thumb	clearEquipForEmptyItems
0x080552E4	0x08055349	thumb	sub_080552E4
0x0805534C	0x0805548B	thumb	sub_0805534C
0x0805548C	0x08055557	thumb	sub_0805548C
0x08055558	0x08055593	thumb	sub_08055558
0x08055594	0x08055693	thumb	sub_08055594
0x08055694	0x0805574F	thumb	sub_08055694
0x08055750	0x08055787	thumb	sub_08055750
0x08055788	0x080557BF	thumb	sub_08055788
0x080557C0	0x080557F3	thumb	sub_080557C0
0x080557F4	0x08055827	thumb	sub_080557F4
0x08055828	0x0805585B	thumb	sub_08055828
0x0805585C	0x0805588F	thumb	sub_0805585C
0x08055890	0x080558CB	thumb	sub_08055890
0x080558CC	0x0805592B	thumb	sub_080558CC
0x0805592C	0x08055979	thumb	sub_0805592C
0x0805597C	0x08055AB3	thumb	sub_0805597C
0x08055AB4	0x08055B4F	thumb	sub_08055AB4
0x08055B50	0x08055BDF	thumb	sub_08055B50
0x08055BE0	0x08055C7F	thumb	sub_08055BE0
0x08055C80	0x08055D1F	thumb	sub_08055C80
0x08055D20	0x08055D3B	thumb	sub_08055D20
0x08055D3C	0x08055DA3	thumb	sub_08055D3C
0x08055DA4	0x08055DFF	thumb	sub_08055DA4
0x08055E00	0x08055F43	thumb	sub_08055E00
0x08055F44	0x08055FD3	thumb	sub_08055F44
0x08055FD4	0x0805601B	thumb	setup_battle_music
0x0805601C	0x080560AB	thumb	sub_0805601C
0x080560AC	0x080560F7	thumb	sub_080560AC
0x080560F8	0x0805614B	thumb	sub_080560F8
0x0805614C	0x0805615F	thumb	sub_0805614C
0x08056160	0x0805629B	thumb	sub_08056160
0x0805629C	0x08056333	thumb	sub_0805629C
0x08056334	0x08056407	thumb	sub_08056334
0x08056408	0x080564BF	thumb	sub_08056408
0x080564C0	0x0805650B	thumb	sub_080564C0
0x0805650C	0x08056533	thumb	sub_0805650C
0x08056534	0x0805655B	thumb	sub_08056534
0x0805655C	0x08056583	thumb	sub_0805655C
0x08056584	0x0805661F	thumb	sub_08056584
0x08056620	0x0805673F	thumb	sub_08056620
0x08056740	0x080567DF	thumb	sub_08056740
0x080567E0	0x0805685B	thumb	sub_080567E0
0x0805685C	0x0805689B	thumb	sub_0805685C
0x0805689C	0x080568CF	thumb	sub_0805689C
0x080568D0	0x080568DF	thumb	sub_080568D0
0x080568E0	0x080568EF	thumb	sub_080568E0
0x080568F0	0x080568F3	thumb	nullsub_08
0x080568F4	0x08056947	thumb	sub_080568F4
0x08056948	0x080569A7	thumb	sub_08056948
0x080569A8	0x080569B3	thumb	sub_080569A8
0x080569B4	0x080569B7	thumb	nullsub_086
0x080569B8	0x080569BB	thumb	nullsub_087
0x080569BC	0x08056A1F	thumb	sub_080569BC
0x08056A20	0x08056A4B	thumb	sub_08056A20
0x08056A4C	0x08056A7F	thumb	sub_08056A4C
0x08056A80	0x08056AEF	thumb	sub_08056A80
0x08056AF0	0x08056B17	thumb	sub_08056AF0
0x08056B18	0x08056C8B	thumb	sub_08056B18
0x08056C8C	0x08056CBF	thumb	sub_08056C8C
0x08056CC0	0x08056D77	thumb	sub_08056CC0
0x08056D78	0x08056E27	thumb	sub_08056D78
0x08056E28	0x08056E67	thumb	sub_08056E28
0x08056E68	0x08056F57	thumb	sub_08056E68
0x08056F58	0x08056F6B	thumb	sub_08056F58
0x08056F6C	0x08056FAF	thumb	sub_08056F6C
0x08056FB0	0x08056FBB	thumb	sub_08056FB0
0x08056FBC	0x08057043	thumb	sub_08056FBC
0x08057044	0x0805704F	thumb	sub_08057044
0x08057050	0x0805708B	thumb	sub_08057050
0x0805708C	0x080570EF	thumb	sub_0805708C
0x080570F0	0x0805710F	thumb	sub_080570F0
0x08057110	0x0805712F	thumb	sub_08057110
0x08057130	0x0805714F	thumb	sub_08057130
0x08057150	0x0805716F	thumb	sub_08057150
0x08057170	0x08057203	thumb	sub_08057170
0x08057204	0x0805724F	thumb	sub_08057204
0x08057250	0x0805728F	thumb	sub_08057250
0x08057290	0x080572F7	thumb	sub_08057290
0x080572F8	0x0805734B	thumb	sub_080572F8
0x0805734C	0x08057383	thumb	sub_0805734C
0x08057384	0x080573B7	thumb	sub_08057384
0x080573B8	0x080573E3	thumb	sub_080573B8
0x080573E4	0x08057423	thumb	sub_080573E4
0x08057424	0x0805757B	thumb	sub_08057424
0x0805757C	0x0805757F	thumb	nullsub_25
0x08057580	0x08057667	thumb	sub_08057580
0x08057668	0x08057727	thumb	sub_08057668
0x08057728	0x0805775F	thumb	sub_08057728
0x08057760	0x08057787	thumb	sub_08057760
0x08057788	0x080577B7	thumb	sub_08057788
0x080577B8	0x080577E7	thumb	sub_080577B8
0x080577E8	0x080578B3	thumb	sub_080577E8
0x080578B4	0x080578CF	thumb	sub_080578B4
0x080578D0	0x080578F7	thumb	sub_080578D0
0x080578F8	0x0805791B	thumb	sub_080578F8
0x0805791C	0x080579E3	thumb	sub_0805791C
0x080579E4	0x080579E7	thumb	nullsub_088
0x080579E8	0x08057A13	thumb	sub_080579E8
0x08057A14	0x08057A8B	thumb	sub_08057A14
0x08057A8C	0x08057B2B	thumb	sub_08057A8C
0x08057B2C	0x08057B2F	thumb	nullsub_089
0x08057B30	0x08057B53	thumb	sub_08057B30
0x08057B54	0x08057BDB	thumb	sub_08057B54
0x08057BDC	0x08057C6B	thumb	sub_08057BDC
0x08057C6C	0x08057CB3	thumb	sub_08057C6C
0x08057CB4	0x08057D03	thumb	sub_08057CB4
0x08057D04	0x08057D47	thumb	sub_08057D04
0x08057D48	0x08057D4B	thumb	nullsub_90
0x08057D4C	0x08057D8B	thumb	sub_08057D4C
0x08057D8C	0x08057D9F	thumb	sub_08057D8C
0x08057DA0	0x08057E07	thumb	sub_08057DA0
0x08057E08	0x08057E3B	thumb	sub_08057E08
0x08057E3C	0x08057E6F	thumb	sub_08057E3C
0x08057E70	0x08057ECF	thumb	sub_08057E70
0x08057ED0	0x08057F6F	thumb	sub_08057ED0
0x08057F70	0x08057F73	thumb	nullsub_46
0x08057F74	0x08057F97	thumb	sub_08057F74
0x08057F98	0x08057FAF	thumb	sub_08057F98
0x08057FB0	0x08058067	thumb	sub_08057FB0
0x08058068	0x0805813B	thumb	sub_08058068
0x0805813C	0x080581F3	thumb	sub_0805813C
0x080581F4	0x080582DB	thumb	sub_080581F4
0x080582DC	0x0805839F	thumb	sub_080582DC
0x080583A0	0x08058467	thumb	sub_080583A0
0x08058468	0x080584AB	thumb	sub_08058468
0x080584AC	0x0805850B	thumb	sub_080584AC
0x0805850C	0x08058537	thumb	sub_0805850C
0x08058538	0x08058547	thumb	sub_08058538
0x08058548	0x080585C3	thumb	sub_08058548
0x080585C4	0x080585EF	thumb	sub_080585C4
0x080585F0	0x080585F3	thumb	nullsub_9
0x080585F4	0x080585F7	thumb	nullsub_10
0x080585F8	0x08058613	thumb	sub_080585F8
0x08058614	0x0805862F	thumb	sub_08058614
0x08058630	0x0805863F	thumb	sub_08058630
0x08058640	0x08058643	thumb	nullsub_11
0x08058644	0x08058697	thumb	sub_08058644
0x08058698	0x080586C7	thumb	sub_08058698
0x080586C8	0x0805870F	thumb	sub_080586C8
0x08058710	0x08058713	thumb	nullsub_91
0x08058714	0x08058717	thumb	nullsub_92
0x08058718	0x0805875B	thumb	sub_08058718
0x0805875C	0x0805878F	thumb	sub_0805875C
0x08058790	0x08058803	thumb	sub_08058790
0x08058804	0x0805880F	thumb	sub_08058804
0x08058810	0x08058883	thumb	sub_08058810
0x08058884	0x08058A47	thumb	sub_08058884
0x08058A48	0x08058A7F	thumb	sub_08058A48
0x08058A80	0x08058B03	thumb	sub_08058A80
0x08058B04	0x08058B13	thumb	sub_08058B04
0x08058B14	0x08058BCB	thumb	sub_08058B14
0x08058BCC	0x08058C53	thumb	sub_08058BCC
0x08058C54	0x08058CE3	thumb	sub_08058C54
0x08058CE4	0x08058D07	thumb	sub_08058CE4
0x08058D08	0x08058D4B	thumb	sub_08058D08
0x08058D4C	0x08058D73	thumb	sub_08058D4C
0x08058D74	0x08058D93	thumb	sub_08058D74
0x08058D94	0x08058D9F	thumb	sub_08058D94
0x08058DA0	0x08058E03	thumb	sub_08058DA0
0x08058E04	0x08058E33	thumb	sub_08058E04
0x08058E34	0x08058FAB	thumb	sub_08058E34
0x08058FAC	0x08058FE3	thumb	sub_08058FAC
0x08058FE4	0x08059093	thumb	sub_08058FE4
0x08059094	0x080590E3	thumb	sub_08059094
0x080590E4	0x08059127	thumb	sub_080590E4
0x08059128	0x080591BB	thumb	sub_08059128
0x080591BC	0x080592A7	thumb	sub_080591BC
0x080592A8	0x0805931B	thumb	sub_080592A8
0x0805931C	0x08059357	thumb	sub_0805931C
0x08059358	0x080593B7	thumb	sub_08059358
0x080593B8	0x08059403	thumb	sub_080593B8
0x08059404	0x080594FF	thumb	sub_08059404
0x08059500	0x08059547	thumb	sub_08059500
0x08059548	0x08059593	thumb	sub_08059548
0x08059594	0x080595D7	thumb	sub_08059594
0x080595D8	0x08059607	thumb	sub_080595D8
0x08059608	0x0805969F	thumb	sub_08059608
0x080596A0	0x0805980B	thumb	sub_080596A0
0x0805980C	0x08059827	thumb	checkSoftReset
0x08059828	0x0805983F	thumb	sub_08059828
0x08059840	0x08059897	thumb	sub_08059840
0x08059898	0x0805993F	thumb	sub_08059898
0x08059940	0x080599A7	thumb	sub_08059940
0x080599A8	0x080599F3	thumb	sub_080599A8
0x080599F4	0x08059A8B	thumb	sub_080599F4
0x08059A8C	0x08059AFF	thumb	sub_08059A8C
0x08059B00	0x08059B03	thumb	nullsub_12
0x08059B04	0x08059B0F	thumb	sub_08059B04
0x08059B10	0x08059B2F	thumb	sub_08059B10
0x08059B30	0x08059B87	thumb	sub_08059B30
0x08059B88	0x08059BE3	thumb	sub_08059B88
0x08059BE4	0x08059C33	thumb	sub_08059BE4
0x08059C34	0x08059C4F	thumb	sub_08059C34
0x08059C50	0x08059D7F	thumb	sub_08059C50
0x08059D80	0x08059E17	thumb	sub_08059D80
0x08059E18	0x08059E43	thumb	sub_08059E18
0x08059E44	0x08059F6B	thumb	sub_08059E44
0x08059F6C	0x08059FD7	thumb	sub_08059F6C
0x08059FD8	0x0805A09F	thumb	sub_08059FD8
0x0805A0A0	0x0805A19F	thumb	sub_0805A0A0
0x0805A1A0	0x0805A1FF	thumb	sub_0805A1A0
0x0805A200	0x0805A29F	thumb	sub_0805A200
0x0805A2A0	0x0805A2C7	thumb	sub_0805A2A0
0x0805A2C8	0x0805A2DB	thumb	sub_0805A2C8
0x0805A2DC	0x0805A2F3	thumb	sub_0805A2DC
0x0805A2F4	0x0805A30F	thumb	sub_0805A2F4
0x0805A310	0x0805A377	thumb	sub_0805A310
0x0805A378	0x0805A407	thumb	sub_0805A378
0x0805A408	0x0805A417	thumb	sub_0805A408
0x0805A418	0x0805A463	thumb	sub_0805A418
0x0805A464	0x0805A483	thumb	sub_0805A464
0x0805A484	0x0805A487	thumb	nullsub_93
0x0805A488	0x0805A4BB	thumb	sub_0805A488
0x0805A4BC	0x0805A507	thumb	sub_0805A4BC
0x0805A508	0x0805A51F	thumb	sub_0805A508
0x0805A520	0x0805A567	thumb	sub_0805A520
0x0805A568	0x0805A637	thumb	sub_0805A568
0x0805A638	0x0805A777	thumb	sub_0805A638
0x0805A778	0x0805A7FF	thumb	sub_0805A778
0x0805A800	0x0805A843	thumb	sub_0805A800
0x0805A844	0x0805A903	thumb	sub_0805A844
0x0805A904	0x0805A9BB	thumb	sub_0805A904
0x0805A9BC	0x0805AA8F	thumb	sub_0805A9BC
0x0805AA90	0x0805AB47	thumb	sub_0805AA90
0x0805AB48	0x0805AC2F	thumb	sub_0805AB48
0x0805AC30	0x0805ACF3	thumb	sub_0805AC30
0x0805ACF4	0x0805AD21	thumb	sub_0805ACF4
0x0805AD24	0x0805AD47	thumb	sub_0805AD24
0x0805AD48	0x0805AD53	thumb	sub_0805AD48
0x0805AD54	0x0805ADBB	thumb	sub_0805AD54
0x0805ADBC	0x0805AE4B	thumb	sub_0805ADBC
0x0805AE4C	0x0805AE63	thumb	sub_0805AE4C
0x0805AE64	0x0805AE93	thumb	sub_0805AE64
0x0805AE94	0x0805AEDF	thumb	sub_0805AE94
0x0805AEE0	0x0805AEEB	thumb	sub_0805AEE0
0x0805AEEC	0x0805AF33	thumb	sub_0805AEEC
0x0805AF34	0x0805AFCB	thumb	sub_0805AF34
0x0805AFCC	0x0805B0DB	thumb	sub_0805AFCC
0x0805B0DC	0x0805B137	thumb	sub_0805B0DC
0x0805B138	0x0805B1EF	thumb	sub_0805B138
0x0805B1F0	0x0805B2C3	thumb	sub_0805B1F0
0x0805B2C4	0x0805B37B	thumb	sub_0805B2C4
0x0805B37C	0x0805B463	thumb	sub_0805B37C
0x0805B464	0x0805B527	thumb	sub_0805B464
0x0805B528	0x0805B5F3	thumb	sub_0805B528
0x0805B5F4	0x0805B63F	thumb	sub_0805B5F4
0x0805B640	0x0805B647	thumb	sub_0805B640
0x0805B648	0x0805B65B	thumb	sub_0805B648
0x0805B65C	0x0805B66F	thumb	sub_0805B65C
0x0805B670	0x0805B6BB	thumb	sub_0805B670
0x0805B6BC	0x0805B707	thumb	sub_0805B6BC
0x0805B708	0x0805B713	thumb	sub_0805B708
0x0805B714	0x0805B73F	thumb	sub_0805B714
0x0805B740	0x0805B76B	thumb	sub_0805B740
0x0805B76C	0x0805B79B	thumb	sub_0805B76C
0x0805B79C	0x0805B7CB	thumb	sub_0805B79C
0x0805B7CC	0x0805B7CF	thumb	nullsub_94
0x0805B7D0	0x0805B7D3	thumb	nullsub_13
0x0805B7D4	0x0805B80F	thumb	sub_0805B7D4
0x0805B810	0x0805B8CF	thumb	sub_0805B810
0x0805B8D0	0x0805B99B	thumb	sub_0805B8D0
0x0805B99C	0x0805B9AB	thumb	sub_0805B99C
0x0805B9AC	0x0805B9F3	thumb	init_battle
0x0805B9F4	0x0805BA97	thumb	sub_0805B9F4
0x0805BA98	0x0805BAD3	thumb	sub_0805BA98
0x0805BAD4	0x0805BAF3	thumb	sub_0805BAD4
0x0805BAF4	0x0805BB13	thumb	sub_0805BAF4
0x0805BB14	0x0805BB33	thumb	sub_0805BB14
0x0805BB34	0x0805BC8B	thumb	sub_0805BB34
0x0805BC8C	0x0805C09F	thumb	sub_0805BC8C
0x0805C0A0	0x0805C0B3	thumb	sub_0805C0A0
0x0805C0B4	0x0805C0C9	thumb	sub_0805C0B4
0x0805C0CC	0x0805C0ED	thumb	sub_0805C0CC
0x0805C0F0	0x0805C111	thumb	sub_0805C0F0
0x0805C114	0x0805C167	thumb	sub_0805C114
0x0805C168	0x0805C175	thumb	sub_0805C168
0x0805C178	0x0805C1A7	thumb	sub_0805C178
0x0805C1A8	0x0805C1DB	thumb	getNeededXP
0x0805C1DC	0x0805C21B	thumb	ch_has_psi
0x0805C21C	0x0805C245	thumb	sub_0805C21C
0x0805C248	0x0805C2AB	thumb	sub_0805C248
0x0805C2AC	0x0805C2FF	thumb	sub_0805C2AC
0x0805C300	0x0805C363	thumb	setPsiLearned
0x0805C364	0x0805C3B7	thumb	isPsiLearned
0x0805C3B8	0x0805C457	thumb	sub_0805C3B8
0x0805C458	0x0805C517	thumb	sub_0805C458
0x0805C518	0x0805C52D	thumb	ch_is_lucas
0x0805C530	0x0805C545	thumb	ch_is_kumatora
0x0805C548	0x0805C58B	thumb	sub_0805C548
0x0805C58C	0x0805C5B7	thumb	sub_0805C58C
0x0805C5B8	0x0805C7EF	thumb	sub_0805C5B8
0x0805C7F0	0x0805C7F5	thumb	sub_0805C7F0
0x0805C7F8	0x0805C82B	thumb	sub_0805C7F8
0x0805C82C	0x0805C84D	thumb	sub_0805C82C
0x0805C850	0x0805C885	thumb	sub_0805C850
0x0805C888	0x0805C891	thumb	sub_0805C888
0x0805C894	0x0805C8AB	thumb	sub_0805C894
0x0805C8AC	0x0805CB77	thumb	sub_0805C8AC
0x0805CB78	0x0805CBDF	thumb	sub_0805CB78
0x0805CBE0	0x0805CC0F	thumb	sub_0805CBE0
0x0805CC10	0x0805CC4B	thumb	sub_0805CC10
0x0805CC4C	0x0805CC5B	thumb	sub_0805CC4C
0x0805CC5C	0x0805CCA3	thumb	sub_0805CC5C
0x0805CCA4	0x0805CCDB	thumb	sub_0805CCA4
0x0805CCDC	0x0805CD2F	thumb	sub_0805CCDC
0x0805CD30	0x0805CDD7	thumb	sub_0805CD30
0x0805CDD8	0x0805CE33	thumb	sub_0805CDD8
0x0805CE34	0x0805CE5B	thumb	sub_0805CE34
0x0805CE5C	0x0805CE73	thumb	sub_0805CE5C
0x0805CE74	0x0805D06B	thumb	sub_0805CE74
0x0805D06C	0x0805D13F	thumb	sub_0805D06C
0x0805D140	0x0805D153	thumb	sub_0805D140
0x0805D154	0x0805D177	thumb	sub_0805D154
0x0805D178	0x0805D1AB	thumb	sub_0805D178
0x0805D1AC	0x0805D20F	thumb	sub_0805D1AC
0x0805D210	0x0805D21B	thumb	setRNG__Fi
0x0805D21C	0x0805D233	thumb	shuffleRNG__Fv
0x0805D234	0x0805D25F	thumb	randRange__Fii
0x0805D260	0x0805D2A3	thumb	sub_0805D260
0x0805D2A4	0x0805D2B3	thumb	__6ResPtr
0x0805D2B4	0x0805D2D3	thumb	_._6ResPtr
0x0805D2D4	0x0805D2DB	thumb	set__6ResPtrR6ResPtr
0x0805D2DC	0x0805D2ED	thumb	type__C6ResPtr
0x0805D2F0	0x0805D327	thumb	LoadRes
0x0805D328	0x0805D34F	thumb	init__15SystemAllocatorP3FitUi
0x0805D350	0x0805D35B	thumb	instance__15SystemAllocator
0x0805D35C	0x0805D37F	thumb	destroy__15SystemAllocator
0x0805D380	0x0805D39F	thumb	__15SystemAllocatorP3FitUi
0x0805D3A0	0x0805D3B3	thumb	_._15SystemAllocator
0x0805D3B4	0x0805D3C7	thumb	__builtin_new
0x0805D3C8	0x0805D3DB	thumb	__builtin_vec_new
0x0805D3DC	0x0805D3DF	thumb	__nw__FUlPv
0x0805D3E0	0x0805D3F3	thumb	__builtin_delete
0x0805D3F4	0x0805D407	thumb	__builtin_vec_delete
0x0805D408	0x0805D40F	thumb	manager__13SystemManager
0x0805D410	0x0805D43F	thumb	makeInstance__13SystemManager
0x0805D440	0x0805D44B	thumb	get__13SystemManager
0x0805D44C	0x0805D487	thumb	destroy__13SystemManager
0x0805D488	0x0805D491	thumb	getRTTI__6System
0x0805D494	0x0805D567	thumb	__6System
0x0805D568	0x0805D5BB	thumb	_._6System
0x0805D5BC	0x0805D5BF	thumb	getHandle__6System
0x0805D5C0	0x0805D5CF	thumb	sub_0805D5C0__6System
0x0805D5D0	0x0805D603	thumb	sub_0805D5D0__6System
0x0805D604	0x0805D637	thumb	sub_0805D604__6System
0x0805D638	0x0805D64B	thumb	sub_0805D638__6System
0x0805D64C	0x0805D6F5	thumb	getGameProgression__6System
0x0805D6F8	0x0805D74B	thumb	sub_0805D6F8__6Systemi
0x0805D74C	0x0805D767	thumb	system_callback__FP6System
0x0805D768	0x0805D781	thumb	checkResetKeys__6System
0x0805D784	0x0805D79F	thumb	_GLOBAL_.I.setRNG__Fi
0x0805D7A0	0x0805D7A7	thumb	get__14RoundBeginRTTI
0x0805D7A8	0x0805D7B3	thumb	getRTTI__10RoundBegin
0x0805D7B4	0x0805D7BB	thumb	get__12RoundEndRTTI
0x0805D7BC	0x0805D7C7	thumb	getRTTI__8RoundEnd
0x0805D7C8	0x0805D7CF	thumb	get__17UnitTurnBeginRTTI
0x0805D7D0	0x0805D7DB	thumb	getRTTI__13UnitTurnBegin
0x0805D7DC	0x0805D7E3	thumb	get__15UnitTurnEndRTTI
0x0805D7E4	0x0805D7EF	thumb	getRTTI__11UnitTurnEnd
0x0805D7F0	0x0805D7F7	thumb	get__17ShowDownAsWinRTTI
0x0805D7F8	0x0805D803	thumb	getRTTI__13ShowDownAsWin
0x0805D804	0x0805D80B	thumb	get__20ShowDownAsEscapeRTTI
0x0805D80C	0x0805D817	thumb	getRTTI__16ShowDownAsEscape
0x0805D818	0x0805D81F	thumb	get__18ShowDownAsLoseRTTI
0x0805D820	0x0805D82B	thumb	getRTTI__14ShowDownAsLose
0x0805D82C	0x0805D833	thumb	manager__13BattleManager
0x0805D834	0x0805D873	thumb	makeInstance__13BattleManager
0x0805D874	0x0805D87F	thumb	get__13BattleManager
0x0805D880	0x0805D8BB	thumb	destroy__13BattleManager
0x0805D8BC	0x0805D8C7	thumb	getRTTI__6Battle
0x0805D8C8	0x0805D8FB	thumb	sub_0805D8C8
0x0805D8FC	0x0805DB83	thumb	__6BattleUs
0x0805DB84	0x0805DC1B	thumb	dt__6Battle
0x0805DC1C	0x0805DC6B	thumb	sub_0805DC1C__6Battle
0x0805DC6C	0x0805DDE3	thumb	battle_128__6Battle
0x0805DDE4	0x0805DDF1	thumb	battle_130__6Battle
0x0805DDF4	0x0805DE1F	thumb	battle_68__6Battle
0x0805DE20	0x0805DE21	thumb	battle_70__6Battle
0x0805DE24	0x0805DEAF	thumb	battle_78__6Battle
0x0805DEB0	0x0805DEDB	thumb	battle_80__6Battle
0x0805DEDC	0x0805DEFF	thumb	battle_88__6Battle
0x0805DF00	0x0805E0E9	thumb	battle_90__6Battle
0x0805E0EC	0x0805E1B9	thumb	battle_98__6Battle
0x0805E1BC	0x0805E2AD	thumb	battle_a0__6Battle
0x0805E2B0	0x0805E337	thumb	battle_a8__6Battle
0x0805E338	0x0805E38F	thumb	getNextPlayer__6BattleP4Unit
0x0805E390	0x0805E425	thumb	tryKillPlayer__6BattleP4Unit
0x0805E428	0x0805E451	thumb	battle_b0__6Battle
0x0805E454	0x0805E50D	thumb	battle_b8__6BattleP4Unit
0x0805E510	0x0805E599	thumb	battle_c0__6Battle
0x0805E59C	0x0805E663	thumb	battle_c8__6BattleUc
0x0805E664	0x0805E667	thumb	battle_d0__6Battle
0x0805E668	0x0805E66B	thumb	battle_d8__6Battle
0x0805E66C	0x0805E66F	thumb	battle_e0__6Battle
0x0805E670	0x0805E68D	thumb	setBattleResult__6Battleib
0x0805E690	0x0805E6FD	thumb	battle_e8__6Battle
0x0805E700	0x0805E807	thumb	onWin__6Battle
0x0805E808	0x0805E8A3	thumb	sub_0805E808__6Battle
0x0805E8A4	0x0805E8EF	thumb	onEscape__6Battle
0x0805E8F0	0x0805E9BB	thumb	onLose__6Battle
0x0805E9BC	0x0805E9EB	thumb	sub_0805E9BC__6Battle
0x0805E9EC	0x0805EA37	thumb	battle_108__6Battle
0x0805EA38	0x0805EA5B	thumb	battle_110__6Battle
0x0805EA5C	0x0805EA75	thumb	battle_118__6Battle
0x0805EA78	0x0805EA79	thumb	battle_120__6Battle
0x0805EA7C	0x0805EA7F	thumb	battle_138__6Battle
0x0805EA80	0x0805EA83	thumb	battle_140__6Battle
0x0805EA84	0x0805EA87	thumb	battle_148__6Battle
0x0805EA88	0x0805EA8B	thumb	battle_150__6Battle
0x0805EA8C	0x0805EA8F	thumb	battle_158__6Battle
0x0805EA90	0x0805EAA7	thumb	battle_160__6Battle
0x0805EAA8	0x0805EAC3	thumb	battle_168__6Battle
0x0805EAC4	0x0805EADB	thumb	isFightBoss__6Battle
0x0805EADC	0x0805EAEF	thumb	battleGroup__6Battle
0x0805EAF0	0x0805EB07	thumb	battle_180__6Battle
0x0805EB08	0x0805EB23	thumb	battle_188__6Battle
0x0805EB24	0x0805EB35	thumb	battle_190__6Battle
0x0805EB38	0x0805EB49	thumb	battle_198__6Battle
0x0805EB4C	0x0805EB5D	thumb	battle_1a0__6Battle
0x0805EB60	0x0805EBFF	thumb	battle_1a8__6Battle
0x0805EC00	0x0805EC11	thumb	isBattleWon__6Battle
0x0805EC14	0x0805EC17	thumb	roundNo__6Battle
0x0805EC18	0x0805EC2B	thumb	battle_1c0__6Battle
0x0805EC2C	0x0805EC3D	thumb	battle_1c8__6Battle
0x0805EC40	0x0805EC51	thumb	battle_1d0__6Battle
0x0805EC54	0x0805EC65	thumb	isBattleLost__6Battle
0x0805EC68	0x0805EC79	thumb	battle_1e0__6Battle
0x0805EC7C	0x0805ED13	thumb	battle_1e8__6Battle
0x0805ED14	0x0805EDAB	thumb	battle_1f0__6Battle
0x0805EDAC	0x0805EDAF	thumb	battle_1f8__6Battle
0x0805EDB0	0x0805EDB7	thumb	battle_200__6Battle
0x0805EDB8	0x0805EDBB	thumb	battle_208__6Battle
0x0805EDBC	0x0805EDBF	thumb	battle_210__6Battle
0x0805EDC0	0x0805EDC3	thumb	partyInfo__6Battle
0x0805EDC4	0x0805EDC7	thumb	guestInfo__6Battle
0x0805EDC8	0x0805EDCB	thumb	monsterInfo__6Battle
0x0805EDCC	0x0805EDCF	thumb	battle_230__6Battle
0x0805EDD0	0x0805EDD3	thumb	battle_238__6Battle
0x0805EDD4	0x0805EDD5	thumb	nullsub_95
0x0805EDD8	0x0805EE7F	thumb	_GLOBAL_I_BattleManager
0x0805EE80	0x0805EE9F	thumb	__6Battle
0x0805EEA0	0x0805EEA3	thumb	u__11UnitTurnEnd
0x0805EEA4	0x0805EEBF	thumb	__11UnitTurnEndP4Unit
0x0805EEC0	0x0805EED7	thumb	__11UnitTurnEnd
0x0805EED8	0x0805EEDB	thumb	u__13UnitTurnBegin
0x0805EEDC	0x0805EEF7	thumb	__13UnitTurnBeginP4Unit
0x0805EEF8	0x0805EF0F	thumb	__13UnitTurnBegin
0x0805EF10	0x0805EF13	thumb	t___8RoundEnd
0x0805EF14	0x0805EF33	thumb	__8RoundEndUs
0x0805EF34	0x0805EF4F	thumb	__8RoundEnd
0x0805EF50	0x0805EF53	thumb	t__10RoundBegin
0x0805EF54	0x0805EF73	thumb	__10RoundBeginUs
0x0805EF74	0x0805EF8F	thumb	__10RoundBegin
0x0805EF90	0x0805EFEB	thumb	init__13BattleFactory
0x0805EFEC	0x0805EFFB	thumb	put__13BattleFactoryUsPFUs_Pv
0x0805EFFC	0x0805F017	thumb	create__13BattleFactoryUs
0x0805F018	0x0805F0C3	thumb	sub_0805F018
0x0805F0C4	0x0805F0C7	thumb	nullsub_26
0x0805F0C8	0x0805F0FB	thumb	sub_0805F0C8
0x0805F0FC	0x0805F133	thumb	sub_0805F0FC
0x0805F134	0x0805F137	thumb	sub_0805F134
0x0805F138	0x0805F13F	thumb	sub_0805F138
0x0805F140	0x0805F1BF	thumb	sub_0805F140
0x0805F1C0	0x0805F447	thumb	sub_0805F1C0
0x0805F448	0x0805F477	thumb	sub_0805F448
0x0805F478	0x0805F623	thumb	sub_0805F478
0x0805F624	0x0805F6AF	thumb	sub_0805F624
0x0805F6B0	0x0805F787	thumb	sub_0805F6B0
0x0805F788	0x0805F83B	thumb	sub_0805F788
0x0805F83C	0x0805F83F	thumb	sub_0805F83C
0x0805F840	0x0805F85F	thumb	sub_0805F840
0x0805F860	0x0805F8E7	thumb	sub_0805F860
0x0805F8E8	0x0805F95B	thumb	sub_0805F8E8
0x0805F95C	0x0805F98B	thumb	sub_0805F95C
0x0805F98C	0x0805FA47	thumb	sub_0805F98C
0x0805FA48	0x0805FA8B	thumb	sub_0805FA48
0x0805FA8C	0x0805FB2F	thumb	sub_0805FA8C
0x0805FB30	0x0805FBA7	thumb	sub_0805FB30
0x0805FBA8	0x0805FC17	thumb	sub_0805FBA8
0x0805FC18	0x0805FC87	thumb	sub_0805FC18
0x0805FC88	0x0805FCF7	thumb	sub_0805FC88
0x0805FCF8	0x0805FE2F	thumb	sub_0805FCF8
0x0805FE30	0x08060037	thumb	sub_0805FE30
0x08060038	0x0806033F	thumb	sub_08060038
0x08060340	0x080604CB	thumb	sub_08060340
0x080604CC	0x08060663	thumb	sub_080604CC
0x08060664	0x080608BB	thumb	sub_08060664
0x080608BC	0x08060A47	thumb	sub_080608BC
0x08060A48	0x08060AE7	thumb	sub_08060A48
0x08060AE8	0x08060AEB	thumb	sub_08060AE8
0x08060AEC	0x08060AF7	thumb	sub_08060AEC
0x08060AF8	0x08060AFB	thumb	sub_08060AF8
0x08060AFC	0x08060B07	thumb	sub_08060AFC
0x08060B08	0x08060B0B	thumb	sub_08060B08
0x08060B0C	0x08060B13	thumb	sub_08060B0C
0x08060B14	0x08060B1F	thumb	sub_08060B14
0x08060B20	0x08060B53	thumb	sub_08060B20
0x08060B54	0x08060CF7	thumb	tellExperience
0x08060CF8	0x08060D77	thumb	metalMonkeyCheck
0x08060D78	0x08060D9F	thumb	sub_08060D78
0x08060DA0	0x08060DBF	thumb	sub_08060DA0
0x08060DC0	0x08060DDF	thumb	sub_08060DC0
0x08060DE0	0x08060E0B	thumb	sub_08060DE0
0x08060E0C	0x08060E1B	thumb	sub_08060E0C
0x08060E1C	0x08060E33	thumb	sub_08060E1C
0x08060E34	0x08060E37	thumb	sub_08060E34
0x08060E38	0x08060E6F	thumb	sub_08060E38
0x08060E70	0x08060E7F	thumb	sub_08060E70
0x08060E80	0x08060E8B	thumb	sub_08060E80
0x08060E8C	0x08060EAB	thumb	sub_08060E8C
0x08060EAC	0x08060EAF	thumb	sub_08060EAC
0x08060EB0	0x08060ED3	thumb	sub_08060EB0
0x08060ED4	0x08060F7B	thumb	sub_08060ED4
0x08060F7C	0x08060F7F	thumb	sub_08060F7C
0x08060F80	0x08060FF3	thumb	init__13PlayerFactory
0x08060FF4	0x08061003	thumb	put__13PlayerFactoryUsPFUsUs_Pv
0x08061004	0x08061023	thumb	create__13PlayerFactoryUsUs
0x08061024	0x08061047	thumb	sub_08061024
0x08061048	0x0806105B	thumb	sub_08061048
0x0806105C	0x0806124B	thumb	tellPresent
0x0806124C	0x080612FB	thumb	druggedPresentCheck
0x080612FC	0x08061337	thumb	reqInventorySlot
0x08061338	0x080613FF	thumb	tellPlayerInventoryFull
0x08061400	0x08061677	thumb	throwAwayItem
0x08061678	0x080616C3	thumb	sub_08061678
0x080616C4	0x0806176B	thumb	sub_080616C4
0x0806176C	0x0806188B	thumb	checkGiveUpItem
0x0806188C	0x08061953	thumb	tellGaveUpItem
0x08061954	0x08061973	thumb	sub_08061954
0x08061974	0x08061A3B	thumb	init__18PlayerSkillFactory
0x08061A3C	0x08061A4B	thumb	put__18PlayerSkillFactoryUsPFUsP4Unit_Pv
0x08061A4C	0x08061A67	thumb	create__18PlayerSkillFactoryUsP4Unit
0x08061A68	0x08061AE7	thumb	sub_08061A68
0x08061AE8	0x08061B2F	thumb	sub_08061AE8
0x08061B30	0x08061B93	thumb	sub_08061B30
0x08061B94	0x08061C0B	thumb	sub_08061B94
0x08061C0C	0x08061C1B	thumb	sub_08061C0C
0x08061C1C	0x08061CC7	thumb	sub_08061C1C
0x08061CC8	0x08061DE3	thumb	sub_08061CC8
0x08061DE4	0x08061DE7	thumb	sub_08061DE4
0x08061DE8	0x08061DF3	thumb	sub_08061DE8
0x08061DF4	0x08061E09	thumb	battle_end_callback__FP5Guest
0x08061E0C	0x08061E13	thumb	get__9GuestRTTI
0x08061E14	0x08061E1D	thumb	getRTTI__5Guest
0x08061E20	0x08061E4B	thumb	getName__FUi
0x08061E4C	0x08061F3B	thumb	__5GuestUs
0x08061F3C	0x08062031	thumb	setupStats__5Guest
0x08062034	0x0806204F	thumb	_._5Guest
0x08062050	0x080620DB	thumb	onTurn__5Guest
0x080620DC	0x080620DF	thumb	guest_2c0__5Guest
0x080620E0	0x08062179	thumb	guest_2e8__5GuestP6Action
0x0806217C	0x0806217F	thumb	unit_178__5Guest
0x08062180	0x08062185	thumb	id__C5Guest
0x08062188	0x0806219B	thumb	name__C5Guest
0x0806219C	0x080621A3	thumb	level__C5Guest
0x080621A4	0x080621A7	thumb	attackSfx__5Guest
0x080621A8	0x080621AB	thumb	critSfx__5Guest
0x080621AC	0x080621AF	thumb	missSfx__5Guest
0x080621B0	0x080621C9	thumb	guest_callback1__FP5Guest
0x080621CC	0x080621CD	thumb	onRoundBegin__5Guest
0x080621D0	0x080621E9	thumb	guest_callback2__FP5Guest
0x080621EC	0x080621ED	thumb	onRoundEnd__5Guest
0x080621F0	0x0806220B	thumb	_GLOBAL_.I.battle_end_callback__FP5Guest
0x0806220C	0x0806220D	thumb	object_68__5Guest
0x08062210	0x08062211	thumb	object_60__5Guest
0x08062214	0x08062217	thumb	object_58__5Guest
0x08062218	0x0806221F	thumb	object_50__5Guest
0x08062220	0x08062223	thumb	object_48__5Guest
0x08062224	0x0806222B	thumb	object_40__5Guest
0x0806222C	0x08062233	thumb	object_38__5Guest
0x08062234	0x0806223B	thumb	imposter_object_38__5Guest
0x0806223C	0x0806223F	thumb	object_30__5Guest
0x08062240	0x08062241	thumb	object_28__5Guest
0x08062244	0x08062245	thumb	object_20__5Guest
0x08062248	0x08062249	thumb	object_18__5Guest
0x0806224C	0x0806224D	thumb	object_10__5Guest
0x08062250	0x08062251	thumb	object_8__5Guesti
0x08062254	0x08062273	thumb	__5Guest
0x08062274	0x080622DB	thumb	init__12GuestFactory
0x080622DC	0x080622EB	thumb	put__12GuestFactoryUsPFUs_Pv
0x080622EC	0x08062307	thumb	create__12GuestFactoryUs
0x08062308	0x08062357	thumb	init__17GuestSkillFactory
0x08062358	0x08062367	thumb	put__17GuestSkillFactoryUsPFUsP4Unit_Pv
0x08062368	0x08062383	thumb	create__17GuestSkillFactoryUsP4Unit
0x08062384	0x08062447	thumb	MonsterInfo_ct
0x08062448	0x080625A3	thumb	sub_08062448
0x080625A4	0x080626D3	thumb	sub_080625A4
0x080626D4	0x080627A3	thumb	sub_080626D4
0x080627A4	0x08062817	thumb	sub_080627A4
0x08062818	0x08062893	thumb	sub_08062818
0x08062894	0x0806290F	thumb	sub_08062894
0x08062910	0x0806298B	thumb	sub_08062910
0x0806298C	0x08062A07	thumb	sub_0806298C
0x08062A08	0x08062ACF	thumb	sub_08062A08
0x08062AD0	0x08062DAF	thumb	sub_08062AD0
0x08062DB0	0x08062E7B	thumb	sub_08062DB0
0x08062E7C	0x080630D7	thumb	sub_08062E7C
0x080630D8	0x080632E3	thumb	sub_080630D8
0x080632E4	0x08063477	thumb	sub_080632E4
0x08063478	0x0806370F	thumb	sub_08063478
0x08063710	0x080638BB	thumb	sub_08063710
0x080638BC	0x080638D7	thumb	sub_080638BC
0x080638D8	0x080638DB	thumb	sub_080638D8
0x080638DC	0x080638E7	thumb	sub_080638DC
0x080638E8	0x080638EF	thumb	sub_080638E8
0x080638F0	0x080638FB	thumb	sub_080638F0
0x080638FC	0x08063903	thumb	sub_080638FC
0x08063904	0x0806390B	thumb	sub_08063904
0x0806390C	0x08063913	thumb	sub_0806390C
0x08063914	0x0806391B	thumb	sub_08063914
0x0806391C	0x08063923	thumb	sub_0806391C
0x08063924	0x0806392B	thumb	sub_08063924
0x0806392C	0x08063933	thumb	sub_0806392C
0x08063934	0x0806393B	thumb	sub_08063934
0x0806393C	0x08063943	thumb	sub_0806393C
0x08063944	0x0806395B	thumb	sub_08063944
0x0806395C	0x0806395F	thumb	sub_0806395C
0x08063960	0x08063997	thumb	sub_08063960
0x08063998	0x080639A7	thumb	__15struct_08063998
0x080639A8	0x080639D3	thumb	sub_080639A8
0x080639B4	0x00000000	thumb	_._15struct_08063998
0x080639D4	0x080639D7	thumb	sub_080639D4
0x080639D8	0x080639FB	thumb	sub_080639D8
0x080639FC	0x08063A8F	thumb	sub_080639FC
0x08063A90	0x08063ACF	thumb	sub_08063A90
0x08063AD0	0x08063EB3	thumb	init__14MonsterFactory
0x08063EB4	0x08063EC3	thumb	put__14MonsterFactoryUsUs_Pv
0x08063EC4	0x08063EE3	thumb	create__14MonsterFactoryUsUs
0x08063EE4	0x08064563	thumb	init__19MonsterSkillFactory
0x08064564	0x08064573	thumb	put__19MonsterSkillFactoryUsP4Unit_Pv
0x08064574	0x0806458F	thumb	create__19MonsterSkillFactoryUsP4Unit
0x08064590	0x08064807	thumb	init__13StatusFactory
0x08064808	0x08064817	thumb	put__13StatusFactoryUsP4Unit_Pv
0x08064818	0x08064833	thumb	create__13StatusFactoryUsP4Unit
0x08064834	0x0806493F	thumb	init__10PsiFactory
0x08064940	0x0806494F	thumb	put__10PsiFactoryUsPFUsP4Unit_Pv
0x08064950	0x0806496B	thumb	create__10PsiFactoryUsP4Unit
0x0806496C	0x08064973	thumb	get__9GoodsRTTI
0x08064974	0x0806497D	thumb	getRTTI__5Goods
0x08064980	0x080649AB	thumb	getName__5GoodsUs
0x080649AC	0x080649E7	thumb	__5GoodsUsP4UnitUs
0x080649E8	0x080649FB	thumb	_._5Goods
0x080649FC	0x08064A3B	thumb	fire__5Goods
0x08064A3C	0x08064B09	thumb	action_150__5Goods
0x08064B0C	0x08064B1D	thumb	action_1c0__5Goods
0x08064B20	0x08064B25	thumb	id__C5Goods
0x08064B28	0x08064B2D	thumb	goods_2a0__C5Goods
0x08064B30	0x08064B5D	thumb	name__C5Goods
0x08064B60	0x08064C4F	thumb	action_1d8__C5Goods
0x08064C50	0x08064C53	thumb	action_1e0__5Goods
0x08064C54	0x08064C59	thumb	effect__C5Goods
0x08064C5C	0x08064C61	thumb	element__C5Goods
0x08064C64	0x08064C6D	thumb	target__C5Goods
0x08064C70	0x08064C77	thumb	attackMult__C5Goods
0x08064C78	0x08064C7F	thumb	healLo__C5Goods
0x08064C80	0x08064C87	thumb	healHi__C5Goods
0x08064C88	0x08064C8F	thumb	ailment__C5Goods
0x08064C90	0x08064C97	thumb	ailmentChance__C5Goods
0x08064C98	0x08064CA9	thumb	hasAction__C5Goods
0x08064CAC	0x08064CB1	thumb	priority__C5Goods
0x08064CB4	0x08064D65	thumb	getUseMessage__C5Goods
0x08064D68	0x08064E1F	thumb	calcMessage__C5GoodsUs
0x08064E20	0x08064E95	thumb	getForceUseMessage__C5Goods
0x08064E98	0x08064EA9	thumb	hasDim__C5Goods
0x08064EAC	0x08064EB3	thumb	animNo__C5Goods
0x08064EB4	0x08064EBB	thumb	successAnimNo__C5Goods
0x08064EBC	0x08064EFD	thumb	critAnimNo__C5Goods
0x08064F00	0x08064F07	thumb	sfxNo__C5Goods
0x08064F08	0x08064F13	thumb	hitChance__C5Goods
0x08064F14	0x08064F1B	thumb	critChance__C5Goods
0x08064F1C	0x08064F2D	thumb	redirectable__C5Goods
0x08064F30	0x08064F33	thumb	action_288__5Goods
0x08064F34	0x08064F37	thumb	action_290__5Goods
0x08064F38	0x08064F3B	thumb	action_298__5Goods
0x08064F3C	0x08064F95	thumb	goods_2c0__5Goods
0x08064F98	0x08064F9D	thumb	type__C5Goods
0x08064FA0	0x08064FB5	thumb	isConsumable__C5GoodsP4Unit
0x08064FB8	0x08064FCB	thumb	isKeyItem__C5Goods
0x08064FCC	0x08064FE7	thumb	_GLOBAL_.I.MonsterInfo_ct
0x08064FE8	0x08065013	thumb	__5Goods
0x08065014	0x08065137	thumb	init__12GoodsFactory
0x08065138	0x08065147	thumb	put__12GoodsFactoryUsPFUsP4UnitUs_Pv
0x08065148	0x08065167	thumb	create__12GoodsFactoryUsP4UnitUs
0x08065168	0x08065193	thumb	sub_08065168
0x08065194	0x080651A3	thumb	sub_08065194
0x080651A4	0x080651BF	thumb	sub_080651A4__FUsP4Unit
0x080651C0	0x080652A7	thumb	__13UnnamedSndMon
0x080652A8	0x080652DB	thumb	sub_080652A8
0x080652DC	0x080652E3	thumb	sub_080652DC
0x080652E4	0x080652E7	thumb	sub_080652E4
0x080652E8	0x080652EB	thumb	sub_080652E8
0x080652EC	0x080652F3	thumb	sub_080652EC
0x080652F4	0x080652F7	thumb	sub_080652F4
0x080652F8	0x080652FB	thumb	sub_080652F8
0x080652FC	0x08065343	thumb	sub_080652FC
0x08065344	0x08065347	thumb	sub_08065344
0x08065348	0x0806536B	thumb	sub_08065348
0x0806536C	0x080653C3	thumb	sub_0806536C
0x080653C4	0x08065513	thumb	sub_080653C4
0x08065514	0x080655AF	thumb	sub_08065514
0x080655B0	0x080655D3	thumb	sub_080655B0
0x080655D4	0x080655FB	thumb	sub_080655D4
0x080655FC	0x08065737	thumb	__9AutoComboUiRC11ComboRhythm
0x08065738	0x08065767	thumb	sub_08065738
0x08065768	0x0806577F	thumb	sub_08065768
0x08065780	0x08065797	thumb	sub_08065780
0x08065798	0x08065833	thumb	sub_08065798
0x08065834	0x08065863	thumb	sub_08065834
0x08065864	0x0806598B	thumb	__15AutoComboResultUiRC11ComboRhythm
0x0806598C	0x080659BB	thumb	sub_0806598C
0x080659BC	0x08065A4F	thumb	sub_080659BC
0x08065A50	0x08065A7F	thumb	sub_08065A50
0x08065A80	0x08065A93	thumb	sub_08065A80
0x08065A94	0x08065AEF	thumb	sub_08065A94
0x08065AF0	0x08065B33	thumb	sub_08065AF0
0x08065B34	0x08065C23	thumb	sub_08065B34
0x08065C24	0x08065C27	thumb	sub_08065C24
0x08065C28	0x08065C33	thumb	sub_08065C28
0x08065C34	0x08065CCB	thumb	sub_08065C34
0x08065CCC	0x08065D3F	thumb	sub_08065CCC
0x08065D40	0x08065D5F	thumb	sub_08065D40
0x08065D60	0x08065D67	thumb	manager__13SndMonManager
0x08065D68	0x08065D97	thumb	makeInstance__13SndMonManager
0x08065D98	0x08065DA3	thumb	get__13SndMonManager
0x08065DA4	0x08065DDF	thumb	destroy__13SndMonManager
0x08065DE0	0x08065DEB	thumb	getRTTI__6SndMon
0x08065DEC	0x08065F97	thumb	__6SndMon
0x08065F98	0x08066003	thumb	dt__6SndMon
0x08066004	0x0806609B	thumb	sub_08066004
0x0806609C	0x08066107	thumb	sub_0806609C
0x08066108	0x0806616B	thumb	sub_08066108
0x0806616C	0x080661DB	thumb	sub_0806616C
0x080661DC	0x0806624B	thumb	sub_080661DC
0x0806624C	0x0806624F	thumb	sub_0806624C
0x08066250	0x08066253	thumb	sub_08066250
0x08066254	0x08066257	thumb	sub_08066254
0x08066258	0x0806625B	thumb	sub_08066258
0x0806625C	0x08066277	thumb	sub_0806625C
0x08066278	0x08066293	thumb	_GLOBAL_I_SndMonManager
0x08066294	0x080662AF	thumb	sub_08066294
0x080662B0	0x080662C3	thumb	sub_080662B0
0x080662C4	0x080662EB	thumb	sub_080662C4
0x080662EC	0x08066333	thumb	sub_080662EC
0x08066334	0x0806638B	thumb	sub_08066334
0x0806638C	0x080663CB	thumb	sub_0806638C
0x080663CC	0x080663D3	thumb	sub_080663CC
0x080663D4	0x080663D7	thumb	sub_080663D4
0x080663D8	0x080663DF	thumb	sub_080663D8
0x080663E0	0x0806640F	thumb	sub_080663E0
0x08066410	0x08066443	thumb	sub_08066410
0x08066444	0x08066517	thumb	sub_08066444
0x08066518	0x08066583	thumb	sub_08066518
0x08066584	0x080666F3	thumb	sub_08066584
0x080666F4	0x08066737	thumb	sub_080666F4
0x08066738	0x0806673B	thumb	nullsub_29
0x0806673C	0x08066E6B	thumb	sub_0806673C
0x08066E6C	0x08066F63	thumb	sub_08066E6C
0x08066F64	0x08066FAF	thumb	sub_08066F64
0x08066FB0	0x08066FD3	thumb	sub_08066FB0
0x08066FD4	0x08066FF7	thumb	sub_08066FD4
0x08066FF8	0x0806701B	thumb	sub_08066FF8
0x0806701C	0x0806703F	thumb	sub_0806701C
0x08067040	0x080670BF	thumb	sub_08067040
0x080670C0	0x080670FB	thumb	sub_080670C0
0x080670FC	0x08067143	thumb	sub_080670FC
0x08067144	0x0806718B	thumb	sub_08067144
0x0806718C	0x080671B7	thumb	sub_0806718C
0x080671B8	0x080671E3	thumb	sub_080671B8
0x080671E4	0x0806729F	thumb	sub_080671E4
0x080672A0	0x080672EB	thumb	sub_080672A0
0x080672EC	0x08067303	thumb	sub_080672EC
0x08067304	0x08067437	thumb	sub_08067304
0x08067438	0x08067D8B	thumb	sub_08067438
0x08067D8C	0x08067F07	thumb	sub_08067D8C
0x08067F08	0x08067F53	thumb	sub_08067F08
0x08067F54	0x08067FB3	thumb	sub_08067F54
0x08067FB4	0x08068013	thumb	sub_08067FB4
0x08068014	0x08068083	thumb	sub_08068014
0x08068084	0x080680AB	thumb	sub_08068084
0x080680AC	0x080680D3	thumb	sub_080680AC
0x080680D4	0x080680F7	thumb	sub_080680D4
0x080680F8	0x0806811B	thumb	sub_080680F8
0x0806811C	0x08068133	thumb	sub_0806811C
0x08068134	0x0806815B	thumb	sub_08068134
0x0806815C	0x08068197	thumb	sub_0806815C
0x08068198	0x080681DF	thumb	sub_08068198
0x080681E0	0x08068227	thumb	sub_080681E0
0x08068228	0x08068253	thumb	sub_08068228
0x08068254	0x0806827F	thumb	sub_08068254
0x08068280	0x08068333	thumb	sub_08068280
0x08068334	0x0806837F	thumb	sub_08068334
0x08068380	0x08068397	thumb	sub_08068380
0x08068398	0x08068407	thumb	sub_08068398
0x08068408	0x08068473	thumb	sub_08068408
0x08068474	0x08068673	thumb	sub_08068474
0x08068674	0x08068717	thumb	sub_08068674
0x08068718	0x0806871B	thumb	sub_08068718
0x0806871C	0x08068733	thumb	sub_0806871C
0x08068734	0x0806876F	thumb	sub_08068734
0x08068770	0x080687AB	thumb	__9SARHandle
0x080687AC	0x080687BF	thumb	_._9SARHandle
0x080687C0	0x080687DB	thumb	sub_080687C0
0x080687DC	0x080688AF	thumb	sub_080687DC
0x080688B0	0x08068913	thumb	sub_080688B0
0x08068914	0x08068937	thumb	get__Q29Singleton9Allocator
0x08068938	0x08068977	thumb	__9Singleton
0x08068978	0x080689B1	thumb	sub_08068978__9Singleton
0x080689B4	0x080689D3	thumb	__4Base
0x080689D4	0x08068A3F	thumb	_._4Base
0x08068A40	0x08068A69	thumb	base_5c__4Base
0x08068A6C	0x08068A6F	thumb	getRTTI__4Base
0x08068A70	0x08068A71	thumb	base_1c__4Base
0x08068A74	0x08068A77	thumb	base_24__4Base
0x08068A78	0x08068A79	thumb	base_2c__4Base
0x08068A7C	0x08068A7D	thumb	base_34__4Base
0x08068A80	0x08068D93	thumb	listen__4BasePvRC4BaseG9ClockData
0x08068D94	0x08068D9D	thumb	base_44__4Base
0x08068DA0	0x08068E9F	thumb	base_4c__4BasePvRC4BaseG9ClockData
0x08068EA0	0x08068FC3	thumb	emit__4BaseRC4Base
0x08068FC4	0x08069083	thumb	releaseIncoming__4Base
0x08069084	0x08069123	thumb	releaseOutgoing__4Base
0x08069124	0x0806918F	thumb	clearNullOutgoing__4Base
0x08069190	0x00000000	thumb	sub_08069190
0x080691A0	0x00000000	thumb	sub_080691A0
0x080691B0	0x00000000	thumb	sub_080691B0
0x080691C0	0x00000000	thumb	divck
0x080691D0	0x00000000	thumb	modck
0x080691E0	0x00000000	thumb	sub_080691E0
0x08069230	0x00000000	thumb	sub_08069230
0x08069258	0x00000000	thumb	sub_08069258
0x08069280	0x00000000	thumb	sub_08069280
0x08069290	0x00000000	thumb	sub_08069290
0x080692A0	0x00000000	thumb	sub_080692A0
0x080692B0	0x00000000	thumb	sub_080692B0
0x080692C0	0x00000000	thumb	seedMT
0x08069318	0x00000000	thumb	randomMT
0x08069454	0x00000000	thumb	randS32_
0x08069474	0x00000000	thumb	sub_08069474
0x08069488	0x00000000	thumb	sub_08069488
0x080694AC	0x00000000	thumb	sub_080694AC
0x080694C8	0x00000000	thumb	sub_080694C8
0x08069520	0x00000000	thumb	sub_08069520
0x08069538	0x00000000	thumb	sub_08069538
0x08069558	0x00000000	thumb	sub_08069558
0x08069594	0x00000000	thumb	sub_08069594
0x080695A4	0x00000000	thumb	sub_080695A4
0x080695BC	0x00000000	thumb	sub_080695BC
0x080695D4	0x00000000	thumb	sub_080695D4
0x08069600	0x00000000	thumb	sub_08069600
0x08069604	0x00000000	thumb	sub_08069604
0x08069608	0x08069633	thumb	__12FitAllocatorUiP3Fit
0x08069634	0x080696C3	thumb	_._12FitAllocator
0x080696C4	0x08069753	thumb	malloc__12FitAllocatorUi
0x08069754	0x080697AB	thumb	free__12FitAllocatorPv
0x080697AC	0x080697D1	thumb	defragment__12FitAllocator
0x080697D4	0x080697F1	thumb	bytesRemaining__12FitAllocator
0x080697F4	0x08069837	thumb	check__12FitAllocator
0x08069838	0x0806988B	thumb	getInfo__12FitAllocator
0x0806988C	0x08069893	thumb	manager__10IrcManager
0x08069894	0x080698C3	thumb	makeInstance__10IrcManager
0x080698C4	0x080698CF	thumb	get__10IrcManager
0x080698D0	0x0806990B	thumb	destroy__10IrcManager
0x0806990C	0x08069915	thumb	getRTTI__3Irc
0x08069918	0x0806994B	thumb	__3Irc
0x0806994C	0x08069983	thumb	_._3Irc
0x08069984	0x08069A17	thumb	init__3IrcP8IrqTable
0x08069A18	0x08069A2B	thumb	disableAll__3Irc
0x08069A2C	0x08069A4F	thumb	enableAll__3Irc
0x08069A50	0x08069A87	thumb	sub_08069A50__3IrcUiG5Intr2
0x08069A88	0x08069ABF	thumb	sub_08069A88__3IrcUiG5Intr2
0x08069AC0	0x08069AF7	thumb	sub_08069AC0__3IrcUiG5Intr2
0x08069AF8	0x08069B23	thumb	sub_08069AF8__3IrcUi
0x08069B24	0x08069B69	thumb	sub_08069B24__3IrcUiUiG5Intr2
0x08069B6C	0x08069BA3	thumb	sub_08069B6C__3IrcUiG5Intr2
0x08069BA4	0x08069BE9	thumb	sub_08069BA4__3IrcUiUiG5Intr2
0x08069BEC	0x08069C23	thumb	sub_08069BEC__3IrcUiG5Intr2
0x08069C24	0x08069C83	thumb	sub_08069C24__3IrcUiUiG5Intr2Us
0x08069C84	0x08069CBB	thumb	sub_08069C84__3IrcUiG5Intr2
0x08069CBC	0x08069CF3	thumb	sub_08069CBC__3IrcUiG5Intr2
0x08069CF4	0x08069D2B	thumb	sub_08069CF4__3IrcUiG5Intr2
0x08069D2C	0x08069D71	thumb	sub_08069D2C__3IrcUiUiG5Intr2
0x08069D74	0x08069DAB	thumb	sub_08069D74__3IrcUiG5Intr2
0x08069DAC	0x08069DF1	thumb	sub_08069DAC__3IrcUiUiG5Intr2
0x08069DF4	0x08069E2B	thumb	sub_08069DF4__3IrcUiG5Intr2
0x08069E2C	0x08069F1B	thumb	sub_08069E2C
0x08069F1C	0x08069F1F	thumb	sub_08069F1C__3Irc
0x08069F20	0x08069F39	thumb	irq_vblank
0x08069F3C	0x08069F4B	thumb	irq_hblank
0x08069F4C	0x08069F5B	thumb	irq_vcount
0x08069F5C	0x08069F6B	thumb	irq_timer0
0x08069F6C	0x08069F7B	thumb	irq_timer1
0x08069F7C	0x08069F8B	thumb	irq_timer2
0x08069F8C	0x08069F9B	thumb	irq_timer3
0x08069F9C	0x08069FAB	thumb	irq_serial
0x08069FAC	0x08069FBB	thumb	irq_dma0
0x08069FBC	0x08069FCB	thumb	irq_dma1
0x08069FCC	0x08069FDB	thumb	irq_dma2
0x08069FDC	0x08069FEB	thumb	irq_dma3
0x08069FEC	0x08069FFB	thumb	irq_key
0x08069FFC	0x0806A0A7	thumb	handleIrq__3IrcUi
0x0806A0A8	0x0806A0C3	thumb	_GLOBAL_.I.manager__10IrcManager
0x0806A0C4	0x0806A0CB	thumb	PreSysClockSingleton_get__Fv
0x0806A0CC	0x0806A0D5	thumb	getRTTI__11PreSysClock
0x0806A0D8	0x0806A0DF	thumb	SysClockSingleton_get__Fv
0x0806A0E0	0x0806A0E9	thumb	getRTTI__8SysClock
0x0806A0EC	0x0806A0F3	thumb	PreAppClockSingleton_get__Fv
0x0806A0F4	0x0806A0FD	thumb	getRTTI__11PreAppClock
0x0806A100	0x0806A107	thumb	AppClockSingleton_get__Fv
0x0806A108	0x0806A111	thumb	getRTTI__8AppClock
0x0806A114	0x0806A11B	thumb	PostAppClockSingleton_get__Fv
0x0806A11C	0x0806A125	thumb	getRTTI__12PostAppClock
0x0806A128	0x0806A12F	thumb	PostSysClockSingleton_get__Fv
0x0806A130	0x0806A139	thumb	getRTTI__12PostSysClock
0x0806A13C	0x0806A143	thumb	manager__12ClockManager
0x0806A144	0x0806A173	thumb	makeInstance__12ClockManager
0x0806A174	0x0806A17F	thumb	get__12ClockManager
0x0806A180	0x0806A1BB	thumb	destroy__12ClockManager
0x0806A1BC	0x0806A1C5	thumb	getRTTI__5Clock
0x0806A1C8	0x0806A1E3	thumb	__5Clock
0x0806A1E4	0x0806A1F7	thumb	_._5Clock
0x0806A1F8	0x0806A393	thumb	sleep__5Clocki
0x0806A394	0x0806A397	thumb	getTime__5Clock
0x0806A398	0x0806A42B	thumb	_GLOBAL_.I.PreSysClockSingleton_get__Fv
0x0806A42C	0x0806A42F	thumb	getTime__12PostSysClock
0x0806A430	0x0806A44B	thumb	__12PostSysClockUi
0x0806A44C	0x0806A463	thumb	__12PostSysClock
0x0806A464	0x0806A467	thumb	getTime__12PostAppClock
0x0806A468	0x0806A483	thumb	__12PostAppClockUi
0x0806A484	0x0806A49B	thumb	__12PostAppClock
0x0806A49C	0x0806A49F	thumb	getTime__8AppClock
0x0806A4A0	0x0806A4BB	thumb	__8AppClockUi
0x0806A4BC	0x0806A4D3	thumb	__8AppClock
0x0806A4D4	0x0806A4D7	thumb	getTime__11PreAppClock
0x0806A4D8	0x0806A4F3	thumb	__11PreAppClockUi
0x0806A4F4	0x0806A50B	thumb	__11PreAppClock
0x0806A50C	0x0806A50F	thumb	getTime__8SysClock
0x0806A510	0x0806A52B	thumb	__8SysClockUi
0x0806A52C	0x0806A543	thumb	__8SysClock
0x0806A544	0x0806A547	thumb	getTime__11PreSysClock
0x0806A548	0x0806A563	thumb	__11PreSysClockUi
0x0806A564	0x0806A57B	thumb	__11PreSysClock
0x0806A57C	0x0806A59F	thumb	__11BattleFader
0x0806A5A0	0x0806A5C3	thumb	_._11BattleFader
0x0806A5C4	0x0806A5D1	thumb	set__11BattleFaderUi
0x0806A5D4	0x0806A5E1	thumb	set2__11BattleFaderUi
0x0806A5E4	0x0806A5F1	thumb	set4__11BattleFaderUi
0x0806A5F4	0x0806A605	thumb	setAll__11BattleFaderUi
0x0806A608	0x0806A615	thumb	setB__11BattleFaderUi
0x0806A618	0x0806A625	thumb	setB2__11BattleFaderUi
0x0806A628	0x0806A635	thumb	setB4__11BattleFaderUi
0x0806A638	0x0806A649	thumb	setBAll__11BattleFaderUi
0x0806A64C	0x0806A651	thumb	get__11BattleFader
0x0806A654	0x0806A659	thumb	get2__11BattleFader
0x0806A65C	0x0806A661	thumb	get4__11BattleFader
0x0806A664	0x0806A669	thumb	getB__11BattleFader
0x0806A66C	0x0806A671	thumb	getB2__11BattleFader
0x0806A674	0x0806A679	thumb	getB4__11BattleFader
0x0806A67C	0x0806A75F	thumb	sub_0806A67C__11BattleFaderiPUsT2
0x0806A760	0x0806A80B	thumb	sub_0806A760__11BattleFader
0x0806A80C	0x0806A8BB	thumb	sub_0806A80C__11BattleFader
0x0806A8BC	0x0806A96B	thumb	sub_0806A8BC__11BattleFader
0x0806A96C	0x0806A973	thumb	manager__14GEngineManager
0x0806A974	0x0806A9A3	thumb	makeInstance__14GEngineManager
0x0806A9A4	0x0806A9AF	thumb	get__14GEngineManager
0x0806A9B0	0x0806A9EB	thumb	destroy__14GEngineManager
0x0806A9EC	0x0806A9F7	thumb	getRTTI__7GEngine
0x0806A9F8	0x0806AB83	thumb	__7GEngine
0x0806AB84	0x0806AB97	thumb	dt__7GEngine
0x0806AB98	0x0806AB9B	thumb	sub_0806AB98
0x0806AB9C	0x0806AB9F	thumb	sub_0806AB9C
0x0806ABA0	0x0806ABA3	thumb	sub_0806ABA0
0x0806ABA4	0x0806ABA7	thumb	sub_0806ABA4
0x0806ABA8	0x0806ABAB	thumb	sub_0806ABA8
0x0806ABAC	0x0806ABAF	thumb	sub_0806ABAC
0x0806ABB0	0x0806ABB3	thumb	sub_0806ABB0
0x0806ABB4	0x0806ABB7	thumb	sub_0806ABB4
0x0806ABB8	0x0806ABBF	thumb	sub_0806ABB8
0x0806ABC0	0x0806ABCB	thumb	sub_0806ABC0
0x0806ABCC	0x0806ABD7	thumb	sub_0806ABCC
0x0806ABD8	0x0806ABE3	thumb	sub_0806ABD8
0x0806ABE4	0x0806ABEF	thumb	sub_0806ABE4
0x0806ABF0	0x0806ABF3	thumb	sub_0806ABF0
0x0806ABF4	0x0806ABF7	thumb	sub_0806ABF4
0x0806ABF8	0x0806ABFB	thumb	sub_0806ABF8
0x0806ABFC	0x0806ABFF	thumb	sub_0806ABFC
0x0806AC00	0x0806AC03	thumb	sub_0806AC00
0x0806AC04	0x0806AC07	thumb	sub_0806AC04
0x0806AC08	0x0806AC0B	thumb	sub_0806AC08
0x0806AC0C	0x0806AC0F	thumb	sub_0806AC0C
0x0806AC10	0x0806AC17	thumb	sub_0806AC10
0x0806AC18	0x0806AC23	thumb	sub_0806AC18
0x0806AC24	0x0806AC2F	thumb	sub_0806AC24
0x0806AC30	0x0806AC3B	thumb	sub_0806AC30
0x0806AC3C	0x0806AC47	thumb	sub_0806AC3C
0x0806AC48	0x0806AD3B	thumb	sub_0806AC48
0x0806AD3C	0x0806ADFB	thumb	sub_0806AD3C
0x0806ADFC	0x0806AF2B	thumb	sub_0806ADFC
0x0806AF2C	0x0806AF33	thumb	sub_0806AF2C
0x0806AF34	0x0806AF3F	thumb	sub_0806AF34
0x0806AF40	0x0806AF4B	thumb	sub_0806AF40
0x0806AF4C	0x0806AF57	thumb	sub_0806AF4C
0x0806AF58	0x0806AF67	thumb	sub_0806AF58
0x0806AF68	0x0806AF7B	thumb	sub_0806AF68
0x0806AF7C	0x0806AF8F	thumb	sub_0806AF7C
0x0806AF90	0x0806AFA3	thumb	sub_0806AF90
0x0806AFA4	0x0806AFB3	thumb	sub_0806AFA4
0x0806AFB4	0x0806AFC7	thumb	sub_0806AFB4
0x0806AFC8	0x0806AFDB	thumb	sub_0806AFC8
0x0806AFDC	0x0806AFEF	thumb	sub_0806AFDC
0x0806AFF0	0x0806AFF7	thumb	sub_0806AFF0
0x0806AFF8	0x0806B003	thumb	sub_0806AFF8
0x0806B004	0x0806B00F	thumb	sub_0806B004
0x0806B010	0x0806B01B	thumb	sub_0806B010
0x0806B01C	0x0806B037	thumb	_GLOBAL_I_GEngine
0x0806B038	0x0806B03F	thumb	manager__15BGEngineManager
0x0806B040	0x0806B06F	thumb	makeInstance__15BGEngineManager
0x0806B070	0x0806B07B	thumb	get__15BGEngineManager
0x0806B07C	0x0806B0B7	thumb	destroy__15BGEngineManager
0x0806B0B8	0x0806B0C3	thumb	getRTTI__8BGEngine
0x0806B0C4	0x0806B257	thumb	__8BGEngine
0x0806B258	0x0806B2CB	thumb	dt__8BGEngine
0x0806B2CC	0x0806B3DF	thumb	sub_0806B2CC
0x0806B3E0	0x0806B3F3	thumb	sub_0806B3E0
0x0806B3F4	0x0806B40F	thumb	sub_0806B3F4
0x0806B410	0x0806B453	thumb	sub_0806B410
0x0806B454	0x0806B563	thumb	sub_0806B454
0x0806B564	0x0806B66B	thumb	sub_0806B564
0x0806B66C	0x0806B67F	thumb	sub_0806B66C
0x0806B680	0x0806B697	thumb	sub_0806B680
0x0806B698	0x0806B72F	thumb	sub_0806B698
0x0806B730	0x0806B743	thumb	sub_0806B730
0x0806B744	0x0806B757	thumb	sub_0806B744
0x0806B758	0x0806B7B7	thumb	sub_0806B758
0x0806B7B8	0x0806B813	thumb	sub_0806B7B8
0x0806B814	0x0806B827	thumb	sub_0806B814
0x0806B828	0x0806B84F	thumb	sub_0806B828
0x0806B850	0x0806B95B	thumb	sub_0806B850
0x0806B95C	0x0806B96F	thumb	sub_0806B95C
0x0806B970	0x0806B9BF	thumb	sub_0806B970
0x0806B9C0	0x0806BA0B	thumb	sub_0806B9C0
0x0806BA0C	0x0806BA1F	thumb	sub_0806BA0C
0x0806BA20	0x0806BA37	thumb	sub_0806BA20
0x0806BA38	0x0806BA4B	thumb	sub_0806BA38
0x0806BA4C	0x0806BA5F	thumb	sub_0806BA4C
0x0806BA60	0x0806BA67	thumb	sub_0806BA60
0x0806BA68	0x0806BA6B	thumb	sub_0806BA68
0x0806BA6C	0x0806BA73	thumb	sub_0806BA6C
0x0806BA74	0x0806BAB7	thumb	sub_0806BA74
0x0806BAB8	0x0806BACB	thumb	sub_0806BAB8
0x0806BACC	0x0806BADF	thumb	sub_0806BACC
0x0806BAE0	0x0806BAE7	thumb	sub_0806BAE0
0x0806BAE8	0x0806BAEB	thumb	sub_0806BAE8
0x0806BAEC	0x0806BAF3	thumb	sub_0806BAEC
0x0806BAF4	0x0806BB0B	thumb	sub_0806BAF4
0x0806BB0C	0x0806BB1F	thumb	sub_0806BB0C
0x0806BB20	0x0806BB33	thumb	sub_0806BB20
0x0806BB34	0x0806BB47	thumb	sub_0806BB34
0x0806BB48	0x0806BC3B	thumb	bgengine_updateScrollHorizontal
0x0806BC3C	0x0806BDBF	thumb	sub_0806BC3C
0x0806BDC0	0x0806BDDB	thumb	_GLOBAL_I_BGEngineManager
0x0806BDDC	0x0806BDE3	thumb	manager__16ObjEngineManager
0x0806BDE4	0x0806BE13	thumb	makeInstance__16ObjEngineManager
0x0806BE14	0x0806BE1F	thumb	get__16ObjEngineManager
0x0806BE20	0x0806BE5B	thumb	destroy__16ObjEngineManager
0x0806BE5C	0x0806BE65	thumb	getRTTI__9ObjEngine
0x0806BE68	0x0806BF67	thumb	__9ObjEngine
0x0806BF68	0x0806BFAF	thumb	_._9ObjEngine
0x0806BFB0	0x0806BFCB	thumb	sub_0806BFB0
0x0806BFCC	0x0806C00F	thumb	sub_0806BFCC
0x0806C010	0x0806C027	thumb	sub_0806C010
0x0806C028	0x0806C033	thumb	sub_0806C028
0x0806C034	0x0806C03F	thumb	sub_0806C034
0x0806C040	0x0806C053	thumb	sub_0806C040
0x0806C054	0x0806C08F	thumb	sub_0806C054
0x0806C090	0x0806C09F	thumb	sub_0806C090
0x0806C0A0	0x0806C0B3	thumb	sub_0806C0A0
0x0806C0B4	0x0806C153	thumb	sub_0806C0B4
0x0806C154	0x0806C15F	thumb	sub_0806C154
0x0806C160	0x0806C173	thumb	sub_0806C160
0x0806C174	0x0806C1AF	thumb	sub_0806C174
0x0806C1B0	0x0806C1BF	thumb	sub_0806C1B0
0x0806C1C0	0x0806C1CB	thumb	sub_0806C1C0
0x0806C1CC	0x0806C1D7	thumb	sub_0806C1CC
0x0806C1D8	0x0806C3DB	thumb	sub_0806C1D8
0x0806C3DC	0x0806C403	thumb	sub_0806C3DC
0x0806C404	0x0806C41F	thumb	_GLOBAL_.I.manager__16ObjEngineManager
0x0806C420	0x0806C427	thumb	sub_0806C420
0x0806C428	0x0806C457	thumb	makeInstance__17ObjChrPoolManager
0x0806C458	0x0806C463	thumb	sub_0806C458
0x0806C464	0x0806C49F	thumb	destroy__17ObjChrPoolManager
0x0806C4A0	0x0806C4AB	thumb	getRTTI__10ObjChrPool
0x0806C4AC	0x0806C51B	thumb	__10ObjChrPool
0x0806C51C	0x0806C55B	thumb	sub_0806C51C
0x0806C55C	0x0806C633	thumb	sub_0806C55C
0x0806C634	0x0806C67F	thumb	sub_0806C634
0x0806C680	0x0806C6C3	thumb	sub_0806C680
0x0806C6C4	0x0806C737	thumb	sub_0806C6C4
0x0806C738	0x0806C74F	thumb	sub_0806C738
0x0806C750	0x0806C76B	thumb	_GLOBAL_I_ObjChrPoolManager
0x0806C76C	0x0806C773	thumb	sub_0806C76C
0x0806C774	0x0806C77B	thumb	manager__17ObjPltPoolManager
0x0806C77C	0x0806C7AB	thumb	makeInstance__17ObjPltPoolManager
0x0806C7AC	0x0806C7B7	thumb	get__17ObjPltPoolManager
0x0806C7B8	0x0806C7F3	thumb	destroy__17ObjPltPoolManager
0x0806C7F4	0x0806C7FD	thumb	getRTTI__10ObjPltPool
0x0806C800	0x0806C86F	thumb	__10ObjPltPool
0x0806C870	0x0806C897	thumb	_._10ObjPltPool
0x0806C898	0x0806C963	thumb	sub_0806C898
0x0806C964	0x0806C99F	thumb	sub_0806C964__10ObjPltPooli
0x0806C9A0	0x0806C9D3	thumb	sub_0806C9A0__10ObjPltPooli
0x0806C9D4	0x0806CA23	thumb	sub_0806C9D4__10ObjPltPooli
0x0806CA24	0x0806CA29	thumb	clear__10ObjPltPool
0x0806CA2C	0x0806CA47	thumb	_GLOBAL_.I.sub_0806C76C
0x0806CA48	0x0806CA4F	thumb	get__14UpKeyPressRTTI
0x0806CA50	0x0806CA59	thumb	getRTTI__10UpKeyPress
0x0806CA5C	0x0806CA63	thumb	get__18UpKeyLongPressRTTI
0x0806CA64	0x0806CA6D	thumb	getRTTI__14UpKeyLongPress
0x0806CA70	0x0806CA77	thumb	get__16DownKeyPressRTTI
0x0806CA78	0x0806CA81	thumb	getRTTI__12DownKeyPress
0x0806CA84	0x0806CA8B	thumb	get__20DownKeyLongPressRTTI
0x0806CA8C	0x0806CA95	thumb	getRTTI__16DownKeyLongPress
0x0806CA98	0x0806CA9F	thumb	get__16LeftKeyPressRTTI
0x0806CAA0	0x0806CAA9	thumb	getRTTI__12LeftKeyPress
0x0806CAAC	0x0806CAB3	thumb	get__20LeftKeyLongPressRTTI
0x0806CAB4	0x0806CABD	thumb	getRTTI__16LeftKeyLongPress
0x0806CAC0	0x0806CAC7	thumb	get__17RightKeyPressRTTI
0x0806CAC8	0x0806CAD1	thumb	getRTTI__13RightKeyPress
0x0806CAD4	0x0806CADB	thumb	get__21RightKeyLongPressRTTI
0x0806CADC	0x0806CAE5	thumb	getRTTI__17RightKeyLongPress
0x0806CAE8	0x0806CAEF	thumb	get__13AKeyPressRTTI
0x0806CAF0	0x0806CAF9	thumb	getRTTI__9AKeyPress
0x0806CAFC	0x0806CB03	thumb	get__17AKeyLongPressRTTI
0x0806CB04	0x0806CB0D	thumb	getRTTI__13AKeyLongPress
0x0806CB10	0x0806CB17	thumb	get__13BKeyPressRTTI
0x0806CB18	0x0806CB21	thumb	getRTTI__9BKeyPress
0x0806CB24	0x0806CB2B	thumb	get__17BKeyLongPressRTTI
0x0806CB2C	0x0806CB35	thumb	getRTTI__13BKeyLongPress
0x0806CB38	0x0806CB3F	thumb	get__13LKeyPressRTTI
0x0806CB40	0x0806CB49	thumb	getRTTI__9LKeyPress
0x0806CB4C	0x0806CB53	thumb	get__17LKeyLongPressRTTI
0x0806CB54	0x0806CB5D	thumb	getRTTI__13LKeyLongPress
0x0806CB60	0x0806CB67	thumb	get__13RKeyPressRTTI
0x0806CB68	0x0806CB71	thumb	getRTTI__9RKeyPress
0x0806CB74	0x0806CB7B	thumb	get__17RKeyLongPressRTTI
0x0806CB7C	0x0806CB85	thumb	getRTTI__13RKeyLongPress
0x0806CB88	0x0806CB8F	thumb	get__17StartKeyPressRTTI
0x0806CB90	0x0806CB99	thumb	getRTTI__13StartKeyPress
0x0806CB9C	0x0806CBA3	thumb	get__21StartKeyLongPressRTTI
0x0806CBA4	0x0806CBAD	thumb	getRTTI__17StartKeyLongPress
0x0806CBB0	0x0806CBB7	thumb	get__18SelectKeyPressRTTI
0x0806CBB8	0x0806CBC1	thumb	getRTTI__14SelectKeyPress
0x0806CBC4	0x0806CBCB	thumb	get__22SelectKeyLongPressRTTI
0x0806CBCC	0x0806CBD5	thumb	getRTTI__18SelectKeyLongPress
0x0806CBD8	0x0806CBDF	thumb	manager__13KeyPadManager
0x0806CBE0	0x0806CC0F	thumb	makeInstance__13KeyPadManager
0x0806CC10	0x0806CC1B	thumb	get__13KeyPadManager
0x0806CC1C	0x0806CC57	thumb	destroy__13KeyPadManager
0x0806CC58	0x0806CC61	thumb	getRTTI__6KeyPad
0x0806CC64	0x0806CD2B	thumb	__6KeyPad
0x0806CD2C	0x0806CD3F	thumb	_._6KeyPad
0x0806CD40	0x0806CD43	thumb	set_20__6KeyPadUi
0x0806CD44	0x0806CD47	thumb	set_22__6KeyPadUi
0x0806CD48	0x0806CD4B	thumb	get_20__6KeyPad
0x0806CD4C	0x0806CD4F	thumb	get_22__6KeyPad
0x0806CD50	0x0806CD53	thumb	getKeys__6KeyPad
0x0806CD54	0x0806CD59	thumb	getNewKeys__6KeyPad
0x0806CD5C	0x0806CE0B	thumb	update__6KeyPadP5Clock
0x0806CE0C	0x0806D2CB	thumb	emitNewKeys__6KeyPad
0x0806D2CC	0x0806D477	thumb	_GLOBAL_.I.get__14UpKeyPressRTTI
0x0806D478	0x0806D48B	thumb	__9CCLHandle
0x0806D48C	0x0806D4AF	thumb	__9CCLHandleRC11ResPtrSized
0x0806D4B0	0x0806D4CF	thumb	_._9CCLHandle
0x0806D4D0	0x0806D501	thumb	init__9CCLHandleRC11ResPtrSized
0x0806D504	0x0806D51D	thumb	type__9CCLHandleRC11ResPtrSized
0x0806D520	0x0806D52B	thumb	read1__9CCLHandleRC11ResPtrSized
0x0806D52C	0x0806D537	thumb	read2__9CCLHandleRC11ResPtrSized
0x0806D538	0x0806D53B	thumb	count__9CCLHandle
0x0806D53C	0x0806D53F	thumb	block__9CCLHandle
0x0806D540	0x0806D547	thumb	getPalette__9CCLHandleUi
0x0806D548	0x0806D55B	thumb	__9CCGHandle
0x0806D55C	0x0806D57F	thumb	__9CCGHandleRC11ResPtrSized
0x0806D580	0x0806D5AB	thumb	_._9CCGHandle
0x0806D5AC	0x0806D5EF	thumb	init__9CCGHandleRC11ResPtrSized
0x0806D5F0	0x0806D609	thumb	type__9CCGHandleRC11ResPtrSized
0x0806D60C	0x0806D617	thumb	read1__9CCGHandleRC11ResPtrSized
0x0806D618	0x0806D641	thumb	read2__9CCGHandleRC11ResPtrSized
0x0806D644	0x0806D647	thumb	count__9CCGHandle
0x0806D648	0x0806D64B	thumb	block__9CCGHandle
0x0806D64C	0x0806D6DF	thumb	__11Unk0806D64C
0x0806D6E0	0x0806D743	thumb	_._11Unk0806D64C
0x0806D744	0x0806D79B	thumb	sub_0806D744__11Unk0806D64C
0x0806D79C	0x0806D7CF	thumb	sub_0806D79C__11Unk0806D64C
0x0806D7D0	0x0806D7DB	thumb	sub_0806D7D0__11Unk0806D64C
0x0806D7DC	0x0806D813	thumb	sub_0806D7DC__11Unk0806D64C
0x0806D814	0x0806D827	thumb	sub_0806D814__11Unk0806D64C
0x0806D828	0x0806D83B	thumb	sub_0806D828__11Unk0806D64C
0x0806D83C	0x0806D84F	thumb	sub_0806D83C__11Unk0806D64C
0x0806D850	0x0806D853	thumb	sub_0806D850__11Unk0806D64C
0x0806D854	0x0806D85F	thumb	sub_0806D854__11Unk0806D64C
0x0806D860	0x0806D867	thumb	sub_0806D860__11Unk0806D64C
0x0806D868	0x0806D86F	thumb	sub_0806D868__11Unk0806D64C
0x0806D870	0x0806D877	thumb	sub_0806D870__11Unk0806D64C
0x0806D878	0x0806D8EB	thumb	sub_0806D878
0x0806D8EC	0x0806D9A3	thumb	sub_0806D8EC
0x0806D9A4	0x0806D9F3	thumb	sub_0806D9A4
0x0806D9F4	0x0806DADB	thumb	sub_0806D9F4
0x0806DADC	0x0806DB2B	thumb	sub_0806DADC
0x0806DB2C	0x0806DB37	thumb	sub_0806DB2C
0x0806DB38	0x0806DB5F	thumb	sub_0806DB38
0x0806DB60	0x0806DB73	thumb	sub_0806DB60
0x0806DB74	0x0806DB7B	thumb	sub_0806DB74
0x0806DB7C	0x0806DB7F	thumb	sub_0806DB7C
0x0806DB80	0x0806DB87	thumb	sub_0806DB80
0x0806DB88	0x0806DB8F	thumb	sub_0806DB88
0x0806DB90	0x0806DB9B	thumb	sub_0806DB90
0x0806DB9C	0x0806DBA7	thumb	sub_0806DB9C
0x0806DBA8	0x0806DBAB	thumb	sub_0806DBA8
0x0806DBAC	0x0806DBB3	thumb	sub_0806DBAC
0x0806DBB4	0x0806DBB7	thumb	sub_0806DBB4
0x0806DBB8	0x0806DBBB	thumb	sub_0806DBB8
0x0806DBBC	0x0806DBC3	thumb	sub_0806DBBC
0x0806DBC4	0x0806DBCF	thumb	sub_0806DBC4
0x0806DBD0	0x0806DBE3	thumb	sub_0806DBD0
0x0806DBE4	0x0806DBF7	thumb	sub_0806DBE4
0x0806DBF8	0x0806DC77	thumb	sub_0806DBF8
0x0806DC78	0x0806DD47	thumb	sub_0806DC78
0x0806DD48	0x0806DD9F	thumb	sub_0806DD48
0x0806DDA0	0x0806DEB7	thumb	sub_0806DDA0
0x0806DEB8	0x0806DEC3	thumb	sub_0806DEB8
0x0806DEC4	0x0806DEEB	thumb	sub_0806DEC4
0x0806DEEC	0x0806DEFF	thumb	sub_0806DEEC
0x0806DF00	0x0806DF03	thumb	sub_0806DF00
0x0806DF04	0x0806DF2B	thumb	sub_0806DF04
0x0806DF2C	0x0806DF47	thumb	sub_0806DF2C
0x0806DF48	0x0806DF4F	thumb	sub_0806DF48
0x0806DF50	0x0806DF53	thumb	sub_0806DF50
0x0806DF54	0x0806DF5B	thumb	sub_0806DF54
0x0806DF5C	0x0806DF63	thumb	sub_0806DF5C
0x0806DF64	0x0806DF6F	thumb	sub_0806DF64
0x0806DF70	0x0806DF7B	thumb	sub_0806DF70
0x0806DF7C	0x0806DF7F	thumb	sub_0806DF7C
0x0806DF80	0x0806DF87	thumb	sub_0806DF80
0x0806DF88	0x0806DF93	thumb	sub_0806DF88
0x0806DF94	0x0806DF97	thumb	sub_0806DF94
0x0806DF98	0x0806DFA3	thumb	sub_0806DF98
0x0806DFA4	0x0806DFAB	thumb	sub_0806DFA4
0x0806DFAC	0x0806DFAF	thumb	sub_0806DFAC
0x0806DFB0	0x0806DFB3	thumb	sub_0806DFB0
0x0806DFB4	0x0806DFBB	thumb	sub_0806DFB4
0x0806DFBC	0x0806DFC7	thumb	sub_0806DFBC
0x0806DFC8	0x0806DFDB	thumb	sub_0806DFC8
0x0806DFDC	0x0806DFEF	thumb	sub_0806DFDC
0x0806DFF0	0x0806E097	thumb	sub_0806DFF0
0x0806E098	0x0806E0FB	thumb	sub_0806E098
0x0806E0FC	0x0806E14F	thumb	sub_0806E0FC
0x0806E150	0x0806E1C7	thumb	sub_0806E150
0x0806E1C8	0x0806E235	thumb	bcd__3Msgi
0x0806E238	0x0806E273	thumb	genMisctextMsg__3MsgPUsi
0x0806E274	0x0806E287	thumb	__3Msg
0x0806E288	0x0806E2B7	thumb	__3MsgPCUsi
0x0806E2B8	0x0806E2E7	thumb	__3MsgRC3Msg
0x0806E2E8	0x0806E305	thumb	replace__3MsgRC3Msg
0x0806E308	0x0806E333	thumb	sub_0806E308
0x0806E334	0x0806E33B	thumb	getTextAtOffset__3Msgi
0x0806E33C	0x0806E343	thumb	getTextAtOffset__C3Msgi
0x0806E344	0x0806E34B	thumb	sub_0806E344
0x0806E34C	0x0806E373	thumb	appendCharacter__3MsgUs
0x0806E374	0x0806E3B3	thumb	concatenate__3MsgRC3Msg
0x0806E3B4	0x0806E413	thumb	insertAt__3MsgiRC3Msg
0x0806E414	0x0806E417	thumb	len__C3Msg
0x0806E418	0x0806E453	thumb	resize__3Msgi
0x0806E454	0x0806E47F	thumb	setText__3MsgPCUsi
0x0806E480	0x0806E487	thumb	sub_0806E480
0x0806E488	0x0806E4B7	thumb	makeInstance__16FntSystemManager
0x0806E4B8	0x0806E4C3	thumb	sub_0806E4B8
0x0806E4C4	0x0806E4FF	thumb	destroy__16FntSystemManager
0x0806E500	0x0806E50B	thumb	getRTTI_9FntSystem
0x0806E50C	0x0806E617	thumb	__9FntSystem
0x0806E618	0x0806E63F	thumb	sub_0806E618
0x0806E640	0x0806E6D7	thumb	sub_0806E640
0x0806E6D8	0x0806E74B	thumb	sub_0806E6D8
0x0806E74C	0x0806E7B3	thumb	sub_0806E74C
0x0806E7B4	0x0806E803	thumb	sub_0806E7B4
0x0806E804	0x0806E81F	thumb	_GLOBAL_I_FntSystemManager
0x0806E820	0x0806E8BB	thumb	sub_0806E820
0x0806E8BC	0x0806E90B	thumb	sub_0806E8BC
0x0806E90C	0x0806E93B	thumb	sub_0806E90C
0x0806E93C	0x0806E947	thumb	sub_0806E93C
0x0806E948	0x0806E977	thumb	sub_0806E948
0x0806E978	0x0806E99F	thumb	sub_0806E978
0x0806E9A0	0x0806E9C3	thumb	sub_0806E9A0
0x0806E9C4	0x0806E9E7	thumb	sub_0806E9C4
0x0806E9E8	0x0806EA0B	thumb	sub_0806E9E8
0x0806EA0C	0x0806EA17	thumb	sub_0806EA0C
0x0806EA18	0x0806EA2B	thumb	sub_0806EA18
0x0806EA2C	0x0806EA33	thumb	sub_0806EA2C
0x0806EA34	0x0806EA73	thumb	sub_0806EA34
0x0806EA74	0x0806EA7B	thumb	sub_0806EA74
0x0806EA7C	0x0806EA87	thumb	sub_0806EA7C
0x0806EA88	0x0806EAC7	thumb	sub_0806EA88
0x0806EAC8	0x0806EB2B	thumb	sub_0806EAC8
0x0806EB2C	0x0806EBCF	thumb	sub_0806EB2C
0x0806EBD0	0x0806EBD7	thumb	sub_0806EBD0
0x0806EBD8	0x0806EC07	thumb	sub_0806EBD8
0x0806EC08	0x0806EC13	thumb	sub_0806EC08
0x0806EC14	0x0806EC4F	thumb	sub_0806EC14
0x0806EC50	0x0806EC5B	thumb	getRTTI_9RasSystem
0x0806EC5C	0x0806ECFF	thumb	__9RasSystem
0x0806ED00	0x0806ED2B	thumb	sub_0806ED00
0x0806ED2C	0x0806ED93	thumb	sub_0806ED2C
0x0806ED94	0x0806ED97	thumb	sub_0806ED94
0x0806ED98	0x0806EDA3	thumb	sub_0806ED98
0x0806EDA4	0x0806EDA7	thumb	sub_0806EDA4
0x0806EDA8	0x0806EDB3	thumb	sub_0806EDA8
0x0806EDB4	0x0806EDBF	thumb	sub_0806EDB4
0x0806EDC0	0x0806EDD3	thumb	sub_0806EDC0
0x0806EDD4	0x0806EDEF	thumb	_GLOBAL_I_RasSystemManager
0x0806EDF0	0x0806EE8F	thumb	sub_0806EDF0
0x0806EE90	0x0806EF17	thumb	sub_0806EE90
0x0806EF18	0x0806EF1B	thumb	sub_0806EF18
0x0806EF1C	0x0806EF1F	thumb	sub_0806EF1C
0x0806EF20	0x0806EF23	thumb	sub_0806EF20
0x0806EF24	0x0806EF27	thumb	sub_0806EF24
0x0806EF28	0x0806EF2B	thumb	sub_0806EF28
0x0806EF2C	0x0806EF2F	thumb	sub_0806EF2C
0x0806EF30	0x0806EF33	thumb	sub_0806EF30
0x0806EF34	0x0806F02F	thumb	sub_0806EF34
0x0806F030	0x0806F1EB	thumb	sub_0806F030
0x0806F1EC	0x0806F26B	thumb	sub_0806F1EC
0x0806F26C	0x0806F2CB	thumb	sub_0806F26C
0x0806F2CC	0x0806F2D3	thumb	sub_0806F2CC
0x0806F2D4	0x0806F2DB	thumb	sub_0806F2D4
0x0806F2DC	0x0806F2E3	thumb	sub_0806F2DC
0x0806F2E4	0x0806F2EB	thumb	sub_0806F2E4
0x0806F2EC	0x0806F2F3	thumb	sub_0806F2EC
0x0806F2F4	0x0806F2FB	thumb	sub_0806F2F4
0x0806F2FC	0x0806F303	thumb	sub_0806F2FC
0x0806F304	0x0806F30B	thumb	sub_0806F304
0x0806F30C	0x0806F313	thumb	sub_0806F30C
0x0806F314	0x0806F31B	thumb	sub_0806F314
0x0806F31C	0x0806F323	thumb	sub_0806F31C
0x0806F324	0x0806F32B	thumb	sub_0806F324
0x0806F32C	0x0806F34B	thumb	sub_0806F32C
0x0806F34C	0x0806F37F	thumb	sub_0806F34C
0x0806F380	0x0806F42B	thumb	sub_0806F380
0x0806F42C	0x0806F52B	thumb	sub_0806F42C
0x0806F52C	0x0806F55F	thumb	sub_0806F52C
0x0806F560	0x0806F56B	thumb	sub_0806F560
0x0806F56C	0x0806F5EB	thumb	sub_0806F56C
0x0806F5EC	0x0806F5FF	thumb	sub_0806F5EC
0x0806F600	0x0806F6DF	thumb	sub_0806F600
0x0806F6E0	0x0806F7D3	thumb	sub_0806F6E0
0x0806F7D4	0x0806F7DF	thumb	sub_0806F7D4
0x0806F7E0	0x0806F7EB	thumb	sub_0806F7E0
0x0806F7EC	0x0806F89B	thumb	sub_0806F7EC
0x0806F89C	0x0806F8AF	thumb	sub_0806F89C
0x0806F8B0	0x0806F96F	thumb	sub_0806F8B0
0x0806F970	0x0806F97B	thumb	sub_0806F970
0x0806F97C	0x0806F9FF	thumb	sub_0806F97C
0x0806FA00	0x0806FA13	thumb	sub_0806FA00
0x0806FA14	0x0806FB63	thumb	sub_0806FA14
0x0806FB64	0x0806FB6F	thumb	sub_0806FB64
0x0806FB70	0x0806FB77	thumb	manager__16EfcSystemManager
0x0806FB78	0x0806FBA7	thumb	makeInstance__16EfcSystemManager
0x0806FBA8	0x0806FBB3	thumb	get__16EfcSystemManager
0x0806FBB4	0x0806FBEF	thumb	destroy__16EfcSystemManager
0x0806FBF0	0x0806FBF9	thumb	getRTTI__9EfcSystem
0x0806FBFC	0x0806FC27	thumb	__9EfcSystem
0x0806FC28	0x0806FC53	thumb	_._9EfcSystem
0x0806FC54	0x0806FCC7	thumb	sub_0806FC54
0x0806FCC8	0x0806FCD3	thumb	type__9EfcSystem
0x0806FCD4	0x0806FCE5	thumb	loadEntry__9EfcSystemUi
0x0806FCE8	0x0806FCEB	thumb	get_28__9EfcSystem
0x0806FCEC	0x0806FD0F	thumb	sub_0806FCEC
0x0806FD10	0x0806FD13	thumb	get_30__9EfcSystem
0x0806FD14	0x0806FD1B	thumb	sub_0806FD14__9EfcSystemi
0x0806FD1C	0x0806FD1F	thumb	get_38__9EfcSystem
0x0806FD20	0x0806FD5B	thumb	sub_0806FD20
0x0806FD5C	0x0806FD77	thumb	_GLOBAL_.I.sub_0806EDF0
0x0806FD78	0x0806FD7F	thumb	manager__16SndSystemManager
0x0806FD80	0x0806FDAF	thumb	makeInstance__16SndSystemManager
0x0806FDB0	0x0806FDBB	thumb	get__16SndSystemManager
0x0806FDBC	0x0806FDF7	thumb	destroy__16SndSystemManager
0x0806FDF8	0x0806FE01	thumb	getRTTI__9SndSystem
0x0806FE04	0x0806FE63	thumb	__9SndSystem
0x0806FE64	0x0806FEBB	thumb	_._9SndSystem
0x0806FEBC	0x0806FEC5	thumb	vsyncOn__9SndSystem
0x0806FEC8	0x0806FED1	thumb	vsyncOff__9SndSystem
0x0806FED4	0x0806FEED	thumb	setUnk20__9SndSystemUs
0x0806FEF0	0x0806FEF5	thumb	setUnk22__9SndSystemUc
0x0806FEF8	0x0806FEFB	thumb	getUnk20__9SndSystem
0x0806FEFC	0x0806FF01	thumb	getUnk22__9SndSystem
0x0806FF04	0x0806FF0D	thumb	main__9SndSystem
0x0806FF10	0x0806FF19	thumb	vsync__9SndSystem
0x0806FF1C	0x0806FF37	thumb	_GLOBAL_.I.manager__16SndSystemManager
0x0806FF38	0x0806FF6B	thumb	__5Sound
0x0806FF6C	0x0806FFA7	thumb	__5SoundUs
0x0806FFA8	0x0806FFBB	thumb	_._5Sound
0x0806FFBC	0x08070047	thumb	setup__5SoundUs
0x08070048	0x080700E3	thumb	play__5Soundi
0x080700E4	0x08070117	thumb	stop__5Soundi
0x08070118	0x0807014B	thumb	continue_play__5Soundi
0x0807014C	0x080701AB	thumb	clear__5Soundi
0x080701AC	0x080701F7	thumb	isPlaying__5Sound
0x080701F8	0x0807024F	thumb	sound_1f8__5Sound
0x08070250	0x080702A7	thumb	sound_250__5Sound
0x080702A8	0x080702BD	thumb	fixFade__5Soundi
0x080702C0	0x080702E9	thumb	setTempo__5Soundi
0x080702EC	0x0807031F	thumb	setVolume__5Soundi
0x08070320	0x0807035B	thumb	setPan__5Soundi
0x0807035C	0x0807035F	thumb	getIndex__5Sound
0x08070360	0x08070363	thumb	getTempo__5Sound
0x08070364	0x08070367	thumb	getVolume__5Sound
0x08070368	0x08070371	thumb	getPan__5Sound
0x08070374	0x08070389	thumb	getTimestamp__5Sound
0x0807038C	0x080703A3	thumb	getPlayerClock__5Sound
0x080703A4	0x08070413	thumb	sub_080703A4
0x08070414	0x08070477	thumb	sub_08070414
0x08070478	0x08070577	thumb	sub_08070478
0x08070578	0x0807058B	thumb	sub_08070578
0x0807058C	0x080705A3	thumb	sub_0807058C
0x080705A4	0x08070653	thumb	sub_080705A4
0x08070654	0x0807065F	thumb	sub_08070654
0x08070660	0x0807066B	thumb	randS32
0x0807066C	0x0807067B	thumb	sub_0807066C
0x0807067C	0x08070689	thumb	Remainder
0x0807068C	0x0807069F	thumb	setsleep
0x080706A0	0x080706CD	thumb	sub_080706A0
0x080706D0	0x08070737	thumb	sub_080706D0
0x08070738	0x08070751	thumb	sub_08070738
0x08070754	0x0807076D	thumb	sub_08070754
0x08070770	0x08070789	thumb	sub_08070770
0x0807078C	0x080707A5	thumb	sub_0807078C
0x080707A8	0x080707C1	thumb	sub_080707A8
0x080707C4	0x080707E3	thumb	sub_080707C4
0x080707E4	0x08070821	thumb	PlaySoundBlocking
0x08070824	0x0807084B	thumb	playSound
0x0807084C	0x080708A7	thumb	__5ComboP5ComboUiUiUiUi
0x080708A8	0x080708DF	thumb	_._5Combo
0x080708E0	0x08070903	thumb	append__5ComboP5Combo
0x08070904	0x0807093D	thumb	remove__5ComboP5Combo
0x08070940	0x08070971	thumb	back__5Combo
0x08070974	0x080709A5	thumb	combo_70__5Combo
0x080709A8	0x080709AB	thumb	prev__5Combo
0x080709AC	0x080709AF	thumb	next__5Combo
0x080709B0	0x080709B3	thumb	head__5Combo
0x080709B4	0x08070A05	thumb	combo_98__5CombobT1
0x08070A08	0x08070A59	thumb	combo_a0__5CombobT1
0x08070A5C	0x08070AAD	thumb	combo_a8__5CombobT1
0x08070AB0	0x08070AD5	thumb	combo_b0__5CombobT1
0x08070AD8	0x08070AFD	thumb	combo_b8__5CombobT1
0x08070B00	0x08070B25	thumb	combo_c0__5CombobT1
0x08070B28	0x08070B2D	thumb	setRhythm__5ComboR11ComboRhythm
0x08070B30	0x08070B35	thumb	setRhythm__5ComboUiUi
0x08070B38	0x08070B3D	thumb	setRhythm2__5ComboR11ComboRhythm
0x08070B40	0x08070B45	thumb	setRhythm2__5ComboUiUi
0x08070B48	0x08070B4D	thumb	combo_e8__5ComboUi
0x08070B50	0x08070B59	thumb	combo_f0__5Combo
0x08070B5C	0x08070B67	thumb	combo_f8__5Combo
0x08070B68	0x08070B73	thumb	combo_100__5Combo
0x08070B74	0x08070B7F	thumb	combo_108__5Combo
0x08070B80	0x08070B8B	thumb	combo_110__5Combo
0x08070B8C	0x08070B97	thumb	combo_118__5Combo
0x08070B98	0x08070B9D	thumb	getRhythm__5Combo
0x08070BA0	0x08070BA5	thumb	getRhythm2__5Combo
0x08070BA8	0x08070BB1	thumb	combo_130__5Combo
0x08070BB4	0x08070C37	thumb	beatInRange__5ComboR11ComboRhythm
0x08070C38	0x08070CA1	thumb	sub_08070C38__5ComboR11ComboRhythm
0x08070CA4	0x08070D3F	thumb	sub_08070CA4
0x08070D40	0x08070E1F	thumb	sub_08070D40
0x08070E20	0x08070EFF	thumb	sub_08070E20
0x08070F00	0x08070F73	thumb	sub_08070F00
0x08070F74	0x08070FE3	thumb	sub_08070F74
0x08070FE4	0x08070FE7	thumb	nullsub_105
0x08070FE8	0x0807105B	thumb	__9ComboRootUiUiUiUi
0x0807105C	0x080710AF	thumb	_._9ComboRoot
0x080710B0	0x080710BB	thumb	sub_080710B0
0x080710BC	0x08071107	thumb	sub_080710BC__9ComboRootP9ComboRoot
0x08071108	0x0807113B	thumb	sub_08071108
0x0807113C	0x0807114F	thumb	sub_0807113C
0x08071150	0x08071173	thumb	sub_08071150
0x08071174	0x08071193	thumb	sub_08071174
0x08071194	0x080711B7	thumb	sub_08071194
0x080711B8	0x080711BB	thumb	sub_080711B8
0x080711BC	0x080711C3	thumb	sub_080711BC
0x080711C4	0x08071267	thumb	sub_080711C4
0x08071268	0x08071333	thumb	sub_08071268
0x08071334	0x08071363	thumb	sub_08071334
0x08071364	0x0807138B	thumb	sub_08071364
0x0807138C	0x0807149F	thumb	sub_0807138C
0x080714A0	0x080714A3	thumb	sub_080714A0
0x080714A4	0x080714AB	thumb	sub_080714A4
0x080714AC	0x080714AF	thumb	sub_080714AC
0x080714B0	0x080714B3	thumb	sub_080714B0
0x080714B4	0x080714BF	thumb	sub_080714B4
0x080714C0	0x080714C3	thumb	sub_080714C0
0x080714C4	0x080714CB	thumb	sub_080714C4
0x080714CC	0x080714CF	thumb	sub_080714CC
0x080714D0	0x080714D3	thumb	sub_080714D0
0x080714D4	0x080714DB	thumb	sub_080714D4
0x080714DC	0x080714DF	thumb	sub_080714DC
0x080714E0	0x080714E3	thumb	sub_080714E0
0x080714E4	0x080714FF	thumb	sub_080714E4
0x08071500	0x080715DF	thumb	sub_08071500
0x080715E0	0x0807163B	thumb	sub_080715E0
0x0807163C	0x0807165B	thumb	sub_0807163C
0x0807165C	0x080716CB	thumb	sub_0807165C
0x080716CC	0x08071713	thumb	sub_080716CC
0x08071714	0x080717F7	thumb	sub_08071714
0x080717F8	0x08071827	thumb	sub_080717F8
0x08071828	0x080718BF	thumb	sub_08071828
0x080718C0	0x080718EB	thumb	sub_080718C0
0x080718EC	0x08071913	thumb	sub_080718EC
0x08071914	0x0807191B	thumb	sub_08071914
0x0807191C	0x0807191F	thumb	sub_0807191C
0x08071920	0x08071953	thumb	sub_08071920
0x08071954	0x080719C3	thumb	sub_08071954
0x080719C4	0x08071A5B	thumb	sub_080719C4
0x08071A5C	0x08071A77	thumb	sub_08071A5C
0x08071A78	0x08071AC3	thumb	sub_08071A78
0x08071AC4	0x08071B7B	thumb	sub_08071AC4
0x08071B7C	0x08071B8F	thumb	sub_08071B7C
0x08071B90	0x08071B97	thumb	sub_08071B90
0x08071B98	0x08071B9F	thumb	sub_08071B98
0x08071BA0	0x08071BF7	thumb	sub_08071BA0
0x08071BF8	0x08071CAF	thumb	sub_08071BF8
0x08071CB0	0x08071CC3	thumb	sub_08071CB0
0x08071CC4	0x08071CCB	thumb	sub_08071CC4
0x08071CCC	0x08071CD3	thumb	sub_08071CCC
0x08071CD4	0x08071D2B	thumb	sub_08071CD4
0x08071D2C	0x08071DE3	thumb	sub_08071D2C
0x08071DE4	0x08071DF7	thumb	sub_08071DE4
0x08071DF8	0x08071DFF	thumb	sub_08071DF8
0x08071E00	0x08071E07	thumb	sub_08071E00
0x08071E08	0x08071E5B	thumb	sub_08071E08
0x08071E5C	0x08071F13	thumb	sub_08071E5C
0x08071F14	0x08071F27	thumb	sub_08071F14
0x08071F28	0x08071F2F	thumb	sub_08071F28
0x08071F30	0x08071F37	thumb	sub_08071F30
0x08071F38	0x08071F8B	thumb	sub_08071F38
0x08071F8C	0x08071FBB	thumb	__10KeyFocuser
0x08071FBC	0x08071FEF	thumb	_._10KeyFocuser
0x08071FF0	0x08071FF7	thumb	manager__22KeyFocusManagerManager
0x08071FF8	0x08072027	thumb	makeInstance__22KeyFocusManagerManager
0x08072028	0x08072033	thumb	get__22KeyFocusManagerManager
0x08072034	0x0807206F	thumb	destroy__22KeyFocusManagerManager
0x08072070	0x08072079	thumb	getRTTI__15KeyFocusManager
0x0807207C	0x080723FB	thumb	__15KeyFocusManager
0x080723FC	0x08072423	thumb	_._15KeyFocusManager
0x08072424	0x0807248B	thumb	sub_08072424
0x0807248C	0x080724F7	thumb	sub_0807248C
0x080724F8	0x08072517	thumb	sub_080724F8
0x08072518	0x0807254B	thumb	sub_08072518
0x0807254C	0x08072567	thumb	_GLOBAL_.I.sub_080703A4
0x08072568	0x08072585	thumb	sub_08072568
0x08072588	0x080725A5	thumb	sub_08072588
0x080725A8	0x080725C5	thumb	sub_080725A8
0x080725C8	0x080725E5	thumb	sub_080725C8
0x080725E8	0x08072605	thumb	sub_080725E8
0x08072608	0x08072625	thumb	sub_08072608
0x08072628	0x08072645	thumb	IsBossBattle
0x08072648	0x08072697	thumb	sub_08072648
0x08072698	0x080726B5	thumb	getCurrentBattleGroup
0x080726B8	0x080726D5	thumb	sub_080726B8
0x080726D8	0x080726F5	thumb	sub_080726D8
0x080726F8	0x08072715	thumb	sub_080726F8
0x08072718	0x08072735	thumb	sub_08072718
0x08072738	0x08072755	thumb	sub_08072738
0x08072758	0x08072775	thumb	sub_08072758
0x08072778	0x08072795	thumb	battleWon
0x08072798	0x080727B5	thumb	roundNumber
0x080727B8	0x080727D5	thumb	sub_080727B8
0x080727D8	0x080727F5	thumb	sub_080727D8
0x080727F8	0x08072815	thumb	sub_080727F8
0x08072818	0x08072835	thumb	IsBattleLost
0x08072838	0x08072855	thumb	sub_08072838
0x08072858	0x08072875	thumb	sub_08072858
0x08072878	0x08072895	thumb	sub_08072878
0x08072898	0x080728B5	thumb	sub_08072898
0x080728B8	0x080728D5	thumb	getPartyInfo
0x080728D8	0x080728F5	thumb	getGuestInfo
0x080728F8	0x08072915	thumb	getMonsterInfo
0x08072918	0x08072935	thumb	sub_08072918
0x08072938	0x08072963	thumb	IsPlayer
0x08072964	0x080729AF	thumb	IsPlayerAndType
0x080729B0	0x080729DB	thumb	tryCastPlayer__5GoodsP4Unit
0x080729DC	0x080729F5	thumb	getPartyCount
0x080729F8	0x08072A17	thumb	GetPlayer
0x08072A18	0x08072A87	thumb	getPlayerByID
0x08072A88	0x08072AA1	thumb	sub_08072A88__Fv
0x08072AA4	0x08072AC3	thumb	sub_08072AA4__Fi
0x08072AC4	0x08072B33	thumb	sub_08072AC4
0x08072B34	0x08072B4D	thumb	sub_08072B34
0x08072B50	0x08072B6F	thumb	sub_08072B50
0x08072B70	0x08072BB9	thumb	sub_08072B70__Fv
0x08072BBC	0x08072BE7	thumb	sub_08072BBC
0x08072BE8	0x08072C33	thumb	sub_08072BE8
0x08072C34	0x08072C5F	thumb	sub_08072C34
0x08072C60	0x08072C79	thumb	sub_08072C60
0x08072C7C	0x08072C9B	thumb	sub_08072C7C
0x08072C9C	0x08072D0B	thumb	sub_08072C9C
0x08072D0C	0x08072D55	thumb	sub_08072D0C__Fv
0x08072D58	0x08072D83	thumb	typeIsMonster
0x08072D84	0x08072DCF	thumb	isMonsterVariant
0x08072DD0	0x08072DFB	thumb	dynaCastMonster
0x08072DFC	0x08072E15	thumb	sub_08072DFC__Fv
0x08072E18	0x08072E37	thumb	sub_08072E18__Fi
0x08072E38	0x08072EA7	thumb	sub_08072E38
0x08072EA8	0x08072EC1	thumb	GetMonsterCount
0x08072EC4	0x08072EE3	thumb	GetMonster
0x08072EE4	0x08072F53	thumb	sub_08072EE4
0x08072F54	0x08072F9B	thumb	sub_08072F54
0x08072F9C	0x08072FDF	thumb	sub_08072F9C
0x08072FE0	0x08073015	thumb	sub_08072FE0
0x08073018	0x0807306F	thumb	sub_08073018__FbT0
0x08073070	0x080730FB	thumb	sub_08073070
0x080730FC	0x0807314D	thumb	PlayAnimation
0x08073150	0x08073197	thumb	PlayAnimationForEach
0x08073198	0x080731ED	thumb	sub_08073198
0x080731F0	0x0807323B	thumb	sub_080731F0
0x0807323C	0x0807326D	thumb	sub_0807323C
0x08073270	0x080732C9	thumb	sub_08073270
0x080732CC	0x080732FD	thumb	sub_080732CC
0x08073300	0x08073359	thumb	sub_08073300
0x0807335C	0x08073443	thumb	sub_0807335C
0x08073444	0x0807345F	thumb	sub_08073444__FUs
0x08073460	0x0807349D	thumb	ROMStrFmt__FiRC3MsgN21
0x080734A0	0x080735DF	thumb	StrFmt
0x080735E0	0x0807362B	thumb	print__3MsgRC5Colorb
0x0807362C	0x0807367B	thumb	sub_0807362C
0x0807367C	0x080736B3	thumb	sub_0807367C
0x080736B4	0x080736F7	thumb	sub_080736B4
0x080736F8	0x08073733	thumb	sub_080736F8
0x08073734	0x08073929	thumb	hitPlayer
0x0807392C	0x08073ABB	thumb	sub_0807392C
0x08073ABC	0x08073C4B	thumb	sub_08073ABC
0x08073C4C	0x08073CEF	thumb	InitHeal
0x08073CF0	0x08073D97	thumb	sub_08073CF0
0x08073D98	0x08073E3B	thumb	sub_08073D98
0x08073E3C	0x08073EE7	thumb	sub_08073E3C
0x08073EE8	0x08073F85	thumb	statusWearOff__FP4UnitUsb
0x08073F88	0x08073F95	thumb	getPlayerSkill
0x08073F98	0x08073FC3	thumb	sub_08073F98
0x08073FC4	0x0807400F	thumb	sub_08073FC4
0x08074010	0x0807401D	thumb	getPsi
0x08074020	0x0807404B	thumb	sub_08074020
0x0807404C	0x08074097	thumb	sub_0807404C
0x08074098	0x080740A9	thumb	getGoods
0x080740AC	0x080740D7	thumb	sub_080740AC
0x080740D8	0x08074123	thumb	IsGoodsAndType
0x08074124	0x08074131	thumb	getGuestSkill
0x08074134	0x0807415F	thumb	sub_08074134
0x08074160	0x080741AB	thumb	sub_08074160
0x080741AC	0x080741B9	thumb	getMonsterSkill
0x080741BC	0x080741E7	thumb	sub_080741BC
0x080741E8	0x08074233	thumb	IsMonsterSkillAndType
0x08074234	0x080742EB	thumb	triggerMonsterSkill
0x080742EC	0x08074337	thumb	sub_080742EC
0x08074338	0x08074393	thumb	sub_08074338
0x08074394	0x08074413	thumb	sub_08074394
0x08074414	0x08074493	thumb	sub_08074414__FiiibN23
0x08074494	0x08074517	thumb	sub_08074494
0x08074518	0x0807459B	thumb	sub_08074518
0x0807459C	0x08074611	thumb	sub_0807459C__FUsiii
0x08074614	0x0807462D	thumb	sub_08074614
0x08074630	0x08074637	thumb	get__12RhythmInRTTI
0x08074638	0x08074641	thumb	getRTTI__8RhythmIn
0x08074644	0x0807464B	thumb	get__13RhythmOutRTTI
0x0807464C	0x08074655	thumb	getRTTI__9RhythmOut
0x08074658	0x0807465F	thumb	get__13RhythmBgmRTTI
0x08074660	0x08074669	thumb	getRTTI__9RhythmBgm
0x0807466C	0x0807470F	thumb	__9RhythmBgmUs
0x08074710	0x0807473B	thumb	GetRhythmDataBySongNum__9RhythmBgmUs
0x0807473C	0x0807476B	thumb	_._9RhythmBgm
0x0807476C	0x080747CB	thumb	sub_0807476C__9RhythmBgm
0x080747CC	0x080747F1	thumb	sub_080747CC__9RhythmBgmUs
0x080747F4	0x08074851	thumb	sub_080747F4__9RhythmBgm
0x08074854	0x08074879	thumb	sub_08074854__9RhythmBgmUs
0x0807487C	0x08074895	thumb	getTempo__9RhythmBgm
0x08074898	0x0807489B	thumb	sub_08074898__9RhythmBgm
0x0807489C	0x080748C5	thumb	sub_0807489C__9RhythmBgm
0x080748C8	0x080749D7	thumb	sub_080748C8__9RhythmBgm
0x080749D8	0x08074A1B	thumb	_GLOBAL_.I.sub_080736F8
0x08074A1C	0x08074A33	thumb	__9RhythmBgm
0x08074A34	0x08074A3B	thumb	get__11SuspendRTTI
0x08074A3C	0x08074A45	thumb	getRTTI__7Suspend
0x08074A48	0x08074A4F	thumb	get__10ResumeRTTI
0x08074A50	0x08074A59	thumb	getRTTI__6Resume
0x08074A5C	0x08074A63	thumb	get__12UnitJoinRTTI
0x08074A64	0x08074A6D	thumb	getRTTI__8UnitJoin
0x08074A70	0x08074A77	thumb	get__14UnitReviveRTTI
0x08074A78	0x08074A81	thumb	getRTTI__10UnitRevive
0x08074A84	0x08074A8B	thumb	get__14UnitEscapeRTTI
0x08074A8C	0x08074A95	thumb	getRTTI__10UnitEscape
0x08074A98	0x08074A9F	thumb	get__11UnitDieRTTI
0x08074AA0	0x08074AA9	thumb	getRTTI__7UnitDie
0x08074AAC	0x08074B43	thumb	__4Unit
0x08074B44	0x08074B9F	thumb	Unit_dt
0x08074BA0	0x08074BA1	thumb	nullsub_106__4Unit
0x08074BA4	0x08074C4D	thumb	kill__4Unit
0x08074C50	0x08074C5D	thumb	revive__4Unit
0x08074C60	0x08074C7F	thumb	setDead__4UnitUib
0x08074C80	0x08074C93	thumb	isAlive__4Unit
0x08074C94	0x08074CA7	thumb	isDead__4Unit
0x08074CA8	0x08074CE3	thumb	onTurn__4Unit
0x08074CE4	0x0807500D	thumb	dispStatusMsg__4Unit
0x08075010	0x0807502B	thumb	onAction__4UnitP6Action
0x0807502C	0x08075043	thumb	unit_d8__4UnitP6Action
0x08075044	0x08075045	thumb	unit_78__4UnitP6Action
0x08075048	0x0807505F	thumb	alertActionFinish__4UnitP6Action
0x08075060	0x08075061	thumb	onActionFinish__4UnitP6Action
0x08075064	0x0807507B	thumb	unit_e8__4UnitP6Action
0x0807507C	0x0807507D	thumb	unit_88__4UnitP6Action
0x08075080	0x08075097	thumb	unit_f0__4UnitP6Action
0x08075098	0x08075099	thumb	unit_90__4UnitP6Action
0x0807509C	0x080750B3	thumb	alertActionReceive__4UnitP6Action
0x080750B4	0x080750B5	thumb	onActionReceive__4UnitP6Action
0x080750B8	0x080750CF	thumb	unit_100__4UnitP6Action
0x080750D0	0x080750D1	thumb	unit_a0__4UnitP6Action
0x080750D4	0x080750D5	thumb	onNoStatus__4Unit
0x080750D8	0x080750ED	thumb	setLevel__4Uniti
0x080750F0	0x0807511F	thumb	setHP__4Uniti
0x08075120	0x0807513B	thumb	setMaxHP__4Uniti
0x0807513C	0x0807516B	thumb	setPP__4Uniti
0x0807516C	0x08075187	thumb	setMaxPP__4Uniti
0x08075188	0x0807519D	thumb	setOffense__4Uniti
0x080751A0	0x080751B5	thumb	setDefense__4Uniti
0x080751B8	0x080751CD	thumb	setIQ__4Uniti
0x080751D0	0x080751E5	thumb	setSpeed__4Uniti
0x080751E8	0x080751FF	thumb	setKindness__4Uniti
0x08075200	0x08075223	thumb	setElementWeakness__4Unitii
0x08075224	0x08075247	thumb	setStatusWeakness__4UnitUsi
0x08075248	0x0807524D	thumb	unit_170__4UnitUi
0x08075250	0x08075253	thumb	level__C4Unit
0x08075254	0x08075257	thumb	hpReal__C4Unit
0x08075258	0x08075271	thumb	hp__C4Unit
0x08075274	0x08075277	thumb	maxHP__C4Unit
0x08075278	0x0807527D	thumb	ppReal__C4Unit
0x08075280	0x08075299	thumb	pp__C4Unit
0x0807529C	0x080752A1	thumb	maxPP__C4Unit
0x080752A4	0x080752A9	thumb	offense__C4Unit
0x080752AC	0x080752B1	thumb	defense__C4Unit
0x080752B4	0x080752B9	thumb	iq__C4Unit
0x080752BC	0x080752C1	thumb	speed__C4Unit
0x080752C4	0x080752CB	thumb	kindness__C4Unit
0x080752CC	0x080752D7	thumb	getElementWeakness__C4UnitUi
0x080752D8	0x080752E5	thumb	getStatusWeakness__C4UnitUs
0x080752E8	0x080752ED	thumb	unit_200__C4Unit
0x080752F0	0x08075371	thumb	addCmd__4UnitUi
0x08075374	0x080753FF	thumb	removeOneCmd__4UnitUs
0x08075400	0x08075453	thumb	clearAllCmds__4Unit
0x08075454	0x08075459	thumb	cmdCount__C4Unit
0x0807545C	0x0807547F	thumb	getCmdType__4Uniti
0x08075480	0x0807548B	thumb	getCmd__4Uniti
0x0807548C	0x080754CF	thumb	hasCmd__4UnitUs
0x080754D0	0x08075531	thumb	getCmdIdx__4UnitUs
0x08075534	0x0807559B	thumb	findCmd__4UnitUs
0x0807559C	0x08075743	thumb	unit_268__4UnitUi
0x08075744	0x0807576F	thumb	flagStuff__4UnitUs
0x08075770	0x080757FB	thumb	removeOneStatus__4UnitUs
0x080757FC	0x0807583F	thumb	removeStatus__4UnitUs
0x08075840	0x08075893	thumb	clearAllStatuses__4Unit
0x08075894	0x08075899	thumb	statusCount__C4Unit
0x0807589C	0x080758BF	thumb	getStatusType__4Uniti
0x080758C0	0x080758CB	thumb	getStatus__4Uniti
0x080758CC	0x0807590F	thumb	hasStatus__4UnitUs
0x08075910	0x08075971	thumb	getStatusIdx__4UnitUs
0x08075974	0x080759CD	thumb	findStatus__4UnitUs
0x080759D0	0x08075A1F	thumb	getStatusTypeCount__4UnitUs
0x08075A20	0x08075A9F	thumb	_GLOBAL_.I.get__11SuspendRTTI
0x08075AA0	0x08075ABB	thumb	__7UnitDieUi
0x08075ABC	0x08075AD7	thumb	__7UnitDie
0x08075AD8	0x08075AF3	thumb	__10UnitEscapeUi
0x08075AF4	0x08075B0F	thumb	__10UnitEscape
0x08075B10	0x08075B2B	thumb	__10UnitReviveUi
0x08075B2C	0x08075B47	thumb	__10UnitRevive
0x08075B48	0x08075B63	thumb	__8UnitJoinUi
0x08075B64	0x08075B7F	thumb	__8UnitJoin
0x08075B80	0x08075B97	thumb	__6Resume
0x08075B98	0x08075BAF	thumb	__7Suspend
0x08075BB0	0x08075BF7	thumb	__10UnitTargetUsP4Unit
0x08075BF8	0x08075C27	thumb	_._10UnitTarget
0x08075C28	0x08075C2D	thumb	type__C10UnitTarget
0x08075C30	0x08075C33	thumb	getUnit__C10UnitTarget
0x08075C34	0x08075C39	thumb	getSelection__C10UnitTarget
0x08075C3C	0x08075CD5	thumb	targettingAlly__10UnitTarget
0x08075CD8	0x08075D71	thumb	targettingMonster__10UnitTarget
0x08075D74	0x08075D79	thumb	attackdata_a0__C10UnitTarget
0x08075D7C	0x08075D9B	thumb	attackdata_a8__C10UnitTarget
0x08075D9C	0x08075DBB	thumb	attackdata_b0__C10UnitTarget
0x08075DBC	0x08075DC1	thumb	attackdata_b8__C10UnitTarget
0x08075DC4	0x08075DD3	thumb	attackdata_c0__C10UnitTarget
0x08075DD4	0x08075E2F	thumb	attackdata_c8__10UnitTarget
0x08075E30	0x08076103	thumb	attackdata_68__10UnitTarget
0x08076104	0x0807616B	thumb	addTarget__10UnitTargetP4Unit
0x0807616C	0x080761C5	thumb	removeTarget__10UnitTargetP4Unit
0x080761C8	0x080761CB	thumb	numTargets__C10UnitTarget
0x080761CC	0x080761FF	thumb	attackdata_e8__C10UnitTarget
0x08076200	0x08076209	thumb	getTarget__10UnitTargeti
0x0807620C	0x0807623F	thumb	getTargetIndex__C10UnitTargetP4Unit
0x08076240	0x080765EF	thumb	attackdata_70__10UnitTarget
0x080765F0	0x08076657	thumb	attackdata_100__10UnitTargetP4Unit
0x08076658	0x080766B1	thumb	attackdata_108__10UnitTargetP4Unit
0x080766B4	0x080766B7	thumb	attackdata_110__C10UnitTarget
0x080766B8	0x080766C1	thumb	attackdata_118__10UnitTargeti
0x080766C4	0x080766F7	thumb	attackdata_120__C10UnitTargetP4Unit
0x080766F8	0x08076A67	thumb	__16UnitTargetChoiceUsP4Unit
0x08076A68	0x08076B2F	thumb	_._16UnitTargetChoice
0x08076B30	0x08076BBB	thumb	sub_08076B30
0x08076BBC	0x08076D17	thumb	sub_08076BBC
0x08076D18	0x08076E7F	thumb	sub_08076D18
0x08076E80	0x08076F33	thumb	sub_08076E80
0x08076F34	0x08076FE7	thumb	sub_08076F34
0x08076FE8	0x08076FF7	thumb	sub_08076FE8
0x08076FF8	0x08077007	thumb	sub_08076FF8
0x08077008	0x0807705B	thumb	sub_08077008
0x0807705C	0x080770B7	thumb	sub_0807705C
0x080770B8	0x080770C7	thumb	sub_080770B8
0x080770C8	0x080770E7	thumb	sub_080770C8
0x080770E8	0x0807713B	thumb	sub_080770E8
0x0807713C	0x080771FF	thumb	sub_0807713C
0x08077200	0x08077237	thumb	sub_08077200
0x08077238	0x080772F3	thumb	sub_08077238
0x080772F4	0x0807733F	thumb	sub_080772F4
0x08077340	0x0807739B	thumb	sub_08077340
0x0807739C	0x0807747B	thumb	sub_0807739C
0x0807747C	0x080774BB	thumb	sub_0807747C
0x080774BC	0x0807758F	thumb	sub_080774BC
0x08077590	0x080775E7	thumb	sub_08077590
0x080775E8	0x0807762B	thumb	sub_080775E8
0x0807762C	0x0807766F	thumb	sub_0807762C
0x08077670	0x080776AB	thumb	sub_08077670
0x080776AC	0x080776E7	thumb	sub_080776AC
0x080776E8	0x08077703	thumb	sub_080776E8
0x08077704	0x08077897	thumb	sub_08077704
0x08077898	0x08077A47	thumb	sub_08077898
0x08077A48	0x08077A63	thumb	sub_08077A48
0x08077A64	0x08077CEF	thumb	sub_08077A64
0x08077CF0	0x08077D8B	thumb	sub_08077CF0__16UnitTargetChoiceP4UnitUi
0x08077D8C	0x08077D97	thumb	sub_08077D8C
0x08077D98	0x08077DB7	thumb	sub_08077D98
0x08077DB8	0x08077DBB	thumb	sub_08077DB8
0x08077DBC	0x08077E27	thumb	sub_08077DBC
0x08077E28	0x08077EAF	thumb	sub_08077E28
0x08077EB0	0x08077F33	thumb	sub_08077EB0
0x08077F34	0x080781DF	thumb	__6ActionP4Unit
0x080781E0	0x0807820F	thumb	_._6Action
0x08078210	0x08078213	thumb	getUser__C6Action
0x08078214	0x0807827B	thumb	addTarget__6ActionP4Unit
0x0807827C	0x0807833D	thumb	removeTarget__6ActionP4Unit
0x08078340	0x08078349	thumb	clearTargets__6Action
0x0807834C	0x08078355	thumb	numTargets__C6Action
0x08078358	0x08078387	thumb	getTarget__C6Actioni
0x08078388	0x0807840F	thumb	getTargetIdx__6ActionP4Unit
0x08078410	0x0807858F	thumb	fire__6Action
0x08078590	0x080786D7	thumb	action_68__6Action
0x080786D8	0x080786D9	thumb	action_70__6Action
0x080786DC	0x080786FD	thumb	playSfx__6Action
0x08078700	0x0807873B	thumb	tellUseMessage__6Action
0x0807873C	0x08078781	thumb	playDim__6Action
0x08078784	0x080787C9	thumb	playAnim__6Action
0x080787CC	0x08078BAF	thumb	action_a0__6ActionP4Unit
0x08078BB0	0x08078C3B	thumb	isResisted__6ActionP4Unit
0x08078C3C	0x08078C7B	thumb	tellResisted__6ActionP4Unit
0x08078C7C	0x08078D19	thumb	calcDidHit__6ActionP4Unit
0x08078D1C	0x08078D49	thumb	tellMissed__6ActionP4Unit
0x08078D4C	0x08079017	thumb	onDamage__6ActionP4Unit
0x08079018	0x080792E3	thumb	onAttack__6ActionP4Unit
0x080792E4	0x080793B7	thumb	action_d8__6ActionP4UnitT1
0x080793B8	0x0807977F	thumb	onPsiDamage__6ActionP4Unit
0x08079780	0x0807983B	thumb	action_e8__6ActionP4UnitT1
0x0807983C	0x0807986F	thumb	calcCrit__6ActionP4Unit
0x08079870	0x080798ED	thumb	action_f8__6ActionP4Unit
0x080798F0	0x0807996D	thumb	onNoEffect__6ActionP4Unit
0x08079970	0x080799B9	thumb	onPPHeal__6ActionP4Unit
0x080799BC	0x080799BD	thumb	onSuccess__6ActionP4Unit
0x080799C0	0x08079A4B	thumb	onInflictStatus__6ActionP4Unit
0x08079A4C	0x08079E57	thumb	calcStatusInflict__6ActionP4UnitUsib
0x08079E58	0x08079EE3	thumb	onFail__6ActionP4Unit
0x08079EE4	0x08079FCF	thumb	action_130__6ActionP4UnitUsib
0x08079FD0	0x0807A0D3	thumb	onPlayAnim__6ActionP4Unitb
0x0807A0D4	0x0807A175	thumb	action_140__6Action
0x0807A178	0x0807A1BD	thumb	action_148__6Action
0x0807A1C0	0x0807A1C1	thumb	action_150__6Action
0x0807A1C4	0x0807A1D1	thumb	action_1a8__6Action
0x0807A1D4	0x0807A1DD	thumb	action_1b0__6Action
0x0807A1E0	0x0807A1F1	thumb	action_1b8__6Action
0x0807A1F4	0x0807A289	thumb	action_fixme__6Actioni
0x0807A28C	0x0807A3A3	thumb	unit_join_callback
0x0807A3A4	0x0807A713	thumb	unit_leave_callback
0x0807A714	0x0807A73B	thumb	fieldSet__6Actionib
0x0807A73C	0x0807A7FB	thumb	ROMStr__C6ActionUs
0x0807A7FC	0x0807A88B	thumb	action_160__C6ActionUsRC3Msg
0x0807A88C	0x0807A8B7	thumb	__6Action
0x0807A8B8	0x0807A8BF	thumb	getPlayerRTTI
0x0807A8C0	0x0807A8C9	thumb	getRTTI__6Player
0x0807A8CC	0x0807A903	thumb	createPlayerName__FUs
0x0807A904	0x0807AAEB	thumb	__6PlayerUsUs
0x0807AAEC	0x0807AC27	thumb	sub_0807AAEC
0x0807AC28	0x0807AC5F	thumb	sub_0807AC28
0x0807AC60	0x0807AC9F	thumb	sub_0807AC60
0x0807ACA0	0x0807ACEF	thumb	sub_0807ACA0
0x0807ACF0	0x0807ADA3	thumb	dt__6Player
0x0807ADA4	0x0807AEC7	thumb	sub_0807ADA4
0x0807AEC8	0x0807AF1F	thumb	sub_0807AEC8
0x0807AF20	0x0807AFC3	thumb	sub_0807AF20
0x0807AFC4	0x0807B03F	thumb	sub_0807AFC4
0x0807B040	0x0807B167	thumb	sub_0807B040
0x0807B168	0x0807B417	thumb	sub_0807B168
0x0807B418	0x0807B443	thumb	sub_0807B418
0x0807B444	0x0807B44F	thumb	sub_0807B444
0x0807B450	0x0807B4B7	thumb	onTurn__6Player
0x0807B4B8	0x0807B4D7	thumb	unit_78__6PlayerP6Action
0x0807B4D8	0x0807B4F7	thumb	unit_88__6PlayerP6Action
0x0807B4F8	0x0807B527	thumb	onNoStatus__6Player
0x0807B528	0x0807B5D3	thumb	kill__6Player
0x0807B5D4	0x0807B67B	thumb	revive__4Player
0x0807B67C	0x0807BA3B	thumb	levelUp__6Playeri
0x0807BA3C	0x0807BAE3	thumb	tellStatUpgrade__6PlayerR3MsgiiUs
0x0807BAE4	0x0807BB1B	thumb	sub_0807BAE4
0x0807BB1C	0x0807BBA3	thumb	sub_0807BB1C
0x0807BBA4	0x0807BBD7	thumb	setHP__6Playeri
0x0807BBD8	0x0807BBE7	thumb	sub_0807BBD8
0x0807BBE8	0x0807BBF7	thumb	sub_0807BBE8
0x0807BBF8	0x0807BC17	thumb	sub_0807BBF8
0x0807BC18	0x0807BC4B	thumb	setPP__6Playeri
0x0807BC4C	0x0807BC5B	thumb	sub_0807BC4C
0x0807BC5C	0x0807BC6B	thumb	sub_0807BC5C
0x0807BC6C	0x0807BC73	thumb	unit_178__6Player
0x0807BC74	0x0807BC7F	thumb	id__C6Player
0x0807BC80	0x0807BCAF	thumb	name__C6Player
0x0807BCB0	0x0807BCC3	thumb	sub_0807BCB0
0x0807BCC4	0x0807BCCB	thumb	sub_0807BCC4
0x0807BCCC	0x0807BCF3	thumb	sub_0807BCCC
0x0807BCF4	0x0807BD03	thumb	hp__C6Player
0x0807BD04	0x0807BD13	thumb	sub_0807BD04
0x0807BD14	0x0807BD23	thumb	sub_0807BD14
0x0807BD24	0x0807BD33	thumb	sub_0807BD24
0x0807BD34	0x0807BD43	thumb	pp__C6Player
0x0807BD44	0x0807BD53	thumb	sub_0807BD44
0x0807BD54	0x0807BD63	thumb	sub_0807BD54
0x0807BD64	0x0807BD73	thumb	sub_0807BD64
0x0807BD74	0x0807BD97	thumb	attackSfx__6Player
0x0807BD98	0x0807BD9B	thumb	critSfx__6Player
0x0807BD9C	0x0807BDB3	thumb	missSfx__6Player
0x0807BDB4	0x0807BE23	thumb	sub_0807BDB4
0x0807BE24	0x0807BE83	thumb	sub_0807BE24
0x0807BE84	0x0807BE8F	thumb	sub_0807BE84
0x0807BE90	0x0807BE9F	thumb	sub_0807BE90
0x0807BEA0	0x0807BF0F	thumb	sub_0807BEA0
0x0807BF10	0x0807BF6F	thumb	sub_0807BF10
0x0807BF70	0x0807BF7B	thumb	sub_0807BF70
0x0807BF7C	0x0807BF8B	thumb	sub_0807BF7C
0x0807BF8C	0x0807BFC7	thumb	sub_0807BF8C
0x0807BFC8	0x0807C02F	thumb	sub_0807BFC8
0x0807C030	0x0807C09B	thumb	sub_0807C030
0x0807C09C	0x0807C107	thumb	sub_0807C09C
0x0807C108	0x0807C113	thumb	sub_0807C108
0x0807C114	0x0807C123	thumb	sub_0807C114
0x0807C124	0x0807C133	thumb	sub_0807C124
0x0807C134	0x0807C143	thumb	sub_0807C134
0x0807C144	0x0807C187	thumb	sub_0807C144
0x0807C188	0x0807C1C7	thumb	sub_0807C188
0x0807C1C8	0x0807C1E3	thumb	sub_0807C1C8
0x0807C1E4	0x0807C243	thumb	sub_0807C1E4
0x0807C244	0x0807C25F	thumb	sub_0807C244
0x0807C260	0x0807C263	thumb	nullsub_31
0x0807C264	0x0807C323	thumb	sub_0807C264
0x0807C324	0x0807C377	thumb	sub_0807C324
0x0807C378	0x0807C4D3	thumb	sub_0807C378
0x0807C4D4	0x0807C4EF	thumb	_GLOBAL_I_PlayerRTTI
0x0807C4F0	0x0807C517	thumb	sub_0807C4F0
0x0807C518	0x0807C53F	thumb	sub_0807C518
0x0807C540	0x0807C55F	thumb	sub_0807C540
0x0807C560	0x0807C587	thumb	sub_0807C560
0x0807C588	0x0807C5A7	thumb	sub_0807C588
0x0807C5A8	0x0807C5CF	thumb	sub_0807C5A8
0x0807C5D0	0x0807C5F7	thumb	sub_0807C5D0
0x0807C5F8	0x0807C60F	thumb	sub_0807C5F8
0x0807C610	0x0807C613	thumb	sub_0807C610
0x0807C614	0x0807C633	thumb	sub_0807C614
0x0807C634	0x0807C653	thumb	sub_0807C634
0x0807C654	0x0807C673	thumb	sub_0807C654
0x0807C674	0x0807C693	thumb	sub_0807C674
0x0807C694	0x0807C6B7	thumb	sub_0807C694
0x0807C6B8	0x0807C717	thumb	__6Player
0x0807C718	0x0807C8F7	thumb	sub_0807C718
0x0807C8F8	0x0807C96B	thumb	sub_0807C8F8
0x0807C96C	0x0807C9EB	thumb	sub_0807C96C
0x0807C9EC	0x0807CA77	thumb	sub_0807C9EC
0x0807CA78	0x0807CAEB	thumb	sub_0807CA78
0x0807CAEC	0x0807CB5F	thumb	sub_0807CAEC
0x0807CB60	0x0807CBB7	thumb	sub_0807CB60
0x0807CBB8	0x0807CC77	thumb	sub_0807CBB8
0x0807CC78	0x0807CD3B	thumb	sub_0807CC78
0x0807CD3C	0x0807CDDB	thumb	sub_0807CD3C
0x0807CDDC	0x0807CE4B	thumb	sub_0807CDDC
0x0807CE4C	0x0807CE4F	thumb	nullsub_58
0x0807CE50	0x0807CE7F	thumb	sub_0807CE50
0x0807CE80	0x0807CE97	thumb	sub_0807CE80
0x0807CE98	0x0807CEB7	thumb	sub_0807CE98
0x0807CEB8	0x0807CED7	thumb	sub_0807CEB8
0x0807CED8	0x0807CEF3	thumb	sub_0807CED8
0x0807CEF4	0x0807CEFF	thumb	sub_0807CEF4
0x0807CF00	0x0807CF03	thumb	sub_0807CF00
0x0807CF04	0x0807CF2F	thumb	sub_0807CF04
0x0807CF30	0x0807CF5B	thumb	sub_0807CF30
0x0807CF5C	0x0807D0EB	thumb	sub_0807CF5C
0x0807D0EC	0x0807D207	thumb	sub_0807D0EC
0x0807D208	0x0807D24B	thumb	sub_0807D208
0x0807D24C	0x0807D273	thumb	sub_0807D24C
0x0807D274	0x0807D27B	thumb	sub_0807D274
0x0807D27C	0x0807D27F	thumb	sub_0807D27C
0x0807D280	0x0807D28B	thumb	sub_0807D280
0x0807D28C	0x0807D35F	thumb	sub_0807D28C
0x0807D360	0x0807D3A7	thumb	sub_0807D360
0x0807D3A8	0x0807D3F3	thumb	sub_0807D3A8
0x0807D3F4	0x0807DB07	thumb	GoodsMenu_ct
0x0807DB08	0x0807DCC3	thumb	sub_0807DB08
0x0807DCC4	0x0807DCE7	thumb	sub_0807DCC4
0x0807DCE8	0x0807DDCB	thumb	sub_0807DCE8
0x0807DDCC	0x0807DDEF	thumb	sub_0807DDCC
0x0807DDF0	0x0807DE17	thumb	sub_0807DDF0
0x0807DE18	0x0807DE1B	thumb	sub_0807DE18
0x0807DE1C	0x0807DE27	thumb	sub_0807DE1C
0x0807DE28	0x0807DED3	thumb	sub_0807DE28
0x0807DED4	0x0807DEFF	thumb	sub_0807DED4
0x0807DF00	0x0807DF5B	thumb	sub_0807DF00
0x0807DF5C	0x0807DFDB	thumb	sub_0807DF5C
0x0807DFDC	0x0807E013	thumb	sub_0807DFDC
0x0807E014	0x0807E04B	thumb	sub_0807E014
0x0807E04C	0x0807E087	thumb	sub_0807E04C
0x0807E088	0x0807E163	thumb	sub_0807E088
0x0807E164	0x0807E173	thumb	sub_0807E164
0x0807E174	0x0807E263	thumb	sub_0807E174
0x0807E264	0x0807E337	thumb	sub_0807E264
0x0807E338	0x0807E417	thumb	sub_0807E338
0x0807E418	0x0807E427	thumb	sub_0807E418
0x0807E428	0x0807E447	thumb	sub_0807E428
0x0807E448	0x0807E44B	thumb	sub_0807E448
0x0807E44C	0x0807E48B	thumb	sub_0807E44C
0x0807E48C	0x0807E4CB	thumb	sub_0807E48C
0x0807E4CC	0x0807E50B	thumb	sub_0807E4CC
0x0807E50C	0x0807E54B	thumb	sub_0807E50C
0x0807E54C	0x0807E58B	thumb	sub_0807E54C
0x0807E58C	0x0807E5DB	thumb	sub_0807E58C
0x0807E5DC	0x0807E61B	thumb	sub_0807E5DC
0x0807E61C	0x0807E993	thumb	sub_0807E61C
0x0807E994	0x0807EA23	thumb	sub_0807E994
0x0807EA24	0x0807EAB3	thumb	sub_0807EA24
0x0807EAB4	0x0807EB3F	thumb	sub_0807EAB4
0x0807EB40	0x0807EB57	thumb	sub_0807EB40
0x0807EB58	0x0807EB87	thumb	sub_0807EB58
0x0807EB88	0x0807EB9F	thumb	sub_0807EB88
0x0807EBA0	0x0807F12B	thumb	sub_0807EBA0
0x0807F12C	0x0807F3A3	thumb	sub_0807F12C
0x0807F3A4	0x0807F423	thumb	sub_0807F3A4
0x0807F424	0x0807F4A3	thumb	sub_0807F424
0x0807F4A4	0x0807F557	thumb	sub_0807F4A4
0x0807F558	0x0807F5CF	thumb	sub_0807F558
0x0807F5D0	0x0807F647	thumb	sub_0807F5D0
0x0807F648	0x0807F7DB	thumb	sub_0807F648
0x0807F7DC	0x0807F963	thumb	sub_0807F7DC
0x0807F964	0x0807FAF3	thumb	sub_0807F964
0x0807FAF4	0x0807FC83	thumb	sub_0807FAF4
0x0807FC84	0x0807FE07	thumb	sub_0807FC84
0x0807FE08	0x0807FF97	thumb	sub_0807FE08
0x0807FF98	0x0808003F	thumb	sub_0807FF98
0x08080040	0x0808005F	thumb	sub_08080040
0x08080060	0x080800EF	thumb	sub_08080060
0x080800F0	0x0808010F	thumb	sub_080800F0
0x08080110	0x0808013B	thumb	sub_08080110
0x0808013C	0x08080143	thumb	sub_0808013C
0x08080144	0x08080147	thumb	sub_08080144
0x08080148	0x0808014B	thumb	sub_08080148
0x0808014C	0x080801A3	thumb	sub_0808014C
0x080801A4	0x080801F7	thumb	sub_080801A4
0x080801F8	0x080801FB	thumb	sub_080801F8
0x080801FC	0x0808021F	thumb	sub_080801FC
0x08080220	0x08080243	thumb	sub_08080220
0x08080244	0x0808025B	thumb	sub_08080244
0x0808025C	0x0808028B	thumb	sub_0808025C
0x0808028C	0x080802A3	thumb	sub_0808028C
0x080802A4	0x080803B3	thumb	sub_080802A4
0x080803B4	0x080803BB	thumb	get__15PlayerSkillRTTI
0x080803BC	0x080803C5	thumb	getRTTI__11PlayerSkill
0x080803C8	0x080803F3	thumb	getName__11PlayerSkillUs
0x080803F4	0x08080423	thumb	__11PlayerSkillUsP4Unit
0x08080424	0x08080437	thumb	_._11PlayerSkill
0x08080438	0x08080449	thumb	action_1c0__11PlayerSkill
0x0808044C	0x08080451	thumb	id__C11PlayerSkill
0x08080454	0x08080481	thumb	name__C11PlayerSkill
0x08080484	0x0808055F	thumb	action_1d8__C11PlayerSkill
0x08080560	0x0808056F	thumb	sub_08080560
0x08080570	0x08080573	thumb	action_1e0__11PlayerSkill
0x08080574	0x08080579	thumb	effect__C11PlayerSkill
0x0808057C	0x08080581	thumb	element__C11PlayerSkill
0x08080584	0x08080589	thumb	target__C11PlayerSkill
0x0808058C	0x08080591	thumb	attackMult__C11PlayerSkill
0x08080594	0x08080599	thumb	healLo__C11PlayerSkill
0x0808059C	0x080805A1	thumb	healHi__C11PlayerSkill
0x080805A4	0x080805A9	thumb	ailment__C11PlayerSkill
0x080805AC	0x080805B1	thumb	ailmentChance__C11PlayerSkill
0x080805B4	0x080805C3	thumb	hasAction__C11PlayerSkill
0x080805C4	0x080805C9	thumb	priority__C11PlayerSkill
0x080805CC	0x080805F1	thumb	getUseMessage__C11PlayerSkill
0x080805F4	0x08080609	thumb	getForceUseMessage__C11PlayerSkill
0x0808060C	0x0808061D	thumb	hasDim__C11PlayerSkill
0x08080620	0x08080627	thumb	animNo__C11PlayerSkill
0x08080628	0x0808062F	thumb	successAnimNo__C11PlayerSkill
0x08080630	0x08080671	thumb	critAnimNo__C11PlayerSkill
0x08080674	0x08080679	thumb	sfxNo__C11PlayerSkill
0x0808067C	0x08080687	thumb	hitChance__C11PlayerSkill
0x08080688	0x0808068F	thumb	critChance__C11PlayerSkill
0x08080690	0x080806A1	thumb	redirectable__C11PlayerSkill
0x080806A4	0x080806D5	thumb	userAttackSfx__C11PlayerSkillP4Unit
0x080806D8	0x08080709	thumb	userCritSfx__C11PlayerSkill
0x0808070C	0x0808073D	thumb	userMissSfx__C11PlayerSkill
0x08080740	0x0808075B	thumb	_GLOBAL_.I.sub_0807C718
0x0808075C	0x08080787	thumb	__11PlayerSkill
0x08080788	0x0808078F	thumb	get__14GuestSkillRTTI
0x08080790	0x08080799	thumb	getRTTI__10GuestSkill
0x0808079C	0x080807AB	thumb	getName
0x080807AC	0x080807DB	thumb	__10GuestSkillUsP4Unit
0x080807DC	0x080807EF	thumb	_._10GuestSkill
0x080807F0	0x08080801	thumb	action_1c0__10GuestSkill
0x08080804	0x08080809	thumb	id__C10GuestSkill
0x0808080C	0x08080839	thumb	name__C10GuestSkill
0x0808083C	0x0808084B	thumb	action_1d8__C10GuestSkill
0x0808084C	0x0808084F	thumb	action_1e0__10GuestSkill
0x08080850	0x08080855	thumb	effect__C10GuestSkill
0x08080858	0x0808085D	thumb	element__C10GuestSkill
0x08080860	0x08080865	thumb	target__C10GuestSkill
0x08080868	0x0808086D	thumb	attackMult__C10GuestSkill
0x08080870	0x08080875	thumb	healLo__C10GuestSkill
0x08080878	0x0808087D	thumb	healHi__C10GuestSkill
0x08080880	0x08080885	thumb	ailment__C10GuestSkill
0x08080888	0x0808088D	thumb	ailmentChance__C10GuestSkill
0x08080890	0x0808089F	thumb	hasAction__C10GuestSkill
0x080808A0	0x080808A5	thumb	priority__C10GuestSkill
0x080808A8	0x080808CD	thumb	getUseMessage__C10GuestSkill
0x080808D0	0x080808F5	thumb	getForceUseMessage__C10GuestSkill
0x080808F8	0x08080909	thumb	hasDim__C10GuestSkill
0x0808090C	0x08080913	thumb	animNo__C10GuestSkill
0x08080914	0x0808091B	thumb	successAnimNo__C10GuestSkill
0x0808091C	0x0808095D	thumb	critAnimNo__C10GuestSkill
0x08080960	0x08080965	thumb	sfxNo__C10GuestSkill
0x08080968	0x08080973	thumb	hitChance__C10GuestSkill
0x08080974	0x0808097B	thumb	critChance__C10GuestSkill
0x0808097C	0x0808098D	thumb	redirectable__C10GuestSkill
0x08080990	0x08080993	thumb	action_288__10GuestSkill
0x08080994	0x08080997	thumb	action_290__10GuestSkill
0x08080998	0x0808099B	thumb	action_298__10GuestSkill
0x0808099C	0x080809B7	thumb	_GLOBAL_.I.get__14GuestSkillRTTI
0x080809B8	0x080809E3	thumb	__10GuestSkill
0x080809E4	0x080809EB	thumb	get__11MonsterRTTI
0x080809EC	0x080809F5	thumb	getRTTI__7Monster
0x080809F8	0x08080A23	thumb	get_monster_name
0x08080A24	0x08080B5F	thumb	__7MonsterUsUs
0x08080B60	0x08080CE1	thumb	resetStats__7Monster
0x08080CE4	0x08080D45	thumb	resetRewards__7Monster
0x08080D48	0x08080DCD	thumb	genDeathMsg__7Monster
0x08080DD0	0x08080E27	thumb	_._7Monster
0x08080E28	0x08080EB3	thumb	onTurn__7Monster
0x08080EB4	0x08080EB7	thumb	calcAction__7Monster
0x08080EB8	0x08080F51	thumb	monster_2c8__7MonsterP6Action
0x08080F54	0x08080FCD	thumb	sub_08080F54__7Monster
0x08080FD0	0x08080FE9	thumb	scaledExperience__7Monster
0x08080FEC	0x08081067	thumb	calcItemDrop__7Monster
0x08081068	0x08081081	thumb	scaledMoney__7Monster
0x08081084	0x0808110B	thumb	monster_2f8__7Monster
0x0808110C	0x08081493	thumb	monster_300__7Monsteri
0x08081494	0x080814BD	thumb	setHP__7Monsteri
0x080814C0	0x080814CF	thumb	monster_308__7MonsterRC3Msg
0x080814D0	0x080814D9	thumb	setDeathAnim__7Monsteri
0x080814DC	0x080814E5	thumb	setExperience__7Monsteri
0x080814E8	0x080814F1	thumb	setMoney__7Monsteri
0x080814F4	0x080814F9	thumb	unit_178__7Monster
0x080814FC	0x08081501	thumb	id__C7Monster
0x08081504	0x08081517	thumb	name__C7Monster
0x08081518	0x08081583	thumb	fmtEncounterMsg__7Monster
0x08081584	0x0808159B	thumb	deathMsg__7Monster
0x0808159C	0x080815A5	thumb	deathSeq__7Monster
0x080815A8	0x080815AF	thumb	type__7Monster
0x080815B0	0x080815C3	thumb	monster_328__7Monster
0x080815C4	0x080815CD	thumb	surprised__7Monster
0x080815D0	0x08081607	thumb	numSkills__7Monster
0x08081608	0x08081615	thumb	getSkill__7Monsteri
0x08081618	0x08081621	thumb	attackSfx__7Monster
0x08081624	0x08081633	thumb	critSfx__7Monster
0x08081634	0x08081643	thumb	missSfx__7Monster
0x08081644	0x08081647	thumb	numWeaknesses__C7Monster
0x08081648	0x08081655	thumb	getWeakness__C7Monsteri
0x08081658	0x0808165F	thumb	battlePos__C7Monster
0x08081660	0x08081689	thumb	hasBackSprite__C7Monster
0x0808168C	0x080816B5	thumb	isFadeOnDeath__C7Monster
0x080816B8	0x080816C1	thumb	experience__C7Monster
0x080816C4	0x080816CD	thumb	money__C7Monster
0x080816D0	0x080816FB	thumb	addDrop__7MonsterUsUi
0x080816FC	0x08081763	thumb	monster_3a8__7MonsterUs
0x08081764	0x0808176D	thumb	numDrops__C7Monster
0x08081770	0x0808177D	thumb	getDropID__C7Monsteri
0x08081780	0x0808178D	thumb	getDropChance__C7Monsteri
0x08081790	0x080817A9	thumb	sub_08081790
0x080817AC	0x080817AD	thumb	onRoundBegin__7Monster
0x080817B0	0x080817C9	thumb	sub_080817B0
0x080817CC	0x080817CD	thumb	onRoundEnd__7Monster
0x080817D0	0x08081977	thumb	sub_080817D0__7MonsterUs
0x08081978	0x08081993	thumb	_GLOBAL_.I.get__11MonsterRTTI
0x08081994	0x080819BB	thumb	sub_08081994
0x080819BC	0x080819E3	thumb	sub_080819BC
0x080819E4	0x08081A07	thumb	sub_080819E4
0x08081A08	0x08081A2F	thumb	sub_08081A08
0x08081A30	0x08081A4F	thumb	sub_08081A30
0x08081A50	0x08081A77	thumb	sub_08081A50
0x08081A78	0x08081A97	thumb	sub_08081A78
0x08081A98	0x08081ABF	thumb	sub_08081A98
0x08081AC0	0x08081AE7	thumb	sub_08081AC0
0x08081AE8	0x08081AFF	thumb	sub_08081AE8
0x08081B00	0x08081B1F	thumb	sub_08081B00
0x08081B20	0x08081B43	thumb	sub_08081B20
0x08081B44	0x08081B63	thumb	sub_08081B44
0x08081B64	0x08081B83	thumb	sub_08081B64
0x08081B84	0x08081BA3	thumb	sub_08081B84
0x08081BA4	0x08081BC3	thumb	sub_08081BA4
0x08081BC4	0x08081BE3	thumb	sub_08081BC4
0x08081BE4	0x08081C07	thumb	sub_08081BE4
0x08081C08	0x08081C47	thumb	sub_08081C08
0x08081C48	0x08081D47	thumb	__12BattleSpriteP7Monster
0x08081D48	0x08081D6F	thumb	dt__12BattleSprite
0x08081D70	0x08081DDB	thumb	sub_08081D70
0x08081DDC	0x08081E8F	thumb	sub_08081DDC
0x08081E90	0x08081E93	thumb	sub_08081E90
0x08081E94	0x08081EC3	thumb	sub_08081E94
0x08081EC4	0x08081EF3	thumb	sub_08081EC4
0x08081EF4	0x08081F0B	thumb	sub_08081EF4
0x08081F0C	0x08081F13	thumb	sub_08081F0C
0x08081F14	0x08081F87	thumb	sub_08081F14
0x08081F88	0x08081F8B	thumb	sub_08081F88
0x08081F8C	0x08081FC7	thumb	sub_08081F8C
0x08081FC8	0x08081FF3	thumb	sub_08081FC8
0x08081FF4	0x0808201F	thumb	sub_08081FF4
0x08082020	0x08082027	thumb	get__16MonsterSkillRTTI
0x08082028	0x08082031	thumb	getRTTI__12MonsterSkill
0x08082034	0x08082043	thumb	getName__12MonsterSkillUs
0x08082044	0x08082073	thumb	__12MonsterSkillUsP4Unit
0x08082074	0x08082087	thumb	_._12MonsterSkill
0x08082088	0x0808213B	thumb	fire__12MonsterSkill
0x0808213C	0x0808219F	thumb	playSfx__12MonsterSkill
0x080821A0	0x080821E3	thumb	action_150__12MonsterSkill
0x080821E4	0x080821F5	thumb	action_1c0__12MonsterSkill
0x080821F8	0x080821FD	thumb	id__C12MonsterSkill
0x08082200	0x0808222D	thumb	name__C12MonsterSkill
0x08082230	0x0808223F	thumb	action_1d8__C12MonsterSkill
0x08082240	0x08082243	thumb	action_1e0__12MonsterSkill
0x08082244	0x08082249	thumb	effect__C12MonsterSkill
0x0808224C	0x08082251	thumb	element__C12MonsterSkill
0x08082254	0x08082259	thumb	target__C12MonsterSkill
0x0808225C	0x08082261	thumb	attackMult__C12MonsterSkill
0x08082264	0x08082269	thumb	healLo__C12MonsterSkill
0x0808226C	0x08082271	thumb	healHi__C12MonsterSkill
0x08082274	0x08082279	thumb	ailment__C12MonsterSkill
0x0808227C	0x08082281	thumb	ailmentChance__C12MonsterSkill
0x08082284	0x08082293	thumb	hasAction__C12MonsterSkill
0x08082294	0x08082299	thumb	priority__C12MonsterSkill
0x0808229C	0x080822C1	thumb	getUseMessage__C12MonsterSkill
0x080822C4	0x080822D9	thumb	getForceUseMessage__C12MonsterSkill
0x080822DC	0x080822ED	thumb	hasDim__C12MonsterSkill
0x080822F0	0x080822F7	thumb	animNo__C12MonsterSkill
0x080822F8	0x080822FF	thumb	successAnimNo__C12MonsterSkill
0x08082300	0x08082341	thumb	critAnimNo__C12MonsterSkill
0x08082344	0x08082349	thumb	sfxNo__C12MonsterSkill
0x0808234C	0x08082357	thumb	hitChance__C12MonsterSkill
0x08082358	0x0808235F	thumb	critChance__C12MonsterSkill
0x08082360	0x08082371	thumb	redirectable__C12MonsterSkill
0x08082374	0x080823BD	thumb	userAttackSfx__C12MonsterSkill
0x080823C0	0x0808240B	thumb	userCritSfx__C12MonsterSkill
0x0808240C	0x08082457	thumb	userMissSfx__C12MonsterSkill
0x08082458	0x0808245D	thumb	ppCost__C12MonsterSkill
0x08082460	0x08082465	thumb	recolorValue__C12MonsterSkill
0x08082468	0x08082483	thumb	_GLOBAL_.I.sub_08081994
0x08082484	0x080824AF	thumb	__12MonsterSkill
0x080824B0	0x0808250D	thumb	tellStatus__FUs
0x08082510	0x0808264B	thumb	__6StatusUsP4Unit
0x0808264C	0x0808265F	thumb	_._6Status
0x08082660	0x08082663	thumb	removeConflicting__6Status
0x08082664	0x08082667	thumb	applyStackStatus__6Status
0x08082668	0x0808266B	thumb	cancelOpposite__6Status
0x0808266C	0x0808266F	thumb	disableAllStatuses__6Status
0x08082670	0x08082673	thumb	applyStatModifiers__6Status
0x08082674	0x08082675	thumb	cleanup__6Status
0x08082678	0x0808267B	thumb	setRoundLimit__6Statusi
0x0808267C	0x0808267F	thumb	setRounds__6Statusi
0x08082680	0x08082683	thumb	setTurnLimit__6Statusi
0x08082684	0x08082687	thumb	setTurns__6Statusi
0x08082688	0x0808268D	thumb	type__C6Status
0x08082690	0x08082693	thumb	unit__C6Status
0x08082694	0x080826BD	thumb	name__C6Status
0x080826C0	0x080826C5	thumb	roundLimit__6Status
0x080826C8	0x080826CD	thumb	turnLimit__6Status
0x080826D0	0x080826D5	thumb	rounds__6Status
0x080826D8	0x080826DD	thumb	turns__6Status
0x080826E0	0x080826E5	thumb	status_data_2__6Status
0x080826E8	0x080827AB	thumb	inflictedMsg__6Status
0x080827AC	0x080827F3	thumb	activeMsg__6Status
0x080827F4	0x080828B3	thumb	woreOffMsg__6Status
0x080828B4	0x080828C7	thumb	removeOnDeath__6Status
0x080828C8	0x080828DB	thumb	status_bool_5__6Status
0x080828DC	0x08082965	thumb	fmtStatusMsg__6StatusUs
0x08082968	0x0808297D	thumb	status_roundBeginCallback__FP6Status
0x08082980	0x080829F1	thumb	onRoundBegin__6Status
0x080829F4	0x08082A0D	thumb	status_unitTurnBeginCallback__FP6StatusR13UnitTurnBegin
0x08082A10	0x08082A9F	thumb	onUnitTurnBegin__6StatusP4Unit
0x08082AA0	0x08082AB9	thumb	status_unitTurnEndCallback__FP6StatusR11UnitTurnEnd
0x08082ABC	0x08082ABD	thumb	onUnitTurnEnd__6StatusP4Unit
0x08082AC0	0x08082AD5	thumb	status_roundEndCallback__FP6Status
0x08082AD8	0x08082AD9	thumb	onRoundEnd__6Status
0x08082ADC	0x08082AE3	thumb	get__7PsiRTTI
0x08082AE4	0x08082AED	thumb	getRTTI__3Psi
0x08082AF0	0x08082B1B	thumb	getName__3PsiUs
0x08082B1C	0x08082B77	thumb	tellTurnAction
0x08082B78	0x08082BA7	thumb	__3PsiUsP4Unit
0x08082BA8	0x08082BBB	thumb	_._3Psi
0x08082BBC	0x08082D6F	thumb	fire__3Psi
0x08082D70	0x08082DCF	thumb	action_150__3Psi
0x08082DD0	0x08082DE1	thumb	action_1c0__3Psi
0x08082DE4	0x08082DE9	thumb	id__C3Psi
0x08082DEC	0x08082E19	thumb	name__C3Psi
0x08082E1C	0x08082F07	thumb	action_1d8__C3Psi
0x08082F08	0x08082F0B	thumb	action_1e0__3Psi
0x08082F0C	0x08082F11	thumb	effect__C3Psi
0x08082F14	0x08082F19	thumb	element__C3Psi
0x08082F1C	0x08082F21	thumb	target__C3Psi
0x08082F24	0x08082F29	thumb	attackMult__C3Psi
0x08082F2C	0x08082F31	thumb	healLo__C3Psi
0x08082F34	0x08082F39	thumb	healHi__C3Psi
0x08082F3C	0x08082F43	thumb	ailment__C3Psi
0x08082F44	0x08082F4B	thumb	ailmentChance__C3Psi
0x08082F4C	0x08082F5D	thumb	hasAction__C3Psi
0x08082F60	0x08082F65	thumb	priority__C3Psi
0x08082F68	0x08082F8D	thumb	getUseMessage__C3Psi
0x08082F90	0x08082FA5	thumb	getForceUseMessage__C3Psi
0x08082FA8	0x08082FB9	thumb	hasDim__C3Psi
0x08082FBC	0x08082FC3	thumb	animNo__C3Psi
0x08082FC4	0x08082FCB	thumb	successAnimNo__C3Psi
0x08082FCC	0x0808300D	thumb	critAnimNo__C3Psi
0x08083010	0x08083015	thumb	sfxNo__C3Psi
0x08083018	0x08083023	thumb	hitChance__C3Psi
0x08083024	0x0808302B	thumb	critChance__C3Psi
0x0808302C	0x0808303D	thumb	redirectable__C3Psi
0x08083040	0x08083043	thumb	userAttackSfx__C3Psi
0x08083044	0x08083047	thumb	userCritSfx__C3Psi
0x08083048	0x0808304B	thumb	userMissSfx__C3Psi
0x0808304C	0x0808306B	thumb	isOverworldUsable__C3Psi
0x0808306C	0x08083071	thumb	type__C3Psi
0x08083074	0x08083079	thumb	ppCost__C3Psi
0x0808307C	0x08083097	thumb	_GLOBAL_.I.get__7PsiRTTI
0x08083098	0x080830C3	thumb	__3Psi
0x080830C4	0x080830EF	thumb	sub_080830C4
0x080830F0	0x08083143	thumb	sub_080830F0
0x08083144	0x08083173	thumb	sub_08083144
0x08083174	0x0808380B	thumb	sub_08083174
0x0808380C	0x08083AE3	thumb	sub_0808380C
0x08083AE4	0x08083AEB	thumb	sub_08083AE4
0x08083AEC	0x08083B17	thumb	sub_08083AEC
0x08083B18	0x08083B1B	thumb	sub_08083B18
0x08083B1C	0x08083B27	thumb	sub_08083B1C
0x08083B28	0x08083B33	thumb	sub_08083B28
0x08083B34	0x08083B3F	thumb	sub_08083B34
0x08083B40	0x08083B4B	thumb	sub_08083B40
0x08083B4C	0x08083B57	thumb	sub_08083B4C
0x08083B58	0x08083B63	thumb	sub_08083B58
0x08083B64	0x08083B6F	thumb	sub_08083B64
0x08083B70	0x08083B73	thumb	sub_08083B70
0x08083B74	0x08083B77	thumb	sub_08083B74
0x08083B78	0x08083B87	thumb	sub_08083B78
0x08083B88	0x08083B8B	thumb	sub_08083B88
0x08083B8C	0x08083B93	thumb	sub_08083B8C
0x08083B94	0x08083BA3	thumb	sub_08083B94
0x08083BA4	0x08083BBB	thumb	sub_08083BA4
0x08083BBC	0x08083CF3	thumb	sub_08083BBC
0x08083CBC	0x00000000	thumb	_._12TextAccessor
0x08083CF4	0x08083D13	thumb	sub_08083CF4
0x08083D14	0x08083D1F	thumb	sub_08083D14
0x08083D20	0x08083D2B	thumb	sub_08083D20
0x08083D2C	0x08083D3F	thumb	sub_08083D2C
0x08083D40	0x08083FDF	thumb	sub_08083D40
0x08083FE0	0x08084037	thumb	sub_08083FE0
0x08084038	0x0808409F	thumb	sub_08084038
0x080840A0	0x080840A7	thumb	sub_080840A0
0x080840A8	0x080840AF	thumb	sub_080840A8
0x080840B0	0x080840B7	thumb	sub_080840B0
0x080840B8	0x080841BF	thumb	sub_080840B8
0x080841C0	0x080841E7	thumb	sub_080841C0
0x080841E8	0x08084203	thumb	sub_080841E8
0x08084204	0x080842BF	thumb	sub_08084204
0x080842C0	0x080842DF	thumb	sub_080842C0
0x080842E0	0x0808431B	thumb	sub_080842E0
0x0808431C	0x0808434B	thumb	sub_0808431C
0x0808434C	0x0808470B	thumb	sub_0808434C
0x0808470C	0x0808477B	thumb	sub_0808470C
0x0808477C	0x080847E3	thumb	sub_0808477C
0x080847E4	0x0808480B	thumb	sub_080847E4
0x0808480C	0x08084813	thumb	sub_0808480C
0x08084814	0x0808481F	thumb	sub_08084814
0x08084820	0x08084AE3	thumb	sub_08084820
0x08084AE4	0x08084B1F	thumb	sub_08084AE4
0x08084B20	0x08084B4B	thumb	sub_08084B20
0x08084B4C	0x08084C07	thumb	sub_08084B4C
0x08084C08	0x08084C47	thumb	sub_08084C08
0x08084C48	0x08084C63	thumb	sub_08084C48
0x08084C64	0x08084C9F	thumb	sub_08084C64
0x08084CA0	0x08084CC3	thumb	sub_08084CA0
0x08084CC4	0x08084CF3	thumb	sub_08084CC4
0x08084CF4	0x08084D23	thumb	sub_08084CF4
0x08084D24	0x08084D47	thumb	sub_08084D24
0x08084D48	0x08084D67	thumb	sub_08084D48
0x08084D68	0x08084D8B	thumb	sub_08084D68
0x08084D8C	0x08084DBB	thumb	sub_08084D8C
0x08084DBC	0x08084DEB	thumb	sub_08084DBC
0x08084DEC	0x08084E87	thumb	sub_08084DEC
0x08084E88	0x08084F07	thumb	sub_08084E88
0x08084F08	0x080850DF	thumb	sub_08084F08
0x080850E0	0x0808512F	thumb	sub_080850E0
0x08085130	0x08085197	thumb	sub_08085130
0x08085198	0x0808519F	thumb	sub_08085198
0x080851A0	0x0808558B	thumb	sub_080851A0
0x0808558C	0x080855B3	thumb	sub_0808558C
0x080855B4	0x080855CF	thumb	sub_080855B4
0x080855D0	0x08085687	thumb	sub_080855D0
0x08085688	0x08085693	thumb	sub_08085688
0x08085694	0x080856D3	thumb	sub_08085694
0x080856D4	0x080856E7	thumb	sub_080856D4
0x080856E8	0x08085987	thumb	sub_080856E8
0x08085988	0x080859E3	thumb	sub_08085988
0x080859E4	0x080859E7	thumb	sub_080859E4
0x080859E8	0x080859EB	thumb	sub_080859E8
0x080859EC	0x08085AF3	thumb	sub_080859EC
0x08085AF4	0x08085B1B	thumb	sub_08085AF4
0x08085B1C	0x08085B37	thumb	sub_08085B1C
0x08085B38	0x08085BF7	thumb	sub_08085B38
0x08085BF8	0x08085C47	thumb	sub_08085BF8
0x08085C48	0x08085C83	thumb	sub_08085C48
0x08085C84	0x08085C97	thumb	sub_08085C84
0x08085C98	0x08085D5B	thumb	sub_08085C98
0x08085D5C	0x08085D83	thumb	sub_08085D5C
0x08085D84	0x08085DF3	thumb	sub_08085D84
0x08085DF4	0x08085E23	thumb	sub_08085DF4
0x08085E24	0x08085EE7	thumb	sub_08085E24
0x08085EE8	0x08085F0F	thumb	sub_08085EE8
0x08085F10	0x08085F7F	thumb	sub_08085F10
0x08085F80	0x08085FAF	thumb	sub_08085F80
0x08085FB0	0x0808605B	thumb	__11RhythmComboiP16UnitObject_s16r2
0x0808605C	0x08086083	thumb	sub_0808605C
0x08086084	0x080860F3	thumb	sub_08086084
0x080860F4	0x08086123	thumb	sub_080860F4
0x08086124	0x0808620F	thumb	sub_08086124
0x08086210	0x08086237	thumb	sub_08086210
0x08086238	0x080862A7	thumb	sub_08086238
0x080862A8	0x080862D7	thumb	sub_080862A8
0x080862D8	0x080863DF	thumb	sub_080862D8
0x080863E0	0x08086407	thumb	sub_080863E0
0x08086408	0x0808645F	thumb	sub_08086408
0x08086460	0x080864AB	thumb	sub_08086460
0x080864AC	0x08086607	thumb	sub_080864AC
0x08086608	0x0808661B	thumb	sub_08086608
0x0808661C	0x08086693	thumb	sub_0808661C
0x08086694	0x0808674F	thumb	sub_08086694
0x08086750	0x080867BF	thumb	sub_08086750
0x080867C0	0x080867D3	thumb	sub_080867C0
0x080867D4	0x080867F7	thumb	sub_080867D4
0x080867F8	0x080867FB	thumb	sub_080867F8
0x080867FC	0x08086803	thumb	sub_080867FC
0x08086804	0x08086807	thumb	sub_08086804
0x08086808	0x0808680F	thumb	sub_08086808
0x08086810	0x08086813	thumb	sub_08086810
0x08086814	0x0808681B	thumb	sub_08086814
0x0808681C	0x0808681F	thumb	sub_0808681C
0x08086820	0x08086837	thumb	sub_08086820
0x08086838	0x0808689F	thumb	sub_08086838
0x080868A0	0x08086987	thumb	sub_080868A0
0x08086988	0x080869BB	thumb	sub_08086988
0x080869BC	0x08086A9B	thumb	sub_080869BC
0x08086A9C	0x08086AAF	thumb	sub_08086A9C
0x08086AB0	0x08086B4B	thumb	sub_08086AB0
0x08086B4C	0x08086C3B	thumb	sub_08086B4C
0x08086C3C	0x08086C3F	thumb	sub_08086C3C
0x08086C40	0x08086C67	thumb	sub_08086C40
0x08086C68	0x08086C73	thumb	sub_08086C68
0x08086C74	0x08086C77	thumb	sub_08086C74
0x08086C78	0x08086C93	thumb	sub_08086C78
0x08086C94	0x08086D13	thumb	sub_08086C94
0x08086D14	0x08086D37	thumb	sub_08086D14
0x08086D38	0x08086D6B	thumb	sub_08086D38
0x08086D6C	0x08086D7F	thumb	sub_08086D6C
0x08086D80	0x08086D83	thumb	sub_08086D80
0x08086D84	0x08086DAF	thumb	sub_08086D84
0x08086DB0	0x08086DB7	thumb	sub_08086DB0
0x08086DB8	0x08086E83	thumb	sub_08086DB8
0x08086E84	0x08086EBB	thumb	sub_08086E84
0x08086EBC	0x08086ECB	thumb	sub_08086EBC
0x08086ECC	0x08086F0B	thumb	sub_08086ECC
0x08086F0C	0x08086F17	thumb	sub_08086F0C
0x08086F18	0x08086F23	thumb	sub_08086F18
0x08086F24	0x08086F2F	thumb	sub_08086F24
0x08086F30	0x08086F37	thumb	sub_08086F30
0x08086F38	0x08086F4B	thumb	sub_08086F38
0x08086F4C	0x08086F57	thumb	sub_08086F4C
0x08086F58	0x08086F7F	thumb	sub_08086F58
0x08086F80	0x08086FD7	thumb	sub_08086F80
0x08086FD8	0x0808705F	thumb	sub_08086FD8
0x08087060	0x08087097	thumb	sub_08087060
0x08087098	0x080870A7	thumb	sub_08087098
0x080870A8	0x0808711F	thumb	sub_080870A8
0x08087120	0x0808712B	thumb	sub_08087120
0x0808712C	0x08087137	thumb	sub_0808712C
0x08087138	0x08087143	thumb	sub_08087138
0x08087144	0x0808714B	thumb	sub_08087144
0x0808714C	0x0808715F	thumb	sub_0808714C
0x08087160	0x0808716B	thumb	sub_08087160
0x0808716C	0x080871E3	thumb	sub_0808716C
0x080871E4	0x0808724B	thumb	sub_080871E4
0x0808724C	0x0808725F	thumb	sub_0808724C
0x08087260	0x08087293	thumb	sub_08087260
0x08087294	0x080872C7	thumb	sub_08087294
0x080872C8	0x08087347	thumb	sub_080872C8
0x08087348	0x0808735B	thumb	sub_08087348
0x0808735C	0x080873E3	thumb	sub_0808735C
0x080873E4	0x08087483	thumb	sub_080873E4
0x08087484	0x08087537	thumb	sub_08087484
0x08087538	0x080875E7	thumb	sub_08087538
0x080875E8	0x080875FB	thumb	sub_080875E8
0x080875FC	0x080875FF	thumb	sub_080875FC
0x08087600	0x08087607	thumb	sub_08087600
0x08087608	0x08087657	thumb	sub_08087608
0x08087658	0x080876A3	thumb	sub_08087658
0x080876A4	0x080876CF	thumb	sub_080876A4
0x080876D0	0x080876FF	thumb	sub_080876D0
0x08087700	0x08087743	thumb	sub_08087700
0x08087744	0x080877B7	thumb	sub_08087744
0x080877B8	0x0808782B	thumb	sub_080877B8
0x0808782C	0x0808789B	thumb	sub_0808782C
0x0808789C	0x080878E3	thumb	sub_0808789C
0x080878E4	0x08087943	thumb	sub_080878E4
0x08087944	0x0808796B	thumb	sub_08087944
0x0808796C	0x080879A7	thumb	sub_0808796C
0x080879A8	0x08087A47	thumb	sub_080879A8
0x08087A48	0x08087A97	thumb	sub_08087A48
0x08087A98	0x08087AC7	thumb	sub_08087A98
0x08087AC8	0x08087AD3	thumb	sub_08087AC8
0x08087AD4	0x08087ADF	thumb	sub_08087AD4
0x08087AE0	0x08087BD3	thumb	sub_08087AE0
0x08087BD4	0x08087BD7	thumb	sub_08087BD4
0x08087BD8	0x08087BDB	thumb	sub_08087BD8
0x08087BDC	0x08087BDF	thumb	sub_08087BDC
0x08087BE0	0x08087BE3	thumb	sub_08087BE0
0x08087BE4	0x08087BE7	thumb	sub_08087BE4
0x08087BE8	0x08087BEB	thumb	sub_08087BE8
0x08087BEC	0x08087BEF	thumb	sub_08087BEC
0x08087BF0	0x08087BF7	thumb	sub_08087BF0
0x08087BF8	0x08087BFF	thumb	sub_08087BF8
0x08087C00	0x08087C03	thumb	sub_08087C00
0x08087C04	0x08087C07	thumb	sub_08087C04
0x08087C08	0x08087C0B	thumb	sub_08087C08
0x08087C0C	0x08087C0F	thumb	nullsub_30
0x08087C10	0x08087C23	thumb	sub_08087C10
0x08087C24	0x08087C27	thumb	sub_08087C24
0x08087C28	0x08087C2B	thumb	sub_08087C28
0x08087C2C	0x08087C2F	thumb	sub_08087C2C
0x08087C30	0x08087C37	thumb	sub_08087C30
0x08087C38	0x08087C3F	thumb	sub_08087C38
0x08087C40	0x08087C43	thumb	sub_08087C40
0x08087C44	0x08087C47	thumb	sub_08087C44
0x08087C48	0x08087C4B	thumb	debugStub__9SingletonPCc
0x08087C4C	0x08087C4F	thumb	sub_08087C4C
0x08087C50	0x08087C53	thumb	sub_08087C50
0x08087C54	0x08087C57	thumb	sub_08087C54
0x08087C58	0x08087C63	thumb	sub_08087C58
0x08087C64	0x08087C6F	thumb	sub_08087C64
0x08087C70	0x08087CA3	thumb	sub_08087C70
0x08087CA4	0x08087CD3	thumb	sub_08087CA4
0x08087CD4	0x08087D03	thumb	sub_08087CD4
0x08087D04	0x08087D47	thumb	sub_08087D04
0x08087D48	0x08087D77	thumb	sub_08087D48
0x08087D78	0x08087DCB	thumb	sub_08087D78
0x08087DCC	0x08087E1F	thumb	sub_08087DCC
0x08087E20	0x08087E73	thumb	sub_08087E20
0x08087E74	0x08087ED7	thumb	sub_08087E74
0x08087ED8	0x08087EEB	thumb	__8BGHandle
0x08087EEC	0x08087F0F	thumb	__8BGHandleRC11ResPtrSized
0x08087F10	0x08087F3B	thumb	_._8BGHandle
0x08087F3C	0x08087F7F	thumb	init__8BGHandleRC11ResPtrSized
0x08087F80	0x08087F99	thumb	type__8BGHandleRC11ResPtrSized
0x08087F9C	0x08087FA7	thumb	read1__8BGHandleRC11ResPtrSized
0x08087FA8	0x08087FD1	thumb	read2__8BGHandleRC11ResPtrSized
0x08087FD4	0x08087FDD	thumb	_fd4__8BGHandleRC11ResPtrSized
0x08087FE0	0x08087FE3	thumb	count__C8BGHandle
0x08087FE4	0x08087FE7	thumb	block__C8BGHandle
0x08087FE8	0x08088017	thumb	sub_08087FE8
0x08088018	0x08088023	thumb	__11Unk08088018
0x08088024	0x08088043	thumb	_._11Unk08088018
0x08088044	0x080881AB	thumb	sub_08088044__11Unk08088018UsPvT2
0x080881AC	0x0808836B	thumb	sub_080881AC
0x0808836C	0x080884B3	thumb	sub_0808836C
0x080884B4	0x080884F3	thumb	sub_080884B4
0x080884F4	0x0808855B	thumb	sub_080884F4
0x0808855C	0x08088627	thumb	sub_0808855C
0x08088628	0x08088637	thumb	sub_08088628
0x08088638	0x08088657	thumb	sub_08088638
0x08088658	0x0808865F	thumb	sub_08088658
0x08088660	0x08088667	thumb	sub_08088660
0x08088668	0x08088677	thumb	sub_08088668
0x08088678	0x080886D7	thumb	sub_08088678
0x080886D8	0x080886DF	thumb	sub_080886D8
0x080886E0	0x080886EF	thumb	sub_080886E0
0x080886F0	0x0808870F	thumb	sub_080886F0
0x08088710	0x08088717	thumb	sub_08088710
0x08088718	0x0808872B	thumb	sub_08088718
0x0808872C	0x0808873F	thumb	sub_0808872C
0x08088740	0x0808875B	thumb	sub_08088740
0x0808875C	0x080887AF	thumb	sub_0808875C
0x080887B0	0x080887CB	thumb	sub_080887B0
0x080887CC	0x080887EB	thumb	sub_080887CC
0x080887EC	0x0808881B	thumb	sub_080887EC
0x0808881C	0x0808882B	thumb	sub_0808881C
0x0808882C	0x0808882F	thumb	sub_0808882C
0x08088830	0x0808886F	thumb	sub_08088830
0x08088870	0x08088873	thumb	sub_08088870
0x08088874	0x080888B3	thumb	sub_08088874
0x080888B4	0x080888D3	thumb	sub_080888B4
0x080888D4	0x080888FF	thumb	sub_080888D4
0x08088900	0x0808892F	thumb	sub_08088900
0x08088930	0x080889EF	thumb	sub_08088930
0x080889F0	0x08088BA7	thumb	sub_080889F0
0x08088BA8	0x08088C07	thumb	sub_08088BA8
0x08088C08	0x08088C53	thumb	sub_08088C08
0x08088C54	0x08088D43	thumb	sub_08088C54
0x08088D44	0x08088D57	thumb	__9BXTHandle
0x08088D58	0x08088D7B	thumb	__9BXTHandleRC11ResPtrSized
0x08088D7C	0x08088D9B	thumb	_._9BXTHandle
0x08088D9C	0x08088DBD	thumb	init__9BXTHandleRC11ResPtrSized
0x08088DC0	0x08088DD9	thumb	type__C9BXTHandleRC11ResPtrSized
0x08088DDC	0x08088DE9	thumb	read__9BXTHandleRC11ResPtrSized
0x08088DEC	0x08088DEF	thumb	count__C9BXTHandle
0x08088DF0	0x08088E15	thumb	getMessage__9BXTHandleUi
0x08088E18	0x08088E2B	thumb	__15Struct_09F85088
0x08088E2C	0x08088E4B	thumb	_._15Struct_09F85088
0x08088E4C	0x08088E57	thumb	sub_08088E4C__15Struct_09F85088PPUcP7Setting
0x08088E58	0x08088E5D	thumb	__7SettingRC7Setting
0x08088E60	0x08088E95	thumb	sub_08088E60__15Struct_09F85088i
0x08088E98	0x08088ED3	thumb	sub_08088E98__15Struct_09F85088i
0x08088ED4	0x08088EDF	thumb	__1V
0x08088EE0	0x08088EFF	thumb	_._1V
0x08088F00	0x08088F3F	thumb	sub_08088F00__1VG7SettingPs
0x08088F40	0x0808904B	thumb	sub_08088F40__1VP7SettingPs
0x0808904C	0x08089177	thumb	sub_0808904C__1VP7SettingPs
0x08089178	0x080891EF	thumb	sub_08089178
0x080891F0	0x0808933B	thumb	sub_080891F0
0x0808933C	0x080894BB	thumb	sub_0808933C
0x080894BC	0x080894DB	thumb	sub_080894BC
0x080894DC	0x0808951F	thumb	sub_080894DC
0x08089520	0x08089543	thumb	sub_08089520
0x08089544	0x0808957F	thumb	sub_08089544
0x08089580	0x08089593	thumb	sub_08089580
0x08089594	0x08089597	thumb	sub_08089594
0x08089598	0x0808959B	thumb	sub_08089598
0x0808959C	0x0808959F	thumb	sub_0808959C
0x080895A0	0x080895BF	thumb	sub_080895A0
0x080895C0	0x08089603	thumb	sub_080895C0
0x08089604	0x08089627	thumb	sub_08089604
0x08089628	0x08089663	thumb	sub_08089628
0x08089664	0x08089677	thumb	sub_08089664
0x08089678	0x0808967B	thumb	sub_08089678
0x0808967C	0x0808967F	thumb	sub_0808967C
0x08089680	0x08089683	thumb	sub_08089680
0x08089684	0x08089713	thumb	sub_08089684
0x08089714	0x0808977F	thumb	sub_08089714
0x08089780	0x080897AF	thumb	sub_08089780
0x080897B0	0x080897BB	thumb	sub_080897B0
0x080897BC	0x080897C7	thumb	sub_080897BC
0x080897C8	0x080897DB	thumb	sub_080897C8
0x080897DC	0x080897E7	thumb	sub_080897DC
0x080897E8	0x080897EB	thumb	sub_080897E8
0x080897EC	0x08089867	thumb	sub_080897EC
0x08089868	0x080898CB	thumb	sub_08089868
0x080898CC	0x08089A23	thumb	sub_080898CC
0x08089A24	0x08089A27	thumb	sub_08089A24
0x08089A28	0x08089A33	thumb	sub_08089A28
0x08089A34	0x08089A5F	thumb	sub_08089A34
0x08089A60	0x08089A8F	thumb	sub_08089A60
0x08089A90	0x08089A97	thumb	sub_08089A90
0x08089A98	0x08089A9B	thumb	sub_08089A98
0x08089A9C	0x08089AE3	thumb	sub_08089A9C
0x08089AE4	0x08089B4B	thumb	sub_08089AE4
0x08089B4C	0x08089D13	thumb	sub_08089B4C
0x08089D14	0x08089D7B	thumb	sub_08089D14
0x08089D7C	0x08089D9B	thumb	sub_08089D7C
0x08089D9C	0x08089F63	thumb	sub_08089D9C
0x08089F64	0x08089F93	thumb	sub_08089F64
0x08089F94	0x0808A03B	thumb	sub_08089F94
0x0808A03C	0x0808A1FF	thumb	sub_0808A03C
0x0808A200	0x0808A22F	thumb	sub_0808A200
0x0808A230	0x0808A267	thumb	sub_0808A230
0x0808A268	0x0808A30F	thumb	sub_0808A268
0x0808A310	0x0808A3B3	thumb	sub_0808A310
0x0808A3B4	0x0808A3C7	thumb	sub_0808A3B4
0x0808A3C8	0x0808A52B	thumb	sub_0808A3C8
0x0808A52C	0x0808A5B7	thumb	sub_0808A52C
0x0808A5B8	0x0808A5CB	thumb	sub_0808A5B8
0x0808A5CC	0x0808A793	thumb	sub_0808A5CC
0x0808A794	0x0808A837	thumb	sub_0808A794
0x0808A838	0x0808A8DB	thumb	sub_0808A838
0x0808A8DC	0x0808A8EF	thumb	sub_0808A8DC
0x0808A8F0	0x0808AAA7	thumb	sub_0808A8F0
0x0808AAA8	0x0808AB37	thumb	sub_0808AAA8
0x0808AB38	0x0808AB4B	thumb	sub_0808AB38
0x0808AB4C	0x0808ACC3	thumb	sub_0808AB4C
0x0808ACC4	0x0808AD23	thumb	sub_0808ACC4
0x0808AD24	0x0808ADBF	thumb	sub_0808AD24
0x0808ADC0	0x0808ADD3	thumb	sub_0808ADC0
0x0808ADD4	0x0808ADEF	thumb	sub_0808ADD4
0x0808ADF0	0x0808AE23	thumb	sub_0808ADF0
0x0808AE24	0x0808AE37	thumb	sub_0808AE24
0x0808AE38	0x0808AE77	thumb	sub_0808AE38
0x0808AE78	0x0808AE7F	thumb	sub_0808AE78
0x0808AE80	0x0808AEF3	thumb	sub_0808AE80
0x0808AEF4	0x0808AF07	thumb	sub_0808AEF4
0x0808AF08	0x0808AF0F	thumb	sub_0808AF08
0x0808AF10	0x0808AF1B	thumb	sub_0808AF10
0x0808AF1C	0x0808AF1F	thumb	sub_0808AF1C
0x0808AF20	0x0808AF23	thumb	sub_0808AF20
0x0808AF24	0x0808AF2B	thumb	sub_0808AF24
0x0808AF2C	0x0808AF2F	thumb	sub_0808AF2C
0x0808AF30	0x0808AF37	thumb	sub_0808AF30
0x0808AF38	0x0808AF3B	thumb	sub_0808AF38
0x0808AF3C	0x0808AF3F	thumb	sub_0808AF3C
0x0808AF40	0x0808AF43	thumb	sub_0808AF40
0x0808AF44	0x0808AFA7	thumb	sub_0808AF44
0x0808AFA8	0x0808B05F	thumb	sub_0808AFA8
0x0808B060	0x0808B073	thumb	sub_0808B060
0x0808B074	0x0808B07B	thumb	sub_0808B074
0x0808B07C	0x0808B083	thumb	sub_0808B07C
0x0808B084	0x0808B0D7	thumb	sub_0808B084
0x0808B0D8	0x0808B193	thumb	sub_0808B0D8
0x0808B194	0x0808B1A7	thumb	sub_0808B194
0x0808B1A8	0x0808B1AF	thumb	sub_0808B1A8
0x0808B1B0	0x0808B1B7	thumb	sub_0808B1B0
0x0808B1B8	0x0808B217	thumb	sub_0808B1B8
0x0808B218	0x0808BA83	thumb	sub_0808B218
0x0808BA84	0x0808BB8B	thumb	sub_0808BA84
0x0808BB8C	0x0808BD2B	thumb	sub_0808BB8C
0x0808BD2C	0x0808BE5F	thumb	sub_0808BD2C
0x0808BE60	0x0808BF1B	thumb	sub_0808BE60
0x0808BF1C	0x0808BF43	thumb	sub_0808BF1C
0x0808BF44	0x0808BF47	thumb	sub_0808BF44
0x0808BF48	0x0808BF53	thumb	sub_0808BF48
0x0808BF54	0x0808BFF7	thumb	sub_0808BF54
0x0808BFF8	0x0808C023	thumb	sub_0808BFF8
0x0808C024	0x0808C043	thumb	sub_0808C024
0x0808C044	0x0808C063	thumb	sub_0808C044
0x0808C064	0x0808C09B	thumb	sub_0808C064
0x0808C09C	0x0808C0AB	thumb	sub_0808C09C
0x0808C0AC	0x0808C0D7	thumb	sub_0808C0AC
0x0808C0D8	0x0808C133	thumb	sub_0808C0D8
0x0808C134	0x0808C18F	thumb	sub_0808C134
0x0808C190	0x0808C1CB	thumb	sub_0808C190
0x0808C1CC	0x0808C2B3	thumb	sub_0808C1CC
0x0808C2B4	0x0808C2C3	thumb	sub_0808C2B4
0x0808C2C4	0x0808C3B3	thumb	sub_0808C2C4
0x0808C3B4	0x0808C487	thumb	sub_0808C3B4
0x0808C488	0x0808C567	thumb	sub_0808C488
0x0808C568	0x0808C577	thumb	sub_0808C568
0x0808C578	0x0808C597	thumb	sub_0808C578
0x0808C598	0x0808C59B	thumb	sub_0808C598
0x0808C59C	0x0808C617	thumb	sub_0808C59C
0x0808C618	0x0808C693	thumb	sub_0808C618
0x0808C694	0x0808C6D7	thumb	sub_0808C694
0x0808C6D8	0x0808C757	thumb	sub_0808C6D8
0x0808C758	0x0808C7CB	thumb	sub_0808C758
0x0808C7CC	0x0808CB17	thumb	sub_0808C7CC
0x0808CB18	0x0808CB77	thumb	sub_0808CB18
0x0808CB78	0x0808CB8F	thumb	sub_0808CB78
0x0808CB90	0x0808CBBF	thumb	sub_0808CB90
0x0808CBC0	0x0808CBD7	thumb	sub_0808CBC0
0x0808CBD8	0x0808D27F	thumb	sub_0808CBD8
0x0808D280	0x0808D3B3	thumb	sub_0808D280
0x0808D3B4	0x0808D46F	thumb	sub_0808D3B4
0x0808D470	0x0808D517	thumb	sub_0808D470
0x0808D518	0x0808D53F	thumb	sub_0808D518
0x0808D540	0x0808D543	thumb	sub_0808D540
0x0808D544	0x0808D54F	thumb	sub_0808D544
0x0808D550	0x0808D5E7	thumb	sub_0808D550
0x0808D5E8	0x0808D613	thumb	sub_0808D5E8
0x0808D614	0x0808D63F	thumb	sub_0808D614
0x0808D640	0x0808D66B	thumb	sub_0808D640
0x0808D66C	0x0808D697	thumb	sub_0808D66C
0x0808D698	0x0808D6C3	thumb	sub_0808D698
0x0808D6C4	0x0808D6FF	thumb	sub_0808D6C4
0x0808D700	0x0808D757	thumb	sub_0808D700
0x0808D758	0x0808D767	thumb	sub_0808D758
0x0808D768	0x0808D857	thumb	sub_0808D768
0x0808D858	0x0808D90F	thumb	sub_0808D858
0x0808D910	0x0808D9CF	thumb	sub_0808D910
0x0808D9D0	0x0808D9DF	thumb	sub_0808D9D0
0x0808D9E0	0x0808D9FF	thumb	sub_0808D9E0
0x0808DA00	0x0808DA03	thumb	sub_0808DA00
0x0808DA04	0x0808DA43	thumb	sub_0808DA04
0x0808DA44	0x0808DA83	thumb	sub_0808DA44
0x0808DA84	0x0808DAC3	thumb	sub_0808DA84
0x0808DAC4	0x0808DB03	thumb	sub_0808DAC4
0x0808DB04	0x0808DB43	thumb	sub_0808DB04
0x0808DB44	0x0808DB93	thumb	sub_0808DB44
0x0808DB94	0x0808DBD3	thumb	sub_0808DB94
0x0808DBD4	0x0808DF13	thumb	sub_0808DBD4
0x0808DF14	0x0808DF83	thumb	sub_0808DF14
0x0808DF84	0x0808DF9B	thumb	sub_0808DF84
0x0808DF9C	0x0808DFBB	thumb	sub_0808DF9C
0x0808DFBC	0x0808DFD3	thumb	sub_0808DFBC
0x0808DFD4	0x0808E1FF	thumb	sub_0808DFD4
0x0808E200	0x0808E243	thumb	sub_0808E200
0x0808E244	0x0808E277	thumb	sub_0808E244
0x0808E278	0x0808E2A3	thumb	sub_0808E278
0x0808E2A4	0x0808E2D3	thumb	sub_0808E2A4
0x0808E2D4	0x0808E2DB	thumb	sub_0808E2D4
0x0808E2DC	0x0808E2FF	thumb	sub_0808E2DC
0x0808E300	0x0808E317	thumb	sub_0808E300
0x0808E318	0x0808E337	thumb	sub_0808E318
0x0808E338	0x0808E34F	thumb	sub_0808E338
0x0808E350	0x0808E5FB	thumb	sub_0808E350
0x0808E5FC	0x0808E64B	thumb	sub_0808E5FC
0x0808E64C	0x0808E663	thumb	sub_0808E64C
0x0808E664	0x0808E707	thumb	sub_0808E664
0x0808E708	0x0808E73B	thumb	sub_0808E708
0x0808E73C	0x0808E7AF	thumb	sub_0808E73C
0x0808E7B0	0x0808E7BF	thumb	sub_0808E7B0
0x0808E7C0	0x0808E7EF	thumb	sub_0808E7C0
0x0808E7F0	0x0808E7F3	thumb	sub_0808E7F0
0x0808E7F4	0x0808E7F7	thumb	sub_0808E7F4
0x0808E7F8	0x0808E7FB	thumb	sub_0808E7F8
0x0808E7FC	0x0808E7FF	thumb	sub_0808E7FC
0x0808E800	0x0808E803	thumb	sub_0808E800
0x0808E804	0x0808E807	thumb	sub_0808E804
0x0808E808	0x0808E80B	thumb	sub_0808E808
0x0808E80C	0x0808E80F	thumb	sub_0808E80C
0x0808E810	0x0808E813	thumb	sub_0808E810
0x0808E814	0x0808E833	thumb	sub_0808E814
0x0808E834	0x0808E8FF	thumb	sub_0808E834
0x0808E900	0x0808E92F	thumb	sub_0808E900
0x0808E930	0x0808E957	thumb	sub_0808E930
0x0808E958	0x0808EA6B	thumb	sub_0808E958
0x0808EA6C	0x0808EA6F	thumb	sub_0808EA6C
0x0808EA70	0x0808EA77	thumb	sub_0808EA70
0x0808EA78	0x0808EA7B	thumb	sub_0808EA78
0x0808EA7C	0x0808EA7F	thumb	sub_0808EA7C
0x0808EA80	0x0808EA8B	thumb	sub_0808EA80
0x0808EA8C	0x0808EA8F	thumb	sub_0808EA8C
0x0808EA90	0x0808EA97	thumb	sub_0808EA90
0x0808EA98	0x0808EA9B	thumb	sub_0808EA98
0x0808EA9C	0x0808EA9F	thumb	sub_0808EA9C
0x0808EAA0	0x0808EAA7	thumb	sub_0808EAA0
0x0808EAA8	0x0808EAAB	thumb	sub_0808EAA8
0x0808EAAC	0x0808EAAF	thumb	sub_0808EAAC
0x0808EAB0	0x0808EACB	thumb	sub_0808EAB0
0x0808EACC	0x0808EBA7	thumb	sub_0808EACC
0x0808EBA8	0x0808EC27	thumb	sub_0808EBA8
0x0808EC28	0x0808EC33	thumb	sub_0808EC28
0x0808EC34	0x0808ECA3	thumb	sub_0808EC34
0x0808ECA4	0x0808ECEB	thumb	sub_0808ECA4
0x0808ECEC	0x0808ECFB	thumb	umul3232H32
0x0808ECFC	0x0808ED7F	thumb	SoundMain
0x0808ED80	0x0808F123	thumb	SoundMainRAM
0x0808F124	0x0808F139	thumb	SoundMainBTM
0x0808F13C	0x0808F15B	thumb	RealClearChain
0x0808F15C	0x0808F193	thumb	ply_fine
0x0808F194	0x0808F1A9	thumb	MPlayJumpTableCopy
0x0808F1AC	0x00000000	thumb	ldrb_r3_r2
0x0808F1AE	0x00000000	thumb	chk_adr_r2
0x0808F1C8	0x0808F1D1	thumb	ld_r3_tp_adr_i
0x0808F1D4	0x0808F1F3	thumb	ply_goto
0x0808F1F4	0x0808F20D	thumb	ply_patt
0x0808F210	0x0808F223	thumb	ply_pend
0x0808F224	0x0808F251	thumb	ply_rept
0x0808F254	0x0808F25D	thumb	ply_prio
0x0808F260	0x0808F273	thumb	ply_tempo
0x0808F274	0x0808F285	thumb	ply_keysh
0x0808F288	0x0808F2B5	thumb	ply_voice
0x0808F2B8	0x0808F2C9	thumb	ply_vol
0x0808F2CC	0x0808F2DF	thumb	ply_pan
0x0808F2E0	0x0808F2F3	thumb	ply_bend
0x0808F2F4	0x0808F305	thumb	ply_bendr
0x0808F308	0x0808F311	thumb	ply_lfodl
0x0808F314	0x0808F32B	thumb	ply_modt
0x0808F32C	0x0808F33F	thumb	ply_tune
0x0808F340	0x0808F357	thumb	ply_port
0x0808F358	0x0808F5D3	thumb	MPlayMain
0x0808F5D4	0x0808F61F	thumb	TrackStop
0x0808F620	0x0808F64F	thumb	ChnVolSetAsm
0x0808F650	0x0808F84F	thumb	ply_note
0x0808F850	0x0808F899	thumb	ply_endtie
0x0808F89C	0x0808F8B5	thumb	clear_modM
0x0808F8B8	0x0808F8C1	thumb	ld_r3_tp_adr_i_unchecked
0x0808F8C4	0x0808F8D5	thumb	ply_lfos
0x0808F8D8	0x0808F8E9	thumb	ply_mod
0x0808F8EC	0x0808F94F	thumb	MidiKeyToFreq
0x0808F950	0x0808F951	thumb	sub_0808F950
0x0808F954	0x0808F973	thumb	MPlayContinue
0x0808F974	0x0808F997	thumb	MPlayFadeOut
0x0808F998	0x0808FA0F	thumb	m4aSoundInit
0x0808FA10	0x0808FA19	thumb	m4aSoundMain
0x0808FA1C	0x0808FA47	thumb	m4aSongNumStart
0x0808FA48	0x0808FA93	thumb	m4aSongNumStartOrChange
0x0808FA94	0x0808FAE7	thumb	m4aSongNumStartOrContinue
0x0808FAE8	0x0808FB1B	thumb	m4aSongNumStop
0x0808FB1C	0x0808FB4F	thumb	m4aSongNumContinue
0x0808FB50	0x0808FB7B	thumb	m4aMPlayAllStop
0x0808FB7C	0x0808FB85	thumb	m4aMPlayContinue
0x0808FB88	0x0808FBB3	thumb	m4aMPlayAllContinue
0x0808FBB4	0x0808FBC1	thumb	m4aMPlayFadeOut
0x0808FBC4	0x0808FBE7	thumb	m4aMPlayFadeOutTemporarily
0x0808FBE8	0x0808FC13	thumb	m4aMPlayFadeIn
0x0808FC14	0x0808FC7B	thumb	m4aMPlayImmInit
0x0808FC7C	0x0808FD93	thumb	MPlayExtender
0x0808FD94	0x0808FD97	thumb	MusicPlayerJumpTableCopy
0x0808FD98	0x0808FDAB	thumb	ClearChain
0x0808FDAC	0x0808FDBF	thumb	Clear64byte
0x0808FDC0	0x0808FEB7	thumb	SoundInit
0x0808FEB8	0x0808FF23	thumb	SampleFreqSet
0x0808FF24	0x0808FFB7	thumb	m4aSoundMode
0x0808FFB8	0x0809000B	thumb	SoundClear
0x0809000C	0x0809008B	thumb	m4aSoundVSyncOff
0x0809008C	0x08090103	thumb	m4aSoundVSyncOn
0x08090104	0x08090183	thumb	m4aSoundVSync
0x08090184	0x080901FB	thumb	MPlayOpen
0x080901FC	0x080902DF	thumb	MPlayStart
0x080902E0	0x0809031F	thumb	MPlayStop
0x08090320	0x080903E7	thumb	FadeOutBody
0x080903E8	0x08090499	thumb	TrkVolPitSet
0x0809049C	0x08090543	thumb	MidiKeyToCgbFreq
0x08090544	0x08090597	thumb	CgbOscOff
0x08090598	0x080905FD	thumb	CgbModVol
0x08090600	0x08090A7F	thumb	CgbSound
0x08090A80	0x08090AA3	thumb	m4aMPlayTempoControl
0x08090AA4	0x08090B0B	thumb	m4aMPlayVolumeControl
0x08090B0C	0x08090B7F	thumb	m4aMPlayPitchControl
0x08090B80	0x08090BE7	thumb	m4aMPlayPanpotControl
0x08090BE8	0x08090C0B	thumb	ClearModM
0x08090C0C	0x08090C7F	thumb	m4aMPlayModDepthSet
0x08090C80	0x08090CF3	thumb	m4aMPlayLFOSpeedSet
0x08090CF4	0x08090E4B	thumb	ply_memacc
0x08090E4C	0x08090E6B	thumb	ply_xcmd
0x08090E6C	0x08090E7F	thumb	ply_xxx
0x08090E80	0x08090EC7	thumb	ply_xwave
0x08090EC8	0x08090ED9	thumb	ply_xtype
0x08090EDC	0x08090EED	thumb	ply_xatta
0x08090EF0	0x08090F01	thumb	ply_xdeca
0x08090F04	0x08090F15	thumb	ply_xsust
0x08090F18	0x08090F29	thumb	ply_xrele
0x08090F2C	0x08090F37	thumb	ply_xiecv
0x08090F38	0x08090F43	thumb	ply_xiecl
0x08090F44	0x08090F55	thumb	ply_xleng
0x08090F58	0x08090F69	thumb	ply_xswee
0x08090F6C	0x08090F6D	thumb	DummyFunc
0x08090F70	0x00000000	thumb	ArcTan2
0x08090F74	0x00000000	thumb	CpuFastSet
0x08090F78	0x00000000	thumb	CpuSet
0x08090F7C	0x00000000	thumb	Div
0x08090F80	0x00000000	thumb	DivMod
0x08090F88	0x00000000	thumb	LZ77UnCompVram
0x08090F8C	0x00000000	thumb	LZ77UnCompWram
0x08090F90	0x00000000	thumb	sub_08090F90
0x08090FA8	0x00000000	thumb	sub_08090FA8
0x08090FB0	0x00000000	thumb	sub_08090FB0
0x08090FB8	0x00000000	thumb	sub_08090FB8
0x08090FBC	0x00000000	thumb	VBlankIntrWait
0x08090FC4	0x00000000	thumb	sub_08090FC4
0x08090FE8	0x00000000	thumb	sub_08090FE8
0x08091084	0x00000000	thumb	sub_08091084
0x080910AC	0x00000000	thumb	sub_080910AC
0x080910E8	0x00000000	thumb	sub_080910E8
0x08091190	0x00000000	thumb	sub_08091190
0x080911D4	0x00000000	thumb	sub_080911D4
0x080911D8	0x00000000	thumb	sub_080911D8
0x08091218	0x00000000	thumb	sub_08091218
0x0809123C	0x00000000	thumb	sub_0809123C
0x080912D8	0x00000000	thumb	sub_080912D8
0x08091308	0x00000000	thumb	sub_08091308
0x080913A0	0x00000000	thumb	sub_080913A0
0x08091438	0x00000000	thumb	sub_08091438
0x0809147C	0x00000000	thumb	sub_0809147C
0x080914C4	0x00000000	thumb	sub_080914C4
0x08091558	0x00000000	thumb	sub_08091558
0x080915E0	0x00000000	thumb	sub_080915E0
0x08091654	0x00000000	thumb	sub_08091654
0x080916F0	0x00000000	thumb	sub_080916F0
0x08091728	0x00000000	thumb	sub_08091728
0x0809184C	0x00000000	thumb	sub_0809184C
0x08091870	0x00000000	thumb	sub_08091870
0x08091888	0x00000000	thumb	sub_08091888
0x08091934	0x00000000	thumb	_call_via_r0
0x08091938	0x00000000	thumb	_call_via_r1
0x0809193C	0x00000000	thumb	_call_via_r2
0x08091940	0x00000000	thumb	_call_via_r3
0x08091944	0x00000000	thumb	_call_via_r4
0x08091948	0x00000000	thumb	_call_via_r5
0x0809194C	0x00000000	thumb	sub_0809194C
0x08091950	0x00000000	thumb	sub_08091950
0x08091954	0x00000000	thumb	_call_via_r8
0x08091958	0x00000000	thumb	sub_08091958
0x0809195C	0x00000000	thumb	sub_0809195C
0x08091960	0x00000000	thumb	sub_08091960
0x08091964	0x00000000	thumb	sub_08091964
0x08091968	0x00000000	thumb	sub_08091968
0x0809196C	0x00000000	thumb	sub_0809196C
0x08091970	0x00000000	thumb	__divsi3
0x08091A04	0x00000000	thumb	nullsub_14
0x08091A08	0x00000000	thumb	__modsi3
0x08091AD8	0x00000000	thumb	__pure_virtual
0x08091AE0	0x00000000	thumb	__udivsi3
0x08091B58	0x00000000	thumb	__umodsi3
0x08091C18	0x00000000	thumb	pack_d
0x08091D60	0x00000000	thumb	unpack_d
0x08091E38	0x00000000	thumb	sub_08091E38
0x080920A4	0x00000000	thumb	__adddf3
0x080920D4	0x00000000	thumb	__subdf3
0x0809210C	0x00000000	thumb	__muldf3
0x080923B4	0x00000000	thumb	__divdf3
0x0809253C	0x00000000	thumb	sub_0809253C
0x0809263C	0x00000000	thumb	sub_0809263C
0x08092668	0x00000000	thumb	__eqdf2
0x080926B4	0x00000000	thumb	__nedf2
0x08092700	0x00000000	thumb	__gtdf2
0x0809274C	0x00000000	thumb	sub_0809274C
0x08092798	0x00000000	thumb	__ltdf2
0x080927E4	0x00000000	thumb	__ledf2
0x08092830	0x00000000	thumb	__floatsidf
0x080928AC	0x00000000	thumb	__fixdfsi
0x08092920	0x00000000	thumb	__negdf2
0x08092948	0x00000000	thumb	sub_08092948
0x08092970	0x00000000	thumb	sub_08092970
0x080929B4	0x00000000	thumb	sub_080929B4
0x08092A6C	0x00000000	thumb	sub_08092A6C
0x08092AE8	0x00000000	thumb	sub_08092AE8
0x08092C64	0x00000000	thumb	sub_08092C64
0x08092C90	0x00000000	thumb	sub_08092C90
0x08092CC4	0x00000000	thumb	sub_08092CC4
0x08092E28	0x00000000	thumb	sub_08092E28
0x08092F14	0x00000000	thumb	sub_08092F14
0x08092FF8	0x00000000	thumb	sub_08092FF8
0x08093020	0x00000000	thumb	sub_08093020
0x08093068	0x00000000	thumb	sub_08093068
0x080930B0	0x00000000	thumb	sub_080930B0
0x080930F8	0x00000000	thumb	sub_080930F8
0x08093140	0x00000000	thumb	sub_08093140
0x08093188	0x00000000	thumb	sub_08093188
0x080931D0	0x00000000	thumb	sub_080931D0
0x08093230	0x00000000	thumb	sub_08093230
0x08093298	0x00000000	thumb	sub_08093298
0x080932BC	0x00000000	thumb	sub_080932BC
0x080932D4	0x00000000	thumb	sub_080932D4
0x08093300	0x00000000	thumb	__default_terminate
0x08093308	0x00000000	thumb	__terminate
0x08093318	0x00000000	thumb	__throw_type_match
0x0809332C	0x00000000	thumb	__empty
0x08093330	0x00000000	thumb	new_eh_context
0x08093358	0x00000000	thumb	__get_eh_context
0x08093368	0x00000000	thumb	__get_eh_info
0x0809337C	0x00000000	thumb	eh_context_initialize
0x08093394	0x00000000	thumb	eh_context_static
0x080933C4	0x00000000	thumb	__get_dynamic_handler_chain
0x080934E8	0x00000000	thumb	__sjpopnthrow
0x080935B8	0x00000000	thumb	__eh_rtime_match
0x080935DC	0x00000000	thumb	__lshrdi3
0x08093610	0x00000000	thumb	sub_08093610
0x08093680	0x00000000	thumb	sub_08093680
0x08093698	0x00000000	thumb	sub_08093698
0x080936F4	0x08093713	thumb	abort
0x08093714	0x08093717	thumb	isatty
0x08093718	0x08093719	thumb	alarm
0x0809371C	0x0809372F	thumb	malloc
0x08093730	0x08093743	thumb	free
0x08093744	0x0809389F	thumb	malloc_extend_top
0x080938A0	0x08093C5F	thumb	_malloc_r
0x08093C60	0x08093CBD	thumb	memcpy
0x08093CC0	0x08093D11	thumb	memset
0x08093D14	0x08093D15	thumb	__malloc_lock
0x08093D18	0x08093D19	thumb	__malloc_unlock
0x08093D1C	0x08093D47	thumb	_sbrk_r
0x08093D48	0x08093DA1	thumb	strcmp
0x08093DA4	0x08093DC1	thumb	findslot
0x08093DC4	0x08093E0F	thumb	remap_handle
0x08093E10	0x08093E7F	thumb	initialise_monitor_handles
0x08093E80	0x08093E91	thumb	get_errno
0x08093E94	0x08093EA7	thumb	error
0x08093EA8	0x08093EBF	thumb	wrap
0x08093EC0	0x08093EE1	thumb	_swiread
0x08093EE4	0x08093F2B	thumb	_read
0x08093F2C	0x08093FAF	thumb	_swilseek
0x08093FB0	0x08093FBB	thumb	_lseek
0x08093FBC	0x08093FDD	thumb	_swiwrite
0x08093FE0	0x0809402B	thumb	_write
0x0809402C	0x080940C9	thumb	_swiopen
0x080940CC	0x080940DF	thumb	_open
0x080940E0	0x08094113	thumb	_swiclose
0x08094114	0x0809411F	thumb	_close
0x08094120	0x0809413F	thumb	_exit
0x08094140	0x0809415F	thumb	_kill
0x08094160	0x08094163	thumb	_getpid
0x08094164	0x0809419F	thumb	_sbrk
0x080941A0	0x080941A9	thumb	_fstat
0x080941AC	0x080941B1	thumb	_unlink
0x080941B4	0x080941B5	thumb	_raise
0x080941B8	0x080941E3	thumb	_gettimeofday
0x080941E4	0x08094205	thumb	_times
0x08094208	0x0809423B	thumb	vsprintf
0x0809423C	0x08094247	thumb	__errno
0x08094248	0x08094405	thumb	_free_r
0x08094408	0x080944C7	thumb	_malloc_trim_r
0x080944C8	0x08094509	thumb	strlen
0x0809450C	0x08094529	thumb	__sprint
0x0809452C	0x0809459F	thumb	__sbprintf
0x080945A0	0x080945B3	thumb	vfprintf
0x080945B4	0x08095513	thumb	_vfprintf_r
0x08095514	0x08095607	thumb	cvt
0x08095608	0x08095675	thumb	exponent
0x08095678	0x08095723	thumb	__swsetup
0x08095724	0x0809587F	thumb	quorem
0x08095880	0x08096575	thumb	_dtoa_r
0x08096578	0x0809660B	thumb	fflush
0x0809660C	0x08096643	thumb	std
0x08096644	0x08096673	thumb	__sfmoreglue
0x08096674	0x080966E7	thumb	__sfp
0x080966E8	0x080966F7	thumb	_cleanup_r
0x080966F8	0x08096707	thumb	_cleanup
0x08096708	0x08096767	thumb	__sinit
0x08096768	0x08096991	thumb	__sfvwrite
0x08096994	0x080969D3	thumb	_fwalk
0x080969D4	0x08096A0F	thumb	_setlocale_r
0x08096A10	0x08096A17	thumb	_localeconv_r
0x08096A18	0x08096A2F	thumb	setlocale
0x08096A30	0x08096A3F	thumb	localeconv
0x08096A40	0x08096B1B	thumb	__smakebuf
0x08096B1C	0x08096B45	thumb	_mbtowc_r
0x08096B48	0x08096BC7	thumb	memchr
0x08096BC8	0x08096C4F	thumb	memmove
0x08096C50	0x08096CA5	thumb	_Balloc
0x08096CA8	0x08096CBF	thumb	_Bfree
0x08096CC0	0x08096D57	thumb	_multadd
0x08096D58	0x08096DD9	thumb	_s2b
0x08096DDC	0x08096E33	thumb	_hi0bits
0x08096E34	0x08096EB5	thumb	_lo0bits
0x08096EB8	0x08096EC9	thumb	_i2b
0x08096ECC	0x08097035	thumb	_multiply
0x08097038	0x080970CF	thumb	_pow5mult
0x080970D0	0x0809716D	thumb	_lshift
0x08097170	0x080971AD	thumb	__mcmp
0x080971B0	0x0809729F	thumb	__mdiff
0x080972A0	0x080972EB	thumb	_ulp
0x080972EC	0x080973A7	thumb	_b2d
0x080973A8	0x0809748F	thumb	_d2b
0x08097490	0x080974DF	thumb	_ratio
0x080974E0	0x0809751F	thumb	_mprec_log10
0x08097520	0x08097543	thumb	isinf
0x08097544	0x08097563	thumb	isnan
0x08097564	0x08097597	thumb	__sread
0x08097598	0x080975D7	thumb	__swrite
0x080975D8	0x08097615	thumb	__sseek
0x08097618	0x08097627	thumb	__sclose
0x08097628	0x08097657	thumb	_write_r
0x08097658	0x080976AF	thumb	_calloc_r
0x080976B0	0x080976DB	thumb	_close_r
0x080976DC	0x08097707	thumb	_fstat_r
0x08097708	0x08097737	thumb	_lseek_r
0x08097738	0x08097767	thumb	_read_r
0x08097768	0x08097787	thumb	_._11ResPtrSized
0x08097788	0x08097797	thumb	init__13SystemManager
0x08097798	0x0809779F	thumb	getName__13SystemManager
0x080977A0	0x080977B3	thumb	_._5Event
0x080977B4	0x080977C3	thumb	init__13BattleManager
0x080977C4	0x080977CB	thumb	getName__13BattleManager
0x080977CC	0x080977EB	thumb	init__18ShowDownAsLoseRTTIUs
0x080977EC	0x080977F3	thumb	getName__18ShowDownAsLoseRTTI
0x080977F4	0x08097807	thumb	dt__14ShowDownAsLose
0x08097808	0x08097827	thumb	init__20ShowDownAsEscapeRTTIUs
0x08097828	0x0809782F	thumb	getName__20ShowDownAsEscapeRTTI
0x08097830	0x08097843	thumb	dt__16ShowDownAsEscape
0x08097844	0x08097863	thumb	init__17ShowDownAsWinRTTIUs
0x08097864	0x0809786B	thumb	getName__17ShowDownAsWinRTTI
0x0809786C	0x0809787F	thumb	dt__13ShowDownAsWin
0x08097880	0x0809788F	thumb	init__15UnitTurnEndRTTI
0x08097890	0x08097897	thumb	getName__15UnitTurnEndRTTI
0x08097898	0x080978AB	thumb	dt__11UnitTurnEnd
0x080978AC	0x080978BB	thumb	init__17UnitTurnBeginRTTI
0x080978BC	0x080978C3	thumb	getName__17UnitTurnBeginRTTI
0x080978C4	0x080978D7	thumb	dt__13UnitTurnBegin
0x080978D8	0x080978E7	thumb	init__12RoundEndRTTI
0x080978E8	0x080978EF	thumb	getName__12RoundEndRTTI
0x080978F0	0x08097903	thumb	dt__8RoundEnd
0x08097904	0x08097913	thumb	init__14RoundBeginRTTI
0x08097914	0x0809791B	thumb	getName__14RoundBeginRTTI
0x0809791C	0x0809792F	thumb	dt__10RoundBegin
0x08097930	0x0809794F	thumb	create__23MaskedManBattleBFactoryUs
0x08097950	0x0809796F	thumb	create__23MaskedManBattleAFactoryUs
0x08097970	0x0809798F	thumb	create__18PorkyBattleFactoryUs
0x08097990	0x080979CF	thumb	sub_08097990
0x080979D0	0x080979EF	thumb	create__21PorkyBotBattleFactoryUs
0x080979F0	0x08097A0B	thumb	create__23MasterEddyBattleFactoryUs
0x08097A0C	0x08097A27	thumb	create__20DefaultBattleFactoryUs
0x08097A28	0x08097A93	thumb	__16MaskedManBattleBUs
0x08097A94	0x08097B5B	thumb	__16MaskedManBattleAUs
0x08097B5C	0x08097BC7	thumb	__11PorkyBattleUs
0x08097BC8	0x08097C33	thumb	__14PorkyBotBattleUs
0x08097C34	0x08097C93	thumb	__16MasterEddyBattleUs
0x08097C94	0x08097CB3	thumb	sub_08097C94
0x08097CB4	0x08097D17	thumb	sub_08097CB4
0x08097D18	0x08097D6F	thumb	__13DefaultBattleUs
0x08097D70	0x08097DDF	thumb	battle_110__16MaskedManBattleB
0x08097DE0	0x08098033	thumb	sub_08097DE0
0x08098034	0x0809820F	thumb	sub_08098034
0x08098210	0x0809857F	thumb	sub_08098210
0x08098580	0x08098727	thumb	sub_08098580
0x08098728	0x08098867	thumb	battle_98__16MaskedManBattleB
0x08098868	0x0809886B	thumb	battle_90__16MaskedManBattleB
0x0809886C	0x080988B7	thumb	battle_78__16MaskedManBattleB
0x080988B8	0x080988DB	thumb	battle_88__16MaskedManBattleB
0x080988DC	0x08098943	thumb	dt__16MaskedManBattleB
0x08098944	0x080989D7	thumb	battle_110__16MaskedManBattleA
0x080989D8	0x08098A3F	thumb	sub_080989D8
0x08098A40	0x08098AA7	thumb	sub_08098A40
0x08098AA8	0x08098B3B	thumb	sub_08098AA8
0x08098B3C	0x08098BD3	thumb	sub_08098B3C
0x08098BD4	0x08098CCB	thumb	sub_08098BD4
0x08098CCC	0x08098E47	thumb	sub_08098CCC
0x08098E48	0x08098F37	thumb	sub_08098E48
0x08098F38	0x0809923F	thumb	sub_08098F38
0x08099240	0x080995EB	thumb	evtFlintIntervene
0x080995EC	0x080997EF	thumb	sub_080995EC
0x080997F0	0x08099993	thumb	sub_080997F0
0x08099994	0x08099A87	thumb	sub_08099994
0x08099A88	0x08099BE3	thumb	sub_08099A88
0x08099BE4	0x08099C4F	thumb	sub_08099BE4
0x08099C50	0x08099E37	thumb	battle_98__16MaskedManBattleA
0x08099E38	0x08099E3B	thumb	battle_90__16MaskedManBattleA
0x08099E3C	0x08099E87	thumb	battle_78__16MaskedManBattleA
0x08099E88	0x08099F17	thumb	dt__16MaskedManBattleA
0x08099F18	0x08099F73	thumb	battle_110__11PorkyBattle
0x08099F74	0x08099FD7	thumb	sub_08099F74
0x08099FD8	0x0809A473	thumb	sub_08099FD8
0x0809A474	0x0809A4AB	thumb	sub_0809A474
0x0809A4AC	0x0809A577	thumb	sub_0809A4AC
0x0809A578	0x0809A63F	thumb	sub_0809A578
0x0809A640	0x0809A70B	thumb	sub_0809A640
0x0809A70C	0x0809A7D7	thumb	sub_0809A70C
0x0809A7D8	0x0809A8B7	thumb	battle_98__11PorkyBattle
0x0809A8B8	0x0809A91F	thumb	dt__11PorkyBattle
0x0809A920	0x0809A97F	thumb	sub_0809A920
0x0809A980	0x0809A9CF	thumb	sub_0809A980
0x0809A9D0	0x0809AA43	thumb	sub_0809A9D0
0x0809AA44	0x0809AA97	thumb	sub_0809AA44
0x0809AA98	0x0809AEB3	thumb	sub_0809AA98
0x0809AEB4	0x0809AFA7	thumb	sub_0809AEB4
0x0809AFA8	0x0809B367	thumb	sub_0809AFA8
0x0809B368	0x0809B397	thumb	sub_0809B368
0x0809B398	0x0809B3A3	thumb	sub_0809B398
0x0809B3A4	0x0809B41F	thumb	battle_90__14PorkyBotBattle
0x0809B420	0x0809B487	thumb	dt__14PorkyBotBattle
0x0809B488	0x0809B4D3	thumb	battle_110__16MasterEddyBattle
0x0809B4D4	0x0809B53B	thumb	dt__16MasterEddyBattle
0x0809B53C	0x0809B60F	thumb	sub_0809B53C
0x0809B610	0x0809B8A7	thumb	sub_0809B610
0x0809B8A8	0x0809B9AF	thumb	sub_0809B8A8
0x0809B9B0	0x0809BAB3	thumb	sub_0809B9B0
0x0809BAB4	0x0809BB53	thumb	sub_0809BAB4
0x0809BB54	0x0809BB93	thumb	sub_0809BB54
0x0809BB94	0x0809BBE3	thumb	sub_0809BB94
0x0809BBE4	0x0809BC0F	thumb	battle_1f8__13DefaultBattle
0x0809BC10	0x0809BC67	thumb	sub_0809BC10
0x0809BC68	0x0809BCBB	thumb	sub_0809BC68
0x0809BCBC	0x0809BCDF	thumb	battle_78__13DefaultBattle
0x0809BCE0	0x0809BD4F	thumb	sub_0809BCE0
0x0809BD50	0x0809BDB7	thumb	dt__13DefaultBattle
0x0809BDB8	0x0809BDDB	thumb	create__12ClausFactoryUsUs
0x0809BDDC	0x0809BDFF	thumb	create__12SalsaFactoryUsUs
0x0809BE00	0x0809BE23	thumb	create__12BoneyFactoryUsUs
0x0809BE24	0x0809BE47	thumb	create__13DusterFactoryUsUs
0x0809BE48	0x0809BE6B	thumb	create__15KumatoraFactoryUsUs
0x0809BE6C	0x0809BE8F	thumb	create__12LucasFactoryUsUs
0x0809BE90	0x0809BEB3	thumb	create__12FlintFactoryUsUs
0x0809BEB4	0x0809BED3	thumb	sub_0809BEB4
0x0809BED4	0x0809BEF3	thumb	sub_0809BED4
0x0809BEF4	0x0809BF17	thumb	create__20DefaultPlayerFactoryUsUs
0x0809BF18	0x0809BFE7	thumb	__5ClausUsUs
0x0809BFE8	0x0809C0DB	thumb	__5SalsaUsUs
0x0809C0DC	0x0809C1B7	thumb	__5BoneyUsUs
0x0809C1B8	0x0809C293	thumb	__6DusterUsUs
0x0809C294	0x0809C37B	thumb	__8KumatoraUsUs
0x0809C37C	0x0809C463	thumb	__5LucasUsUs
0x0809C464	0x0809C53F	thumb	__5FlintUsUs
0x0809C540	0x0809C5E7	thumb	__13DefaultPlayerUsUs
0x0809C5E8	0x0809C603	thumb	dt__5Claus
0x0809C604	0x0809C61B	thumb	sub_0809C604
0x0809C61C	0x0809C7EB	thumb	sub_0809C61C
0x0809C7EC	0x0809C817	thumb	sub_0809C7EC
0x0809C818	0x0809C83F	thumb	sub_0809C818
0x0809C840	0x0809C897	thumb	sub_0809C840
0x0809C898	0x0809C8B3	thumb	dt__5Salsa
0x0809C8B4	0x0809C8CF	thumb	sub_0809C8B4
0x0809C8D0	0x0809C8EB	thumb	dt__5Boney
0x0809C8EC	0x0809C973	thumb	sub_0809C8EC
0x0809C974	0x0809CAB7	thumb	sub_0809C974
0x0809CAB8	0x0809CAD3	thumb	dt__6Duster
0x0809CAD4	0x0809CBCF	thumb	sub_0809CAD4
0x0809CBD0	0x0809CCB7	thumb	sub_0809CBD0
0x0809CCB8	0x0809CCF3	thumb	dt__8Kumatora
0x0809CCF4	0x0809CD6B	thumb	sub_0809CCF4
0x0809CD6C	0x0809CE67	thumb	sub_0809CD6C
0x0809CE68	0x0809CF4F	thumb	sub_0809CE68
0x0809CF50	0x0809CF8B	thumb	dt__5Lucas
0x0809CF8C	0x0809D003	thumb	sub_0809CF8C
0x0809D004	0x0809D05B	thumb	sub_0809D004
0x0809D05C	0x0809D077	thumb	dt__5Flint
0x0809D078	0x0809D0DB	thumb	missSfx__13DefaultPlayer
0x0809D0DC	0x0809D13F	thumb	critSfx__13DefaultPlayer
0x0809D140	0x0809D19F	thumb	attackSfx__13DefaultPlayer
0x0809D1A0	0x0809D263	thumb	sub_0809D1A0
0x0809D264	0x0809D293	thumb	sub_0809D264
0x0809D294	0x0809D297	thumb	nullsub_53
0x0809D298	0x0809D4B7	thumb	sub_0809D298
0x0809D4B8	0x0809D4F7	thumb	onAction__13DefaultPlayerP6Action
0x0809D4F8	0x0809D4FB	thumb	nullsub_52
0x0809D4FC	0x0809D517	thumb	dt__13DefaultPlayer
0x0809D518	0x0809D537	thumb	create__12SniffFactoryUsP4Unit
0x0809D538	0x0809D557	thumb	create__18SirenBeetleFactoryUsP4Unit
0x0809D558	0x0809D577	thumb	create__16QuickFlipFactoryUsP4Unit
0x0809D578	0x0809D597	thumb	create__26CantAttackMaskedManFactoryUsP4Unit
0x0809D598	0x0809D5B7	thumb	create__10RunFactoryUsP4Unit
0x0809D5B8	0x0809D5D7	thumb	create__12DanceFactoryUsP4Unit
0x0809D5D8	0x0809D5F7	thumb	create__16MakeLaughFactoryUsP4Unit
0x0809D5F8	0x0809D617	thumb	create__16ApologizeFactoryUsP4Unit
0x0809D618	0x0809D637	thumb	create__18TickleStickFactoryUsP4Unit
0x0809D638	0x0809D657	thumb	create__16ScaryMaskFactoryUsP4Unit
0x0809D658	0x0809D677	thumb	create__16SmokeBombFactoryUsP4Unit
0x0809D678	0x0809D697	thumb	create__20HypnoPendulumFactoryUsP4Unit
0x0809D698	0x0809D6B7	thumb	create__17WallStapleFactoryUsP4Unit
0x0809D6B8	0x0809D727	thumb	sub_0809D6B8
0x0809D728	0x0809D7D3	thumb	sub_0809D728
0x0809D7D4	0x0809D837	thumb	sub_0809D7D4
0x0809D838	0x0809D85F	thumb	sub_0809D838
0x0809D860	0x0809D87F	thumb	create__11BashFactoryUsP4Unit
0x0809D880	0x0809D89F	thumb	create__25DefaultPlayerSkillFactoryUsP4Unit
0x0809D8A0	0x0809D8BB	thumb	__5SniffUsP4Unit
0x0809D8BC	0x0809D8D7	thumb	__11SirenBeetleUsP4Unit
0x0809D8D8	0x0809D8F3	thumb	__9QuickFlipUsP4Unit
0x0809D8F4	0x0809D90F	thumb	__19CantAttackMaskedManUsP4Unit
0x0809D910	0x0809D953	thumb	__3RunUsP4Unit
0x0809D954	0x0809D96F	thumb	__5DanceUsP4Unit
0x0809D970	0x0809D98B	thumb	__9MakeLaughUsP4Unit
0x0809D98C	0x0809D9A7	thumb	__9ApologizeUsP4Unit
0x0809D9A8	0x0809D9C3	thumb	__11TickleStickUsP4Unit
0x0809D9C4	0x0809D9DF	thumb	__9ScaryMaskUsP4Unit
0x0809D9E0	0x0809D9FB	thumb	__9SmokeBombUsP4Unit
0x0809D9FC	0x0809DA17	thumb	__13HypnoPendulumUsP4Unit
0x0809DA18	0x0809DA33	thumb	__10WallStapleUsP4Unit
0x0809DA34	0x0809DA67	thumb	__4BashUsP4Unit
0x0809DA68	0x0809DA83	thumb	__18DefaultPlayerSkillUsP4Unit
0x0809DA84	0x0809DAD3	thumb	tellMissed__5SniffP4Unit
0x0809DAD4	0x0809DC2B	thumb	onSuccess__5SniffP4Unit
0x0809DC2C	0x0809DC9B	thumb	calcDidHit__5SniffP4Unit
0x0809DC9C	0x0809DCE7	thumb	tellResisted__5SniffP4Unit
0x0809DCE8	0x0809DD73	thumb	isResisted__5SniffP4Unit
0x0809DD74	0x0809DD87	thumb	tellUseMessage__5Sniff
0x0809DD88	0x0809DD9B	thumb	dt__5Sniff
0x0809DD9C	0x0809DDDF	thumb	tellMissed__11SirenBeetleP4Unit
0x0809DDE0	0x0809DEAF	thumb	onSuccess__11SirenBeetleP4Unit
0x0809DEB0	0x0809DF03	thumb	calcDidHit__11SirenBeetleP4Unit
0x0809DF04	0x0809DF2F	thumb	tellResisted__11SirenBeetleP4Unit
0x0809DF30	0x0809DF4F	thumb	isResisted__11SirenBeetleP4Unit
0x0809DF50	0x0809DF6B	thumb	playAnim__11SirenBeetle
0x0809DF6C	0x0809DF7F	thumb	dt__11SirenBeetle
0x0809DF80	0x0809E04B	thumb	tellUseMessage__9QuickFlip
0x0809E04C	0x0809E05F	thumb	dt__9QuickFlip
0x0809E060	0x0809E11F	thumb	tellUseMessage__19CantAttackMaskedMan
0x0809E120	0x0809E133	thumb	dt__19CantAttackMaskedMan
0x0809E134	0x0809E1DF	thumb	tellMissed__3RunP4Unit
0x0809E1E0	0x0809E243	thumb	onSuccess__3RunP4Unit
0x0809E244	0x0809E337	thumb	calcDidHit__3RunP4Unit
0x0809E338	0x0809E38F	thumb	tellUseMessage__3Run
0x0809E390	0x0809E3A3	thumb	dt__3Run
0x0809E3A4	0x0809E59F	thumb	onSuccess__5DanceP4Unit
0x0809E5A0	0x0809E5B3	thumb	dt__5Dance
0x0809E5B4	0x0809E5F7	thumb	tellMissed__9MakeLaughP4Unit
0x0809E5F8	0x0809E62F	thumb	calcDidHit__9MakeLaughP4Unit
0x0809E630	0x0809E673	thumb	tellResisted__9MakeLaughP4Unit
0x0809E674	0x0809E693	thumb	isResisted__9MakeLaughP4Unit
0x0809E694	0x0809E6EB	thumb	tellUseMessage__9MakeLaugh
0x0809E6EC	0x0809E6FF	thumb	dt__9MakeLaugh
0x0809E700	0x0809E743	thumb	tellMissed__9ApologizeP4Unit
0x0809E744	0x0809E77B	thumb	calcDidHit__9ApologizeP4Unit
0x0809E77C	0x0809E7BF	thumb	tellResisted__9ApologizeP4Unit
0x0809E7C0	0x0809E7DF	thumb	isResisted__9ApologizeP4Unit
0x0809E7E0	0x0809E833	thumb	tellUseMessage__9Apologize
0x0809E834	0x0809E847	thumb	dt__9Apologize
0x0809E848	0x0809E85B	thumb	dt__11TickleStick
0x0809E85C	0x0809E85F	thumb	dt__9ScaryMask
0x0809E860	0x0809E86F	thumb	dt__11UnusedPlySk
0x0809E870	0x0809E883	thumb	dt__9SmokeBomb
0x0809E884	0x0809E897	thumb	dt__13HypnoPendulum
0x0809E898	0x0809E8DB	thumb	tellResisted__10WallStapleP4Unit
0x0809E8DC	0x0809E8EF	thumb	dt__10WallStaple
0x0809E8F0	0x0809E90F	thumb	sub_0809E8F0__4Bash
0x0809E910	0x0809E953	thumb	sub_0809E910__4Bash
0x0809E954	0x0809EAA3	thumb	sub_0809E954__4Bash
0x0809EAA4	0x0809EAEF	thumb	sub_0809EAA4__4Bash
0x0809EAF0	0x0809EB93	thumb	sub_0809EAF0__4Bash
0x0809EB94	0x0809EBA7	thumb	sub_0809EB94__4Bash
0x0809EBA8	0x0809EBBB	thumb	sub_0809EBA8__4Bash
0x0809EBBC	0x0809EC03	thumb	sub_0809EBBC__4Bash
0x0809EC04	0x0809EC43	thumb	sub_0809EC04__4Bash
0x0809EC44	0x0809ED03	thumb	sub_0809EC44__4Bash
0x0809ED04	0x0809EEAB	thumb	sub_0809ED04__4Bash
0x0809EEAC	0x0809F097	thumb	sub_0809EEAC
0x0809F098	0x0809F5AD	thumb	onAttack__4BashP4Unit
0x0809F5B0	0x0809F66F	thumb	hitChance__C4BashP4Unit
0x0809F670	0x0809F6DB	thumb	calcDidHit__4BashP4Unit
0x0809F6DC	0x0809F6DF	thumb	isResisted__4BashP4Unit
0x0809F6E0	0x0809F70F	thumb	dt__4Bash
0x0809F710	0x0809F723	thumb	sub_0809F710
0x0809F724	0x0809F83F	thumb	sub_0809F724
0x0809F840	0x0809F853	thumb	action_1c0__5Sniff
0x0809F854	0x0809F96F	thumb	fire__5Sniff
0x0809F970	0x0809F98F	thumb	sub_0809F970
0x0809F990	0x0809F9EF	thumb	sub_0809F990
0x0809F9F0	0x0809FA57	thumb	sub_0809F9F0
0x0809FA58	0x0809FA6B	thumb	sub_0809FA58
0x0809FA6C	0x0809FB87	thumb	sub_0809FA6C
0x0809FB88	0x0809FC0F	thumb	hitChance__C18DefaultPlayerSkill
0x0809FC10	0x0809FC23	thumb	dt__18DefaultPlayerSkill
0x0809FC24	0x0809FC37	thumb	init__9GuestRTTI
0x0809FC38	0x0809FC3F	thumb	getName__9GuestRTTI
0x0809FC40	0x0809FC5B	thumb	create__12IoniaFactoryUs
0x0809FC5C	0x0809FC77	thumb	create__13FassadFactoryUs
0x0809FC78	0x0809FC93	thumb	create__11WessFactoryUs
0x0809FC94	0x0809FCAF	thumb	create__11AlecFactoryUs
0x0809FCB0	0x0809FCCB	thumb	create__11FuelFactoryUs
0x0809FCCC	0x0809FCE7	thumb	create__13ThomasFactoryUs
0x0809FCE8	0x0809FD07	thumb	sub_0809FCE8
0x0809FD08	0x0809FD27	thumb	sub_0809FD08
0x0809FD28	0x0809FD43	thumb	create__19DefaultGuestFactoryUs
0x0809FD44	0x0809FE03	thumb	__5IoniaUs
0x0809FE04	0x0809FEE3	thumb	__6FassadUs
0x0809FEE4	0x0809FFB3	thumb	__4WessUs
0x0809FFB4	0x080A008B	thumb	__4AlecUs
0x080A008C	0x080A014B	thumb	__4FuelUs
0x080A014C	0x080A020B	thumb	__6ThomasUs
0x080A020C	0x080A02BB	thumb	__12DefaultGuestUs
0x080A02BC	0x080A02E3	thumb	guest_2c0__5Ionia
0x080A02E4	0x080A02FF	thumb	dt__5Ionia
0x080A0300	0x080A034B	thumb	_118__6Fassad
0x080A034C	0x080A0373	thumb	_110__6Fassad
0x080A0374	0x080A039B	thumb	_108__6Fassad
0x080A039C	0x080A043B	thumb	guest_2c0__6Fassad
0x080A043C	0x080A04AF	thumb	_e8__6Fassad
0x080A04B0	0x080A04CB	thumb	dt__6Fassad
0x080A04CC	0x080A051B	thumb	onAction__4WessP6Action
0x080A051C	0x080A067F	thumb	_108__4Wess
0x080A0680	0x080A073B	thumb	guest_2c0__4Wess
0x080A073C	0x080A0757	thumb	dt__4Wess
0x080A0758	0x080A07BF	thumb	sub_080A0758
0x080A07C0	0x080A083F	thumb	_110__4Alec
0x080A0840	0x080A08E3	thumb	_108__4Alec
0x080A08E4	0x080A0917	thumb	guest_2c0__4Alec
0x080A0918	0x080A0933	thumb	dt__4Alec
0x080A0934	0x080A095B	thumb	guest_2c0__4Fuel
0x080A095C	0x080A0977	thumb	dt__4Fuel
0x080A0978	0x080A09A7	thumb	guest_2c0__6Thomas
0x080A09A8	0x080A09C3	thumb	dt__6Thomas
0x080A09C4	0x080A09CF	thumb	_100__12DefaultGuest
0x080A09D0	0x080A09DB	thumb	_f8__12DefaultGuest
0x080A09DC	0x080A0A03	thumb	onAction__12DefaultGuestP6Action
0x080A0A04	0x080A0A07	thumb	_f0__12DefaultGuest
0x080A0A08	0x080A0A0B	thumb	_e8__12DefaultGuest
0x080A0A0C	0x080A0A27	thumb	dt__12DefaultGuest
0x080A0A28	0x080A0A45	thumb	create__19GuestSkill24FactoryUsP4Unit
0x080A0A48	0x080A0A65	thumb	create__17AlecAttackFactoryUsP4Unit
0x080A0A68	0x080A0A85	thumb	create__22AlecShakeWakeUpFactoryUsP4Unit
0x080A0A88	0x080A0AA5	thumb	create__23FassadPunishizerFactoryUsP4Unit
0x080A0AA8	0x080A0AC5	thumb	create__24DefaultGuestSkillFactoryUsP4Unit
0x080A0AC8	0x080A0AE3	thumb	__12GuestSkill24UsP4Unit
0x080A0AE4	0x080A0AFF	thumb	__10AlecAttackUsP4Unit
0x080A0B00	0x080A0B1B	thumb	__15AlecShakeWakeUpUsP4Unit
0x080A0B1C	0x080A0B37	thumb	__16FassadPunishizerUsP4Unit
0x080A0B38	0x080A0B53	thumb	__17DefaultGuestSkillUsPv
0x080A0B54	0x080A0B8F	thumb	getUseMessage__C12GuestSkill24
0x080A0B90	0x080A0BA3	thumb	_._12GuestSkill24
0x080A0BA4	0x080A0BCB	thumb	isResisted__10AlecAttackP4Unit
0x080A0BCC	0x080A0BDF	thumb	_._10AlecAttack
0x080A0BE0	0x080A0C17	thumb	onDamage__15AlecShakeWakeUpP4Unit
0x080A0C18	0x080A0C2B	thumb	_._15AlecShakeWakeUp
0x080A0C2C	0x080A0D33	thumb	onDamage__16FassadPunishizerP4Unit
0x080A0D34	0x080A0D47	thumb	_._16FassadPunishizer
0x080A0D48	0x080A0DCF	thumb	hitChance__C17DefaultGuestSkill
0x080A0DD0	0x080A0DE3	thumb	_._17DefaultGuestSkill
0x080A0DE4	0x080A0E07	thumb	create__28MaskedMan3rdFactoryUsUs
0x080A0E08	0x080A0E2B	thumb	create__28MaskedMan2ndFactoryUsUs
0x080A0E2C	0x080A0E4F	thumb	create__28AbsolutelySafeCapsuleFactoryUsUs
0x080A0E50	0x080A0E73	thumb	create__12PorkyFactoryUsUs
0x080A0E74	0x080A0E97	thumb	create__21MechaPorky0607FactoryUsUs
0x080A0E98	0x080A0EBB	thumb	create__17MechaPorkyFactoryUsUs
0x080A0EBC	0x080A0EDF	thumb	create__26NaturalKillerCyborgFactoryUsUs
0x080A0EE0	0x080A0F03	thumb	create__21PorkColonel2ndFactoryUsUs
0x080A0F04	0x080A0F27	thumb	create__19NuclearRobotFactoryUsUs
0x080A0F28	0x080A0F4B	thumb	create__19UpgradedRoboFactoryUsUs
0x080A0F4C	0x080A0F6F	thumb	create__21PorkLieutenantFactoryUsUs
0x080A0F70	0x080A0F93	thumb	create__20MiracleFassadFactoryUsUs
0x080A0F94	0x080A0FB7	thumb	create__19MaskedMan1stFactoryUsUs
0x080A0FB8	0x080A0FDB	thumb	create__16HuggyBombFactoryUsUs
0x080A0FDC	0x080A0FFF	thumb	create__14TLCTreeFactoryUsUs
0x080A1000	0x080A1023	thumb	create__18BarrierTrioFactoryUsUs
0x080A1024	0x080A1047	thumb	create__16DragonflyFactoryUsUs
0x080A1048	0x080A106B	thumb	create__20EerieSmile4thFactoryUsUs
0x080A106C	0x080A108F	thumb	create__15TitanianFactoryUsUs
0x080A1090	0x080A10B3	thumb	create__20EerieSmile2ndFactoryUsUs
0x080A10B4	0x080A10D7	thumb	create__16MonkalrusFactoryUsUs
0x080A10D8	0x080A10FB	thumb	create__20EerieSmile1stFactoryUsUs
0x080A10FC	0x080A111F	thumb	create__20EerieSmile3rdFactoryUsUs
0x080A1120	0x080A1143	thumb	create__19ZombieshroomFactoryUsUs
0x080A1144	0x080A1167	thumb	create__17MasterEddyFactoryUsUs
0x080A1168	0x080A118B	thumb	create__17FishRoeManFactoryUsUs
0x080A118C	0x080A11AF	thumb	create__17NavySquealFactoryUsUs
0x080A11B0	0x080A11D3	thumb	create__16NewFassadFactoryUsUs
0x080A11D4	0x080A11F7	thumb	create__14HotheadFactoryUsUs
0x080A11F8	0x080A121B	thumb	create__15BlazeflyFactoryUsUs
0x080A121C	0x080A123F	thumb	create__17ScaredyBotFactoryUsUs
0x080A1240	0x080A1263	thumb	create__19SteelGorillaFactoryUsUs
0x080A1264	0x080A1287	thumb	create__16TenYetiFactoryUsUs
0x080A1288	0x080A12AB	thumb	create__16ChillyDogFactoryUsUs
0x080A12AC	0x080A12CF	thumb	create__20PorkCommanderFactoryUsUs
0x080A12D0	0x080A12F3	thumb	create__22AlmostMechaLionFactoryUsUs
0x080A12F4	0x080A1317	thumb	create__14BroTeamFactoryUsUs
0x080A1318	0x080A133B	thumb	create__16MrGenetorFactoryUsUs
0x080A133C	0x080A135F	thumb	create__18MissMarshmallowFactoryUsUs
0x080A1360	0x080A1383	thumb	create__18SurpriseBoxFactoryUsUs
0x080A1384	0x080A13A7	thumb	create__17BatteryManFactoryUsUs
0x080A13A8	0x080A13CB	thumb	create__16MinorRoboFactoryUsUs
0x080A13CC	0x080A13EF	thumb	create__18SadJunkHeapFactoryUsUs
0x080A13F0	0x080A1413	thumb	create__18AtomicRobotFactoryUsUs
0x080A1414	0x080A1437	thumb	create__16BarricadeFactoryUsUs
0x080A1438	0x080A145B	thumb	create__27WomanizingPigMask2ndFactoryUsUs
0x080A145C	0x080A147F	thumb	create__27WomanizingPigMask1stFactoryUsUs
0x080A1480	0x080A14A3	thumb	create__18WoundupBearFactoryUsUs
0x080A14A4	0x080A14C7	thumb	create__18MechaTurtleFactoryUsUs
0x080A14C8	0x080A14EB	thumb	create__18JealousBassFactoryUsUs
0x080A14EC	0x080A150F	thumb	create__17BeatenDrumFactoryUsUs
0x080A1510	0x080A1533	thumb	create__20WailingGuitarFactoryUsUs
0x080A1534	0x080A1557	thumb	create__17StickySlugFactoryUsUs
0x080A1558	0x080A157B	thumb	create__15PigtuniaFactoryUsUs
0x080A157C	0x080A159F	thumb	create__18CattlesnakeFactoryUsUs
0x080A15A0	0x080A15C3	thumb	create__17StickyGlopFactoryUsUs
0x080A15C4	0x080A15E7	thumb	create__17SandLizardFactoryUsUs
0x080A15E8	0x080A160B	thumb	create__15PorkTankFactoryUsUs
0x080A160C	0x080A162F	thumb	create__18PorkSoldierFactoryUsUs
0x080A1630	0x080A1653	thumb	create__15PseudoorFactoryUsUs
0x080A1654	0x080A1677	thumb	create__19RockingGhostFactoryUsUs
0x080A1678	0x080A169B	thumb	create__15ArachnidFactoryUsUs
0x080A169C	0x080A16BF	thumb	create__18MobileGraveFactoryUsUs
0x080A16C0	0x080A16E3	thumb	create__16OhSoSnakeFactoryUsUs
0x080A16E4	0x080A1707	thumb	create__14ClaymanFactoryUsUs
0x080A1708	0x080A172B	thumb	create__16MrPassionFactoryUsUs
0x080A172C	0x080A174F	thumb	create__11TreeFactoryUsUs
0x080A1750	0x080A1773	thumb	create__19BaldingEagleFactoryUsUs
0x080A1774	0x080A1797	thumb	create__20WalkingBushieFactoryUsUs
0x080A1798	0x080A17BB	thumb	create__16PotatoBugFactoryUsUs
0x080A17BC	0x080A17DF	thumb	create__19SootDumplingFactoryUsUs
0x080A17E0	0x080A1803	thumb	create__22BakedYammonsterFactoryUsUs
0x080A1804	0x080A1827	thumb	create__17MechaDragoFactoryUsUs
0x080A1828	0x080A184B	thumb	create__29ReconstructedCaribouFactoryUsUs
0x080A184C	0x080A187B	thumb	sub_080A184C
0x080A187C	0x080A18AB	thumb	sub_080A187C
0x080A18AC	0x080A18CF	thumb	create__21DefaultMonsterFactoryUsUs
0x080A18D0	0x080A199B	thumb	__12MaskedMan3rdUsUs
0x080A199C	0x080A1AC3	thumb	__12MaskedMan2ndUsUs
0x080A1AC4	0x080A1B97	thumb	__21AbsolutelySafeCapsuleUsUs
0x080A1B98	0x080A1C93	thumb	__5PorkyUsUs
0x080A1C94	0x080A1DB3	thumb	__14MechaPorky0607UsUs
0x080A1DB4	0x080A1ED3	thumb	__10MechaPorkyUsUs
0x080A1ED4	0x080A1FBF	thumb	__19NaturalKillerCyborgUsUs
0x080A1FC0	0x080A20B7	thumb	__14PorkColonel2ndUsUs
0x080A20B8	0x080A218B	thumb	__12NuclearRobotUsUs
0x080A218C	0x080A226B	thumb	__12UpgradedRoboUsUs
0x080A226C	0x080A234B	thumb	__14PorkLieutenantUsUs
0x080A234C	0x080A245F	thumb	__9MiracleFassadUsUs
0x080A2460	0x080A2567	thumb	__12MaskedMan1stUsUs
0x080A2568	0x080A2647	thumb	__9HuggyBombUsUs
0x080A2648	0x080A2713	thumb	__7TLCTreeUsUs
0x080A2714	0x080A2847	thumb	__11BarrierTrioUsUs
0x080A2848	0x080A2913	thumb	__9DragonflyUsUs
0x080A2914	0x080A29DF	thumb	__13EerieSmile4thUsUs
0x080A29E0	0x080A2AAB	thumb	__8TitanianUsUs
0x080A2AAC	0x080A2B77	thumb	__13EerieSmile2ndUsUs
0x080A2B78	0x080A2C43	thumb	__9MonkalrusUsUs
0x080A2C44	0x080A2D0F	thumb	__13EerieSmile1stUsUs
0x080A2D10	0x080A2DDB	thumb	__13EerieSmile3rdUsUs
0x080A2DDC	0x080A2EA7	thumb	__12ZombieshroomUsUs
0x080A2EA8	0x080A2F73	thumb	__10MasterEddyUsUs
0x080A2F74	0x080A303F	thumb	__10FishRoeManUsUs
0x080A3040	0x080A310B	thumb	__10NavySquealUsUs
0x080A310C	0x080A3213	thumb	__9NewFassadUsUs
0x080A3214	0x080A32DF	thumb	__7HotheadUsUs
0x080A32E0	0x080A33AB	thumb	__8BlazeflyUsUs
0x080A33AC	0x080A3477	thumb	__10ScaredyBotUsUs
0x080A3478	0x080A3553	thumb	__12SteelGorillaUsUs
0x080A3554	0x080A361F	thumb	__7TenYetiUsUs
0x080A3620	0x080A36EB	thumb	__9ChillyDogUsUs
0x080A36EC	0x080A37B7	thumb	__13PorkCommanderUsUs
0x080A37B8	0x080A3883	thumb	__15AlmostMechaLionUsUs
0x080A3884	0x080A394F	thumb	__7BroTeamUsUs
0x080A3950	0x080A3A37	thumb	__9MrGenetorUsUs
0x080A3A38	0x080A3B17	thumb	__15MissMarshmallowUsUs
0x080A3B18	0x080A3BE3	thumb	__11SurpriseBoxUsUs
0x080A3BE4	0x080A3CAF	thumb	__10BatteryManUsUs
0x080A3CB0	0x080A3D8F	thumb	__9MinorRoboUsUs
0x080A3D90	0x080A3E8B	thumb	__11SadJunkHeapUsUs
0x080A3E8C	0x080A3F5F	thumb	__11AtomicRobotUsUs
0x080A3F60	0x080A402B	thumb	__9BarricadeUsUs
0x080A402C	0x080A410B	thumb	__20WomanizingPigMask2ndUsUs
0x080A410C	0x080A41F7	thumb	__20WomanizingPigmask1stUsUs
0x080A41F8	0x080A42C3	thumb	__11WoundupBearUsUs
0x080A42C4	0x080A438F	thumb	__11MechaTurtleUsUs
0x080A4390	0x080A446F	thumb	__11JealousBassUsUs
0x080A4470	0x080A454B	thumb	__10BeatenDrumUsUs
0x080A454C	0x080A4617	thumb	__13WailingGuitarUsUs
0x080A4618	0x080A46E3	thumb	__10StickySlugUsUs
0x080A46E4	0x080A47AF	thumb	__8PigtuniaUsUs
0x080A47B0	0x080A487B	thumb	__11CattlesnakeUsUs
0x080A487C	0x080A495B	thumb	__10StickyGlopUsUs
0x080A495C	0x080A4A27	thumb	__10SandLizardUsUs
0x080A4A28	0x080A4B07	thumb	__8PorkTankUsUs
0x080A4B08	0x080A4BE3	thumb	__11PorkSoldierUsUs
0x080A4BE4	0x080A4CC3	thumb	__8PseudoorUsUs
0x080A4CC4	0x080A4D8F	thumb	__12RockingGhostUsUs
0x080A4D90	0x080A4E6F	thumb	__8ArachnidUsUs
0x080A4E70	0x080A4F3B	thumb	__11MobileGraveUsUs
0x080A4F3C	0x080A501B	thumb	__9OhSoSnakeUsUs
0x080A501C	0x080A50FB	thumb	__7ClaymanUsUs
0x080A50FC	0x080A51DB	thumb	__9MrPassionUsUs
0x080A51DC	0x080A52BB	thumb	__4TreeUsUs
0x080A52BC	0x080A539B	thumb	__12BaldingEagleUsUs
0x080A539C	0x080A5467	thumb	__11WalkingBushUsUs
0x080A5468	0x080A5533	thumb	__9PotatoBugUsUs
0x080A5534	0x080A55FF	thumb	__12SootDumplingUsUs
0x080A5600	0x080A56DF	thumb	__15BakedYammonsterUsUs
0x080A56E0	0x00000000	thumb	tVT_HACK__20ReconstructedCaribou
0x080A57DC	0x080A58A7	thumb	__20ReconstructedCaribouUsUs
0x080A58A8	0x080A5963	thumb	__14DefaultMonsterUsUs
0x080A5964	0x080A5977	thumb	setHP__12MaskedMan3rdi
0x080A5978	0x080A599F	thumb	calcAction__12MaskedMan3rd
0x080A59A0	0x080A59BB	thumb	_._12MaskedMan3rd
0x080A59BC	0x080A59CF	thumb	sub_080A59BC
0x080A59D0	0x080A59FF	thumb	sub_080A59D0
0x080A5A00	0x080A5A4B	thumb	sub_080A5A00
0x080A5A4C	0x080A5A93	thumb	sub_080A5A4C
0x080A5A94	0x080A5AD3	thumb	sub_080A5A94
0x080A5AD4	0x080A5B0F	thumb	sub_080A5AD4
0x080A5B10	0x080A5C87	thumb	sub_080A5B10
0x080A5C88	0x080A5DD3	thumb	sub_080A5C88
0x080A5DD4	0x080A5E13	thumb	sub_080A5DD4
0x080A5E14	0x080A5EA3	thumb	sub_080A5E14
0x080A5EA4	0x080A5F3B	thumb	sub_080A5EA4
0x080A5F3C	0x080A5F8B	thumb	sub_080A5F3C
0x080A5F8C	0x080A5FC7	thumb	sub_080A5F8C
0x080A5FC8	0x080A600F	thumb	sub_080A5FC8
0x080A6010	0x080A602B	thumb	sub_080A6010
0x080A602C	0x080A603F	thumb	sub_080A602C
0x080A6040	0x080A6073	thumb	sub_080A6040
0x080A6074	0x080A608F	thumb	sub_080A6074
0x080A6090	0x080A60A3	thumb	sub_080A6090
0x080A60A4	0x080A60E3	thumb	sub_080A60A4
0x080A60E4	0x080A60E7	thumb	sub_080A60E4
0x080A60E8	0x080A613B	thumb	sub_080A60E8
0x080A613C	0x080A618F	thumb	sub_080A613C
0x080A6190	0x080A61E3	thumb	sub_080A6190
0x080A61E4	0x080A6237	thumb	sub_080A61E4
0x080A6238	0x080A62FB	thumb	sub_080A6238
0x080A62FC	0x080A6357	thumb	sub_080A62FC
0x080A6358	0x080A63B7	thumb	sub_080A6358
0x080A63B8	0x080A6417	thumb	sub_080A63B8
0x080A6418	0x080A6477	thumb	sub_080A6418
0x080A6478	0x080A647B	thumb	sub_080A6478
0x080A647C	0x080A658B	thumb	sub_080A647C
0x080A658C	0x080A661F	thumb	sub_080A658C
0x080A6620	0x080A66BB	thumb	sub_080A6620
0x080A66BC	0x080A679F	thumb	sub_080A66BC
0x080A67A0	0x080A688F	thumb	sub_080A67A0
0x080A6890	0x080A6907	thumb	sub_080A6890
0x080A6908	0x080A697B	thumb	sub_080A6908
0x080A697C	0x080A6997	thumb	sub_080A697C
0x080A6998	0x080A69E7	thumb	sub_080A6998
0x080A69E8	0x080A6A2B	thumb	sub_080A69E8
0x080A6A2C	0x080A6A67	thumb	sub_080A6A2C
0x080A6A68	0x080A6AA7	thumb	sub_080A6A68
0x080A6AA8	0x080A6B17	thumb	sub_080A6AA8
0x080A6B18	0x080A6B4F	thumb	sub_080A6B18
0x080A6B50	0x080A6B6B	thumb	sub_080A6B50
0x080A6B6C	0x080A6B9B	thumb	sub_080A6B6C
0x080A6B9C	0x080A6BC3	thumb	sub_080A6B9C
0x080A6BC4	0x080A6BFF	thumb	sub_080A6BC4
0x080A6C00	0x080A6C3F	thumb	sub_080A6C00
0x080A6C40	0x080A6CAF	thumb	sub_080A6C40
0x080A6CB0	0x080A6CE7	thumb	sub_080A6CB0
0x080A6CE8	0x080A6D03	thumb	sub_080A6CE8
0x080A6D04	0x080A6F4B	thumb	sub_080A6D04
0x080A6F4C	0x080A7063	thumb	sub_080A6F4C
0x080A7064	0x080A7113	thumb	sub_080A7064
0x080A7114	0x080A71D7	thumb	sub_080A7114
0x080A71D8	0x080A7237	thumb	sub_080A71D8
0x080A7238	0x080A7297	thumb	sub_080A7238
0x080A7298	0x080A7447	thumb	sub_080A7298
0x080A7448	0x080A74E3	thumb	sub_080A7448
0x080A74E4	0x080A751B	thumb	sub_080A74E4
0x080A751C	0x080A7607	thumb	sub_080A751C
0x080A7608	0x080A7647	thumb	sub_080A7608
0x080A7648	0x080A769B	thumb	sub_080A7648
0x080A769C	0x080A76B7	thumb	sub_080A769C
0x080A76B8	0x080A777B	thumb	sub_080A76B8
0x080A777C	0x080A7813	thumb	sub_080A777C
0x080A7814	0x080A782F	thumb	sub_080A7814
0x080A7830	0x080A78A3	thumb	sub_080A7830
0x080A78A4	0x080A78CF	thumb	sub_080A78A4
0x080A78D0	0x080A792B	thumb	sub_080A78D0
0x080A792C	0x080A798B	thumb	sub_080A792C
0x080A798C	0x080A79B3	thumb	sub_080A798C
0x080A79B4	0x080A79DF	thumb	sub_080A79B4
0x080A79E0	0x080A79FB	thumb	sub_080A79E0
0x080A79FC	0x080A7AC3	thumb	sub_080A79FC
0x080A7AC4	0x080A7B13	thumb	sub_080A7AC4
0x080A7B14	0x080A7B2F	thumb	sub_080A7B14
0x080A7B30	0x080A7BF3	thumb	sub_080A7B30
0x080A7BF4	0x080A7CF7	thumb	sub_080A7BF4
0x080A7CF8	0x080A7D13	thumb	sub_080A7CF8
0x080A7D14	0x080A7D9F	thumb	sub_080A7D14
0x080A7DA0	0x080A7DDF	thumb	sub_080A7DA0
0x080A7DE0	0x080A7EFB	thumb	sub_080A7DE0
0x080A7EFC	0x080A80B3	thumb	sub_080A7EFC
0x080A80B4	0x080A820B	thumb	sub_080A80B4
0x080A820C	0x080A8317	thumb	sub_080A820C
0x080A8318	0x080A83E7	thumb	sub_080A8318
0x080A83E8	0x080A84AB	thumb	sub_080A83E8
0x080A84AC	0x080A84C7	thumb	sub_080A84AC
0x080A84C8	0x080A865F	thumb	sub_080A84C8
0x080A8660	0x080A86EF	thumb	sub_080A8660
0x080A86F0	0x080A87F7	thumb	sub_080A86F0
0x080A87F8	0x080A8813	thumb	sub_080A87F8
0x080A8814	0x080A8853	thumb	sub_080A8814
0x080A8854	0x080A89C7	thumb	sub_080A8854
0x080A89C8	0x080A8A43	thumb	sub_080A89C8
0x080A8A44	0x080A8ABB	thumb	sub_080A8A44
0x080A8ABC	0x080A8B37	thumb	sub_080A8ABC
0x080A8B38	0x080A8BB3	thumb	sub_080A8B38
0x080A8BB4	0x080A8BF3	thumb	sub_080A8BB4
0x080A8BF4	0x080A8CF7	thumb	sub_080A8BF4
0x080A8CF8	0x080A8D13	thumb	sub_080A8CF8
0x080A8D14	0x080A8D77	thumb	sub_080A8D14
0x080A8D78	0x080A8D93	thumb	sub_080A8D78
0x080A8D94	0x080A8DAF	thumb	sub_080A8D94
0x080A8DB0	0x080A8E03	thumb	sub_080A8DB0
0x080A8E04	0x080A8E17	thumb	sub_080A8E04
0x080A8E18	0x080A8FDB	thumb	sub_080A8E18
0x080A8FDC	0x080A900B	thumb	sub_080A8FDC
0x080A900C	0x080A9233	thumb	sub_080A900C
0x080A9234	0x080A935F	thumb	sub_080A9234
0x080A9360	0x080A93EB	thumb	sub_080A9360
0x080A93EC	0x080A9407	thumb	sub_080A93EC
0x080A9408	0x080A9423	thumb	sub_080A9408
0x080A9424	0x080A9517	thumb	sub_080A9424
0x080A9518	0x080A9543	thumb	sub_080A9518
0x080A9544	0x080A9647	thumb	sub_080A9544
0x080A9648	0x080A96BB	thumb	sub_080A9648
0x080A96BC	0x080A96D7	thumb	sub_080A96BC
0x080A96D8	0x080A972B	thumb	sub_080A96D8
0x080A972C	0x080A9747	thumb	sub_080A972C
0x080A9748	0x080A97CB	thumb	sub_080A9748
0x080A97CC	0x080A9833	thumb	sub_080A97CC
0x080A9834	0x080A984F	thumb	sub_080A9834
0x080A9850	0x080A9873	thumb	sub_080A9850
0x080A9874	0x080A988F	thumb	sub_080A9874
0x080A9890	0x080A98DF	thumb	sub_080A9890
0x080A98E0	0x080A9947	thumb	sub_080A98E0
0x080A9948	0x080A9963	thumb	sub_080A9948
0x080A9964	0x080A998F	thumb	sub_080A9964
0x080A9990	0x080A99AB	thumb	sub_080A9990
0x080A99AC	0x080A9A0B	thumb	sub_080A99AC
0x080A9A0C	0x080A9A73	thumb	sub_080A9A0C
0x080A9A74	0x080A9A8F	thumb	sub_080A9A74
0x080A9A90	0x080A9B13	thumb	sub_080A9A90
0x080A9B14	0x080A9B7B	thumb	sub_080A9B14
0x080A9B7C	0x080A9B97	thumb	sub_080A9B7C
0x080A9B98	0x080A9C33	thumb	sub_080A9B98
0x080A9C34	0x080A9C4F	thumb	sub_080A9C34
0x080A9C50	0x080A9D63	thumb	sub_080A9C50
0x080A9D64	0x080A9D97	thumb	sub_080A9D64
0x080A9D98	0x080A9DCF	thumb	sub_080A9D98
0x080A9DD0	0x080A9DEB	thumb	sub_080A9DD0
0x080A9DEC	0x080A9E17	thumb	sub_080A9DEC
0x080A9E18	0x080A9E37	thumb	sub_080A9E18
0x080A9E38	0x080A9E53	thumb	sub_080A9E38
0x080A9E54	0x080A9ECB	thumb	sub_080A9E54
0x080A9ECC	0x080A9EE7	thumb	sub_080A9ECC
0x080A9EE8	0x080A9F3B	thumb	sub_080A9EE8
0x080A9F3C	0x080AA07F	thumb	sub_080A9F3C
0x080AA080	0x080AA09B	thumb	sub_080AA080
0x080AA09C	0x080AA11B	thumb	sub_080AA09C
0x080AA11C	0x080AA19B	thumb	sub_080AA11C
0x080AA19C	0x080AA1F7	thumb	sub_080AA19C
0x080AA1F8	0x080AA2D3	thumb	sub_080AA1F8
0x080AA2D4	0x080AA313	thumb	sub_080AA2D4
0x080AA314	0x080AA417	thumb	sub_080AA314
0x080AA418	0x080AA433	thumb	sub_080AA418
0x080AA434	0x080AA487	thumb	sub_080AA434
0x080AA488	0x080AA4A3	thumb	sub_080AA488
0x080AA4A4	0x080AA4EF	thumb	sub_080AA4A4
0x080AA4F0	0x080AA50B	thumb	sub_080AA4F0
0x080AA50C	0x080AA5BB	thumb	sub_080AA50C
0x080AA5BC	0x080AA5D7	thumb	sub_080AA5BC
0x080AA5D8	0x080AA617	thumb	sub_080AA5D8
0x080AA618	0x080AA817	thumb	sub_080AA618
0x080AA818	0x080AA82B	thumb	sub_080AA818
0x080AA82C	0x080AA8D3	thumb	sub_080AA82C
0x080AA8D4	0x080AA973	thumb	sub_080AA8D4
0x080AA974	0x080AA98F	thumb	sub_080AA974
0x080AA990	0x080AA9DF	thumb	sub_080AA990
0x080AA9E0	0x080AA9FB	thumb	sub_080AA9E0
0x080AA9FC	0x080AAA3F	thumb	sub_080AA9FC
0x080AAA40	0x080AAA5B	thumb	sub_080AAA40
0x080AAA5C	0x080AAAD7	thumb	sub_080AAA5C
0x080AAAD8	0x080AAAF3	thumb	sub_080AAAD8
0x080AAAF4	0x080AAB37	thumb	sub_080AAAF4
0x080AAB38	0x080AAB97	thumb	sub_080AAB38
0x080AAB98	0x080AAC7F	thumb	sub_080AAB98
0x080AAC80	0x080AAC9B	thumb	sub_080AAC80
0x080AAC9C	0x080AAD63	thumb	sub_080AAC9C
0x080AAD64	0x080AAD93	thumb	sub_080AAD64
0x080AAD94	0x080AADAF	thumb	sub_080AAD94
0x080AADB0	0x080AADD3	thumb	sub_080AADB0
0x080AADD4	0x080AAE53	thumb	sub_080AADD4
0x080AAE54	0x080AAE93	thumb	sub_080AAE54
0x080AAE94	0x080AAF93	thumb	sub_080AAE94
0x080AAF94	0x080AAFA3	thumb	sub_080AAF94
0x080AAFA4	0x080AAFD7	thumb	sub_080AAFA4
0x080AAFD8	0x080AB03B	thumb	sub_080AAFD8
0x080AB03C	0x080AB0FF	thumb	sub_080AB03C
0x080AB100	0x080AB167	thumb	sub_080AB100
0x080AB168	0x080AB183	thumb	sub_080AB168
0x080AB184	0x080AB1AF	thumb	sub_080AB184
0x080AB1B0	0x080AB1E3	thumb	sub_080AB1B0
0x080AB1E4	0x080AB283	thumb	sub_080AB1E4
0x080AB284	0x080AB2C3	thumb	sub_080AB284
0x080AB2C4	0x080AB32B	thumb	sub_080AB2C4
0x080AB32C	0x080AB347	thumb	sub_080AB32C
0x080AB348	0x080AB3A7	thumb	sub_080AB348
0x080AB3A8	0x080AB3C3	thumb	sub_080AB3A8
0x080AB3C4	0x080AB41B	thumb	sub_080AB3C4
0x080AB41C	0x080AB437	thumb	sub_080AB41C
0x080AB438	0x080AB477	thumb	sub_080AB438
0x080AB478	0x080AB64F	thumb	sub_080AB478
0x080AB650	0x080AB65F	thumb	sub_080AB650
0x080AB660	0x080AB6B7	thumb	sub_080AB660
0x080AB6B8	0x080AB757	thumb	sub_080AB6B8
0x080AB758	0x080AB7A7	thumb	sub_080AB758
0x080AB7A8	0x080AB7C3	thumb	sub_080AB7A8
0x080AB7C4	0x080AB823	thumb	sub_080AB7C4
0x080AB824	0x080AB923	thumb	sub_080AB824
0x080AB924	0x080AB98B	thumb	sub_080AB924
0x080AB98C	0x080ABA1B	thumb	sub_080AB98C
0x080ABA1C	0x080ABA37	thumb	sub_080ABA1C
0x080ABA38	0x080ABAAB	thumb	sub_080ABA38
0x080ABAAC	0x080ABAD7	thumb	sub_080ABAAC
0x080ABAD8	0x080ABAFB	thumb	sub_080ABAD8
0x080ABAFC	0x080ABB23	thumb	sub_080ABAFC
0x080ABB24	0x080ABB3F	thumb	sub_080ABB24
0x080ABB40	0x080ABBA3	thumb	sub_080ABB40
0x080ABBA4	0x080ABBBF	thumb	sub_080ABBA4
0x080ABBC0	0x080ABBFF	thumb	sub_080ABBC0
0x080ABC00	0x080ABCD3	thumb	sub_080ABC00
0x080ABCD4	0x080ABD27	thumb	sub_080ABCD4
0x080ABD28	0x080ABD3B	thumb	sub_080ABD28
0x080ABD3C	0x080ABDBB	thumb	sub_080ABD3C
0x080ABDBC	0x080ABE0B	thumb	sub_080ABDBC
0x080ABE0C	0x080ABE6B	thumb	sub_080ABE0C
0x080ABE6C	0x080ABE87	thumb	sub_080ABE6C
0x080ABE88	0x080ABF7B	thumb	sub_080ABE88
0x080ABF7C	0x080AC043	thumb	sub_080ABF7C
0x080AC044	0x080AC1B3	thumb	sub_080AC044
0x080AC1B4	0x080AC1CF	thumb	sub_080AC1B4
0x080AC1D0	0x080AC20F	thumb	sub_080AC1D0
0x080AC210	0x080AC22B	thumb	sub_080AC210
0x080AC22C	0x080AC25F	thumb	sub_080AC22C
0x080AC260	0x080AC29F	thumb	sub_080AC260
0x080AC2A0	0x080AC2FB	thumb	sub_080AC2A0
0x080AC2FC	0x080AC35F	thumb	sub_080AC2FC
0x080AC360	0x080AC37B	thumb	sub_080AC360
0x080AC37C	0x080AC3BB	thumb	sub_080AC37C
0x080AC3BC	0x080AC407	thumb	sub_080AC3BC
0x080AC408	0x080AC4A7	thumb	sub_080AC408
0x080AC4A8	0x080AC547	thumb	sub_080AC4A8
0x080AC548	0x080AC573	thumb	sub_080AC548
0x080AC574	0x080AC58F	thumb	sub_080AC574
0x080AC590	0x080AC677	thumb	sub_080AC590
0x080AC678	0x080AC6E7	thumb	sub_080AC678
0x080AC6E8	0x080AC703	thumb	sub_080AC6E8
0x080AC704	0x080AC733	thumb	sub_080AC704
0x080AC734	0x080AC74F	thumb	sub_080AC734
0x080AC750	0x080AC79F	thumb	sub_080AC750
0x080AC7A0	0x080AC7C7	thumb	sub_080AC7A0
0x080AC7C8	0x080AC7E3	thumb	sub_080AC7C8
0x080AC7E4	0x080AC833	thumb	sub_080AC7E4
0x080AC834	0x080AC84F	thumb	sub_080AC834
0x080AC850	0x080AC8CB	thumb	sub_080AC850
0x080AC8CC	0x080AC8E7	thumb	sub_080AC8CC
0x080AC8E8	0x080AC927	thumb	sub_080AC8E8
0x080AC928	0x080AC953	thumb	sub_080AC928
0x080AC954	0x080AC9A7	thumb	sub_080AC954
0x080AC9A8	0x080AC9D3	thumb	sub_080AC9A8
0x080AC9D4	0x080ACA73	thumb	sub_080AC9D4
0x080ACA74	0x080ACA8F	thumb	sub_080ACA74
0x080ACA90	0x080ACACF	thumb	sub_080ACA90
0x080ACAD0	0x080ACAEB	thumb	sub_080ACAD0
0x080ACAEC	0x080ACB57	thumb	sub_080ACAEC
0x080ACB58	0x080ACBD3	thumb	sub_080ACB58
0x080ACBD4	0x080ACC03	thumb	sub_080ACBD4
0x080ACC04	0x080ACCA3	thumb	sub_080ACC04
0x080ACCA4	0x080ACCE3	thumb	sub_080ACCA4
0x080ACCE4	0x080ACCFF	thumb	sub_080ACCE4
0x080ACD00	0x080ACD83	thumb	sub_080ACD00
0x080ACD84	0x080ACE63	thumb	sub_080ACD84
0x080ACE64	0x080ACF1F	thumb	sub_080ACE64
0x080ACF20	0x080ACF3B	thumb	sub_080ACF20
0x080ACF3C	0x080AD003	thumb	sub_080ACF3C
0x080AD004	0x080AD073	thumb	sub_080AD004
0x080AD074	0x080AD08F	thumb	sub_080AD074
0x080AD090	0x080AD10B	thumb	sub_080AD090
0x080AD10C	0x080AD197	thumb	sub_080AD10C
0x080AD198	0x080AD1B3	thumb	sub_080AD198
0x080AD1B4	0x080AD203	thumb	sub_080AD1B4
0x080AD204	0x080AD2C7	thumb	sub_080AD204
0x080AD2C8	0x080AD303	thumb	sub_080AD2C8
0x080AD304	0x080AD31F	thumb	sub_080AD304
0x080AD320	0x080AD363	thumb	sub_080AD320
0x080AD364	0x080AD37F	thumb	sub_080AD364
0x080AD380	0x080AD3A3	thumb	sub_080AD380
0x080AD3A4	0x080AD3E3	thumb	sub_080AD3A4
0x080AD3E4	0x080AD4E7	thumb	sub_080AD3E4
0x080AD4E8	0x080AD51B	thumb	sub_080AD4E8
0x080AD51C	0x080AD567	thumb	sub_080AD51C
0x080AD568	0x080AD5CF	thumb	sub_080AD568
0x080AD5D0	0x080AD693	thumb	sub_080AD5D0
0x080AD694	0x080AD6AF	thumb	sub_080AD694
0x080AD6B0	0x00000000	thumb	VT_HACK__12BaldingEaglee
0x080AD6F0	0x080AD7C3	thumb	onAction__7ClaymanP6Action
0x080AD7C4	0x080AD833	thumb	m_448__7Clayman
0x080AD834	0x080AD847	thumb	m_440__7Clayman
0x080AD848	0x080AD873	thumb	m_438__7Clayman
0x080AD874	0x080AD935	thumb	calcAction__7Clayman
0x080AD938	0x080AD995	thumb	monster_3f0__7Clayman
0x080AD998	0x080AD9B3	thumb	_._7Clayman
0x080AD9B4	0x080ADA9B	thumb	onAction__9MrPassionP6Action
0x080ADA9C	0x080ADB53	thumb	calcActionPhaseTwo__9MrPassion
0x080ADB54	0x080ADBE7	thumb	calcActionPhaseOne__9MrPassion
0x080ADBE8	0x080ADC87	thumb	calcAction__9MrPassion
0x080ADC88	0x080ADCC5	thumb	setPhase__9MrPassionib
0x080ADCC8	0x080ADD19	thumb	monster_3f0__9MrPassion
0x080ADD1C	0x080ADD37	thumb	_._9MrPassion
0x080ADD38	0x080ADE37	thumb	onAction__4TreeP6Action
0x080ADE38	0x080AE01B	thumb	calcAction__4Tree
0x080AE01C	0x080AE037	thumb	onKill__4Tree
0x080AE038	0x080AE053	thumb	_._4Tree
0x080AE054	0x080AE117	thumb	onAction__12BaldingEagleP6Action
0x080AE118	0x080AE1D3	thumb	calcAction__12BaldingEagle
0x080AE1D4	0x080AE1EF	thumb	_._12BaldingEagle
0x080AE1F0	0x080AE2EB	thumb	onAction__13WalkingBushieP6Action
0x080AE2EC	0x080AE48D	thumb	monster_2c8__13WalkingBushieP6Action
0x080AE490	0x080AE611	thumb	calcAction__13WalkingBushie
0x080AE614	0x080AE62F	thumb	_._13WalkingBushie
0x080AE630	0x080AE6C5	thumb	calcAction__9PotatoBug
0x080AE6C8	0x080AE6E3	thumb	_._9PotatoBug
0x080AE6E4	0x080AE737	thumb	calcAction__12SootDumpling
0x080AE738	0x080AE753	thumb	_._12SootDumpling
0x080AE754	0x080AE817	thumb	onAction__17BakedYammomonsterP6Action
0x080AE818	0x080AE87F	thumb	calcAction__17BakedYammomonster
0x080AE880	0x080AE89B	thumb	_._17BakedYammomonster
0x080AE89C	0x080AE8B9	thumb	getElementWeakness__C10MechaDragoUi
0x080AE8BC	0x080AE8F9	thumb	onUseFang__10MechaDragoUib
0x080AE8FC	0x080AEACF	thumb	onActionReceive__10MechaDragoP6Action
0x080AEAD0	0x080AEBB7	thumb	onAction__10MechaDragoP6Action
0x080AEBB8	0x080AEC89	thumb	calcAction__10MechaDrago
0x080AEC8C	0x080AECA7	thumb	onKill__10MechaDrago
0x080AECA8	0x080AECC3	thumb	_._10MechaDrago
0x080AECC4	0x080AED13	thumb	calcAction__20ReconstructedCaribou
0x080AED14	0x080AED2F	thumb	_._20ReconstructedCaribou
0x080AED30	0x080AED55	thumb	getHealthPercent__14DefaultMonsteri
0x080AED58	0x080AED61	thumb	lastAction__14DefaultMonster
0x080AED64	0x080AED6D	thumb	numActionsDone__14DefaultMonster
0x080AED70	0x080AED79	thumb	setActionCount__14DefaultMonsterUi
0x080AED7C	0x080AEDC7	thumb	monster_300__14DefaultMonsteri
0x080AEDC8	0x080AEE35	thumb	scaledExperience__14DefaultMonster
0x080AEE38	0x080AEE57	thumb	unit_100__14DefaultMonsterP6Action
0x080AEE58	0x080AEFF3	thumb	onActionReceive__14DefaultMonsterP6Action
0x080AEFF4	0x080AF013	thumb	alertActionReceive__14DefaultMonsterP6Action
0x080AF014	0x080AF033	thumb	unit_f0__14DefaultMonsterP6Action
0x080AF034	0x080AF117	thumb	isStrangeStatus__14DefaultMonster
0x080AF118	0x080AF16B	thumb	isFriendlyFire__14DefaultMonster
0x080AF16C	0x080AF1B9	thumb	isBackTurned__14DefaultMonster
0x080AF1BC	0x080AF259	thumb	onAction__14DefaultMonsterP6Action
0x080AF25C	0x080AF2BF	thumb	calcAction__14DefaultMonster
0x080AF2C0	0x080AF2C1	thumb	monster_3f8__14DefaultMonster
0x080AF2C4	0x080AF2C5	thumb	monster_3f0__14DefaultMonster
0x080AF2C8	0x080AF2E3	thumb	_._14DefaultMonster
0x080AF2E4	0x080AF303	thumb	create__21CallForHelp6thFactoryUsP4Unit
0x080AF304	0x080AF323	thumb	create__24FireflyBuzzAroundFactoryUsP4Unit
0x080AF324	0x080AF343	thumb	create__20SoundAlarm3rdFactoryUsP4Unit
0x080AF344	0x080AF363	thumb	create__29MiracleFassadEmitLightFactoryUsP4Unit
0x080AF364	0x080AF383	thumb	create__22MonsterSkill237FactoryUsP4Unit
0x080AF384	0x080AF3A3	thumb	create__24MechaStartBeepingFactoryUsP4Unit
0x080AF3A4	0x080AF3C3	thumb	create__23TLCTreeBabyBirdsFactoryUsP4Unit
0x080AF3C4	0x080AF3E3	thumb	create__24StrikeBarrierPoseFactoryUsP4Unit
0x080AF3E4	0x080AF403	thumb	create__26BarrierTrioDropPoseFactoryUsP4Unit
0x080AF404	0x080AF423	thumb	create__25BarrierPoseCrushedFactoryUsP4Unit
0x080AF424	0x080AF443	thumb	create__27MagmanEruptPyrefliesFactoryUsP4Unit
0x080AF444	0x080AF463	thumb	create__27PigmaskCaptainRunOffFactoryUsP4Unit
0x080AF464	0x080AF483	thumb	create__21ShortCircuitedFactoryUsP4Unit
0x080AF484	0x080AF4A3	thumb	create__20SoundAlarm2ndFactoryUsP4Unit
0x080AF4A4	0x080AF4C3	thumb	create__30MrGenetorFinishChargingFactoryUsP4Unit
0x080AF4C4	0x080AF4E3	thumb	create__31MissMarshmallowTickedOffFactoryUsP4Unit
0x080AF4E4	0x080AF503	thumb	create__32FiercePorkTrooperAngerMaxFactoryUsP4Unit
0x080AF504	0x080AF523	thumb	create__21CallForHelp5thFactoryUsP4Unit
0x080AF524	0x080AF543	thumb	create__21CallForHelp4thFactoryUsP4Unit
0x080AF544	0x080AF563	thumb	create__21MarchingAttackFactoryUsP4Unit
0x080AF564	0x080AF583	thumb	create__31MonsterSixteenBeatAttackFactoryUsP4Unit
0x080AF584	0x080AF5A3	thumb	create__21MonsterSkill94FactoryUsP4Unit
0x080AF5A4	0x080AF5C3	thumb	create__26MonsterLookOtherWayFactoryUsP4Unit
0x080AF5C4	0x080AF5E3	thumb	create__23MonsterPkFreezeGFactoryUsP4Unit
0x080AF5E4	0x080AF603	thumb	create__23PigtuniaSowSeedsFactoryUsP4Unit
0x080AF604	0x080AF623	thumb	create__21CallForHelp3rdFactoryUsP4Unit
0x080AF624	0x080AF643	thumb	create__27SquawkingStickSqueakFactoryUsP4Unit
0x080AF644	0x080AF663	thumb	create__22MonsterSkill156FactoryUsP4Unit
0x080AF664	0x080AF683	thumb	create__20GooeyGooSplitFactoryUsP4Unit
0x080AF684	0x080AF6A3	thumb	create__30SandLizardEatDungBeetleFactoryUsP4Unit
0x080AF6A4	0x080AF6C3	thumb	create__22OhSoSnakeEmergeFactoryUsP4Unit
0x080AF6C4	0x080AF6E3	thumb	create__17SoundAlarmFactoryUsP4Unit
0x080AF6E4	0x080AF703	thumb	create__19MonsterGetUpFactoryUsP4Unit
0x080AF704	0x080AF723	thumb	create__24PseudoorShutDoorsFactoryUsP4Unit
0x080AF724	0x080AF743	thumb	create__22DropFromCeilingFactoryUsP4Unit
0x080AF744	0x080AF763	thumb	create__18CallForHelpFactoryUsP4Unit
0x080AF764	0x080AF783	thumb	create__28WalkingBushieGreetingFactoryUsP4Unit
0x080AF784	0x080AF7A3	thumb	create__21CallForHelp2ndFactoryUsP4Unit
0x080AF7A4	0x080AF7C3	thumb	create__21MonsterSkillF1FactoryUsP4Unit
0x080AF7C4	0x080AF7E3	thumb	create__24MonsterTurnAroundFactoryUsP4Unit
0x080AF7E4	0x080AF803	thumb	create__19ShieldKillerFactoryUsP4Unit
0x080AF804	0x080AF823	thumb	create__21PaleGreenLightFactoryUsP4Unit
0x080AF824	0x080AF843	thumb	create__22MonsterHealingAFactoryUsP4Unit
0x080AF844	0x080AF863	thumb	create__27PigmaskMajorTimeBombFactoryUsP4Unit
0x080AF864	0x080AF883	thumb	create__17PorkyCoughFactoryUsP4Unit
0x080AF884	0x080AF8A3	thumb	create__20PowerUpSystemFactoryUsP4Unit
0x080AF8A4	0x080AF8C3	thumb	create__24MonsterPkFlash2ndFactoryUsP4Unit
0x080AF8C4	0x080AF8E3	thumb	create__25MonsterPsiCounterAFactoryUsP4Unit
0x080AF8E4	0x080AF903	thumb	create__24MonsterPsiShieldAFactoryUsP4Unit
0x080AF904	0x080AF923	thumb	create__22MonsterCounterAFactoryUsP4Unit
0x080AF924	0x080AF943	thumb	create__21MonsterPkFlashFactoryUsP4Unit
0x080AF944	0x080AF963	thumb	create__21MonsterShieldAFactoryUsP4Unit
0x080AF964	0x080AF983	thumb	create__30CarpetMonsterYankCarpetFactoryUsP4Unit
0x080AF984	0x080AF9A3	thumb	create__21BatteryManJumpFactoryUsP4Unit
0x080AF9A4	0x080AF9C3	thumb	create__21MonsterPkLoveOFactoryUsP4Unit
0x080AF9C4	0x080AF9E3	thumb	create__21MonsterPkLoveAFactoryUsP4Unit
0x080AF9E4	0x080AFA03	thumb	create__24MonsterPkThunderAFactoryUsP4Unit
0x080AFA04	0x080AFA23	thumb	create__24MonsterPsiMagnetAFactoryUsP4Unit
0x080AFA24	0x080AFA43	thumb	create__33NewFassadMusicalHornAttackFactoryUsP4Unit
0x080AFA44	0x080AFA63	thumb	create__29MaskedManLightningBoltFactoryUsP4Unit
0x080AFA64	0x080AFA83	thumb	create__20MonsterAttackFactoryUsP4Unit
0x080AFA84	0x080AFAA3	thumb	create__26RhinocerocketChargeFactoryUsP4Unit
0x080AFAA4	0x080AFAC3	thumb	create__28FiercePorkTrooperJumpFactoryUsP4Unit
0x080AFAC4	0x080AFAE3	thumb	create__29JealousBassJamSessionBFactoryUsP4Unit
0x080AFAE4	0x080AFB03	thumb	create__29JealousBassJamSessionAFactoryUsP4Unit
0x080AFB04	0x080AFB23	thumb	create__23ClaymanCrashDownFactoryUsP4Unit
0x080AFB24	0x080AFB43	thumb	create__33LordPassionThrowEverythingFactoryUsP4Unit
0x080AFB44	0x080AFB63	thumb	create__25MonsterComboAttackFactoryUsP4Unit
0x080AFB64	0x080AFB83	thumb	create__31NKCyborgEndOfCenturyBeamFactoryUsP4Unit
0x080AFB84	0x080AFBA3	thumb	create__28PigmaskMajorThrowBombFactoryUsP4Unit
0x080AFBA4	0x080AFBC3	thumb	create__21ExplosiveBlastFactoryUsP4Unit
0x080AFBC4	0x080AFBE3	thumb	create__26MasterEddyWhirlpoolFactoryUsP4Unit
0x080AFBE4	0x080AFC03	thumb	create__19FishRoeManLeapMouthFactoryUsP4Unit
0x080AFC04	0x080AFC23	thumb	create__28MrGenetorDischargeZapFactoryUsP4Unit
0x080AFC24	0x080AFC43	thumb	create__15HPSuckerFactoryUsP4Unit
0x080AFC44	0x080AFC63	thumb	create__28MechaTurtleMachineGunFactoryUsP4Unit
0x080AFC64	0x080AFC83	thumb	create__25PorkTankFireCannonFactoryUsP4Unit
0x080AFC84	0x080AFCA3	thumb	create__25OhSoSnakeDiveWaterFactoryUsP4Unit
0x080AFCA4	0x080AFCC3	thumb	create__26SpinSomethingAroundFactoryUsP4Unit
0x080AFCC4	0x080AFCE3	thumb	create__16BloodSuckFactoryUsP4Unit
0x080AFCE4	0x080AFD03	thumb	create__18ShootFlamesFactoryUsP4Unit
0x080AFD04	0x080AFD23	thumb	create__26DefaultMonsterSkillFactoryUsP4Unit
0x080AFD24	0x080AFD3F	thumb	__14CallForHelp6thUsP4Unit
0x080AFD40	0x080AFD5B	thumb	__17FireflyBuzzAroundUsP4Unit
0x080AFD5C	0x080AFD77	thumb	__13SoundAlarm3rdUsP4Unit
0x080AFD78	0x080AFD93	thumb	__22MiracleFassadEmitLightUsP4Unit
0x080AFD94	0x080AFDAF	thumb	__15MonsterSkill237UsP4Unit
0x080AFDB0	0x080AFDCB	thumb	__17MechaStartBeepingUsP4Unit
0x080AFDCC	0x080AFDE7	thumb	__16TLCTreeBabyBirdsUsP4Unit
0x080AFDE8	0x080AFE03	thumb	__17StrikeBarrierPoseUsP4Unit
0x080AFE04	0x080AFE1F	thumb	__19BarrierTrioDropPoseUsP4Unit
0x080AFE20	0x080AFE3B	thumb	__18BarrierPoseCrushedUsP4Unit
0x080AFE3C	0x080AFE57	thumb	__20MagmanEruptPyrefliesUsP4Unit
0x080AFE58	0x080AFE73	thumb	__20PigmaskCaptainRunOffUsP4Unit
0x080AFE74	0x080AFE8F	thumb	__14ShortCircuitedUsP4Unit
0x080AFE90	0x080AFEAB	thumb	__13SoundAlarm2ndUsP4Unit
0x080AFEAC	0x080AFEC7	thumb	__23MrGenetorFinishChargingUsP4Unit
0x080AFEC8	0x080AFEE3	thumb	__24MissMarshmallowTickedOffUsP4Unit
0x080AFEE4	0x080AFEFF	thumb	__25FiercePorkTrooperAngerMaxUsP4Unit
0x080AFF00	0x080AFF1B	thumb	__14CallForHelp5thUsP4Unit
0x080AFF1C	0x080AFF37	thumb	__14CallForHelp4thUsP4Unit
0x080AFF38	0x080AFF53	thumb	__14MarchingAttackUsP4Unit
0x080AFF54	0x080AFF6F	thumb	__24MonsterSixteenBeatAttackUsP4Unit
0x080AFF70	0x080AFF8B	thumb	__14MonsterSkill94UsP4Unit
0x080AFF8C	0x080AFFA7	thumb	__19MonsterLookOtherWayUsP4Unit
0x080AFFA8	0x080AFFC3	thumb	__16MonsterPkFreezeGUsP4Unit
0x080AFFC4	0x080AFFDF	thumb	__16PigtuniaSowSeedsUsP4Unit
0x080AFFE0	0x080AFFFB	thumb	__14CallForHelp3rdUsP4Unit
0x080AFFFC	0x080B0017	thumb	__20SquawkingStickSqueakUsP4Unit
0x080B0018	0x080B0033	thumb	__15MonsterSkill156UsP4Unit
0x080B0034	0x080B004F	thumb	__13GooeyGooSplitUsP4Unit
0x080B0050	0x080B006B	thumb	__23SandLizardEatDungBeetleUsP4Unit
0x080B006C	0x080B0087	thumb	__15OhSoSnakeEmergeUsP4Unit
0x080B0088	0x080B00A3	thumb	__10SoundAlarmUsP4Unit
0x080B00A4	0x080B00BF	thumb	__12MonsterGetUpUsP4Unit
0x080B00C0	0x080B00DB	thumb	__17PseudoorShutDoorsUsP4Unit
0x080B00DC	0x080B011F	thumb	__15DropFromCeilingUsP4Unit
0x080B0120	0x080B013B	thumb	__11CallForHelpUsP4Unit
0x080B013C	0x080B0157	thumb	__21WalkingBushieGreetingUsP4Unit
0x080B0158	0x080B0173	thumb	__14CallForHelp2ndUsP4Unit
0x080B0174	0x080B018F	thumb	__14MonsterSkillF1UsP4Unit
0x080B0190	0x080B01AB	thumb	__17MonsterTurnAroundUsP4Unit
0x080B01AC	0x080B01C7	thumb	__12ShieldKillerUsP4Unit
0x080B01C8	0x080B01E3	thumb	__14PaleGreenLightUsP4Unit
0x080B01E4	0x080B01FF	thumb	__15MonsterHealingAUsP4Unit
0x080B0200	0x080B021B	thumb	__20PigmaskMajorTimeBombUsP4Unit
0x080B021C	0x080B0237	thumb	__10PorkyCoughUsP4Unit
0x080B0238	0x080B0253	thumb	__13PowerUpSystemUsP4Unit
0x080B0254	0x080B026F	thumb	__17MonsterPkFlash2ndUsP4Unit
0x080B0270	0x080B028B	thumb	__18MonsterPsiCounterAUsP4Unit
0x080B028C	0x080B02A7	thumb	__17MonsterPsiShieldAUsP4Unit
0x080B02A8	0x080B02C3	thumb	__15MonsterCounterAUsP4Unit
0x080B02C4	0x080B02DF	thumb	__14MonsterPkFlashUsP4Unit
0x080B02E0	0x080B02FB	thumb	__14MonsterShieldAUsP4Unit
0x080B02FC	0x080B0317	thumb	__23CarpetMonsterYankCarpetUsP4Unit
0x080B0318	0x080B0333	thumb	__14BatteryManJumpUsP4Unit
0x080B0334	0x080B034F	thumb	__14MonsterPkLoveOUsP4Unit
0x080B0350	0x080B036B	thumb	__14MonsterPkLoveAUsP4Unit
0x080B036C	0x080B0387	thumb	__17MonsterPkThunderAUsP4Unit
0x080B0388	0x080B03A7	thumb	__17MonsterPsiMagnetAUsP4Unit
0x080B03A8	0x080B03C3	thumb	__26NewFassadMusicalHornAttackUsP4Unit
0x080B03C4	0x080B03DF	thumb	__22MaskedManLightningBoltUsP4Unit
0x080B03E0	0x080B03FB	thumb	__13MonsterAttackUsP4Unit
0x080B03FC	0x080B041B	thumb	__19RhinocerocketChargeUsP4Unit
0x080B041C	0x080B0437	thumb	__21FiercePorkTrooperJumpUsP4Unit
0x080B0438	0x080B0457	thumb	__22JealousBassJamSessionBUsP4Unit
0x080B0458	0x080B0477	thumb	__22JealousBassJamSessionAUsP4Unit
0x080B0478	0x080B0493	thumb	__16ClaymanCrashDownUsP4Unit
0x080B0494	0x080B04AF	thumb	__26LordPassionThrowEverythingUsP4Unit
0x080B04B0	0x080B04CB	thumb	__18MonsterComboAttackUsP4Unit
0x080B04CC	0x080B04E7	thumb	__24NKCyborgEndOfCenturyBeamUsP4Unit
0x080B04E8	0x080B0503	thumb	__21PigmaskMajorThrowBombUsP4Unit
0x080B0504	0x080B051F	thumb	__14ExplosiveBlastUsP4Unit
0x080B0520	0x080B053B	thumb	__19MasterEddyWhirlpoolUsP4Unit
0x080B053C	0x080B0557	thumb	__19FishRoeManLeapMouthUsP4Unit
0x080B0558	0x080B0573	thumb	__21MrGenetorDischargeZapUsP4Unit
0x080B0574	0x080B058F	thumb	__8HPSuckerUsP4Unit
0x080B0590	0x080B05AB	thumb	__21MechaTurtleMachineGunUsP4Unit
0x080B05AC	0x080B05C7	thumb	__18PorkTankFireCannonUsP4Unit
0x080B05C8	0x080B05E3	thumb	__18OhSoSnakeDiveWaterUsP4Unit
0x080B05E4	0x080B0603	thumb	__19SpinSomethingAroundUsP4Unit
0x080B0604	0x080B0623	thumb	__9BloodSuckUsP4Unit
0x080B0624	0x080B063F	thumb	__11ShootFlamesUsP4Unit
0x080B0640	0x080B065B	thumb	__19DefaultMonsterSkillUsP4Unit
0x080B065C	0x080B0757	thumb	onSuccess__14CallForHelp6thP4Unit
0x080B0758	0x080B0773	thumb	tellUseMessage__14CallForHelp6th
0x080B0774	0x080B0787	thumb	dt__14CallForHelp6th
0x080B0788	0x080B081F	thumb	onSuccess__17FireflyBuzzAroundP4Unit
0x080B0820	0x080B083B	thumb	tellUseMessage__17FireflyBuzzAround
0x080B083C	0x080B084F	thumb	dt__17FireflyBuzzAround
0x080B0850	0x080B0893	thumb	tellMissed__13SoundAlarm3rdP4Unit
0x080B0894	0x080B094F	thumb	onSuccess__13SoundAlarm3rdP4Unit
0x080B0950	0x080B097B	thumb	calcDidHit__13SoundAlarm3rdP4Unit
0x080B097C	0x080B0997	thumb	tellUseMessage__13SoundAlarm3rd
0x080B0998	0x080B09AB	thumb	dt__13SoundAlarm3rd
0x080B09AC	0x080B09F3	thumb	tellMissed__22MiracleFassadEmitLightP4Unit
0x080B09F4	0x080B0A77	thumb	onSuccess__22MiracleFassadEmitLightP4Unit
0x080B0A78	0x080B0A8B	thumb	dt__22MiracleFassadEmitLight
0x080B0A8C	0x080B0B2F	thumb	onSuccess__15MonsterSkill237P4Unit
0x080B0B30	0x080B0B43	thumb	dt__15MonsterSkill237
0x080B0B44	0x080B0B87	thumb	tellMissed__17MechaStartBeepingP4Unit
0x080B0B88	0x080B0BDB	thumb	onSuccess__17MechaStartBeepingP4Unit
0x080B0BDC	0x080B0C77	thumb	sub_080B0BDC__17MechaStartBeeping
0x080B0C78	0x080B0CA3	thumb	calcDidHit__17MechaStartBeepingP4Unit
0x080B0CA4	0x080B0CB7	thumb	dt__17MechaStartBeeping
0x080B0CB8	0x080B0CFB	thumb	tellMissed__16TLCTreeBabyBirdsP4Unit
0x080B0CFC	0x080B0D9F	thumb	onSuccess__16TLCTreeBabyBirdsP4Unit
0x080B0DA0	0x080B0DCB	thumb	calcDidHit__16TLCTreeBabyBirdsP4Unit
0x080B0DCC	0x080B0DE7	thumb	tellUseMessage__16TLCTreeBabyBirds
0x080B0DE8	0x080B0DFB	thumb	dt__16TLCTreeBabyBirds
0x080B0DFC	0x080B0E4F	thumb	onSuccess__17StrikeBarrierPoseP4Unit
0x080B0E50	0x080B0E63	thumb	dt__17StrikeBarrierPose
0x080B0E64	0x080B0EA7	thumb	tellUseMessage__19BarrierTrioDropPose
0x080B0EA8	0x080B0EBB	thumb	dt__19BarrierTrioDropPose
0x080B0EBC	0x080B0F23	thumb	tellUseMessage__18BarrierPoseCrushed
0x080B0F24	0x080B0F37	thumb	dt__18BarrierPoseCrushed
0x080B0F38	0x080B1143	thumb	onSuccess__20MagmanEruptPyrefliesP4Unit
0x080B1144	0x080B1157	thumb	dt__20MagmanEruptPyreflies
0x080B1158	0x080B1223	thumb	onSuccess__20PigmaskCaptainRunOffP4Unit
0x080B1224	0x080B1237	thumb	dt__20PigmaskCaptainRunOff
0x080B1238	0x080B136B	thumb	playAnim__14ShortCircuited
0x080B136C	0x080B137F	thumb	dt__14ShortCircuited
0x080B1380	0x080B13C3	thumb	tellMissed__13SoundAlarm2ndP4Unit
0x080B13C4	0x080B13D3	thumb	onSuccess__13SoundAlarm2ndP4Unit
0x080B13D4	0x080B13F7	thumb	calcDidHit__13SoundAlarm2ndP4Unit
0x080B13F8	0x080B1413	thumb	tellUseMessage__13SoundAlarm2nd
0x080B1414	0x080B1427	thumb	dt__13SoundAlarm2nd
0x080B1428	0x080B1467	thumb	playAnim__23MrGenetorFinishCharging
0x080B1468	0x080B147B	thumb	dt__23MrGenetorFinishCharging
0x080B147C	0x080B15AB	thumb	onSuccess__24MissMarshmallowTickedOffP4Unit
0x080B15AC	0x080B15BF	thumb	dt__24MissMarshmallowTickedOff
0x080B15C0	0x080B163B	thumb	onSuccess__25FiercePorkTrooperAngerMaxP4Unit
0x080B163C	0x080B164F	thumb	dt__25FiercePorkTrooperAngerMax
0x080B1650	0x080B1693	thumb	tellMissed__14CallForHelp5thP4Unit
0x080B1694	0x080B1717	thumb	onSuccess__14CallForHelp5thP4Unit
0x080B1718	0x080B1743	thumb	calcDidHit__14CallForHelp5thP4Unit
0x080B1744	0x080B175F	thumb	tellUseMessage__14CallForHelp5th
0x080B1760	0x080B1773	thumb	dt__14CallForHelp5th
0x080B1774	0x080B17B7	thumb	tellMissed__14CallForHelp4thP4Unit
0x080B17B8	0x080B183B	thumb	onSuccess__14CallForHelp4thP4Unit
0x080B183C	0x080B1867	thumb	calcDidHit__14CallForHelp4thP4Unit
0x080B1868	0x080B1883	thumb	tellUseMessage__14CallForHelp4th
0x080B1884	0x080B1897	thumb	dt__14CallForHelp4th
0x080B1898	0x080B18EF	thumb	onSuccess__14MarchingAttackP4Unit
0x080B18F0	0x080B1903	thumb	dt__14MarchingAttack
0x080B1904	0x080B195B	thumb	onSuccess__24MonsterSixteenBeatAttackP4Unit
0x080B195C	0x080B196F	thumb	dt__24MonsterSixteenBeatAttack
0x080B1970	0x080B19B3	thumb	tellMissed__14MonsterSkill94P4Unit
0x080B19B4	0x080B1C1B	thumb	onSuccess__14MonsterSkill94P4Unit
0x080B1C1C	0x080B1C33	thumb	calcDidHit__14MonsterSkill94P4Unit
0x080B1C34	0x080B1C47	thumb	dt__14MonsterSkill94
0x080B1C48	0x080B1C87	thumb	onSuccess__19MonsterLookOtherWayP4Unit
0x080B1C88	0x080B1C9B	thumb	dt__19MonsterLookOtherWay
0x080B1C9C	0x080B1DA7	thumb	onSuccess__16MonsterPkFreezeGP4Unit
0x080B1DA8	0x080B1DBB	thumb	isResisted__16MonsterPkFreezeGP4Unit
0x080B1DBC	0x080B1DCF	thumb	dt__16MonsterPkFreezeG
0x080B1DD0	0x080B1E13	thumb	tellMissed__16PigtuniaSowSeedsP4Unit
0x080B1E14	0x080B1F07	thumb	onSuccess__16PigtuniaSowSeedsP4Unit
0x080B1F08	0x080B1F33	thumb	calcDidHit__16PigtuniaSowSeedsP4Unit
0x080B1F34	0x080B1F4F	thumb	tellUseMessage__16PigtuniaSowSeeds
0x080B1F50	0x080B1F63	thumb	dt__16PigtuniaSowSeeds
0x080B1F64	0x080B1FA7	thumb	tellMissed__14CallForHelp3rdP4Unit
0x080B1FA8	0x080B2053	thumb	onSuccess__14CallForHelp3rdP4Unit
0x080B2054	0x080B207F	thumb	calcDidHit__14CallForHelp3rdP4Unit
0x080B2080	0x080B209B	thumb	tellUseMessage__14CallForHelp3rd
0x080B209C	0x080B20AF	thumb	dt__14CallForHelp3rd
0x080B20B0	0x080B20F3	thumb	tellMissed__20SquawkingStickSqueakP4Unit
0x080B20F4	0x080B21A3	thumb	onSuccess__20SquawkingStickSqueakP4Unit
0x080B21A4	0x080B21CF	thumb	calcDidHit__20SquawkingStickSqueakP4Unit
0x080B21D0	0x080B21E7	thumb	tellUseMessage__20SquawkingStickSqueak
0x080B21E8	0x080B21FB	thumb	dt__20SquawkingStickSqueak
0x080B21FC	0x080B2307	thumb	onSuccess__15MonsterSkill156P4Unit
0x080B2308	0x080B231B	thumb	dt__15MonsterSkill156
0x080B231C	0x080B23AF	thumb	sub_080B231C__13GooeyGooSplit
0x080B23B0	0x080B242B	thumb	tellMissed__13GooeyGooSplitP4Unit
0x080B242C	0x080B255B	thumb	onSuccess__13GooeyGooSplitP4Unit
0x080B255C	0x080B2587	thumb	calcDidHit__13GooeyGooSplitP4Unit
0x080B2588	0x080B259B	thumb	dt__13GooeyGooSplit
0x080B259C	0x080B25C3	thumb	onSuccess__23SandLizardEatDungBeetleP4Unit
0x080B25C4	0x080B25D7	thumb	dt__23SandLizardEatDungBeetle
0x080B25D8	0x080B261F	thumb	tellUseMessage__15OhSoSnakeEmerge
0x080B2620	0x080B2633	thumb	dt__15OhSoSnakeEmerge
0x080B2634	0x080B26BB	thumb	tellMissed__10SoundAlarmP4Unit
0x080B26BC	0x080B273F	thumb	onSuccess__10SoundAlarmP4Unit
0x080B2740	0x080B2763	thumb	calcDidHit__10SoundAlarmP4Unit
0x080B2764	0x080B277F	thumb	tellUseMessage__10SoundAlarm
0x080B2780	0x080B2793	thumb	dt__10SoundAlarm
0x080B2794	0x080B27D3	thumb	onSuccess__12MonsterGetUpP4Unit
0x080B27D4	0x080B27E7	thumb	dt__12MonsterGetUp
0x080B27E8	0x080B282F	thumb	onSuccess__17PseudoorShutDoorsP4Unit
0x080B2830	0x080B2843	thumb	dt__17PseudoorShutDoors
0x080B2844	0x080B2847	thumb	tellMissed__15DropFromCeilingP4Unit
0x080B2848	0x080B294F	thumb	onSuccess__15DropFromCeilingP4Unit
0x080B2950	0x080B2957	thumb	calcDidHit__15DropFromCeilingP4Unit
0x080B2958	0x080B296F	thumb	tellUseMessage__15DropFromCeiling
0x080B2970	0x080B2983	thumb	dt__15DropFromCeiling
0x080B2984	0x080B29C7	thumb	tellMissed__11CallForHelpP4Unit
0x080B29C8	0x080B2A53	thumb	onSuccess__11CallForHelpP4Unit
0x080B2A54	0x080B2A7F	thumb	calcDidHit__11CallForHelpP4Unit
0x080B2A80	0x080B2A9B	thumb	tellUseMessage__11CallForHelp
0x080B2A9C	0x080B2AAF	thumb	dt__11CallForHelp
0x080B2AB0	0x080B2B8B	thumb	onSuccess__21WalkingBushieGreetingP4Unit
0x080B2B8C	0x080B2B9F	thumb	dt__21WalkingBushieGreeting
0x080B2BA0	0x080B2BE3	thumb	tellMissed__14CallForHelp2ndP4Unit
0x080B2BE4	0x080B2C8F	thumb	onSuccess__14CallForHelp2ndP4Unit
0x080B2C90	0x080B2CBB	thumb	calcDidHit__14CallForHelp2ndP4Unit
0x080B2CBC	0x080B2CD7	thumb	tellUseMessage__14CallForHelp2nd
0x080B2CD8	0x080B2CEB	thumb	dt__14CallForHelp2nd
0x080B2CEC	0x080B2D17	thumb	action_150__14MonsterSkillF1
0x080B2D18	0x080B2D87	thumb	onSuccess__14MonsterSkillF1P4Unit
0x080B2D88	0x080B2D9B	thumb	dt__14MonsterSkillF1
0x080B2D9C	0x080B2E0B	thumb	onSuccess__17MonsterTurnAroundP4Unit
0x080B2E0C	0x080B2E1F	thumb	dt__17MonsterTurnAround
0x080B2E20	0x080B2F6F	thumb	onFail__12ShieldKillerP4Unit
0x080B2F70	0x080B2F83	thumb	dt__12ShieldKiller
0x080B2F84	0x080B2F93	thumb	sub_080B2F84__14PaleGreenLight
0x080B2F94	0x080B2F97	thumb	sub_080B2F94__14PaleGreenLight
0x080B2F98	0x080B308F	thumb	onFail__14PaleGreenLightP4Unit
0x080B3090	0x080B30D7	thumb	tellResisted__14PaleGreenLightP4Unit
0x080B30D8	0x080B314B	thumb	isResisted__14PaleGreenLightP4Unit
0x080B314C	0x080B315F	thumb	dt__14PaleGreenLight
0x080B3160	0x080B3217	thumb	onFail__15MonsterHealingAP4Unit
0x080B3218	0x080B322B	thumb	dt__15MonsterHealingA
0x080B322C	0x080B326F	thumb	tellMissed__20PigmaskMajorTimeBombP4Unit
0x080B3270	0x080B329F	thumb	calcDidHit__20PigmaskMajorTimeBombP4Unit
0x080B32A0	0x080B32B3	thumb	dt__20PigmaskMajorTimeBomb
0x080B32B4	0x080B32D3	thumb	onInflictStatus__10PorkyCoughP4Unit
0x080B32D4	0x080B32E7	thumb	dt__10PorkyCough
0x080B32E8	0x080B3307	thumb	onInflictStatus__13PowerUpSystemP4Unit
0x080B3308	0x080B331B	thumb	dt__13PowerUpSystem
0x080B331C	0x080B33CF	thumb	onInflictStatus__17MonsterPkFlash2ndP4Unit
0x080B33D0	0x080B33E3	thumb	dt__17MonsterPkFlash2nd
0x080B33E4	0x080B3497	thumb	onInflictStatus__18MonsterPsiCounterAP4Unit
0x080B3498	0x080B34AB	thumb	dt__18MonsterPsiCounterA
0x080B34AC	0x080B355F	thumb	onInflictStatus__17MonsterPsiShieldAP4Unit
0x080B3560	0x080B3573	thumb	dt__17MonsterPsiShieldA
0x080B3574	0x080B3627	thumb	onInflictStatus__15MonsterCounterAP4Unit
0x080B3628	0x080B363B	thumb	dt__15MonsterCounterA
0x080B363C	0x080B379F	thumb	onInflictStatus__14MonsterPkFlashP4Unit
0x080B37A0	0x080B37B3	thumb	dt__14MonsterPkFlash
0x080B37B4	0x080B3867	thumb	onInflictStatus__14MonsterShieldAP4Unit
0x080B3868	0x080B387B	thumb	dt__14MonsterShieldA
0x080B387C	0x080B38BF	thumb	tellMissed__23CarpetMonsterYankCarpetP4Unit
0x080B38C0	0x080B38FB	thumb	onInflictStatus__23CarpetMonsterYankCarpetP4Unit
0x080B38FC	0x080B392B	thumb	isResisted__23CarpetMonsterYankCarpetP4Unit
0x080B392C	0x080B393F	thumb	dt__23CarpetMonsterYankCarpet
0x080B3940	0x080B396B	thumb	action_150__14BatteryManJump
0x080B396C	0x080B39F3	thumb	action_f8__14BatteryManJumpP4Unit
0x080B39F4	0x080B3A2B	thumb	tellUseMessage__14BatteryManJump
0x080B3A2C	0x080B3A6F	thumb	action_70__14BatteryManJump
0x080B3A70	0x080B3A83	thumb	dt__14BatteryManJump
0x080B3A84	0x080B3AC3	thumb	playAnim__14MonsterPkLoveO
0x080B3AC4	0x080B3AD7	thumb	dt__14MonsterPkLoveO
0x080B3AD8	0x080B3AEF	thumb	name__C14MonsterPkLoveA
0x080B3AF0	0x080B3B03	thumb	dt__14MonsterPkLoveA
0x080B3B04	0x080B3B47	thumb	tellMissed__17MonsterPkThunderAP4Unit
0x080B3B48	0x080B3B5F	thumb	action_a0__17MonsterPkThunderAP4Unit
0x080B3B60	0x080B3B63	thumb	playAnim__17MonsterPkThunderA
0x080B3B64	0x080B3B7B	thumb	calcDidHit__17MonsterPkThunderAP4Unit
0x080B3B7C	0x080B3B8F	thumb	dt__17MonsterPkThunderA
0x080B3B90	0x080B3BD7	thumb	tellMissed__17MonsterPsiMagnetAP4Unit
0x080B3BD8	0x080B3C3F	thumb	onPlayAnim__17MonsterPsiMagnetAP4Unitb
0x080B3C40	0x080B3CA7	thumb	onPsiDamage__17MonsterPsiMagnetAP4Unit
0x080B3CA8	0x080B3CBF	thumb	calcDidHit__17MonsterPsiMagnetAP4Unit
0x080B3CC0	0x080B3D03	thumb	tellResisted__17MonsterPsiMagnetAP4Unit
0x080B3D04	0x080B3D2B	thumb	isResisted__17MonsterPsiMagnetAP4Unit
0x080B3D2C	0x080B3D3F	thumb	dt__17MonsterPsiMagnetA
0x080B3D40	0x080B3D47	thumb	userMissSfx__C26NewFassadMusicalHornAttack
0x080B3D48	0x080B3D4F	thumb	userCritSfx__C26NewFassadMusicalHornAttack
0x080B3D50	0x080B3D57	thumb	userAttackSfx__C26NewFassadMusicalHornAttack
0x080B3D58	0x080B3D6B	thumb	dt__26NewFassadMusicalHornAttack
0x080B3D6C	0x080B3DAB	thumb	onAttack__22MaskedManLightningBoltP4Unit
0x080B3DAC	0x080B3DEB	thumb	playAnim__22MaskedManLightningBolt
0x080B3DEC	0x080B3DFF	thumb	dt__22MaskedManLightningBolt
0x080B3E00	0x080B403F	thumb	onAttack__13MonsterAttackP4Unit
0x080B4040	0x080B4053	thumb	dt__13MonsterAttack
0x080B4054	0x080B4093	thumb	action_150__19RhinocerocketCharge
0x080B4094	0x080B410F	thumb	tellUseMessage__19RhinocerocketCharge
0x080B4110	0x080B4123	thumb	playSfx__19RhinocerocketCharge
0x080B4124	0x080B425F	thumb	fire__19RhinocerocketCharge
0x080B4260	0x080B4273	thumb	dt__19RhinocerocketCharge
0x080B4274	0x080B4287	thumb	action_150__21FiercePorkTrooperJump
0x080B4288	0x080B430F	thumb	onPlayAnim__21FiercePorkTrooperJumpP4Unitb
0x080B4310	0x080B43FF	thumb	onAttack__21FiercePorkTrooperJumpP4Unit
0x080B4400	0x080B4413	thumb	dt__21FiercePorkTrooperJump
0x080B4414	0x080B4483	thumb	onAttack__22JealousBassJamSessionBP4Unit
0x080B4484	0x080B4497	thumb	dt__22JealousBassJamSessionB
0x080B4498	0x080B449B	thumb	userCritSfx__C22JealousBassJamSessionA
0x080B449C	0x080B449F	thumb	userAttackSfx__C22JealousBassJamSessionA
0x080B44A0	0x080B452B	thumb	onAttack__22JealousBassJamSessionAP4Unit
0x080B452C	0x080B453F	thumb	dt__22JealousBassJamSessionA
0x080B4540	0x080B4583	thumb	onAttack__16ClaymanCrashDownP4Unit
0x080B4584	0x080B4597	thumb	dt__16ClaymanCrashDown
0x080B4598	0x080B45B3	thumb	action_a0__26LordPassionThrowEverythingP4Unit
0x080B45B4	0x080B45C7	thumb	dt__26LordPassionThrowEverything
0x080B45C8	0x080B45DF	thumb	action_a0__18MonsterComboAttackP4Unit
0x080B45E0	0x080B45F3	thumb	dt__18MonsterComboAttack
0x080B45F4	0x080B4637	thumb	action_150__24NKCyborgEndOfCenturyBeam
0x080B4638	0x080B471B	thumb	playAnim__24NKCyborgEndOfCenturyBeam
0x080B471C	0x080B472F	thumb	dt__24NKCyborgEndOfCenturyBeam
0x080B4730	0x080B47CB	thumb	action_150__21PigmaskMajorThrowBomb
0x080B47CC	0x080B47DF	thumb	dt__21PigmaskMajorThrowBomb
0x080B47E0	0x080B480B	thumb	action_150__14ExplosiveBlast
0x080B480C	0x080B481F	thumb	dt__14ExplosiveBlast
0x080B4820	0x080B4867	thumb	onDamage__19MasterEddyWhirlpoolP4Unit
0x080B4868	0x080B487B	thumb	dt__19MasterEddyWhirlpool
0x080B487C	0x080B48A7	thumb	action_150__19FishRoeManLeapMouth
0x080B48A8	0x080B48EF	thumb	onDamage__19FishRoeManLeapMouthP4Unit
0x080B48F0	0x080B4927	thumb	playAnim__19FishRoeManLeapMouth
0x080B4928	0x080B493B	thumb	dt__19FishRoeManLeapMouth
0x080B493C	0x080B49BF	thumb	action_150__21MrGenetorDischargeZap
0x080B49C0	0x080B49D3	thumb	dt__21MrGenetorDischargeZap
0x080B49D4	0x080B4A17	thumb	tellMissed__8HPSuckerP4Unit
0x080B4A18	0x080B4A4B	thumb	onPlayAnim__8HPSuckerP4Unitb
0x080B4A4C	0x080B4AE7	thumb	onDamage__8HPSuckerP4Unit
0x080B4AE8	0x080B4AFF	thumb	calcDidHit__8HPSuckerP4Unit
0x080B4B00	0x080B4B13	thumb	dt__8HPSucker
0x080B4B14	0x080B4B2F	thumb	action_a0__21MechaTurtleMachineGunP4Unit
0x080B4B30	0x080B4B43	thumb	dt__21MechaTurtleMachineGun
0x080B4B44	0x080B4B8F	thumb	sub_080B4B44__18PorkTankFireCannon
0x080B4B90	0x080B4C2F	thumb	playAnim__18PorkTankFireCannon
0x080B4C30	0x080B4C43	thumb	dt__18PorkTankFireCannon
0x080B4C44	0x080B4C83	thumb	playAnim__18OhSoSnakeDiveWater
0x080B4C84	0x080B4C97	thumb	dt__18OhSoSnakeDiveWater
0x080B4C98	0x080B4CDF	thumb	tellMissed__19SpinSomethingAroundP4Unit
0x080B4CE0	0x080B4D73	thumb	onPlayAnim__19SpinSomethingAroundP4Unitb
0x080B4D74	0x080B4DD7	thumb	onDamage__19SpinSomethingAroundP4Unit
0x080B4DD8	0x080B4DEF	thumb	calcDidHit__19SpinSomethingAroundP4Unit
0x080B4DF0	0x080B4E33	thumb	tellResisted__19SpinSomethingAroundP4Unit
0x080B4E34	0x080B4E5B	thumb	isResisted__19SpinSomethingAroundP4Unit
0x080B4E5C	0x080B4E6F	thumb	dt__19SpinSomethingAround
0x080B4E70	0x080B4F27	thumb	onPlayAnim__9BloodSuckP4Unitb
0x080B4F28	0x080B4F53	thumb	onDamage__9BloodSuckP4Unit
0x080B4F54	0x080B4F67	thumb	dt__9BloodSuck
0x080B4F68	0x080B4FAF	thumb	playAnim__11ShootFlames
0x080B4FB0	0x080B4FC3	thumb	dt__11ShootFlames
0x080B4FC4	0x080B504B	thumb	hitChance__C19DefaultMonsterSkill
0x080B504C	0x080B505F	thumb	dt__19DefaultMonsterSkill
0x080B5060	0x080B507D	thumb	create__18StatusNoExpFactoryUsP4Unit
0x080B5080	0x080B509D	thumb	create__19StatusSmellyFactoryUsP4Unit
0x080B50A0	0x080B50BD	thumb	create__20StatusStrangeFactoryUsP4Unit
0x080B50C0	0x080B50DD	thumb	create__27StatusMonkeyDanceIQ2FactoryUsP4Unit
0x080B50E0	0x080B50FD	thumb	create__27StatusMonkeyDanceSP2FactoryUsP4Unit
0x080B5100	0x080B511D	thumb	create__28StatusMonkeyDanceDef2FactoryUsP4Unit
0x080B5120	0x080B513D	thumb	create__28StatusMonkeyDanceOff2FactoryUsP4Unit
0x080B5140	0x080B515D	thumb	create__26StatusMonkeyDanceIQFactoryUsP4Unit
0x080B5160	0x080B517D	thumb	create__26StatusMonkeyDanceSPFactoryUsP4Unit
0x080B5180	0x080B519D	thumb	create__27StatusMonkeyDanceDefFactoryUsP4Unit
0x080B51A0	0x080B51BD	thumb	create__27StatusMonkeyDanceOffFactoryUsP4Unit
0x080B51C0	0x080B51DD	thumb	create__23StatusParamsDownFactoryUsP4Unit
0x080B51E0	0x080B51FD	thumb	create__21StatusParamsUpFactoryUsP4Unit
0x080B5200	0x080B521D	thumb	create__24StatusDefUpStrongFactoryUsP4Unit
0x080B5220	0x080B523D	thumb	create__21StatusDefUpMidFactoryUsP4Unit
0x080B5240	0x080B525D	thumb	create__22StatusDefUpWeakFactoryUsP4Unit
0x080B5260	0x080B527D	thumb	create__24StatusOffUpStrongFactoryUsP4Unit
0x080B5280	0x080B529D	thumb	create__21StatusOffUpMidFactoryUsP4Unit
0x080B52A0	0x080B52BD	thumb	create__22StatusOffUpWeakFactoryUsP4Unit
0x080B52C0	0x080B52DD	thumb	create__26StatusDefDownStrongFactoryUsP4Unit
0x080B52E0	0x080B52FD	thumb	create__23StatusDefDownMidFactoryUsP4Unit
0x080B5300	0x080B531D	thumb	create__24StatusDefDownWeakFactoryUsP4Unit
0x080B5320	0x080B533D	thumb	create__26StatusOffDownStrongFactoryUsP4Unit
0x080B5340	0x080B535D	thumb	create__23StatusOffDownMidFactoryUsP4Unit
0x080B5360	0x080B537D	thumb	create__24StatusOffDownWeakFactoryUsP4Unit
0x080B5380	0x080B539D	thumb	create__19StatusDefendFactoryUsP4Unit
0x080B53A0	0x080B53BD	thumb	create__18StatusFleasFactoryUsP4Unit
0x080B53C0	0x080B53DD	thumb	create__19StatusCryingFactoryUsP4Unit
0x080B53E0	0x080B53FD	thumb	create__25StatusNoBackSpriteFactoryUsP4Unit
0x080B5400	0x080B541D	thumb	create__20StatusStapledFactoryUsP4Unit
0x080B5420	0x080B543D	thumb	create__17StatusFellFactoryUsP4Unit
0x080B5440	0x080B545D	thumb	create__17StatusDCMCFactoryUsP4Unit
0x080B5460	0x080B547D	thumb	create__18StatusDanceFactoryUsP4Unit
0x080B5480	0x080B549D	thumb	create__21StatusLaughingFactoryUsP4Unit
0x080B54A0	0x080B54BD	thumb	create__23StatusApologeticFactoryUsP4Unit
0x080B54C0	0x080B54DD	thumb	create__19StatusFrozenFactoryUsP4Unit
0x080B54E0	0x080B54FD	thumb	create__21StatusNauseousFactoryUsP4Unit
0x080B5500	0x080B551D	thumb	create__22StatusForgetfulFactoryUsP4Unit
0x080B5520	0x080B553D	thumb	create__18StatusSleepFactoryUsP4Unit
0x080B5540	0x080B555D	thumb	create__17StatusNumbFactoryUsP4Unit
0x080B5560	0x080B557D	thumb	create__20StatusRefreshFactoryUsP4Unit
0x080B5580	0x080B559D	thumb	create__19StatusEndureFactoryUsP4Unit
0x080B55A0	0x080B55BF	thumb	create__21StatusTimeBombFactory
0x080B55C0	0x080B55DD	thumb	create__23StatusPsiCounterFactoryUsP4Unit
0x080B55E0	0x080B55FD	thumb	create__22StatusPsiShieldFactoryUsP4Unit
0x080B5600	0x080B561D	thumb	create__25StatusElectrocutedFactoryUsP4Unit
0x080B5620	0x080B563D	thumb	create__20StatusCounterFactoryUsP4Unit
0x080B5640	0x080B565D	thumb	create__19StatusShieldFactoryUsP4Unit
0x080B5660	0x080B567D	thumb	create__19StatusOnFireFactoryUsP4Unit
0x080B5680	0x080B569D	thumb	create__19StatusPoisonFactoryUsP4Unit
0x080B56A0	0x080B56BD	thumb	create__20DefaultStatusFactoryUsP4Unit
0x080B56C0	0x080B56DB	thumb	__11StatusNoExpUsP4Unit
0x080B56DC	0x080B56F7	thumb	__12StatusSmellyUsP4Unit
0x080B56F8	0x080B5713	thumb	__13StatusStrangeUsP4Unit
0x080B5714	0x080B57CF	thumb	__20StatusMonkeyDanceIQ2UsP4Unit
0x080B57D0	0x080B588B	thumb	__20StatusMonkeyDanceSP2UsP4Unit
0x080B588C	0x080B5947	thumb	__21StatusMonkeyDanceDef2UsP4Unit
0x080B5948	0x080B5A03	thumb	__21StatusMonkeyDanceOff2UsP4Unit
0x080B5A04	0x080B5ABF	thumb	__19StatusMonkeyDanceIQUsP4Unit
0x080B5AC0	0x080B5B7B	thumb	__19StatusMonkeyDanceSPUsP4Unit
0x080B5B7C	0x080B5C37	thumb	__20StatusMonkeyDanceDefUsP4Unit
0x080B5C38	0x080B5CF3	thumb	__20StatusMonkeyDanceOffUsP4Unit
0x080B5CF4	0x080B5DAF	thumb	__16StatusParamsDownUsP4Unit
0x080B5DB0	0x080B5E6B	thumb	__14StatusParamsUpUsP4Unit
0x080B5E6C	0x080B5F27	thumb	__17StatusDefUpStrongUsP4Unit
0x080B5F28	0x080B5FE3	thumb	__14StatusDefUpMidUsP4Unit
0x080B5FE4	0x080B609F	thumb	__15StatusDefUpWeakUsP4Unit
0x080B60A0	0x080B615B	thumb	__17StatusOffUpStrongUsP4Unit
0x080B615C	0x080B6217	thumb	__14StatusOffUpMidUsP4Unit
0x080B6218	0x080B62D3	thumb	__15StatusOffUpWeakUsP4Unit
0x080B62D4	0x080B638F	thumb	__19StatusDefDownStrongUsP4Unit
0x080B6390	0x080B644B	thumb	__16StatusDefDownMidUsP4Unit
0x080B644C	0x080B6507	thumb	__17StatusDefDownWeakUsP4Unit
0x080B6508	0x080B65C3	thumb	__19StatusOffDownStrongUsP4Unit
0x080B65C4	0x080B667F	thumb	__16StatusOffDownMidUsP4Unit
0x080B6680	0x080B673B	thumb	__17StatusOffDownWeakUsP4Unit
0x080B673C	0x080B67FF	thumb	__12StatusDefendUsP4Unit
0x080B6800	0x080B68BB	thumb	__11StatusFleasUsP4Unit
0x080B68BC	0x080B6977	thumb	__12StatusCryingUsP4Unit
0x080B6978	0x080B699B	thumb	__18StatusNoBackSpriteUsP4Unit
0x080B699C	0x080B69B7	thumb	__13StatusStapledUsP4Unit
0x080B69B8	0x080B69E3	thumb	__10StatusFellUsP4Unit
0x080B69E4	0x080B6A0F	thumb	__10StatusDCMCUsP4Unit
0x080B6A10	0x080B6A2B	thumb	__11StatusDanceUsP4Unit
0x080B6A2C	0x080B6A47	thumb	__14StatusLaughingUsP4Unit
0x080B6A48	0x080B6A63	thumb	__16StatusApologeticUsP4Unit
0x080B6A64	0x080B6A7F	thumb	__12StatusFrozenUsP4Unit
0x080B6A80	0x080B6A9B	thumb	__14StatusNauseousUsP4Unit
0x080B6A9C	0x080B6ABF	thumb	__15StatusForgetfulUsP4Unit
0x080B6AC0	0x080B6AEB	thumb	__11StatusSleepUsP4Unit
0x080B6AEC	0x080B6B0F	thumb	__10StatusNumbUsP4Unit
0x080B6B10	0x080B6B2B	thumb	__13StatusRefreshUsP4Unit
0x080B6B2C	0x080B6B47	thumb	__12StatusEndureUsP4Unit
0x080B6B48	0x080B6B6F	thumb	__14StatusTimeBombUsP4Unit
0x080B6B70	0x080B6B8B	thumb	__16StatusPsiCounterUsP4Unit
0x080B6B8C	0x080B6BA7	thumb	__15StatusPsiShieldUsP4Unit
0x080B6BA8	0x080B6BC3	thumb	__18StatusElectrocutedUsP4Unit
0x080B6BC4	0x080B6BDF	thumb	__13StatusCounterUsP4Unit
0x080B6BE0	0x080B6BFB	thumb	__12StatusShieldUsP4Unit
0x080B6BFC	0x080B6C27	thumb	__12StatusOnFireUsP4Unit
0x080B6C28	0x080B6C43	thumb	__12StatusPoisonUsP4Unit
0x080B6C44	0x080B6C5F	thumb	__13DefaultStatusUsP4Unit
0x080B6C60	0x080B6CC1	thumb	disableAllStatuses__11StatusNoExp
0x080B6CC4	0x080B6CD7	thumb	dt__11StatusNoExp
0x080B6CD8	0x080B6D39	thumb	disableAllStatuses__12StatusSmelly
0x080B6D3C	0x080B6D4F	thumb	dt__12StatusSmelly
0x080B6D50	0x080B6DAD	thumb	disableAllStatuses__13StatusStrange
0x080B6DB0	0x080B6DC3	thumb	dt__13StatusStrange
0x080B6DC4	0x080B6E53	thumb	fmtStatusMsg__20StatusMonkeyDanceIQ2Us
0x080B6E54	0x080B6E8F	thumb	iqMod__20StatusMonkeyDanceIQ2
0x080B6E90	0x080B6EF1	thumb	disableAllStatuses__20StatusMonkeyDanceIQ2
0x080B6EF4	0x080B6F07	thumb	dt__20StatusMonkeyDanceIQ2
0x080B6F08	0x080B6F97	thumb	fmtStatusMsg__20StatusMonkeyDanceSP2Us
0x080B6F98	0x080B6FD3	thumb	speedMod__20StatusMonkeyDanceSP2
0x080B6FD4	0x080B7035	thumb	disableAllStatuses__20StatusMonkeyDanceSP2
0x080B7038	0x080B704B	thumb	dt__20StatusMonkeyDanceSP2
0x080B704C	0x080B70DB	thumb	fmtStatusMsg__21StatusMonkeyDanceDef2Us
0x080B70DC	0x080B7115	thumb	defenseMod__21StatusMonkeyDanceDef2
0x080B7118	0x080B7247	thumb	disableAllStatuses__21StatusMonkeyDanceDef2
0x080B7248	0x080B7303	thumb	cancelOpposite__21StatusMonkeyDanceDef2
0x080B7304	0x080B7427	thumb	applyStackStatus__21StatusMonkeyDanceDef2
0x080B7428	0x080B743B	thumb	dt__21StatusMonkeyDanceDef2
0x080B743C	0x080B74CB	thumb	fmtStatusMsg__21StatusMonkeyDanceOff2Us
0x080B74CC	0x080B7505	thumb	offenseMod__21StatusMonkeyDanceOff2
0x080B7508	0x080B75F9	thumb	disableAllStatuses__21StatusMonkeyDanceOff2
0x080B75FC	0x080B7663	thumb	cancelOpposite__21StatusMonkeyDanceOff2
0x080B7664	0x080B76CF	thumb	applyStackStatus__21StatusMonkeyDanceOff2
0x080B76D0	0x080B76E3	thumb	dt__21StatusMonkeyDanceOff2
0x080B76E4	0x080B7773	thumb	fmtStatusMsg__19StatusMonkeyDanceIQUs
0x080B7774	0x080B77A7	thumb	iqMod__19StatusMonkeyDanceIQ
0x080B77A8	0x080B7809	thumb	disableAllStatuses__19StatusMonkeyDanceIQ
0x080B780C	0x080B781F	thumb	dt__19StatusMonkeyDanceIQ
0x080B7820	0x080B78AF	thumb	fmtStatusMsg__19StatusMonkeyDanceSPUs
0x080B78B0	0x080B78E3	thumb	speedMod__19StatusMonkeyDanceSP
0x080B78E4	0x080B7945	thumb	disableAllStatuses__19StatusMonkeyDanceSP
0x080B7948	0x080B795B	thumb	dt__19StatusMonkeyDanceSP
0x080B795C	0x080B79EB	thumb	fmtStatusMsg__20StatusMonkeyDanceDefUs
0x080B79EC	0x080B7A23	thumb	defenseMod__20StatusMonkeyDanceDef
0x080B7A24	0x080B7B53	thumb	disableAllStatuses__20StatusMonkeyDanceDef
0x080B7B54	0x080B7C0B	thumb	cancelOpposite__20StatusMonkeyDanceDef
0x080B7C0C	0x080B7D2F	thumb	applyStackStatus__20StatusMonkeyDanceDef
0x080B7D30	0x080B7D43	thumb	dt__20StatusMonkeyDanceDef
0x080B7D44	0x080B7DD3	thumb	fmtStatusMsg__20StatusMonkeyDanceOffUs
0x080B7DD4	0x080B7E0B	thumb	offenseMod__20StatusMonkeyDanceOff
0x080B7E0C	0x080B7EFD	thumb	disableAllStatuses__20StatusMonkeyDanceOff
0x080B7F00	0x080B7F67	thumb	cancelOpposite__20StatusMonkeyDanceOff
0x080B7F68	0x080B7FD3	thumb	applyStackStatus__20StatusMonkeyDanceOff
0x080B7FD4	0x080B7FE7	thumb	dt__20StatusMonkeyDanceOff
0x080B7FE8	0x080B8021	thumb	speedMod__16StatusParamsDown
0x080B8024	0x080B805D	thumb	iqMod__16StatusParamsDown
0x080B8060	0x080B8099	thumb	defenseMod__16StatusParamsDown
0x080B809C	0x080B80D5	thumb	offenseMod__16StatusParamsDown
0x080B80D8	0x080B8167	thumb	disableAllStatuses__16StatusParamsDown
0x080B8168	0x080B8481	thumb	removeConflicting__16StatusParamsDown
0x080B8484	0x080B8497	thumb	dt__16StatusParamsDown
0x080B8498	0x080B84CF	thumb	speedMod__14StatusParamsUp
0x080B84D0	0x080B8507	thumb	iqMod__14StatusParamsUp
0x080B8508	0x080B853B	thumb	defenseMod__14StatusParamsUp
0x080B853C	0x080B856F	thumb	offenseMod__14StatusParamsUp
0x080B8570	0x080B85FF	thumb	disableAllStatuses__14StatusParamsUp
0x080B8600	0x080B8919	thumb	removeConflicting__14StatusParamsUp
0x080B891C	0x080B892F	thumb	dt__14StatusParamsUp
0x080B8930	0x080B89BF	thumb	fmtStatusMsg__17StatusDefUpStrongUs
0x080B89C0	0x080B89F7	thumb	defenseMod__17StatusDefUpStrong
0x080B89F8	0x080B8A99	thumb	disableAllStatuses__17StatusDefUpStrong
0x080B8A9C	0x080B8AD5	thumb	cancelOpposite__17StatusDefUpStrong
0x080B8AD8	0x080B8B5F	thumb	applyStackStatus__17StatusDefUpStrong
0x080B8B60	0x080B8BC1	thumb	removeConflicting__17StatusDefUpStrong
0x080B8BC4	0x080B8BD7	thumb	dt__17StatusDefUpStrong
0x080B8BD8	0x080B8C67	thumb	fmtStatusMsg__14StatusDefUpMidUs
0x080B8C68	0x080B8C9F	thumb	defenseMod__14StatusDefUpMid
0x080B8CA0	0x080B8D41	thumb	disableAllStatuses__14StatusDefUpMid
0x080B8D44	0x080B8D7D	thumb	cancelOpposite__14StatusDefUpMid
0x080B8D80	0x080B8E5B	thumb	applyStackStatus__14StatusDefUpMid
0x080B8E5C	0x080B8E6F	thumb	dt__14StatusDefUpMid
0x080B8E70	0x080B8EFF	thumb	fmtStatusMsg__15StatusDefUpWeakUs
0x080B8F00	0x080B8F37	thumb	defenseMod__15StatusDefUpWeak
0x080B8F38	0x080B8FD9	thumb	disableAllStatuses__15StatusDefUpWeak
0x080B8FDC	0x080B9043	thumb	cancelOpposite__15StatusDefUpWeak
0x080B9044	0x080B9103	thumb	applyStackStatus__15StatusDefUpWeak
0x080B9104	0x080B9117	thumb	dt__15StatusDefUpWeak
0x080B9118	0x080B91A7	thumb	fmtStatusMsg__17StatusOffUpStrongUs
0x080B91A8	0x080B91DF	thumb	offenseMod__17StatusOffUpStrong
0x080B91E0	0x080B9281	thumb	disableAllStatuses__17StatusOffUpStrong
0x080B9284	0x080B92BD	thumb	cancelOpposite__17StatusOffUpStrong
0x080B92C0	0x080B9347	thumb	applyStackStatus__17StatusOffUpStrong
0x080B9348	0x080B93A9	thumb	removeConflicting__17StatusOffUpStrong
0x080B93AC	0x080B93BF	thumb	dt__17StatusOffUpStrong
0x080B93C0	0x080B944F	thumb	fmtStatusMsg__14StatusOffUpMidUs
0x080B9450	0x080B9487	thumb	offenseMod__14StatusOffUpMid
0x080B9488	0x080B9529	thumb	disableAllStatuses__14StatusOffUpMid
0x080B952C	0x080B9565	thumb	cancelOpposite__14StatusOffUpMid
0x080B9568	0x080B9643	thumb	applyStackStatus__14StatusOffUpMid
0x080B9644	0x080B9657	thumb	dt__14StatusOffUpMid
0x080B9658	0x080B96E7	thumb	fmtStatusMsg__15StatusOffUpWeakUs
0x080B96E8	0x080B971F	thumb	offenseMod__15StatusOffUpWeak
0x080B9720	0x080B97C1	thumb	disableAllStatuses__15StatusOffUpWeak
0x080B97C4	0x080B982B	thumb	cancelOpposite__15StatusOffUpWeak
0x080B982C	0x080B98EB	thumb	applyStackStatus__15StatusOffUpWeak
0x080B98EC	0x080B98FF	thumb	dt__15StatusOffUpWeak
0x080B9900	0x080B998F	thumb	fmtStatusMsg__19StatusDefDownStrongUs
0x080B9990	0x080B99C9	thumb	defenseMod__19StatusDefDownStrong
0x080B99CC	0x080B9A6D	thumb	disableAllStatuses__19StatusDefDownStrong
0x080B9A70	0x080B9AA9	thumb	cancelOpposite__19StatusDefDownStrong
0x080B9AAC	0x080B9B33	thumb	applyStackStatus__19StatusDefDownStrong
0x080B9B34	0x080B9B95	thumb	removeConflicting__19StatusDefDownStrong
0x080B9B98	0x080B9BAB	thumb	dt__19StatusDefDownStrong
0x080B9BAC	0x080B9C3B	thumb	fmtStatusMsg__16StatusDefDownMidUs
0x080B9C3C	0x080B9C75	thumb	defenseMod__16StatusDefDownMid
0x080B9C78	0x080B9D19	thumb	disableAllStatuses__16StatusDefDownMid
0x080B9D1C	0x080B9D55	thumb	cancelOpposite__16StatusDefDownMid
0x080B9D58	0x080B9E33	thumb	applyStackStatus__16StatusDefDownMid
0x080B9E34	0x080B9E47	thumb	dt__16StatusDefDownMid
0x080B9E48	0x080B9ED7	thumb	fmtStatusMsg__17StatusDefDownWeakUs
0x080B9ED8	0x080B9F11	thumb	defenseMod__17StatusDefDownWeak
0x080B9F14	0x080B9FB5	thumb	disableAllStatuses__17StatusDefDownWeak
0x080B9FB8	0x080BA01F	thumb	cancelOpposite__17StatusDefDownWeak
0x080BA020	0x080BA0DF	thumb	applyStackStatus__17StatusDefDownWeak
0x080BA0E0	0x080BA0F3	thumb	dt__17StatusDefDownWeak
0x080BA0F4	0x080BA183	thumb	fmtStatusMsg__19StatusOffDownStrongUs
0x080BA184	0x080BA1BD	thumb	offenseMod__19StatusOffDownStrong
0x080BA1C0	0x080BA261	thumb	disableAllStatuses__19StatusOffDownStrong
0x080BA264	0x080BA29D	thumb	cancelOpposite__19StatusOffDownStrong
0x080BA2A0	0x080BA327	thumb	applyStackStatus__19StatusOffDownStrong
0x080BA328	0x080BA389	thumb	removeConflicting__19StatusOffDownStrong
0x080BA38C	0x080BA39F	thumb	dt__19StatusOffDownStrong
0x080BA3A0	0x080BA42F	thumb	fmtStatusMsg__16StatusOffDownMidUs
0x080BA430	0x080BA469	thumb	offenseMod__16StatusOffDownMid
0x080BA46C	0x080BA50D	thumb	disableAllStatuses__16StatusOffDownMid
0x080BA510	0x080BA559	thumb	cancelOpposite__16StatusOffDownMid
0x080BA55C	0x080BA637	thumb	applyStackStatus__16StatusOffDownMid
0x080BA638	0x080BA64B	thumb	dt__16StatusOffDownMid
0x080BA64C	0x080BA6DB	thumb	fmtStatusMsg__17StatusOffDownWeakUs
0x080BA6DC	0x080BA715	thumb	offenseMod__17StatusOffDownWeak
0x080BA718	0x080BA7C9	thumb	disableAllStatuses__17StatusOffDownWeak
0x080BA7CC	0x080BA833	thumb	cancelOpposite__17StatusOffDownWeak
0x080BA834	0x080BA8F3	thumb	applyStackStatus__17StatusOffDownWeak
0x080BA8F4	0x080BA907	thumb	dt__17StatusOffDownWeak
0x080BA908	0x080BA95D	thumb	cleanup__12StatusDefend
0x080BA960	0x080BA9DB	thumb	applyStatModifiers__12StatusDefend
0x080BA9DC	0x080BAA3D	thumb	disableAllStatuses__12StatusDefend
0x080BAA40	0x080BAA53	thumb	dt__12StatusDefend
0x080BAA54	0x080BAAB5	thumb	disableAllStatuses__11StatusFleas
0x080BAAB8	0x080BAACB	thumb	dt__11StatusFleas
0x080BAACC	0x080BAB2D	thumb	disableAllStatuses__12StatusCrying
0x080BAB30	0x080BAB43	thumb	dt__12StatusCrying
0x080BAB44	0x080BABCD	thumb	dispelStatus__14StatusParamModUs
0x080BABD0	0x080BAC8B	thumb	replaceStatus__14StatusParamMod
0x080BAC8C	0x080BACBD	thumb	kindnessChange__14StatusParamMod
0x080BACC0	0x080BACF1	thumb	speedChange__14StatusParamMod
0x080BACF4	0x080BAD25	thumb	iqChange__14StatusParamMod
0x080BAD28	0x080BAD59	thumb	defenseChange__14StatusParamMod
0x080BAD5C	0x080BAD8D	thumb	offenseChange__14StatusParamMod
0x080BAD90	0x080BAD93	thumb	kindnessDelta__14StatusParamMod
0x080BAD94	0x080BAD97	thumb	speedDelta__14StatusParamMod
0x080BAD98	0x080BAD9B	thumb	iqDelta__14StatusParamMod
0x080BAD9C	0x080BAD9F	thumb	defenseDelta__14StatusParamMod
0x080BADA0	0x080BADA3	thumb	offenseDelta__14StatusParamMod
0x080BADA4	0x080BAEC9	thumb	cleanup__14StatusParamMod
0x080BAECC	0x080BAECF	thumb	kindnessMod__14StatusParamMod
0x080BAED0	0x080BAED3	thumb	speedMod__14StatusParamMod
0x080BAED4	0x080BAED7	thumb	iqMod__14StatusParamMod
0x080BAED8	0x080BAEDB	thumb	defenseMod__14StatusParamMod
0x080BAEDC	0x080BAEDF	thumb	offenseMod__14StatusParamMod
0x080BAEE0	0x080BB0FD	thumb	applyStatModifiers__14StatusParamMod
0x080BB100	0x080BB113	thumb	dt__14StatusParamMod
0x080BB114	0x080BB175	thumb	disableAllStatuses__18StatusNoBackSprite
0x080BB178	0x080BB18B	thumb	dt__18StatusNoBackSprite
0x080BB18C	0x080BB1ED	thumb	disableAllStatuses__13StatusStapled
0x080BB1F0	0x080BB203	thumb	dt__13StatusStapled
0x080BB204	0x080BB265	thumb	disableAllStatuses__10StatusFell
0x080BB268	0x080BB27B	thumb	dt__10StatusFell
0x080BB27C	0x080BB2DD	thumb	disableAllStatuses__10StatusDCMC
0x080BB2E0	0x080BB2F3	thumb	dt__10StatusDCMC
0x080BB2F4	0x080BB355	thumb	disableAllStatuses__11StatusDance
0x080BB358	0x080BB36B	thumb	dt__11StatusDance
0x080BB36C	0x080BB3CD	thumb	disableAllStatuses__14StatusLaughing
0x080BB3D0	0x080BB3E3	thumb	dt__14StatusLaughing
0x080BB3E4	0x080BB445	thumb	disableAllStatuses__16StatusApologetic
0x080BB448	0x080BB45B	thumb	dt__16StatusApologetic
0x080BB45C	0x080BB4BD	thumb	disableAllStatuses__12StatusFrozen
0x080BB4C0	0x080BB4D3	thumb	dt__12StatusFrozen
0x080BB4D4	0x080BB535	thumb	disableAllStatuses__14StatusNauseous
0x080BB538	0x080BB54B	thumb	dt__14StatusNauseous
0x080BB54C	0x080BB5AD	thumb	disableAllStatuses__15StatusForgetful
0x080BB5B0	0x080BB5C3	thumb	dt__15StatusForgetful
0x080BB5C4	0x080BB60B	thumb	cleanup__11StatusSleep
0x080BB60C	0x080BB65F	thumb	applyStatModifiers__11StatusSleep
0x080BB660	0x080BB6C1	thumb	disableAllStatuses__11StatusSleep
0x080BB6C4	0x080BB6D7	thumb	dt__11StatusSleep
0x080BB6D8	0x080BB739	thumb	disableAllStatuses__10StatusNumb
0x080BB73C	0x080BB74F	thumb	dt__10StatusNumb
0x080BB750	0x080BB7E9	thumb	onUnitTurnBegin__13StatusRefreshP4Unit
0x080BB7EC	0x080BB84D	thumb	disableAllStatuses__13StatusRefresh
0x080BB850	0x080BB863	thumb	dt__13StatusRefresh
0x080BB864	0x080BB8C5	thumb	disableAllStatuses__12StatusEndure
0x080BB8C8	0x080BB8DB	thumb	dt__12StatusEndure
0x080BB8DC	0x080BB987	thumb	onUnitTurnEnd__14StatusTimeBombP4Unit
0x080BB988	0x080BB9E9	thumb	disableAllStatuses__14StatusTimeBomb
0x080BB9EC	0x080BB9FF	thumb	dt__14StatusTimeBomb
0x080BBA00	0x080BBA5D	thumb	disableAllStatuses__16StatusPsiCounter
0x080BBA60	0x080BBB21	thumb	removeConflicting__16StatusPsiCounter
0x080BBB24	0x080BBB37	thumb	dt__16StatusPsiCounter
0x080BBB38	0x080BBB95	thumb	disableAllStatuses__15StatusPsiShield
0x080BBB98	0x080BBC59	thumb	removeConflicting__15StatusPsiShield
0x080BBC5C	0x080BBC6F	thumb	dt__15StatusPsiShield
0x080BBC70	0x080BBCD1	thumb	disableAllStatuses__18StatusElectrocuted
0x080BBCD4	0x080BBCE7	thumb	dt__18StatusElectrocuted
0x080BBCE8	0x080BBD45	thumb	disableAllStatuses__13StatusCounter
0x080BBD48	0x080BBE09	thumb	removeConflicting__13StatusCounter
0x080BBE0C	0x080BBE1F	thumb	dt__13StatusCounter
0x080BBE20	0x080BBE7D	thumb	disableAllStatuses__12StatusShield
0x080BBE80	0x080BBF41	thumb	removeConflicting__12StatusShield
0x080BBF44	0x080BBF57	thumb	dt__12StatusShield
0x080BBF58	0x080BBFEB	thumb	onUnitTurnBegin__12StatusOnFireP4Unit
0x080BBFEC	0x080BC04D	thumb	disableAllStatuses__12StatusOnFire
0x080BC050	0x080BC063	thumb	dt__12StatusOnFire
0x080BC064	0x080BC0F7	thumb	onUnitTurnBegin__12StatusPoisonP4Unit
0x080BC0F8	0x080BC159	thumb	disableAllStatuses__12StatusPoison
0x080BC15C	0x080BC16F	thumb	dt__12StatusPoison
0x080BC170	0x080BC183	thumb	dt__13DefaultStatus
0x080BC184	0x080BC1A3	thumb	create__16HealingGOFactoryUsP4Unit
0x080BC1A4	0x080BC1C3	thumb	create__15HealingBFactoryUsP4Unit
0x080BC1C4	0x080BC1E3	thumb	create__15HealingAFactoryUsP4Unit
0x080BC1E4	0x080BC203	thumb	create__17PsiCounterFactoryUsP4Unit
0x080BC204	0x080BC223	thumb	create__16PsiShieldFactoryUsP4Unit
0x080BC224	0x080BC243	thumb	create__14CounterFactoryUsP4Unit
0x080BC244	0x080BC263	thumb	create__13ShieldFactoryUsP4Unit
0x080BC264	0x080BC283	thumb	create__14PkFlashFactoryUsP4Unit
0x080BC284	0x080BC2A3	thumb	create__14LifeupGFactoryUsP4Unit
0x080BC2A4	0x080BC2C3	thumb	create__16PsiMagnetFactoryUsP4Unit
0x080BC2C4	0x080BC2E3	thumb	create__15PkGroundFactoryUsP4Unit
0x080BC2E4	0x080BC303	thumb	create__18PkThunderGOFactoryUsP4Unit
0x080BC304	0x080BC323	thumb	create__18PkThunderABFactoryUsP4Unit
0x080BC324	0x080BC343	thumb	create__17DefaultPsiFactoryUsP4Unit
0x080BC344	0x080BC35F	thumb	__9HealingGOUsP4Unit
0x080BC360	0x080BC37B	thumb	__8HealingBUsP4Unit
0x080BC37C	0x080BC397	thumb	__8HealingAUsP4Unit
0x080BC398	0x080BC3B3	thumb	__10PsiCounterUsP4Unit
0x080BC3B4	0x080BC3CF	thumb	__9PsiShieldUsP4Unit
0x080BC3D0	0x080BC3EB	thumb	__7CounterUsP4Unit
0x080BC3EC	0x080BC407	thumb	__6ShieldUsP4Unit
0x080BC408	0x080BC423	thumb	__7PkFlashUsP4Unit
0x080BC424	0x080BC43F	thumb	__7LifeupGUsP4Unit
0x080BC440	0x080BC45F	thumb	__9PsiMagnetUsP4Unit
0x080BC460	0x080BC47B	thumb	__8PkGroundUsP4Unit
0x080BC47C	0x080BC497	thumb	__11PkThunderGOUsP4Unit
0x080BC498	0x080BC4B3	thumb	__11PkThunderABUsP4Unit
0x080BC4B4	0x080BC4CF	thumb	__10DefaultPsiUsP4Unit
0x080BC4D0	0x080BC5C3	thumb	onFail__9HealingGOP4Unit
0x080BC5C4	0x080BC5D7	thumb	dt__9HealingGO
0x080BC5D8	0x080BC687	thumb	onFail__8HealingBP4Unit
0x080BC688	0x080BC69B	thumb	dt__8HealingB
0x080BC69C	0x080BC753	thumb	onFail__8HealingAP4Unit
0x080BC754	0x080BC767	thumb	dt__8HealingA
0x080BC768	0x080BC81B	thumb	onInflictStatus__10PsiCounterP4Unit
0x080BC81C	0x080BC82F	thumb	dt__10PsiCounter
0x080BC830	0x080BC8E3	thumb	onInflictStatus__9PsiShieldP4Unit
0x080BC8E4	0x080BC8F7	thumb	dt__9PsiShield
0x080BC8F8	0x080BC9AB	thumb	onInflictStatus__7CounterP4Unit
0x080BC9AC	0x080BC9BF	thumb	dt__7Counter
0x080BC9C0	0x080BCA73	thumb	onInflictStatus__6ShieldP4Unit
0x080BCA74	0x080BCA87	thumb	dt__6Shield
0x080BCA88	0x080BCDDB	thumb	sub_080BCA88__7PkFlashP4Unit
0x080BCDDC	0x080BCF97	thumb	onInflictStatus__7PkFlashP4Unit
0x080BCF98	0x080BCFAB	thumb	dt__7PkFlash
0x080BCFAC	0x080BCFEB	thumb	onNoEffect__7LifeupGP4Unit
0x080BCFEC	0x080BCFFF	thumb	dt__7LifeupG
0x080BD000	0x080BD04B	thumb	action_150__9PsiMagnet
0x080BD04C	0x080BD04F	thumb	onPlayAnim__9PsiMagnetP4Unitb
0x080BD050	0x080BD093	thumb	tellMissed__9PsiMagnetP4Unit
0x080BD094	0x080BD137	thumb	onPsiDamage__9PsiMagnetP4Unit
0x080BD138	0x080BD14F	thumb	calcDidHit__9PsiMagnetP4Unit
0x080BD150	0x080BD193	thumb	tellResisted__9PsiMagnetP4Unit
0x080BD194	0x080BD1BB	thumb	isResisted__9PsiMagnetP4Unit
0x080BD1BC	0x080BD1CF	thumb	dt__9PsiMagnet
0x080BD1D0	0x080BD293	thumb	onPsiDamage__8PkGroundP4Unit
0x080BD294	0x080BD5B3	thumb	calcDidHit__8PkGroundP4Unit
0x080BD5B4	0x080BD6F7	thumb	playAnim__8PkGround
0x080BD6F8	0x080BD70B	thumb	dt__8PkGround
0x080BD70C	0x080BD72F	thumb	onPlayAnim__11PkThunderGOP4Unitb
0x080BD730	0x080BD773	thumb	tellMissed__11PkThunderGOP4Unit
0x080BD774	0x080BD7FF	thumb	calcDidHit__11PkThunderGOP4Unit
0x080BD800	0x080BD817	thumb	action_a0__11PkThunderGOP4Unit
0x080BD818	0x080BD81B	thumb	playAnim__11PkThunderGO
0x080BD81C	0x080BD82F	thumb	dt__11PkThunderGO
0x080BD830	0x080BD853	thumb	onPlayAnim__11PkThunderABP4Unitb
0x080BD854	0x080BD897	thumb	tellMissed__11PkThunderABP4Unit
0x080BD898	0x080BD923	thumb	calcDidHit__11PkThunderABP4Unit
0x080BD924	0x080BD93B	thumb	action_a0__11PkThunderABP4Unit
0x080BD93C	0x080BD93F	thumb	playAnim__11PkThunderAB
0x080BD940	0x080BD953	thumb	dt__11PkThunderAB
0x080BD954	0x080BD9D9	thumb	hitChance__C10DefaultPsi
0x080BD9DC	0x080BDAAB	thumb	tellResisted__10DefaultPsiP4Unit
0x080BDAAC	0x080BDABF	thumb	dt__10DefaultPsi
0x080BDAC0	0x080BDACF	thumb	init__9GoodsRTTI
0x080BDAD0	0x080BDAD7	thumb	getName__9GoodsRTTI
0x080BDAD8	0x080BDAFD	thumb	create__18TriviaCard4FactoryUsP4UnitUs
0x080BDB00	0x080BDB25	thumb	create__18TriviaCard3FactoryUsP4UnitUs
0x080BDB28	0x080BDB4D	thumb	create__18TriviaCard2FactoryUsP4UnitUs
0x080BDB50	0x080BDB75	thumb	create__18TriviaCard1FactoryUsP4UnitUs
0x080BDB78	0x080BDB9D	thumb	create__16DragoFangFactoryUsP4UnitUs
0x080BDBA0	0x080BDBC5	thumb	create__21ShieldSnatcherFactoryUsP4UnitUs
0x080BDBC8	0x080BDBED	thumb	create__23CupOfLifenoodlesFactoryUsP4UnitUs
0x080BDBF0	0x080BDC15	thumb	create__17SecretHerbFactoryUsP4UnitUs
0x080BDC18	0x080BDC3D	thumb	create__15PaperFanFactoryUsP4UnitUs
0x080BDC40	0x080BDC65	thumb	create__18MadeYouLookFactoryUsP4UnitUs
0x080BDC68	0x080BDC8D	thumb	create__22AttackAttractorFactoryUsP4UnitUs
0x080BDC90	0x080BDCB5	thumb	create__22EnemyWimperizerFactoryUsP4UnitUs
0x080BDCB8	0x080BDCDD	thumb	create__22EnemyBufferizerFactoryUsP4UnitUs
0x080BDCE0	0x080BDD05	thumb	create__16LottoMealFactoryUsP4UnitUs
0x080BDD08	0x080BDD2D	thumb	create__16DoggyFoodFactoryUsP4UnitUs
0x080BDD30	0x080BDD55	thumb	create__21PeculiarCheeseFactoryUsP4UnitUs
0x080BDD58	0x080BDD7D	thumb	create__15BugSprayFactoryUsP4UnitUs
0x080BDD80	0x080BDDA5	thumb	create__20AncientBananaFactoryUsP4UnitUs
0x080BDDA8	0x080BDDCD	thumb	create__18HoneyShowerFactoryUsP4UnitUs
0x080BDDD0	0x080BDDF5	thumb	create__19SaltwaterGunFactoryUsP4UnitUs
0x080BDDF8	0x080BDE1D	thumb	create__22NewYearsEveBombFactoryUsP4UnitUs
0x080BDE20	0x080BDE45	thumb	create__19DefaultGoodsFactoryUsP4UnitUs
0x080BDE48	0x080BDE67	thumb	__11TriviaCard4UsP4UnitUs
0x080BDE68	0x080BDE87	thumb	__11TriviaCard3UsP4UnitUs
0x080BDE88	0x080BDEA7	thumb	__11TriviaCard2UsP4UnitUs
0x080BDEA8	0x080BDEC7	thumb	__11TriviaCard1UsP4UnitUs
0x080BDEC8	0x080BDEE7	thumb	__9DragoFangUsP4UnitUs
0x080BDEE8	0x080BDF07	thumb	__14ShieldSnatcherUsP4UnitUs
0x080BDF08	0x080BDF27	thumb	__16CupOfLifenoodlesUsP4UnitUs
0x080BDF28	0x080BDF47	thumb	__10SecretHerbUsP4UnitUs
0x080BDF48	0x080BDF67	thumb	__8PaperFanUsP4UnitUs
0x080BDF68	0x080BDF87	thumb	__11MadeYouLookUsP4UnitUs
0x080BDF88	0x080BDFA7	thumb	__15AttackAttractorUsP4UnitUs
0x080BDFA8	0x080BDFC7	thumb	__15EnemyWimperizerUsP4UnitUs
0x080BDFC8	0x080BDFE7	thumb	__15EnemyBufferizerUsP4UnitUs
0x080BDFE8	0x080BE007	thumb	__9LottoMealUsP4UnitUs
0x080BE008	0x080BE027	thumb	__9DoggyFoodUsP4UnitUs
0x080BE028	0x080BE047	thumb	__14PeculiarCheeseUsP4UnitUs
0x080BE048	0x080BE067	thumb	__8BugSprayUsP4UnitUs
0x080BE068	0x080BE087	thumb	__13AncientBananaUsP4UnitUs
0x080BE088	0x080BE0A7	thumb	__11HoneyShowerUsP4UnitUs
0x080BE0A8	0x080BE0D3	thumb	__12SaltwaterGunUsP4UnitUs
0x080BE0D4	0x080BE0FB	thumb	__15NewYearsEveBombUsP4UnitUs
0x080BE0FC	0x080BE11B	thumb	__12DefaultGoodsUsPvUs
0x080BE11C	0x080BE427	thumb	onSuccess__11TriviaCard4P4Unit
0x080BE428	0x080BE469	thumb	tellResisted__11TriviaCard4P4Unit
0x080BE46C	0x080BE4E3	thumb	isResisted__11TriviaCard4P4Unit
0x080BE4E4	0x080BE4F7	thumb	_._11TriviaCard4
0x080BE4F8	0x080BE723	thumb	onSuccess__11TriviaCard3P4Unit
0x080BE724	0x080BE765	thumb	tellResisted__11TriviaCard3P4Unit
0x080BE768	0x080BE7DF	thumb	isResisted__11TriviaCard3P4Unit
0x080BE7E0	0x080BE7F3	thumb	_._11TriviaCard3
0x080BE7F4	0x080BEA2B	thumb	onSuccess__11TriviaCard2P4Unit
0x080BEA2C	0x080BEA6D	thumb	tellResisted__11TriviaCard2P4Unit
0x080BEA70	0x080BEAE7	thumb	isResisted__11TriviaCard2P4Unit
0x080BEAE8	0x080BEAFB	thumb	_._11TriviaCard2
0x080BEAFC	0x080BED8F	thumb	onSuccess__11TriviaCard1P4Unit
0x080BED90	0x080BEDD1	thumb	tellResisted__11TriviaCard1P4Unit
0x080BEDD4	0x080BEE4B	thumb	isResisted__11TriviaCard1P4Unit
0x080BEE4C	0x080BEE5F	thumb	_._11TriviaCard1
0x080BEE60	0x080BEEA1	thumb	tellMissed__9DragoFangP4Unit
0x080BEEA4	0x080BEF3B	thumb	onSuccess__9DragoFangP4Unit
0x080BEF3C	0x080BEF71	thumb	calcDidHit__9DragoFangP4Unit
0x080BEF74	0x080BEFB5	thumb	tellResisted__9DragoFangP4Unit
0x080BEFB8	0x080BEFD3	thumb	isResisted__9DragoFangP4Unit
0x080BEFD4	0x080BEFE7	thumb	_._9DragoFang
0x080BEFE8	0x080BF137	thumb	onFail__14ShieldSnatcherP4Unit
0x080BF138	0x080BF14B	thumb	_._14ShieldSnatcher
0x080BF14C	0x080BF23F	thumb	onFail__16CupOfLifenoodlesP4Unit
0x080BF240	0x080BF253	thumb	_._16CupOfLifenoodles
0x080BF254	0x080BF35B	thumb	onFail__10SecretHerbP4Unit
0x080BF35C	0x080BF36F	thumb	_._10SecretHerb
0x080BF370	0x080BF3EF	thumb	onFail__8PaperFanP4Unit
0x080BF3F0	0x080BF403	thumb	_._8PaperFan
0x080BF404	0x080BF47B	thumb	onSuccess__11MadeYouLookP4Unit
0x080BF47C	0x080BF4C7	thumb	tellResisted__11MadeYouLookP4Unit
0x080BF4C8	0x080BF589	thumb	isResisted__11MadeYouLookP4Unit
0x080BF58C	0x080BF59F	thumb	_._11MadeYouLook
0x080BF5A0	0x080BF5FB	thumb	onInflictStatus__15AttackAttractorP4Unit
0x080BF5FC	0x080BF63D	thumb	tellResisted__15AttackAttractorP4Unit
0x080BF640	0x080BF6B7	thumb	isResisted__15AttackAttractorP4Unit
0x080BF6B8	0x080BF6CB	thumb	_._15AttackAttractor
0x080BF6CC	0x080BF723	thumb	isResisted__15EnemyWimperizerP4Unit
0x080BF724	0x080BF737	thumb	_._15EnemyWimperizer
0x080BF738	0x080BF78F	thumb	isResisted__15EnemyBufferizerP4Unit
0x080BF790	0x080BF7A3	thumb	_._15EnemyBufferizer
0x080BF7A4	0x080BFAE3	thumb	onInflictStatus__9LottoMealP4Unit
0x080BFAE4	0x080BFAF7	thumb	_._9LottoMeal
0x080BFAF8	0x080BFB27	thumb	action_f8__9DoggyFoodP4Unit
0x080BFB28	0x080BFB3B	thumb	_._9DoggyFood
0x080BFB3C	0x080BFC13	thumb	action_f8__14PeculiarCheeseP4Unit
0x080BFC14	0x080BFC27	thumb	_._14PeculiarCheese
0x080BFC28	0x080BFC97	thumb	onDamage__8BugSprayP4Unit
0x080BFC98	0x080BFCAB	thumb	_._8BugSpray
0x080BFCAC	0x080BFD33	thumb	playAnim__13AncientBanana
0x080BFD34	0x080BFD47	thumb	_._13AncientBanana
0x080BFD48	0x080BFEB7	thumb	onDamage__11HoneyShowerP4Unit
0x080BFEB8	0x080BFECB	thumb	_._11HoneyShower
0x080BFECC	0x080BFEE1	thumb	healHi__C12SaltwaterGun
0x080BFEE4	0x080BFEF9	thumb	healLo__C12SaltwaterGun
0x080BFEFC	0x080BFF79	thumb	onDamage__12SaltwaterGunP4Unit
0x080BFF7C	0x080C0033	thumb	isResisted__12SaltwaterGunP4Unit
0x080C0034	0x080C0047	thumb	_._12SaltwaterGun
0x080C0048	0x080C0061	thumb	hasDim__C15NewYearsEveBomb
0x080C0064	0x080C0081	thumb	animNo__C15NewYearsEveBomb
0x080C0084	0x080C00D3	thumb	onDamage__15NewYearsEveBombP4Unit
0x080C00D4	0x080C00D5	thumb	tellResisted__15NewYearsEveBombP4Unit
0x080C00D8	0x080C00DD	thumb	isResisted__15NewYearsEveBombP4Unit
0x080C00E0	0x080C014D	thumb	tellUseMessage__15NewYearsEveBomb
0x080C0150	0x080C04C7	thumb	nye_4__15NewYearsEveBomb
0x080C04C8	0x080C04ED	thumb	action_70__15NewYearsEveBomb
0x080C04F0	0x080C0503	thumb	_._15NewYearsEveBomb
0x080C0504	0x080C0577	thumb	dg_3__12DefaultGoods
0x080C0578	0x080C05AB	thumb	isConsumable__C12DefaultGoodsP4Unit
0x080C05AC	0x080C0631	thumb	hitChance__C12DefaultGoods
0x080C0634	0x080C06AB	thumb	dg_2__12DefaultGoodsP4Unit
0x080C06AC	0x080C06DD	thumb	action_a0__12DefaultGoodsP4Unit
0x080C06E0	0x080C0727	thumb	isResisted__12DefaultGoodsP4Unit
0x080C0728	0x080C0861	thumb	dogTax__12DefaultGoods
0x080C0864	0x080C088F	thumb	tellUseMessage__12DefaultGoods
0x080C0890	0x080C08A3	thumb	_._12DefaultGoods
0x080C08A4	0x080C08C3	thumb	sub_080C08A4
0x080C08C4	0x080C08E3	thumb	sub_080C08C4
0x080C08E4	0x080C0903	thumb	sub_080C08E4
0x080C0904	0x080C091F	thumb	sub_080C0904
0x080C0920	0x080C093F	thumb	sub_080C0920
0x080C0940	0x080C0A1F	thumb	sub_080C0940
0x080C0A20	0x080C0AF7	thumb	sub_080C0A20
0x080C0AF8	0x080C0B43	thumb	sub_080C0AF8
0x080C0B44	0x080C0B57	thumb	sub_080C0B44
0x080C0B58	0x080C0B5B	thumb	nullsub_147
0x080C0B5C	0x080C0B5F	thumb	nullsub_148
0x080C0B60	0x080C0B63	thumb	nullsub_149
0x080C0B64	0x080C0B77	thumb	sub_080C0B64
0x080C0B78	0x080C0B87	thumb	init__13SndMonManager
0x080C0B88	0x080C0B8F	thumb	getName__13SndMonManager
0x080C0B90	0x080C0BA3	thumb	sub_080C0B90
0x080C0BA4	0x080C0BB7	thumb	sub_080C0BA4
0x080C0BB8	0x080C0BCB	thumb	sub_080C0BB8
0x080C0BCC	0x080C0BDF	thumb	sub_080C0BCC
0x080C0BE0	0x080C0BF1	thumb	init__10IrcManager
0x080C0BF4	0x080C0BFB	thumb	getName__10IrcManager
0x080C0BFC	0x00000000	thumb	init__12ClockManager
0x080C0C0C	0x00000000	thumb	getName__12ClockManager
0x080C0C14	0x00000000	thumb	init__16PostSysClockRTTI
0x080C0C24	0x00000000	thumb	getName__16PostSysClockRTTI
0x080C0C2C	0x00000000	thumb	_._12PostSysClock
0x080C0C40	0x00000000	thumb	init__16PostAppClockRTTI
0x080C0C50	0x00000000	thumb	getName__16PostAppClockRTTI
0x080C0C58	0x00000000	thumb	_._12PostAppClock
0x080C0C6C	0x00000000	thumb	init__12AppClockRTTI
0x080C0C7C	0x00000000	thumb	getName__12AppClockRTTI
0x080C0C84	0x00000000	thumb	_._8AppClock
0x080C0C98	0x00000000	thumb	init__15PreAppClockRTTI
0x080C0CA8	0x00000000	thumb	getName__15PreAppClockRTTI
0x080C0CB0	0x00000000	thumb	_._11PreAppClock
0x080C0CC4	0x00000000	thumb	init__12SysClockRTTI
0x080C0CD4	0x00000000	thumb	getName__12SysClockRTTI
0x080C0CDC	0x00000000	thumb	_._8SysClock
0x080C0CF0	0x00000000	thumb	init__15PreSysClockRTTI
0x080C0D00	0x00000000	thumb	getName__15PreSysClockRTTI
0x080C0D08	0x00000000	thumb	_._11PreSysClock
0x080C0D1C	0x00000000	thumb	init__14GEngineManager
0x080C0D2C	0x00000000	thumb	getName__14GEngineManager
0x080C0D34	0x00000000	thumb	init__15BGEngineManager
0x080C0D48	0x00000000	thumb	getName__15BGEngineManager
0x080C0D50	0x00000000	thumb	sub_080C0D50
0x080C0E54	0x00000000	thumb	sub_080C0E54
0x080C0F28	0x00000000	thumb	init__16ObjEngineManager
0x080C0F3C	0x00000000	thumb	getName__16ObjEngineManager
0x080C0F44	0x00000000	thumb	init__17ObjChrPoolManager
0x080C0F54	0x00000000	thumb	getName__17ObjChrPoolManager
0x080C0F5C	0x00000000	thumb	init__17ObjPltPoolManager
0x080C0F6C	0x00000000	thumb	getName__17ObjPltPoolManager
0x080C0F74	0x00000000	thumb	VT_HACK__14SelectKeyPresse
0x080C0F94	0x080C0F9B	thumb	getName__22SelectKeyLongPressRTTI
0x080C0F9C	0x080C0FAF	thumb	_._18SelectKeyLongPress
0x080C0FB0	0x080C0FCF	thumb	init__18SelectKeyPressRTTI
0x080C0FD0	0x080C0FD7	thumb	getName__18SelectKeyPressRTTI
0x080C0FD8	0x080C0FEB	thumb	_._14SelectKeyPress
0x080C0FEC	0x080C100B	thumb	init__21StartKeyLongPressRTTI
0x080C100C	0x080C1013	thumb	getName__21StartKeyLongPressRTTI
0x080C1014	0x080C1027	thumb	_._17StartKeyLongPress
0x080C1028	0x080C1047	thumb	init__17StartKeyPressRTTI
0x080C1048	0x080C104F	thumb	getName__17StartKeyPressRTTI
0x080C1050	0x080C1063	thumb	_._13StartKeyPress
0x080C1064	0x080C1083	thumb	init__17RKeyLongPressRTTI
0x080C1084	0x080C108B	thumb	getName__17RKeyLongPressRTTI
0x080C108C	0x080C109F	thumb	_._13RKeyLongPress
0x080C10A0	0x080C10BF	thumb	init__13RKeyPressRTTI
0x080C10C0	0x080C10C7	thumb	getName__13RKeyPressRTTI
0x080C10C8	0x080C10DB	thumb	_._9RKeyPress
0x080C10DC	0x080C10FB	thumb	init__17LKeyLongPressRTTI
0x080C10FC	0x080C1103	thumb	getName__17LKeyLongPressRTTI
0x080C1104	0x080C1117	thumb	_._13LKeyLongPress
0x080C1118	0x080C1137	thumb	init__13LKeyPressRTTI
0x080C1138	0x080C113F	thumb	getName__13LKeyPressRTTI
0x080C1140	0x080C1153	thumb	_._9LKeyPress
0x080C1154	0x080C1173	thumb	init__17BKeyLongPressRTTI
0x080C1174	0x080C117B	thumb	getName__17BKeyLongPressRTTI
0x080C117C	0x080C118F	thumb	_._13BKeyLongPress
0x080C1190	0x080C11AF	thumb	init__13BKeyPressRTTI
0x080C11B0	0x080C11B7	thumb	getName__13BKeyPressRTTI
0x080C11B8	0x080C11CB	thumb	_._9BKeyPress
0x080C11CC	0x080C11EB	thumb	init__17AKeyLongPressRTTI
0x080C11EC	0x080C11F3	thumb	getName__17AKeyLongPressRTTI
0x080C11F4	0x080C1207	thumb	_._13AKeyLongPress
0x080C1208	0x080C1227	thumb	init__13AKeyPressRTTI
0x080C1228	0x080C122F	thumb	getName__13AKeyPressRTTI
0x080C1230	0x080C1243	thumb	_._9AKeyPress
0x080C1244	0x080C1263	thumb	init__21RightKeyLongPressRTTI
0x080C1264	0x080C126B	thumb	getName__21RightKeyLongPressRTTI
0x080C126C	0x080C127F	thumb	_._17RightKeyLongPress
0x080C1280	0x080C129F	thumb	init__17RightKeyPressRTTI
0x080C12A0	0x080C12A7	thumb	getName__17RightKeyPressRTTI
0x080C12A8	0x080C12BB	thumb	_._13RightKeyPress
0x080C12BC	0x080C12DB	thumb	init__20LeftKeyLongPressRTTI
0x080C12DC	0x080C12E3	thumb	getName__20LeftKeyLongPressRTTI
0x080C12E4	0x080C12F7	thumb	_._16LeftKeyLongPress
0x080C12F8	0x080C1317	thumb	init__16LeftKeyPressRTTI
0x080C1318	0x080C131F	thumb	getName__16LeftKeyPressRTTI
0x080C1320	0x080C1333	thumb	_._12LeftKeyPress
0x080C1334	0x080C1353	thumb	init__20DownKeyLongPressRTTI
0x080C1354	0x080C135B	thumb	getName__20DownKeyLongPressRTTI
0x080C135C	0x080C136F	thumb	_._16DownKeyLongPress
0x080C1370	0x080C138F	thumb	init__16DownKeyPressRTTI
0x080C1390	0x080C1397	thumb	getName__16DownKeyPressRTTI
0x080C1398	0x080C13AB	thumb	_._12DownKeyPress
0x080C13AC	0x080C13CB	thumb	init__18UpKeyLongPressRTTI
0x080C13CC	0x080C13D3	thumb	getName__18UpKeyLongPressRTTI
0x080C13D4	0x080C13E7	thumb	_._14UpKeyLongPress
0x080C13E8	0x080C1407	thumb	init__14UpKeyPressRTTI
0x080C1408	0x080C140F	thumb	getName__14UpKeyPressRTTI
0x080C1410	0x080C1423	thumb	_._10UpKeyPress
0x080C1424	0x080C1433	thumb	init__13KeyPadManager
0x080C1434	0x080C143B	thumb	getName__13KeyPadManager
0x080C143C	0x00000000	thumb	init__16FntSystemManager
0x080C144C	0x00000000	thumb	getName__16FntSystemManager
0x080C1454	0x00000000	thumb	init__16RasSystemManager
0x080C1464	0x00000000	thumb	getName__16RasSystemManager
0x080C146C	0x00000000	thumb	init__16EfcSystemManager
0x080C147C	0x00000000	thumb	getName__16EfcSystemManager
0x080C1484	0x00000000	thumb	init__16SndSystemManager
0x080C1494	0x00000000	thumb	getName__16SndSystemManager
0x080C149C	0x00000000	thumb	init__22KeyFocusManagerManager
0x080C14AC	0x00000000	thumb	getName__22KeyFocusManagerManager
0x080C14B4	0x00000000	thumb	init__13RhythmOutRTTI
0x080C14D4	0x00000000	thumb	getName__13RhythmOutRTTI
0x080C14DC	0x080C14EF	thumb	_._9RhythmOut
0x080C14F0	0x00000000	thumb	init__12RhythmInRTTI
0x080C1510	0x00000000	thumb	getName__12RhythmInRTTI
0x080C1518	0x080C152B	thumb	_._8RhythmIn
0x080C152C	0x00000000	thumb	init__13RhythmBgmRTTI
0x080C153C	0x00000000	thumb	getName__13RhythmBgmRTTI
0x080C1544	0x00000000	thumb	init__11UnitDieRTTI
0x080C1554	0x00000000	thumb	getName__11UnitDieRTTI
0x080C155C	0x00000000	thumb	_._7UnitDie
0x080C1570	0x00000000	thumb	init__14UnitEscapeRTTI
0x080C1580	0x00000000	thumb	getName__14UnitEscapeRTTI
0x080C1588	0x00000000	thumb	_._10UnitEscape
0x080C159C	0x00000000	thumb	init__14UnitReviveRTTI
0x080C15AC	0x00000000	thumb	getName__14UnitReviveRTTI
0x080C15B4	0x00000000	thumb	_._10UnitRevive
0x080C15C8	0x00000000	thumb	init__12UnitJoinRTTI
0x080C15D8	0x00000000	thumb	getName__12UnitJoinRTTI
0x080C15E0	0x00000000	thumb	_._8UnitJoin
0x080C15F4	0x00000000	thumb	init__10ResumeRTTI
0x080C1604	0x00000000	thumb	getName__10ResumeRTTI
0x080C160C	0x00000000	thumb	_._6Resume
0x080C1620	0x00000000	thumb	init__11SuspendRTTI
0x080C1630	0x00000000	thumb	getName__11SuspendRTTI
0x080C1638	0x00000000	thumb	_._7Suspend
0x080C164C	0x00000000	thumb	_._6Object
0x080C166C	0x00000000	thumb	init__10PlayerRTTI
0x080C1680	0x00000000	thumb	getName__10PlayerRTTI
0x080C1688	0x00000000	thumb	sub_080C1688
0x080C169C	0x00000000	thumb	sub_080C169C
0x080C16B0	0x00000000	thumb	init__15PlayerSkillRTTI
0x080C16C0	0x00000000	thumb	getName__15PlayerSkillRTTI
0x080C16C8	0x00000000	thumb	init__14GuestSkillRTTI
0x080C16D8	0x00000000	thumb	getName__14GuestSkillRTTI
0x080C16E0	0x00000000	thumb	init__11MonsterRTTI
0x080C16F4	0x00000000	thumb	getName__11MonsterRTTI
0x080C16FC	0x00000000	thumb	init__16MonsterSkillRTTI
0x080C170C	0x00000000	thumb	getName__16MonsterSkillRTTI
0x080C1714	0x00000000	thumb	init__7PsiRTTI
0x080C1724	0x00000000	thumb	getName__7PsiRTTI
0x080C172C	0x00000000	thumb	sub_080C172C
0x080C1740	0x00000000	thumb	sub_080C1740
0x080C1760	0x00000000	thumb	sub_080C1760
0x080C176C	0x00000000	thumb	sub_080C176C
0x080C1780	0x00000000	thumb	sub_080C1780
