# addr	mode	name  (STT_FUNC from a byte-matching decomp ELF; blank name = let the finder synthesise one)
0x08000264	thumb	AgbMain
0x080002E0	thumb	main_loop__Fv
0x080003D8	thumb	sub_080003D8__Fv
0x080004D8	thumb	sub_080004D8
0x08000600	thumb	sub_08000600
0x080006A0	thumb	sub_080006A0
0x08000748	thumb	sub_08000748
0x08000790	thumb	sub_08000790
0x080007B0	thumb	sub_080007B0
0x080007CC	thumb	sub_080007CC
0x08000838	thumb	setup_vectors
0x080008AC	thumb	sub_080008AC
0x080008D0	thumb	sub_080008D0
0x080008DC	thumb	sub_080008DC
0x080008E0	thumb	seed_rng
0x08000904	thumb	init_sram
0x08000910	thumb	init_all_data
0x08000920	thumb	sub_08000920
0x08000944	thumb	init_save
0x08000BE8	thumb	sub_08000BE8
0x08000D54	thumb	get_enginemode_flag_1
0x08000D64	thumb	set_enginemode_flag_1
0x08000D88	thumb	write_ram_magic
0x08000DC0	thumb	check_ram_magic
0x08000E0C	thumb	clear_ram
0x08000E30	thumb	clear_gfx
0x08000E5C	thumb	sub_08000E5C
0x08000F04	thumb	sub_08000F04
0x08000FA0	thumb	sub_08000FA0__FP14GraphicsBufferUsUs
0x08000FE4	thumb	sub_08000FE4__FP14GraphicsBufferUs
0x0800100C	thumb	sub_0800100C__FPvUi
0x08001138	thumb	sub_08001138__FPvUs
0x08001158	thumb	sub_08001158__FUsUs
0x080012BC	thumb	sub_080012BC
0x08001378	thumb	sub_08001378
0x080013D0	thumb	sub_080013D0
0x08001454	thumb	DmaClearGraphicsBuffer
0x08001530	thumb	CpuClearGraphicsBuffer
0x0800160C	thumb	CpuCopyPaletteToGfxBuffer
0x08001630	thumb	resetInputState
0x0800164C	thumb	pollInput
0x080016E4	thumb	CheckSoftResetKeys
0x08001718	thumb	DoReset
0x08001744	thumb	sub_08001744
0x08001778	thumb	sub_08001778
0x080017AC	thumb	sub_080017AC
0x080017E0	thumb	sub_080017E0
0x08001814	thumb	sub_08001814
0x0800186C	thumb	sub_0800186C
0x080018E4	thumb	sub_080018E4
0x080018F4	thumb	sub_080018F4
0x0800190C	thumb	sub_0800190C
0x08001930	thumb	sub_08001930
0x08001960	thumb	sub_08001960
0x0800196C	thumb	Dma3CopyOamFromGfxBuffer
0x080019A4	thumb	Dma3CopyPalettesFromGfxBuffer
0x080019DC	thumb	Dma3Clear
0x08001A14	thumb	Dma3Copy
0x08001A38	thumb	Dma3Fill
0x08001A70	thumb	Dma0Clear
0x08001A94	thumb	Dma0Copy
0x08001AAC	thumb	Dma0Fill
0x08001ACC	thumb	CpuMemClear
0x08001B18	thumb	CpuSmartSet
0x08001B54	thumb	CpuMemFill
0x08001B9C	thumb	misctext_get_room_description
0x08001BCC	thumb	misctext_get_goods_description
0x08001BFC	thumb	misctext_get_psi_description
0x08001C2C	thumb	misctext_get_skill_description
0x08001C5C	thumb	get_misctext_msg
0x08001D2C	thumb	isCharIdOverworldPlayable
0x08001D58	thumb	isLucasOrKumatora
0x08001D70	thumb	sub_08001D70
0x08001DB0	thumb	get_misctext_len
0x08001DC8	thumb	sub_08001DC8
0x08001DF8	thumb	sub_08001DF8
0x08001E40	thumb	sub_08001E40
0x08001EA4	thumb	sub_08001EA4
0x08001F50	thumb	sub_08001F50
0x08001FB4	thumb	sub_08001FB4
0x08002104	thumb	sub_08002104
0x08002254	thumb	sub_08002254
0x080023A4	thumb	sub_080023A4
0x080023E0	thumb	sub_080023E0
0x08002420	thumb	copyText
0x08002474	thumb	sub_08002474
0x080024F0	thumb	sub_080024F0
0x0800255C	thumb	sub_0800255C
0x080025A0	thumb	getNthMemoPage
0x080025D8	thumb	sub_080025D8
0x08002604	thumb	sub_08002604
0x08002634	thumb	breakIntoDigits
0x0800268C	thumb	sub_0800268C
0x080026C0	thumb	incrementSavePlaytime
0x080026F0	thumb	incrementSessionPlaytime
0x0800272C	thumb	sub_0800272C
0x08002760	thumb	sub_08002760
0x0800279C	thumb	sub_0800279C
0x080027E4	thumb	sub_080027E4
0x0800282C	thumb	sub_0800282C
0x0800289C	thumb	Blob_GetEntry
0x080028A8	thumb	Blob_GetEntrySize
0x080028B8	thumb	Blob_GetNumEntries
0x080028BC	thumb	set_event_flag
0x080028F4	thumb	sub_080028F4
0x08002938	thumb	sub_08002938
0x08002950	thumb	sub_08002950
0x08002970	thumb	get_flag
0x08002998	thumb	get_shop_flag
0x080029BC	thumb	get_progression_flag
0x080029D4	thumb	sub_080029D4
0x080029F8	thumb	set_giftbox_flag
0x08002A30	thumb	get_giftbox_flag
0x08002A58	thumb	sub_08002A58
0x08002A90	thumb	sub_08002A90
0x08002ABC	thumb	sub_08002ABC
0x08002AF4	thumb	sub_08002AF4
0x08002B1C	thumb	sub_08002B1C
0x08002B60	thumb	sub_08002B60
0x08002BA4	thumb	sub_08002BA4
0x08002BCC	thumb	sub_08002BCC
0x08002BF4	thumb	sub_08002BF4
0x08002C20	thumb	sub_08002C20
0x08002C4C	thumb	sub_08002C4C
0x08002C54	thumb	sub_08002C54
0x08002C5C	thumb	sub_08002C5C
0x08002D18	thumb	sub_08002D18
0x08002D88	thumb	sub_08002D88
0x08002D98	thumb	sub_08002D98
0x08002DB0	thumb	sub_08002DB0
0x08002DC8	thumb	sub_08002DC8
0x08002E00	thumb	sub_08002E00
0x08002E34	thumb	lerp2
0x08002E60	thumb	lerp
0x08002E8C	thumb	sub_08002E8C
0x08002EE0	thumb	sub_08002EE0
0x08002F8C	thumb	sub_08002F8C
0x08002FA4	thumb	sub_08002FA4
0x08002FC0	thumb	Divide
0x08002FD4	thumb	RemainderNullOnDBZ
0x08002FE8	thumb	sub_08002FE8
0x08003008	thumb	sub_08003008
0x08003024	thumb	sub_08003024
0x0800303C	thumb	sub_0800303C
0x080030A4	thumb	sub_080030A4
0x080031E0	thumb	sub_080031E0
0x080031F0	thumb	sub_080031F0
0x08003278	thumb	sub_08003278
0x08003314	thumb	sub_08003314
0x08003394	thumb	sub_08003394
0x08003408	thumb	sub_08003408
0x080034C8	thumb	sub_080034C8
0x08003554	thumb	sub_08003554
0x080035C4	thumb	sub_080035C4
0x080036E8	thumb	sub_080036E8
0x08003720	thumb	init_audio
0x0800377C	thumb	snd_restart
0x080037A8	thumb	snd_vsync
0x080037BC	thumb	snd_main
0x080037D8	thumb	snd_vsync_on
0x080037E4	thumb	snd_vsync_off
0x080037F0	thumb	startSong_battle
0x080038A4	thumb	startSong
0x08003928	thumb	startSong_alt
0x0800399C	thumb	play_sound
0x08003A00	thumb	musicPlayerFadeInIfPaused_bgm
0x08003A60	thumb	musicPlayerFadeIn_bgm
0x08003AB8	thumb	musicPlayerFadeOutTemp_bgm
0x08003AE0	thumb	musicPlayerFadeIn_sfx
0x08003B30	thumb	musicPlayerFadeOut_sfx
0x08003B58	thumb	musicPlayerStop_bgm
0x08003BA8	thumb	musicPlayerStop_sfx
0x08003BF8	thumb	musicPlayerPause_bgm
0x08003C20	thumb	musicPlayerContinue_bgm
0x08003C48	thumb	musicPlayerUpdateVolume
0x08003C88	thumb	musicPlayerInitAndUpdateVolume
0x08003CD0	thumb	musicPlayerSetPanpotClamped
0x08003D14	thumb	getCurrentTrack
0x08003D34	thumb	getPrevTrack
0x08003D48	thumb	getMusicPlayerVolumePercent
0x08003D64	thumb	isMusicPlayerPlaying_bgm
0x08003D84	thumb	getMusicPlayerIndex
0x08003DD0	thumb	getMusicPlayer_bgm
0x08003DF8	thumb	getMusicPlayer_sfx
0x08003E20	thumb	percentToMPlayVolume
0x08003E5C	thumb	MPlayVolumeToPercent
0x08003EA0	thumb	storeMusicPlayerVolumes
0x08003ECC	thumb	retrieveMusicPlayerVolumes
0x08003EF8	thumb	sub_08003EF8
0x08004044	thumb	sub_08004044
0x0800408C	thumb	sub_0800408C
0x08004114	thumb	sub_08004114
0x0800444C	thumb	sub_0800444C
0x080044B8	thumb	sub_080044B8
0x0800451C	thumb	sub_0800451C
0x08004660	thumb	sub_08004660
0x08004794	thumb	sub_08004794
0x0800494C	thumb	sub_0800494C
0x08004BB8	thumb	sub_08004BB8
0x08004CB8	thumb	sub_08004CB8
0x08004E64	thumb	sub_08004E64
0x08004F7C	thumb	sub_08004F7C
0x08004FB4	thumb	sub_08004FB4
0x080050FC	thumb	nullsub_1
0x08005100	thumb	nullsub_2
0x08005104	thumb	exec_mode
0x0800519C	thumb	sub_0800519C
0x080051E0	thumb	sub_080051E0
0x080052D0	thumb	sub_080052D0
0x080052E4	thumb	sub_080052E4
0x08005350	thumb	nullsub_3
0x08005354	thumb	sub_08005354
0x08005364	thumb	sub_08005364
0x080053D0	thumb	sub_080053D0
0x0800545C	thumb	sub_0800545C
0x080054A0	thumb	sub_080054A0
0x080055E4	thumb	sub_080055E4
0x080056E4	thumb	sub_080056E4
0x08005730	thumb	sub_08005730
0x08005844	thumb	nullsub_60
0x08005848	thumb	sub_08005848
0x08005890	thumb	sub_08005890
0x080058D8	thumb	sub_080058D8
0x08005900	thumb	sub_08005900
0x08005A3C	thumb	sub_08005A3C
0x08005A70	thumb	sub_08005A70
0x08005A94	thumb	sub_08005A94
0x08005AD8	thumb	sub_08005AD8
0x08005B34	thumb	sub_08005B34
0x08005B68	thumb	sub_08005B68
0x08005BB4	thumb	sub_08005BB4
0x08005BFC	thumb	sub_08005BFC
0x08005C14	thumb	sub_08005C14
0x08005C38	thumb	sub_08005C38
0x08005C4C	thumb	sub_08005C4C
0x08005D54	thumb	sub_08005D54
0x08005FB4	thumb	sub_08005FB4
0x080061CC	thumb	sub_080061CC
0x080062F0	thumb	sub_080062F0
0x080064A8	thumb	sub_080064A8
0x080066B4	thumb	sub_080066B4
0x0800677C	thumb	sub_0800677C
0x080067B4	thumb	sub_080067B4
0x080067DC	thumb	sub_080067DC
0x08006850	thumb	sub_08006850
0x08006868	thumb	sub_08006868
0x0800687C	thumb	sub_0800687C
0x080068B8	thumb	sub_080068B8
0x08006944	thumb	sub_08006944
0x08006968	thumb	sub_08006968
0x08006A88	thumb	sub_08006A88
0x08006ACC	thumb	sub_08006ACC
0x08006B40	thumb	sub_08006B40
0x08006E80	thumb	sub_08006E80
0x08006F78	thumb	sub_08006F78
0x0800724C	thumb	sub_0800724C
0x08007318	thumb	sub_08007318
0x08007358	thumb	sub_08007358
0x08007398	thumb	sub_08007398
0x08007760	thumb	sub_08007760
0x08007AD4	thumb	sub_08007AD4
0x08007CC0	thumb	sub_08007CC0
0x08007CE8	thumb	sub_08007CE8
0x08007D18	thumb	sub_08007D18
0x08007D94	thumb	sub_08007D94
0x08007DEC	thumb	sub_08007DEC
0x08007E2C	thumb	sub_08007E2C
0x08007E54	thumb	sub_08007E54
0x08007F18	thumb	sub_08007F18
0x08007F64	thumb	sub_08007F64
0x08007FC8	thumb	sub_08007FC8
0x0800800C	thumb	sub_0800800C
0x0800809C	thumb	sub_0800809C
0x080080BC	thumb	sub_080080BC
0x080080DC	thumb	sub_080080DC
0x08008110	thumb	sub_08008110
0x08008200	thumb	sub_08008200
0x08008244	thumb	sub_08008244
0x080082DC	thumb	sub_080082DC
0x080083A8	thumb	nullsub_4
0x080083AC	thumb	nullsub_5
0x080083B0	thumb	nullsub_61
0x080083B4	thumb	nullsub_62
0x080083B8	thumb	setup_overworld_music
0x08008704	thumb	sub_08008704
0x0800882C	thumb	sub_0800882C
0x080088AC	thumb	sub_080088AC
0x08008920	thumb	draw_message
0x080089E0	thumb	sub_080089E0
0x080089F0	thumb	sub_080089F0
0x08008BAC	thumb	sub_08008BAC
0x08008C28	thumb	sub_08008C28
0x08008C70	thumb	sub_08008C70
0x08008D38	thumb	nullsub_63
0x08008D3C	thumb	sub_08008D3C
0x08008E08	thumb	sub_08008E08
0x08008ECC	thumb	sub_08008ECC
0x08008F0C	thumb	sub_08008F0C
0x08009264	thumb	sub_08009264
0x080092B0	thumb	sub_080092B0
0x0800932C	thumb	sub_0800932C
0x08009394	thumb	sub_08009394
0x080093F0	thumb	sub_080093F0
0x0800946C	thumb	sub_0800946C
0x08009568	thumb	sub_08009568
0x080096EC	thumb	sub_080096EC
0x08009828	thumb	sub_08009828
0x08009A48	thumb	sub_08009A48
0x08009AF4	thumb	sub_08009AF4
0x08009B98	thumb	sub_08009B98
0x08009C4C	thumb	sub_08009C4C
0x08009C68	thumb	sub_08009C68
0x08009C84	thumb	sub_08009C84
0x08009CD8	thumb	sub_08009CD8
0x08009D6C	thumb	sub_08009D6C
0x08009DDC	thumb	sub_08009DDC
0x08009E18	thumb	sub_08009E18
0x08009E38	thumb	sub_08009E38
0x08009F10	thumb	sub_08009F10
0x08009F70	thumb	sub_08009F70
0x08009FD4	thumb	sub_08009FD4
0x0800A07C	thumb	sub_0800A07C
0x0800A090	thumb	sub_0800A090
0x0800A0A4	thumb	sub_0800A0A4
0x0800A1C4	thumb	sub_0800A1C4
0x0800A240	thumb	sub_0800A240
0x0800A2CC	thumb	sub_0800A2CC
0x0800A354	thumb	sub_0800A354
0x0800A3B4	thumb	sub_0800A3B4
0x0800A3EC	thumb	sub_0800A3EC
0x0800A480	thumb	sub_0800A480
0x0800A4C8	thumb	sub_0800A4C8
0x0800A678	thumb	sub_0800A678
0x0800A8DC	thumb	sub_0800A8DC
0x0800A9E0	thumb	sub_0800A9E0
0x0800AAC8	thumb	sub_0800AAC8
0x0800AB64	thumb	sub_0800AB64
0x0800AB74	thumb	sub_0800AB74
0x0800ACA0	thumb	sub_0800ACA0
0x0800AD6C	thumb	sub_0800AD6C
0x0800ADBC	thumb	sub_0800ADBC
0x0800AE2C	thumb	sub_0800AE2C
0x0800AF44	thumb	sub_0800AF44
0x0800AFC0	thumb	sub_0800AFC0
0x0800B00C	thumb	sub_0800B00C
0x0800B1FC	thumb	sub_0800B1FC
0x0800B358	thumb	sub_0800B358
0x0800B474	thumb	sub_0800B474
0x0800B504	thumb	sub_0800B504
0x0800B614	thumb	sub_0800B614
0x0800B63C	thumb	sub_0800B63C
0x0800B660	thumb	sub_0800B660
0x0800B7AC	thumb	sub_0800B7AC
0x0800BB54	thumb	sub_0800BB54
0x0800BBF4	thumb	sub_0800BBF4
0x0800BC48	thumb	sub_0800BC48
0x0800BE04	thumb	sub_0800BE04
0x0800C030	thumb	sub_0800C030
0x0800C10C	thumb	sub_0800C10C
0x0800C694	thumb	sub_0800C694
0x0800CBE0	thumb	sub_0800CBE0
0x0800CCA8	thumb	sub_0800CCA8
0x0800CDD0	thumb	sub_0800CDD0
0x0800D0F0	thumb	sub_0800D0F0
0x0800D6F0	thumb	sub_0800D6F0
0x0800D814	thumb	sub_0800D814
0x0800DA8C	thumb	sub_0800DA8C
0x0800E338	thumb	sub_0800E338
0x0800E450	thumb	sub_0800E450
0x0800E4A0	thumb	sub_0800E4A0
0x0800E500	thumb	sub_0800E500
0x0800E550	thumb	sub_0800E550
0x0800E5B0	thumb	sub_0800E5B0
0x0800E5FC	thumb	sub_0800E5FC
0x0800E654	thumb	sub_0800E654
0x0800E6A0	thumb	sub_0800E6A0
0x0800E6FC	thumb	sub_0800E6FC
0x0800E85C	thumb	nullsub_64
0x0800E860	thumb	sub_0800E860
0x0800EA38	thumb	sub_0800EA38
0x0800EBA0	thumb	sub_0800EBA0
0x0800EBD8	thumb	sub_0800EBD8
0x0800EBF8	thumb	sub_0800EBF8
0x0800EC30	thumb	sub_0800EC30
0x0800ECC8	thumb	sub_0800ECC8
0x0800EDCC	thumb	sub_0800EDCC
0x0800EE50	thumb	sub_0800EE50
0x0800EED0	thumb	sub_0800EED0
0x0800EF9C	thumb	sub_0800EF9C
0x0800EFF4	thumb	sub_0800EFF4
0x0800F040	thumb	sub_0800F040
0x0800F314	thumb	sub_0800F314
0x0800F454	thumb	sub_0800F454
0x0800F580	thumb	sub_0800F580
0x0800F5EC	thumb	sub_0800F5EC
0x0800F99C	thumb	sub_0800F99C
0x0800FC00	thumb	sub_0800FC00
0x0800FCE8	thumb	sub_0800FCE8
0x0800FDA8	thumb	sub_0800FDA8
0x0800FDE8	thumb	sub_0800FDE8
0x080101F8	thumb	sub_080101F8
0x080104BC	thumb	sub_080104BC
0x08010528	thumb	sub_08010528
0x0801059C	thumb	sub_0801059C
0x080105F4	thumb	sub_080105F4
0x08010624	thumb	sub_08010624
0x080106CC	thumb	sub_080106CC
0x08010808	thumb	sub_08010808
0x0801084C	thumb	sub_0801084C
0x0801097C	thumb	sub_0801097C
0x08010A40	thumb	sub_08010A40
0x08010C48	thumb	sub_08010C48
0x08010F58	thumb	sub_08010F58
0x0801124C	thumb	sub_0801124C
0x08011564	thumb	sub_08011564
0x080115C4	thumb	sub_080115C4
0x080117C4	thumb	sub_080117C4
0x080118D0	thumb	sub_080118D0
0x08011A40	thumb	sub_08011A40
0x08011A80	thumb	sub_08011A80
0x08011ABC	thumb	sub_08011ABC
0x08011BA4	thumb	sub_08011BA4
0x08011C58	thumb	sub_08011C58
0x08011DA4	thumb	sub_08011DA4
0x08011EC0	thumb	sub_08011EC0
0x08011F18	thumb	sub_08011F18
0x08011F74	thumb	sub_08011F74
0x08012028	thumb	draw_background
0x080120F4	thumb	sub_080120F4
0x0801216C	thumb	sub_0801216C
0x080121D0	thumb	sub_080121D0
0x08012210	thumb	sub_08012210
0x08012238	thumb	sub_08012238
0x0801230C	thumb	sub_0801230C
0x08012354	thumb	sub_08012354
0x080123B0	thumb	sub_080123B0
0x08012408	thumb	sub_08012408
0x08012464	thumb	sub_08012464
0x080124C0	thumb	sub_080124C0
0x080124F8	thumb	sub_080124F8
0x08012590	thumb	sub_08012590
0x0801263C	thumb	sub_0801263C
0x08012790	thumb	sub_08012790
0x080127BC	thumb	sub_080127BC
0x08012830	thumb	sub_08012830
0x080129BC	thumb	sub_080129BC
0x08012AD0	thumb	sub_08012AD0
0x08012BD8	thumb	sub_08012BD8
0x08012C1C	thumb	sub_08012C1C
0x08012C48	thumb	sub_08012C48
0x08012CBC	thumb	sub_08012CBC
0x08012CEC	thumb	sub_08012CEC
0x08012D50	thumb	sub_08012D50
0x08012DB0	thumb	sub_08012DB0
0x08012E50	thumb	sub_08012E50
0x08012EA8	thumb	sub_08012EA8
0x08012F2C	thumb	sub_08012F2C
0x08012FBC	thumb	sub_08012FBC
0x080131B0	thumb	sub_080131B0
0x080133A0	thumb	sub_080133A0
0x080133D8	thumb	sub_080133D8
0x08013578	thumb	sub_08013578
0x080135AC	thumb	sub_080135AC
0x0801365C	thumb	sub_0801365C
0x0801368C	thumb	sub_0801368C
0x080136BC	thumb	sub_080136BC
0x08013748	thumb	sub_08013748
0x08013778	thumb	sub_08013778
0x080137A8	thumb	sub_080137A8
0x08013880	thumb	sub_08013880
0x080138FC	thumb	sub_080138FC
0x08013998	thumb	sub_08013998
0x080139AC	thumb	sub_080139AC
0x080139FC	thumb	sub_080139FC
0x08013A34	thumb	sub_08013A34
0x08013A40	thumb	sub_08013A40
0x08013B6C	thumb	sub_08013B6C
0x08013C48	thumb	sub_08013C48
0x08013CC8	thumb	sub_08013CC8
0x08013D38	thumb	sub_08013D38
0x08013EB8	thumb	sub_08013EB8
0x0801402C	thumb	sub_0801402C
0x08014074	thumb	sub_08014074
0x080140D0	thumb	sub_080140D0
0x080141D0	thumb	sub_080141D0
0x08014244	thumb	sub_08014244
0x080142F0	thumb	sub_080142F0
0x0801439C	thumb	sub_0801439C
0x08014464	thumb	sub_08014464
0x080144E8	thumb	sub_080144E8
0x08014584	thumb	sub_08014584
0x080145A8	thumb	sub_080145A8
0x080145BC	thumb	sub_080145BC
0x080145F4	thumb	sub_080145F4
0x08014640	thumb	sub_08014640
0x0801468C	thumb	sub_0801468C
0x08014798	thumb	sub_08014798
0x0801480C	thumb	sub_0801480C
0x080148D4	thumb	sub_080148D4
0x080149D4	thumb	sub_080149D4
0x08014A40	thumb	sub_08014A40
0x08014AEC	thumb	sub_08014AEC
0x08014B98	thumb	sub_08014B98
0x08014C84	thumb	sub_08014C84
0x08014CFC	thumb	sub_08014CFC
0x08014D74	thumb	sub_08014D74
0x08014DEC	thumb	sub_08014DEC
0x08014E04	thumb	sub_08014E04
0x08014E1C	thumb	sub_08014E1C
0x08014EB0	thumb	sub_08014EB0
0x08014F28	thumb	sub_08014F28
0x08014FAC	thumb	sub_08014FAC
0x08014FE0	thumb	sub_08014FE0
0x08015090	thumb	sub_08015090
0x080150F8	thumb	sub_080150F8
0x08015174	thumb	sub_08015174
0x0801526C	thumb	sub_0801526C
0x08015278	thumb	sub_08015278
0x080152B4	thumb	sub_080152B4
0x080152E0	thumb	sub_080152E0
0x08015360	thumb	sub_08015360
0x08015440	thumb	sub_08015440
0x080154C0	thumb	sub_080154C0
0x08015540	thumb	sub_08015540
0x080155C0	thumb	sub_080155C0
0x08015668	thumb	sub_08015668
0x08015730	thumb	sub_08015730
0x080157C4	thumb	sub_080157C4
0x08015844	thumb	sub_08015844
0x080158C4	thumb	sub_080158C4
0x080158F0	thumb	sub_080158F0
0x0801591C	thumb	sub_0801591C
0x08015988	thumb	sub_08015988
0x08015A64	thumb	sub_08015A64
0x08015CEC	thumb	sub_08015CEC
0x08015E50	thumb	sub_08015E50
0x08015ED0	thumb	sub_08015ED0
0x08015F50	thumb	sub_08015F50
0x08015FD0	thumb	sub_08015FD0
0x0801603C	thumb	sub_0801603C
0x08016108	thumb	sub_08016108
0x080161D4	thumb	sub_080161D4
0x080162A8	thumb	sub_080162A8
0x0801632C	thumb	sub_0801632C
0x080163E4	thumb	sub_080163E4
0x0801645C	thumb	sub_0801645C
0x08016528	thumb	sub_08016528
0x080166D8	thumb	sub_080166D8
0x080167B0	thumb	sub_080167B0
0x0801685C	thumb	sub_0801685C
0x080168D8	thumb	sub_080168D8
0x08016984	thumb	sub_08016984
0x08016A18	thumb	sub_08016A18
0x08016A28	thumb	sub_08016A28
0x08016A48	thumb	sub_08016A48
0x08016A60	thumb	sub_08016A60
0x08016A80	thumb	sub_08016A80
0x08016AA0	thumb	nullsub_65
0x08016AA4	thumb	nullsub_66
0x08016AA8	thumb	sub_08016AA8
0x08016AE4	thumb	sub_08016AE4
0x08016AF4	thumb	sub_08016AF4
0x08016B14	thumb	sub_08016B14
0x08016B34	thumb	sub_08016B34
0x08016B54	thumb	sub_08016B54
0x08016B6C	thumb	sub_08016B6C
0x08016BB4	thumb	nullsub_67
0x08016BB8	thumb	sub_08016BB8
0x08016BC4	thumb	sub_08016BC4
0x08016BE4	thumb	sub_08016BE4
0x08016C04	thumb	sub_08016C04
0x08016C10	thumb	sub_08016C10
0x08016C1C	thumb	sub_08016C1C
0x08016C28	thumb	sub_08016C28
0x08016C34	thumb	sub_08016C34
0x08016C40	thumb	sub_08016C40
0x08016C4C	thumb	sub_08016C4C
0x08016C58	thumb	sub_08016C58
0x08016C64	thumb	sub_08016C64
0x08016C70	thumb	sub_08016C70
0x08016C7C	thumb	sub_08016C7C
0x08016C88	thumb	sub_08016C88
0x08016C94	thumb	sub_08016C94
0x08016CA0	thumb	sub_08016CA0
0x08016CB0	thumb	sub_08016CB0
0x08016CBC	thumb	sub_08016CBC
0x08016D08	thumb	sub_08016D08
0x08016D54	thumb	sub_08016D54
0x08016E44	thumb	sub_08016E44
0x08016E64	thumb	sub_08016E64
0x08016EE8	thumb	sub_08016EE8
0x08016F1C	thumb	sub_08016F1C
0x08016F4C	thumb	sub_08016F4C
0x08016F68	thumb	sub_08016F68
0x080172D4	thumb	sub_080172D4
0x080173B8	thumb	sub_080173B8
0x08017488	thumb	sub_08017488
0x08017584	thumb	sub_08017584
0x08017648	thumb	sub_08017648
0x080177D0	thumb	sub_080177D0
0x080179A8	thumb	sub_080179A8
0x08017A4C	thumb	sub_08017A4C
0x08017B84	thumb	sub_08017B84
0x08017D28	thumb	sub_08017D28
0x08017E64	thumb	sub_08017E64
0x08017F48	thumb	sub_08017F48
0x08017F90	thumb	sub_08017F90
0x0801856C	thumb	sub_0801856C
0x08018630	thumb	sub_08018630
0x08018694	thumb	sub_08018694
0x0801870C	thumb	sub_0801870C
0x080187C4	thumb	sub_080187C4
0x08018818	thumb	sub_08018818
0x08018880	thumb	sub_08018880
0x08018910	thumb	sub_08018910
0x08018988	thumb	sub_08018988
0x08018AC4	thumb	sub_08018AC4
0x08018B30	thumb	sub_08018B30
0x08018ED0	thumb	sub_08018ED0
0x08018F9C	thumb	sub_08018F9C
0x08019078	thumb	sub_08019078
0x080190B8	thumb	sub_080190B8
0x08019274	thumb	sub_08019274
0x08019320	thumb	sub_08019320
0x080193CC	thumb	sub_080193CC
0x08019408	thumb	sub_08019408
0x0801952C	thumb	sub_0801952C
0x080195B0	thumb	sub_080195B0
0x0801960C	thumb	sub_0801960C
0x0801965C	thumb	sub_0801965C
0x080198A4	thumb	sub_080198A4
0x080199C8	thumb	sub_080199C8
0x08019B88	thumb	sub_08019B88
0x08019BF0	thumb	sub_08019BF0
0x08019D04	thumb	sub_08019D04
0x08019D9C	thumb	sub_08019D9C
0x08019E40	thumb	sub_08019E40
0x08019EE8	thumb	sub_08019EE8
0x08019F44	thumb	sub_08019F44
0x08019F90	thumb	sub_08019F90
0x08019FE4	thumb	sub_08019FE4
0x0801A1B8	thumb	sub_0801A1B8
0x0801A218	thumb	sub_0801A218
0x0801A238	thumb	sub_0801A238
0x0801A2B4	thumb	sub_0801A2B4
0x0801A2DC	thumb	sub_0801A2DC
0x0801A3AC	thumb	sub_0801A3AC
0x0801A3D8	thumb	sub_0801A3D8
0x0801A434	thumb	sub_0801A434
0x0801A530	thumb	sub_0801A530
0x0801A548	thumb	sub_0801A548
0x0801A57C	thumb	sub_0801A57C
0x0801A594	thumb	sub_0801A594
0x0801A5C0	thumb	sub_0801A5C0
0x0801A5EC	thumb	sub_0801A5EC
0x0801A604	thumb	sub_0801A604
0x0801A61C	thumb	sub_0801A61C
0x0801A638	thumb	sub_0801A638
0x0801A650	thumb	sub_0801A650
0x0801A678	thumb	sub_0801A678
0x0801A694	thumb	sub_0801A694
0x0801A6AC	thumb	sub_0801A6AC
0x0801A6C4	thumb	sub_0801A6C4
0x0801A6D8	thumb	sub_0801A6D8
0x0801A764	thumb	sub_0801A764
0x0801A7AC	thumb	sub_0801A7AC
0x0801A7CC	thumb	sub_0801A7CC
0x0801A868	thumb	sub_0801A868
0x0801A904	thumb	sub_0801A904
0x0801A978	thumb	sub_0801A978
0x0801A9D8	thumb	sub_0801A9D8
0x0801AA1C	thumb	sub_0801AA1C
0x0801AA70	thumb	sub_0801AA70
0x0801AAB0	thumb	sub_0801AAB0
0x0801AB00	thumb	sub_0801AB00
0x0801AB38	thumb	sub_0801AB38
0x0801AB50	thumb	sub_0801AB50
0x0801AD4C	thumb	sub_0801AD4C
0x0801AD84	thumb	sub_0801AD84
0x0801ADA0	thumb	sub_0801ADA0
0x0801ADCC	thumb	sub_0801ADCC
0x0801AE18	thumb	sub_0801AE18
0x0801AE58	thumb	sub_0801AE58
0x0801AF00	thumb	sub_0801AF00
0x0801AFA4	thumb	sub_0801AFA4
0x0801B040	thumb	sub_0801B040
0x0801B0C4	thumb	getFirstDoorOnMap
0x0801B0F8	thumb	sub_0801B0F8
0x0801B144	thumb	sub_0801B144
0x0801B1BC	thumb	sub_0801B1BC
0x0801B2D4	thumb	isMapGraphicsValid
0x0801B314	thumb	sub_0801B314
0x0801B3A4	thumb	getMusicIDForRoom
0x0801B3B4	thumb	getMapLayerAlphaInfo
0x0801B3D8	thumb	getMapGraphicsInfo
0x0801B3F8	thumb	nullsub_0801B3F8
0x0801B3FC	thumb	getMapGraphics
0x0801B414	thumb	getMapPaletteTable
0x0801B42C	thumb	getMapTilemapData
0x0801B444	thumb	getMapTileData
0x0801B45C	thumb	getMapDoorsHotspots
0x0801B480	thumb	sub_0801B480
0x0801B498	thumb	getMapObjectData
0x0801B4C4	thumb	getGiftBoxData
0x0801B4E4	thumb	getDoorDestinationInfo
0x0801B504	thumb	sub_0801B504
0x0801B520	thumb	sub_0801B520
0x0801B53C	thumb	sub_0801B53C
0x0801B558	thumb	sub_0801B558
0x0801B574	thumb	sub_0801B574
0x0801B5E8	thumb	sub_0801B5E8
0x0801B7D8	thumb	sub_0801B7D8
0x0801B98C	thumb	exec_cmd
0x0801BEE0	thumb	exec_extended
0x0801BF18	thumb	sub_0801BF18
0x0801BF48	thumb	cmd_delay
0x0801BF84	thumb	cmd_set_anim_speed
0x0801BFFC	thumb	cmd_load_subscript
0x0801C044	thumb	cmd_04
0x0801C074	thumb	cmd_05
0x0801C0FC	thumb	cmd_06
0x0801C178	thumb	cmd_07
0x0801C1D0	thumb	cmd_reload_room
0x0801C288	thumb	cmd_C9
0x0801C2B8	thumb	cmd_E4
0x0801C448	thumb	cmd_F5
0x0801C4A4	thumb	cmd_set_flag
0x0801C4D8	thumb	cmd_0B
0x0801C508	thumb	cmd_0C
0x0801C534	thumb	cmd_push_flag
0x0801C560	thumb	cmd_0E
0x0801C584	thumb	cmd_0F
0x0801C5A8	thumb	cmd_flag_equals
0x0801C5E8	thumb	cmd_11
0x0801C620	thumb	cmd_12
0x0801C658	thumb	cmd_DD
0x0801C688	thumb	cmd_DE
0x0801C6AC	thumb	cmd_DF
0x0801C6E4	thumb	cmd_14
0x0801C730	thumb	cmd_push_map_id
0x0801C74C	thumb	cmd_add_pocket
0x0801C760	thumb	cmd_push_pocket
0x0801C774	thumb	cmd_set_key_item
0x0801C79C	thumb	cmd_get_item_count
0x0801C830	thumb	cmd_get_party_size
0x0801C84C	thumb	cmd_has_party_member
0x0801C88C	thumb	cmd_has_party_member_2
0x0801C8C8	thumb	cmd_party_add
0x0801C924	thumb	cmd_party_heal
0x0801C970	thumb	cmd_party_remove
0x0801C9CC	thumb	cmd_20
0x0801CA14	thumb	cmd_set_giftbox_flag
0x0801CA48	thumb	cmd_get_giftbox_flag
0x0801CA74	thumb	cmd_member_heal
0x0801CA8C	thumb	cmd_24
0x0801CAB4	thumb	cmd_add_bank
0x0801CAC8	thumb	cmd_get_bank
0x0801CADC	thumb	cmd_27
0x0801CAFC	thumb	cmd_28
0x0801CB48	thumb	cmd_29
0x0801CBA4	thumb	cmd_31
0x0801CC28	thumb	cmd_2A
0x0801CC70	thumb	cmd_cfg_member
0x0801CD20	thumb	cmd_cfg_member_item
0x0801CE00	thumb	cmd_get_hp_pp
0x0801CE48	thumb	cmd_peek_session_playtime
0x0801CE68	thumb	cmd_push_session_playtime
0x0801CE84	thumb	cmd_set_ailment
0x0801CEE0	thumb	cmd_E3
0x0801CF44	thumb	cmd_E5
0x0801CFA4	thumb	cmd_E6
0x0801D038	thumb	cmd_E7
0x0801D0C8	thumb	cmd_E8
0x0801D18C	thumb	cmd_EA
0x0801D24C	thumb	cmd_get_char_lvl
0x0801D280	thumb	cmd_heal_hp
0x0801D2D4	thumb	cmd_heal_pp
0x0801D320	thumb	cmd_set_psi
0x0801D438	thumb	cmd_F2
0x0801D4DC	thumb	cmd_F8
0x0801D4FC	thumb	cmd_F9
0x0801D544	thumb	cmd_FA
0x0801D594	thumb	cmd_put_ocho
0x0801D620	thumb	cmd_get_ocho
0x0801D698	thumb	cmd_FF
0x0801D6FC	thumb	cmd_disp_msg
0x0801D864	thumb	cmd_disp_msg_0
0x0801D9C4	thumb	cmd_34
0x0801D9F8	thumb	cmd_35
0x0801DA2C	thumb	cmd_get_msg_choice
0x0801DA48	thumb	cmd_37
0x0801DA7C	thumb	cmd_38
0x0801DB10	thumb	cmd_load_name
0x0801DB48	thumb	cmd_3A
0x0801DBB0	thumb	cmd_3B
0x0801DBBC	thumb	cmd_change_room
0x0801DCC0	thumb	cmd_3D
0x0801DDB4	thumb	cmd_3E
0x0801DDB8	thumb	cmd_3F
0x0801DE30	thumb	cmd_pan_to_pos
0x0801DEDC	thumb	cmd_41
0x0801DF88	thumb	cmd_pan_to_map_pos
0x0801E0E0	thumb	cmd_43
0x0801E120	thumb	cmd_44
0x0801E14C	thumb	cmd_45
0x0801E164	thumb	cmd_46
0x0801E17C	thumb	cmd_47
0x0801E1F0	thumb	cmd_48
0x0801E2AC	thumb	cmd_cam_follow_sprite
0x0801E2FC	thumb	cmd_4A
0x0801E3D0	thumb	cmd_4B
0x0801E430	thumb	cmd_4C
0x0801E48C	thumb	cmd_4D
0x0801E530	thumb	cmd_4E
0x0801E588	thumb	cmd_4F
0x0801E5A8	thumb	cmd_CC
0x0801E5D8	thumb	cmd_CD
0x0801E614	thumb	cmd_E0
0x0801E688	thumb	cmd_EB
0x0801E72C	thumb	cmd_F0
0x0801E744	thumb	cmd_F1
0x0801E774	thumb	cmd_50
0x0801E838	thumb	cmd_play_anim
0x0801E8FC	thumb	cmd_linemove
0x0801E968	thumb	cmd_53
0x0801EB10	thumb	cmd_54
0x0801EBE8	thumb	cmd_55
0x0801ECFC	thumb	cmd_56
0x0801ED94	thumb	cmd_57
0x0801EE24	thumb	cmd_58
0x0801EE64	thumb	cmd_59
0x0801EE78	thumb	cmd_5A
0x0801EF04	thumb	cmd_5B
0x0801F050	thumb	cmd_5C
0x0801F094	thumb	cmd_set_member_sprite
0x0801F0E4	thumb	cmd_5E
0x0801F140	thumb	cmd_5F
0x0801F17C	thumb	cmd_60
0x0801F1CC	thumb	cmd_61
0x0801F1F0	thumb	cmd_62
0x0801F240	thumb	cmd_63
0x0801F2B8	thumb	cmd_64
0x0801F338	thumb	cmd_65
0x0801F384	thumb	cmd_66
0x0801F3D4	thumb	cmd_67
0x0801F3F4	thumb	cmd_68
0x0801F484	thumb	cmd_69
0x0801F4B0	thumb	cmd_6A
0x0801F4DC	thumb	cmd_6B
0x0801F548	thumb	cmd_6C
0x0801F598	thumb	cmd_6D
0x0801F610	thumb	cmd_B4
0x0801F6E0	thumb	cmd_load_sprite_table
0x0801F710	thumb	cmd_B7
0x0801F720	thumb	cmd_B8
0x0801F754	thumb	cmd_BA
0x0801F7B8	thumb	cmd_BF
0x0801F7CC	thumb	cmd_C0
0x0801F834	thumb	cmd_get_talker_sprite
0x0801F860	thumb	cmd_C2
0x0801F8D0	thumb	cmd_C3
0x0801F92C	thumb	cmd_C4
0x0801F968	thumb	cmd_C5
0x0801FBC0	thumb	cmd_C6
0x0801FBF8	thumb	cmd_CA
0x0801FC60	thumb	cmd_D2
0x0801FCAC	thumb	cmd_D3
0x0801FCF8	thumb	cmd_D5
0x0801FD80	thumb	cmd_D6
0x0801FD9C	thumb	cmd_D7
0x0801FE28	thumb	cmd_D9
0x0801FEC0	thumb	cmd_DA
0x0801FF44	thumb	cmd_E9
0x0801FF68	thumb	cmd_F3
0x0801FF9C	thumb	cmd_F7
0x08020018	thumb	cmd_FD
0x08020038	thumb	cmd_FE
0x08020064	thumb	cmd_96
0x08020090	thumb	cmd_set_fade
0x080200C4	thumb	cmd_fade_in
0x08020158	thumb	cmd_play_fade
0x080201AC	thumb	cmd_71
0x080201EC	thumb	cmd_72
0x08020240	thumb	cmd_73
0x080202A0	thumb	cmd_set_palettes
0x080202E0	thumb	cmd_75
0x08020328	thumb	cmd_76
0x0802039C	thumb	cmd_stop_shake
0x080203B8	thumb	cmd_play_anim_above
0x08020428	thumb	cmd_79
0x08020448	thumb	cmd_7A
0x08020524	thumb	cmd_7B
0x08020530	thumb	cmd_7C
0x0802053C	thumb	cmd_7D
0x080205B0	thumb	cmd_7E
0x080205EC	thumb	cmd_7F
0x08020644	thumb	cmd_80
0x08020754	thumb	cmd_81
0x08020790	thumb	cmd_disp_text_special
0x08020854	thumb	cmd_B9
0x080208D4	thumb	cmd_BB
0x08020934	thumb	cmd_BC
0x0802098C	thumb	cmd_BD
0x080209C8	thumb	cmd_BE
0x08020A50	thumb	cmd_C7
0x08020AB4	thumb	cmd_C8
0x08020B04	thumb	cmd_CE
0x08020B60	thumb	cmd_CF
0x08020C10	thumb	cmd_D1
0x08020C2C	thumb	cmd_set_logo_disp
0x08020C4C	thumb	cmd_F4
0x08020CDC	thumb	cmd_disp_staffroll
0x08020D04	thumb	cmd_play_sound_ext
0x08020E04	thumb	cmd_play_sound
0x08020E5C	thumb	cmd_fade_bgm
0x08020EA0	thumb	cmd_fade_sfx
0x08020EE4	thumb	cmd_stop_bgm
0x08020F14	thumb	cmd_stop_sfx
0x08020F48	thumb	cmd_88
0x08020FA8	thumb	cmd_set_bgm
0x08021034	thumb	cmd_set_bgm_other
0x080210B0	thumb	cmd_8A
0x0802119C	thumb	cmd_CB
0x08021208	thumb	cmd_push_current_track
0x08021228	thumb	cmd_set_volume
0x08021294	thumb	cmd_DB
0x080212C4	thumb	cmd_DC
0x080212F4	thumb	cmd_E1
0x08021314	thumb	cmd_play_sfx
0x080213EC	thumb	cmd_init_battle
0x0802142C	thumb	cmd_8D
0x08021458	thumb	cmd_8E
0x08021484	thumb	cmd_8F
0x080214B0	thumb	cmd_90
0x080214D8	thumb	cmd_91
0x080214DC	thumb	cmd_set_gameover
0x080214F0	thumb	cmd_93
0x08021510	thumb	cmd_open_shop
0x0802159C	thumb	cmd_open_save
0x080215F0	thumb	cmd_open_naming
0x08021628	thumb	cmd_cmp_input_name
0x08021698	thumb	cmd_open_itemguy
0x08021718	thumb	cmd_open_bank
0x08021724	thumb	cmd_A6
0x08021734	thumb	cmd_restart
0x08021740	thumb	cmd_set_movement_property
0x08021798	thumb	cmd_AC
0x080217B4	thumb	cmd_AD
0x0802180C	thumb	cmd_AE
0x08021834	thumb	cmd_AF
0x08021838	thumb	cmd_B0
0x0802185C	thumb	cmd_B1
0x08021878	thumb	sub_08021878
0x080218B0	thumb	scriptstack_push_eq
0x080218C8	thumb	scriptstack_set
0x080218E8	thumb	scriptstack_push
0x08021914	thumb	scriptstack_peek
0x08021920	thumb	sub_08021920
0x08021930	thumb	sub_08021930
0x08021AFC	thumb	sub_08021AFC
0x08021B64	thumb	sub_08021B64
0x08021BDC	thumb	sub_08021BDC
0x08021DC4	thumb	sub_08021DC4
0x08021F40	thumb	sub_08021F40
0x08022024	thumb	sub_08022024
0x080220EC	thumb	sub_080220EC
0x08022120	thumb	sub_08022120
0x08022194	thumb	sub_08022194
0x080222C0	thumb	sub_080222C0
0x080222F8	thumb	sub_080222F8
0x08022354	thumb	sub_08022354
0x08022368	thumb	sub_08022368
0x080223F4	thumb	sub_080223F4
0x08022474	thumb	sub_08022474
0x080224E0	thumb	draw_ui_text
0x0802255C	thumb	sub_0802255C
0x080225B4	thumb	sub_080225B4
0x0802260C	thumb	sub_0802260C
0x08022694	thumb	sub_08022694
0x08022710	thumb	sub_08022710
0x080227BC	thumb	sub_080227BC
0x080229F0	thumb	sub_080229F0
0x08022A18	thumb	sub_08022A18
0x08022E50	thumb	sub_08022E50
0x08022E8C	thumb	sub_08022E8C
0x08022ED0	thumb	sub_08022ED0
0x08022F14	thumb	sub_08022F14
0x08022F6C	thumb	sub_08022F6C
0x08022FE4	thumb	sub_08022FE4
0x08023054	thumb	sub_08023054
0x080230C8	thumb	sub_080230C8
0x08023118	thumb	sub_08023118
0x08023148	thumb	sub_08023148
0x0802337C	thumb	sub_0802337C
0x080233C0	thumb	sub_080233C0
0x08023414	thumb	sub_08023414
0x08023490	thumb	sub_08023490
0x08023588	thumb	sub_08023588
0x08023890	thumb	sub_08023890
0x08023948	thumb	sub_08023948
0x08023E44	thumb	sub_08023E44
0x08023EF8	thumb	sub_08023EF8
0x08023F4C	thumb	sub_08023F4C
0x08023FA8	thumb	sub_08023FA8
0x0802400C	thumb	sub_0802400C
0x0802406C	thumb	sub_0802406C
0x08024148	thumb	sub_08024148
0x080242C4	thumb	sub_080242C4
0x0802443C	thumb	sub_0802443C
0x080244D4	thumb	sub_080244D4
0x08024510	thumb	sub_08024510
0x0802454C	thumb	sub_0802454C
0x08024628	thumb	nullsub_6
0x0802462C	thumb	sub_0802462C
0x08024744	thumb	sub_08024744
0x08024874	thumb	sub_08024874
0x080248D4	thumb	sub_080248D4
0x080249E8	thumb	sub_080249E8
0x08024A74	thumb	sub_08024A74
0x08024B40	thumb	sub_08024B40
0x08024B9C	thumb	sub_08024B9C
0x08024CC8	thumb	sub_08024CC8
0x08024DCC	thumb	sub_08024DCC
0x08024EEC	thumb	sub_08024EEC
0x08024F74	thumb	sub_08024F74
0x0802503C	thumb	sub_0802503C
0x080250B4	thumb	sub_080250B4
0x08025168	thumb	sub_08025168
0x0802519C	thumb	sub_0802519C
0x080251D8	thumb	nullsub_68
0x080251DC	thumb	sub_080251DC
0x080251F4	thumb	sub_080251F4
0x08025340	thumb	object_interact
0x08025620	thumb	sub_08025620
0x08025718	thumb	sub_08025718
0x08025918	thumb	sub_08025918
0x080259D4	thumb	sub_080259D4
0x08025A80	thumb	sub_08025A80
0x08025B3C	thumb	sub_08025B3C
0x08025BF8	thumb	sub_08025BF8
0x08025CB0	thumb	sub_08025CB0
0x08025D64	thumb	sub_08025D64
0x08025E20	thumb	sub_08025E20
0x08025ED8	thumb	sub_08025ED8
0x08025F98	thumb	sub_08025F98
0x080260C8	thumb	sub_080260C8
0x0802610C	thumb	sub_0802610C
0x080261D0	thumb	sub_080261D0
0x080262F0	thumb	sub_080262F0
0x0802630C	thumb	sub_0802630C
0x080263A4	thumb	sub_080263A4
0x08026470	thumb	sub_08026470
0x08026508	thumb	sub_08026508
0x08026610	thumb	sub_08026610
0x0802665C	thumb	sub_0802665C
0x08026724	thumb	sub_08026724
0x08026760	thumb	sub_08026760
0x0802691C	thumb	sub_0802691C
0x08026938	thumb	sub_08026938
0x080269AC	thumb	sub_080269AC
0x08026AF8	thumb	sub_08026AF8
0x08026BCC	thumb	sub_08026BCC
0x08026C28	thumb	sub_08026C28
0x08026CD0	thumb	sub_08026CD0
0x08026CE4	thumb	sub_08026CE4
0x08026DA8	thumb	sub_08026DA8
0x08026DE0	thumb	sub_08026DE0
0x08026E3C	thumb	sub_08026E3C
0x0802706C	thumb	getDirectionIndex
0x080270A0	thumb	getVelocity
0x080270B8	thumb	getPrevDirection
0x080270C8	thumb	sub_080270C8
0x080270D8	thumb	sub_080270D8
0x080270E8	thumb	getOppositeDirection
0x080270F8	thumb	get90DegreeTurn
0x08027138	thumb	sub_08027138
0x08027164	thumb	sub_08027164
0x0802718C	thumb	get_obj
0x0802724C	thumb	sub_0802724C
0x080272F4	thumb	sub_080272F4
0x080274AC	thumb	sub_080274AC
0x08027680	thumb	sub_08027680
0x0802773C	thumb	sub_0802773C
0x0802781C	thumb	sub_0802781C
0x08027904	thumb	sub_08027904
0x08027940	thumb	sub_08027940
0x080279AC	thumb	sub_080279AC
0x08027A28	thumb	sub_08027A28
0x08027AE0	thumb	sub_08027AE0
0x08027B84	thumb	sub_08027B84
0x08027BD0	thumb	sub_08027BD0
0x08027C20	thumb	sub_08027C20
0x08027C40	thumb	sub_08027C40
0x08027C98	thumb	sub_08027C98
0x08027CD8	thumb	sub_08027CD8
0x08027D1C	thumb	sub_08027D1C
0x08027DC4	thumb	sub_08027DC4
0x08027DE4	thumb	sub_08027DE4
0x08027DF4	thumb	sub_08027DF4
0x08027E0C	thumb	sub_08027E0C
0x08027E60	thumb	sub_08027E60
0x08027E74	thumb	sub_08027E74
0x08027EF8	thumb	sub_08027EF8
0x08027F38	thumb	getCommonScriptLine
0x08027F70	thumb	getRoomScriptLine
0x08027FB8	thumb	sub_08027FB8
0x08027FD8	thumb	sub_08027FD8
0x08028020	thumb	sub_08028020
0x08028040	thumb	sub_08028040
0x08028080	thumb	sub_08028080
0x08028264	thumb	sub_08028264
0x08028780	thumb	sub_08028780
0x08028C0C	thumb	sub_08028C0C
0x08028C70	thumb	sub_08028C70
0x08029054	thumb	sub_08029054
0x08029078	thumb	sub_08029078
0x08029350	thumb	sub_08029350
0x080293BC	thumb	sub_080293BC
0x080293C8	thumb	sub_080293C8
0x0802941C	thumb	sub_0802941C
0x08029428	thumb	sub_08029428
0x080294DC	thumb	sub_080294DC
0x080295E8	thumb	initStatMeters
0x08029684	thumb	sub_08029684
0x080296E4	thumb	sub_080296E4
0x08029B18	thumb	sub_08029B18
0x08029CAC	thumb	sub_08029CAC
0x08029D10	thumb	sub_08029D10
0x08029D9C	thumb	sub_08029D9C
0x08029E18	thumb	sub_08029E18
0x08029EF0	thumb	sub_08029EF0
0x08029FC8	thumb	sub_08029FC8
0x0802A038	thumb	add_dp_to_pocket
0x0802A05C	thumb	add_dp_to_bank
0x0802A080	thumb	withdraw_dp
0x0802A0BC	thumb	deposit_dp
0x0802A0F8	thumb	update_key_item_quantity
0x0802A124	thumb	sub_0802A124
0x0802A180	thumb	sub_0802A180
0x0802A264	thumb	sub_0802A264
0x0802A310	thumb	sub_0802A310
0x0802A3D0	thumb	heldItemQty
0x0802A400	thumb	heldItemIndex
0x0802A42C	thumb	sub_0802A42C
0x0802A454	thumb	giveItemQuantity
0x0802A49C	thumb	sub_0802A49C
0x0802A574	thumb	sub_0802A574
0x0802A60C	thumb	sub_0802A60C
0x0802A630	thumb	sub_0802A630
0x0802A670	thumb	sub_0802A670
0x0802A74C	thumb	sub_0802A74C
0x0802A7F8	thumb	sub_0802A7F8
0x0802A8D4	thumb	sub_0802A8D4
0x0802A98C	thumb	sub_0802A98C
0x0802A9B4	thumb	sub_0802A9B4
0x0802AA78	thumb	sub_0802AA78
0x0802AAEC	thumb	updateStatMeter
0x0802ABCC	thumb	sub_0802ABCC
0x0802AC64	thumb	tickStatMeter
0x0802AD88	thumb	sub_0802AD88
0x0802ADCC	thumb	set_ailment
0x0802AF24	thumb	sub_0802AF24
0x0802AF88	thumb	sub_0802AF88
0x0802AFBC	thumb	sub_0802AFBC
0x0802AFF0	thumb	heal_hp
0x0802B048	thumb	restore_pp
0x0802B094	thumb	sub_0802B094
0x0802B0D0	thumb	sub_0802B0D0
0x0802B188	thumb	sub_0802B188
0x0802B370	thumb	sub_0802B370
0x0802B4D8	thumb	sub_0802B4D8
0x0802B53C	thumb	sub_0802B53C
0x0802B57C	thumb	sub_0802B57C
0x0802B5D8	thumb	sub_0802B5D8
0x0802B844	thumb	sub_0802B844
0x0802B858	thumb	get_char_stats
0x0802B874	thumb	sub_0802B874
0x0802B88C	thumb	getStatMeter
0x0802B8C4	thumb	sub_0802B8C4
0x0802B8F4	thumb	sub_0802B8F4
0x0802B924	thumb	sub_0802B924
0x0802B954	thumb	getPartyMemberByHeldItem
0x0802B9C0	thumb	is_equippable
0x0802B9E8	thumb	getItemEquipSlot
0x0802BA28	thumb	getEquippedItemIndex2
0x0802BA68	thumb	isEquipLytSet2
0x0802BA78	thumb	setEquipLyt2
0x0802BA98	thumb	sub_0802BA98
0x0802BB04	thumb	sub_0802BB04
0x0802BB64	thumb	sub_0802BB64
0x0802BBC8	thumb	sub_0802BBC8
0x0802BBE4	thumb	sub_0802BBE4
0x0802C3F8	thumb	sub_0802C3F8
0x0802C4A0	thumb	sub_0802C4A0
0x0802C8A8	thumb	sub_0802C8A8
0x0802CED4	thumb	sub_0802CED4
0x0802CF14	thumb	sub_0802CF14
0x0802D294	thumb	sub_0802D294
0x0802D3F8	thumb	sub_0802D3F8
0x0802D458	thumb	sub_0802D458
0x0802D5D0	thumb	sub_0802D5D0
0x0802D618	thumb	sub_0802D618
0x0802D660	thumb	sub_0802D660
0x0802D6A0	thumb	sub_0802D6A0
0x0802D790	thumb	sub_0802D790
0x0802D9F8	thumb	updateObjectPosition
0x0802DA58	thumb	sub_0802DA58
0x0802DB9C	thumb	sub_0802DB9C
0x0802DC2C	thumb	enemy_move
0x0802DD04	thumb	sub_0802DD04
0x0802DDA0	thumb	sub_0802DDA0
0x0802DE5C	thumb	sub_0802DE5C
0x0802DEB0	thumb	sub_0802DEB0
0x0802DF14	thumb	sub_0802DF14
0x0802DF48	thumb	sub_0802DF48
0x0802DF94	thumb	sub_0802DF94
0x0802DFC0	thumb	sub_0802DFC0
0x0802DFE4	thumb	sub_0802DFE4
0x0802E048	thumb	sub_0802E048
0x0802E070	thumb	sub_0802E070
0x0802E07C	thumb	sub_0802E07C
0x0802E0A4	thumb	sub_0802E0A4
0x0802E0C8	thumb	sub_0802E0C8
0x0802E100	thumb	sub_0802E100
0x0802E104	thumb	sub_0802E104
0x0802E13C	thumb	sub_0802E13C
0x0802E200	thumb	sub_0802E200
0x0802E25C	thumb	sub_0802E25C
0x0802E2BC	thumb	sub_0802E2BC
0x0802E340	thumb	sub_0802E340
0x0802E394	thumb	sub_0802E394
0x0802E400	thumb	sub_0802E400
0x0802E410	thumb	sub_0802E410
0x0802E420	thumb	sub_0802E420
0x0802E43C	thumb	sub_0802E43C
0x0802E458	thumb	sub_0802E458
0x0802E474	thumb	sub_0802E474
0x0802E4C4	thumb	sub_0802E4C4
0x0802E530	thumb	sub_0802E530
0x0802E580	thumb	sub_0802E580
0x0802E58C	thumb	sub_0802E58C
0x0802E5F4	thumb	sub_0802E5F4
0x0802E630	thumb	sub_0802E630
0x0802E64C	thumb	sub_0802E64C
0x0802E668	thumb	sub_0802E668
0x0802E684	thumb	sub_0802E684
0x0802E6A0	thumb	sub_0802E6A0
0x0802E6BC	thumb	sub_0802E6BC
0x0802E728	thumb	sub_0802E728
0x0802E7C0	thumb	sub_0802E7C0
0x0802E830	thumb	sub_0802E830
0x0802E884	thumb	sub_0802E884
0x0802E9C8	thumb	sub_0802E9C8
0x0802E9E8	thumb	sub_0802E9E8
0x0802EA04	thumb	sub_0802EA04
0x0802EB5C	thumb	sub_0802EB5C
0x0802EBAC	thumb	sub_0802EBAC
0x0802EBD4	thumb	sub_0802EBD4
0x0802EBE4	thumb	sub_0802EBE4
0x0802EC3C	thumb	sub_0802EC3C
0x0802ECCC	thumb	sub_0802ECCC
0x0802ECF4	thumb	sub_0802ECF4
0x0802ED2C	thumb	sub_0802ED2C
0x0802ED5C	thumb	sub_0802ED5C
0x0802ED90	thumb	sub_0802ED90
0x0802EDBC	thumb	sub_0802EDBC
0x0802F02C	thumb	sub_0802F02C
0x0802F200	thumb	sub_0802F200
0x0802F234	thumb	sub_0802F234
0x0802F2B4	thumb	sub_0802F2B4
0x0802F2CC	thumb	sub_0802F2CC
0x0802F304	thumb	sub_0802F304
0x0802F348	thumb	sub_0802F348
0x0802F390	thumb	sub_0802F390
0x0802F3B8	thumb	sub_0802F3B8
0x0802F650	thumb	sub_0802F650
0x0802F774	thumb	sub_0802F774
0x0802F8A0	thumb	sub_0802F8A0
0x0802FA9C	thumb	sub_0802FA9C
0x0802FC98	thumb	sub_0802FC98
0x0802FDF8	thumb	sub_0802FDF8
0x0802FF90	thumb	sub_0802FF90
0x0803016C	thumb	sub_0803016C
0x08030170	thumb	sub_08030170
0x08030174	thumb	sub_08030174
0x08030178	thumb	sub_08030178
0x0803017C	thumb	sub_0803017C
0x08030180	thumb	sub_08030180
0x08030190	thumb	sub_08030190
0x08030354	thumb	sub_08030354
0x0803042C	thumb	sub_0803042C
0x0803050C	thumb	sub_0803050C
0x08030550	thumb	sub_08030550
0x080306C4	thumb	sub_080306C4
0x08030724	thumb	draw_sprites
0x080307DC	thumb	sub_080307DC
0x08030810	thumb	sub_08030810
0x0803092C	thumb	sub_0803092C
0x08030A00	thumb	sub_08030A00
0x08030B70	thumb	sub_08030B70
0x08030D34	thumb	sub_08030D34
0x08031480	thumb	sub_08031480
0x08031730	thumb	sub_08031730
0x080318A4	thumb	sub_080318A4
0x08031970	thumb	sub_08031970
0x08031AB8	thumb	sub_08031AB8
0x08031C34	thumb	sub_08031C34
0x08031DE0	thumb	sub_08031DE0
0x08031FCC	thumb	sub_08031FCC
0x08032128	thumb	sub_08032128
0x080322C0	thumb	sub_080322C0
0x080322CC	thumb	sub_080322CC
0x080322D8	thumb	sub_080322D8
0x080324D0	thumb	sub_080324D0
0x0803253C	thumb	sub_0803253C
0x08032748	thumb	sub_08032748
0x08032824	thumb	sub_08032824
0x08032888	thumb	sub_08032888
0x08032958	thumb	sub_08032958
0x08032A44	thumb	sub_08032A44
0x08032AA8	thumb	sub_08032AA8
0x08032ADC	thumb	sub_08032ADC
0x08032B34	thumb	sub_08032B34
0x08032CC8	thumb	sub_08032CC8
0x08032DAC	thumb	sub_08032DAC
0x08032DF4	thumb	sub_08032DF4
0x08032E20	thumb	sub_08032E20
0x08032EDC	thumb	sub_08032EDC
0x08032F5C	thumb	sub_08032F5C
0x08032F8C	thumb	sub_08032F8C
0x08032FBC	thumb	update_oam
0x080330F0	thumb	sub_080330F0
0x0803327C	thumb	sub_0803327C
0x0803329C	thumb	sub_0803329C
0x080332AC	thumb	sub_080332AC
0x08033374	thumb	sub_08033374
0x08033414	thumb	sub_08033414
0x08033460	thumb	sub_08033460
0x08033484	thumb	sub_08033484
0x0803349C	thumb	sub_0803349C
0x080334B4	thumb	sub_080334B4
0x080334D0	thumb	sub_080334D0
0x08033548	thumb	sub_08033548
0x08033578	thumb	sub_08033578
0x080335F0	thumb	sub_080335F0
0x08033620	thumb	sub_08033620
0x080337A8	thumb	sub_080337A8
0x080337F0	thumb	sub_080337F0
0x08033868	thumb	sub_08033868
0x080338AC	thumb	faceNearTarget
0x080338D8	thumb	sub_080338D8
0x08033948	thumb	sub_08033948
0x08033A54	thumb	sub_08033A54
0x08033A8C	thumb	sub_08033A8C
0x08033ABC	thumb	sub_08033ABC
0x08033AEC	thumb	sub_08033AEC
0x08033B20	thumb	sub_08033B20
0x08033B58	thumb	sub_08033B58
0x08033B90	thumb	sub_08033B90
0x08033BCC	thumb	sub_08033BCC
0x08033C14	thumb	sub_08033C14
0x08033C44	thumb	sub_08033C44
0x08033CA0	thumb	sub_08033CA0
0x08033CFC	thumb	sub_08033CFC
0x08033DA8	thumb	sub_08033DA8
0x08033E70	thumb	sub_08033E70
0x08033FEC	thumb	sub_08033FEC
0x080340F8	thumb	sub_080340F8
0x08034158	thumb	sub_08034158
0x08034260	thumb	sub_08034260
0x08034288	thumb	sub_08034288
0x08034348	thumb	sub_08034348
0x080343B8	thumb	sub_080343B8
0x080344CC	thumb	sub_080344CC
0x080345AC	thumb	sub_080345AC
0x08034608	thumb	sub_08034608
0x080346F8	thumb	sub_080346F8
0x0803476C	thumb	sub_0803476C
0x080347B8	thumb	sub_080347B8
0x0803496C	thumb	sub_0803496C
0x080349C0	thumb	sub_080349C0
0x08034A10	thumb	sub_08034A10
0x08034A8C	thumb	walkObjectTowardPosition
0x08034BAC	thumb	sub_08034BAC
0x08034CE8	thumb	sub_08034CE8
0x08034DA8	thumb	sub_08034DA8
0x08034EB8	thumb	sub_08034EB8
0x08034FC8	thumb	sub_08034FC8
0x08034FE4	thumb	sub_08034FE4
0x08034FFC	thumb	sub_08034FFC
0x08035114	thumb	sub_08035114
0x08035138	thumb	sub_08035138
0x08035170	thumb	sub_08035170
0x08035298	thumb	sub_08035298
0x08035384	thumb	sub_08035384
0x08035414	thumb	sub_08035414
0x080354CC	thumb	sub_080354CC
0x080355AC	thumb	sub_080355AC
0x080355CC	thumb	sub_080355CC
0x08035600	thumb	sub_08035600
0x080357D0	thumb	sub_080357D0
0x08035820	thumb	sub_08035820
0x08035940	thumb	sub_08035940
0x080359DC	thumb	sub_080359DC
0x08035A88	thumb	sub_08035A88
0x08035AEC	thumb	sub_08035AEC
0x08035B78	thumb	sub_08035B78
0x08035C0C	thumb	sub_08035C0C
0x08035C64	thumb	sub_08035C64
0x08035C8C	thumb	sub_08035C8C
0x08035D40	thumb	sub_08035D40
0x08035DFC	thumb	sub_08035DFC
0x08035E98	thumb	sub_08035E98
0x08035F4C	thumb	sub_08035F4C
0x08035FBC	thumb	sub_08035FBC
0x08035FE4	thumb	sub_08035FE4
0x08036030	thumb	sub_08036030
0x08036048	thumb	sub_08036048
0x080360E0	thumb	sub_080360E0
0x080361B0	thumb	sub_080361B0
0x080361DC	thumb	sub_080361DC
0x08036238	thumb	sub_08036238
0x080362C0	thumb	sub_080362C0
0x08036338	thumb	sub_08036338
0x08036388	thumb	sub_08036388
0x080363A0	thumb	sub_080363A0
0x08036450	thumb	sub_08036450
0x08036480	thumb	sub_08036480
0x080364B8	thumb	sub_080364B8
0x080365EC	thumb	sub_080365EC
0x08036650	thumb	coarseDirectionToTarget
0x080366C0	thumb	directionToTargetByID
0x08036734	thumb	sub_08036734
0x0803677C	thumb	sub_0803677C
0x080367D8	thumb	directionToTarget
0x08036830	thumb	sub_08036830
0x08036864	thumb	sub_08036864
0x08036904	thumb	sub_08036904
0x08036960	thumb	sub_08036960
0x0803699C	thumb	sub_0803699C
0x08036A1C	thumb	updateObjDirection
0x08036A68	thumb	sub_08036A68
0x08036A90	thumb	sub_08036A90
0x08036B34	thumb	sub_08036B34
0x08036B6C	thumb	sub_08036B6C
0x08036BA4	thumb	sub_08036BA4
0x08036BD8	thumb	get_obj_direct
0x08036BEC	thumb	sub_08036BEC
0x08036C00	thumb	sub_08036C00
0x08036C24	thumb	sub_08036C24
0x08036C68	thumb	sub_08036C68
0x08036C80	thumb	sub_08036C80
0x08036CA0	thumb	sub_08036CA0
0x08036CC0	thumb	sub_08036CC0
0x08036CD0	thumb	sub_08036CD0
0x08036CE0	thumb	sub_08036CE0
0x08036D00	thumb	sub_08036D00
0x08036D18	thumb	sub_08036D18
0x08036D3C	thumb	sub_08036D3C
0x08036D60	thumb	sub_08036D60
0x08036D78	thumb	sub_08036D78
0x08036DDC	thumb	sub_08036DDC
0x08036DF4	thumb	sub_08036DF4
0x08036E0C	thumb	sub_08036E0C
0x08036E70	thumb	sub_08036E70
0x08036E90	thumb	sub_08036E90
0x08036EB8	thumb	sub_08036EB8
0x08037020	thumb	sub_08037020
0x08037134	thumb	sub_08037134
0x0803720C	thumb	sub_0803720C
0x080372D8	thumb	sub_080372D8
0x08037330	thumb	sub_08037330
0x08037530	thumb	sub_08037530
0x08037608	thumb	sub_08037608
0x080376EC	thumb	sub_080376EC
0x08037708	thumb	sub_08037708
0x08037794	thumb	sub_08037794
0x080377B4	thumb	sub_080377B4
0x080377D0	thumb	sub_080377D0
0x0803788C	thumb	sub_0803788C
0x0803793C	thumb	sub_0803793C
0x08037958	thumb	sub_08037958
0x080379C0	thumb	sub_080379C0
0x08037A0C	thumb	sub_08037A0C
0x08037A7C	thumb	sub_08037A7C
0x08037AF4	thumb	sub_08037AF4
0x08037B4C	thumb	sub_08037B4C
0x08037B94	thumb	sub_08037B94
0x08037C04	thumb	sub_08037C04
0x08037C54	thumb	sub_08037C54
0x08037C84	thumb	sub_08037C84
0x08037CA4	thumb	init_dp_transaction
0x08037DB0	thumb	sub_08037DB0
0x08037E54	thumb	sub_08037E54
0x08037ED0	thumb	sub_08037ED0
0x08037F70	thumb	nullsub_41
0x08037F74	thumb	sub_08037F74
0x080380C0	thumb	sub_080380C0
0x0803817C	thumb	sub_0803817C
0x080381B0	thumb	sub_080381B0
0x080381DC	thumb	sub_080381DC
0x08038208	thumb	sub_08038208
0x080382A0	thumb	sub_080382A0
0x080382EC	thumb	nullsub_69
0x080382F0	thumb	nullsub_70
0x080382F4	thumb	sub_080382F4
0x080383AC	thumb	sub_080383AC
0x08038414	thumb	sub_08038414
0x08038548	thumb	sub_08038548
0x08038600	thumb	sub_08038600
0x080387D4	thumb	sub_080387D4
0x08038A40	thumb	sub_08038A40
0x08038ABC	thumb	sub_08038ABC
0x08038BDC	thumb	sub_08038BDC
0x08038E80	thumb	sub_08038E80
0x08038F90	thumb	sub_08038F90
0x08039038	thumb	sub_08039038
0x0803917C	thumb	sub_0803917C
0x080392C4	thumb	sub_080392C4
0x080393D8	thumb	sub_080393D8
0x080394F0	thumb	sub_080394F0
0x08039534	thumb	nullsub_71
0x08039538	thumb	nullsub_72
0x0803953C	thumb	nullsub_73
0x08039540	thumb	nullsub_74
0x08039544	thumb	navigate1DMenu
0x0803960C	thumb	sub_0803960C
0x08039694	thumb	sub_08039694
0x08039738	thumb	sub_08039738
0x080397D0	thumb	navigateWrapping2DMenu
0x08039934	thumb	sub_08039934
0x08039A18	thumb	sub_08039A18
0x08039A74	thumb	sub_08039A74
0x08039B24	thumb	sub_08039B24
0x08039B5C	thumb	sub_08039B5C
0x08039B88	thumb	sub_08039B88
0x08039C04	thumb	sub_08039C04
0x08039CDC	thumb	sub_08039CDC
0x08039E88	thumb	initCurrentDebugPage
0x08039EC8	thumb	initDebugMenuPage1
0x08039F00	thumb	initDebugMenuPage2
0x08039F40	thumb	initDebugMenuPage3
0x08039F80	thumb	initDebugMenuPage4
0x08039FBC	thumb	initDebugMenuPage5
0x08039FFC	thumb	initDebugMenuPage6
0x0803A03C	thumb	mode_debug_menu
0x0803A0EC	thumb	debugMenuPage1
0x0803A198	thumb	handleDebugPage1
0x0803A224	thumb	debugChangeCurrentRoom
0x0803A2D4	thumb	debugMenuPage2
0x0803A3C8	thumb	handleDebugPage2
0x0803A458	thumb	sub_0803A458
0x0803A4D0	thumb	debugMenuPage3
0x0803A59C	thumb	handleDebugPage3
0x0803A644	thumb	debugChangeMapCoords
0x0803A75C	thumb	debugMenuPage4
0x0803A830	thumb	handleDebugPage4
0x0803A844	thumb	sub_0803A844
0x0803A974	thumb	debugMenuPage5
0x0803AA98	thumb	handleDebugPage5
0x0803AAAC	thumb	sub_0803AAAC
0x0803AC9C	thumb	debugMenuPage6
0x0803AD48	thumb	nullsub_19
0x0803AD4C	thumb	nullsub_20
0x0803AD50	thumb	sub_0803AD50
0x0803ADA8	thumb	sub_0803ADA8
0x0803ADBC	thumb	sub_0803ADBC
0x0803ADD0	thumb	sub_0803ADD0
0x0803AEC8	thumb	sub_0803AEC8
0x0803B008	thumb	sub_0803B008
0x0803B160	thumb	sub_0803B160
0x0803B278	thumb	sub_0803B278
0x0803B2C8	thumb	sub_0803B2C8
0x0803B3C4	thumb	sub_0803B3C4
0x0803B474	thumb	sub_0803B474
0x0803B4FC	thumb	sub_0803B4FC
0x0803B544	thumb	sub_0803B544
0x0803B58C	thumb	sub_0803B58C
0x0803B5C4	thumb	sub_0803B5C4
0x0803B610	thumb	sub_0803B610
0x0803B638	thumb	sub_0803B638
0x0803B660	thumb	sub_0803B660
0x0803B688	thumb	sub_0803B688
0x0803B724	thumb	sub_0803B724
0x0803B7CC	thumb	sub_0803B7CC
0x0803B800	thumb	sub_0803B800
0x0803B860	thumb	sub_0803B860
0x0803B8A8	thumb	sub_0803B8A8
0x0803B918	thumb	sub_0803B918
0x0803BD88	thumb	sub_0803BD88
0x0803BF44	thumb	sub_0803BF44
0x0803BFEC	thumb	sub_0803BFEC
0x0803C4B0	thumb	sub_0803C4B0
0x0803C4C4	thumb	sub_0803C4C4
0x0803C4DC	thumb	sub_0803C4DC
0x0803C548	thumb	nullsub_17
0x0803C54C	thumb	sub_0803C54C
0x0803C5C0	thumb	sub_0803C5C0
0x0803C9AC	thumb	sub_0803C9AC
0x0803CB68	thumb	sub_0803CB68
0x0803CBC4	thumb	sub_0803CBC4
0x0803D058	thumb	sub_0803D058
0x0803D06C	thumb	sub_0803D06C
0x0803D0A8	thumb	sub_0803D0A8
0x0803D0E0	thumb	nullsub_18
0x0803D0E4	arm	sub_0803D0E4
0x0803D13C	arm	sub_0803D13C
0x0803D1B4	arm	sub_0803D1B4
0x0803D2A4	arm	sub_0803D2A4
0x0803D32C	arm	sub_0803D32C
0x0803D374	arm	sub_0803D374
0x0803D3FC	arm	sub_0803D3FC
0x0803D474	arm	sub_0803D474
0x0803D59C	thumb	sub_0803D59C
0x0803D5EC	thumb	sub_0803D5EC
0x0803D61C	thumb	sub_0803D61C
0x0803D678	thumb	sub_0803D678
0x0803D6C8	thumb	sub_0803D6C8
0x0803D718	thumb	sub_0803D718
0x0803D7CC	thumb	sub_0803D7CC
0x0803D878	thumb	sub_0803D878
0x0803D9A8	thumb	sub_0803D9A8
0x0803DAAC	thumb	sub_0803DAAC
0x0803DBB8	thumb	sub_0803DBB8
0x0803DCE4	thumb	sub_0803DCE4
0x0803DD1C	thumb	sub_0803DD1C
0x0803DD3C	thumb	sub_0803DD3C
0x0803DD5C	thumb	sub_0803DD5C
0x0803DDD8	thumb	sub_0803DDD8
0x0803DE08	thumb	sub_0803DE08
0x0803DE38	thumb	sub_0803DE38
0x0803DF48	thumb	sub_0803DF48
0x0803DF94	thumb	sub_0803DF94
0x0803E0EC	thumb	sub_0803E0EC
0x0803E16C	thumb	sub_0803E16C
0x0803E260	thumb	sub_0803E260
0x0803E2B0	thumb	sub_0803E2B0
0x0803E2E4	thumb	sub_0803E2E4
0x0803E2FC	thumb	nullsub_75
0x0803E300	thumb	nullsub_7
0x0803E304	thumb	sub_0803E304
0x0803E358	thumb	sub_0803E358
0x0803E3B4	thumb	sub_0803E3B4
0x0803E3C0	thumb	sub_0803E3C0
0x0803E3D4	thumb	nullsub_76
0x0803E3D8	thumb	sub_0803E3D8
0x0803E3EC	thumb	sub_0803E3EC
0x0803E404	thumb	nullsub_77
0x0803E408	thumb	sub_0803E408
0x0803E46C	thumb	sub_0803E46C
0x0803E4B0	thumb	nullsub_78
0x0803E4B4	thumb	nullsub_79
0x0803E4B8	thumb	sub_0803E4B8
0x0803E50C	thumb	sub_0803E50C
0x0803E578	thumb	sub_0803E578
0x0803E6EC	thumb	sub_0803E6EC
0x0803E738	thumb	sub_0803E738
0x0803E834	thumb	sub_0803E834
0x0803E844	thumb	sub_0803E844
0x0803E908	thumb	sub_0803E908
0x0803EA4C	thumb	sub_0803EA4C
0x0803EAEC	thumb	sub_0803EAEC
0x0803EB78	thumb	sub_0803EB78
0x0803EC28	thumb	sub_0803EC28
0x0803EC80	thumb	sub_0803EC80
0x0803ECC0	thumb	sub_0803ECC0
0x0803EE20	thumb	sub_0803EE20
0x0803EE34	thumb	sub_0803EE34
0x0803EE78	thumb	sub_0803EE78
0x0803EEA0	thumb	sub_0803EEA0
0x0803F038	thumb	sub_0803F038
0x0803F068	thumb	sub_0803F068
0x0803F0A4	thumb	sub_0803F0A4
0x0803F124	thumb	sub_0803F124
0x0803F1A0	thumb	sub_0803F1A0
0x0803F1AC	thumb	sub_0803F1AC
0x0803F260	thumb	sub_0803F260
0x0803F36C	thumb	sub_0803F36C
0x0803F3B0	thumb	sub_0803F3B0
0x0803F424	thumb	sub_0803F424
0x0803F5CC	thumb	sub_0803F5CC
0x0803F774	thumb	sub_0803F774
0x0803F8F8	thumb	sub_0803F8F8
0x0803FA8C	thumb	sub_0803FA8C
0x0803FAC8	thumb	sub_0803FAC8
0x0803FB60	thumb	sub_0803FB60
0x0803FC74	thumb	sub_0803FC74
0x0803FC94	thumb	sub_0803FC94
0x0803FCC4	thumb	sub_0803FCC4
0x0803FD14	thumb	sub_0803FD14
0x0803FD48	thumb	sub_0803FD48
0x0803FE48	thumb	sub_0803FE48
0x0803FE7C	thumb	sub_0803FE7C
0x0803FEB0	thumb	sub_0803FEB0
0x0803FEF4	thumb	sub_0803FEF4
0x0803FF50	thumb	sub_0803FF50
0x0803FFF4	thumb	sub_0803FFF4
0x08040024	thumb	sub_08040024
0x08040090	thumb	sub_08040090
0x080400D4	thumb	sub_080400D4
0x08040164	thumb	sub_08040164
0x080401BC	thumb	sub_080401BC
0x08040298	thumb	sub_08040298
0x0804037C	thumb	sub_0804037C
0x080407AC	thumb	sub_080407AC
0x080407E4	thumb	sub_080407E4
0x080409B8	thumb	sub_080409B8
0x08040B20	thumb	sub_08040B20
0x08040B58	thumb	sub_08040B58
0x08040FAC	thumb	sub_08040FAC
0x08040FE4	thumb	sub_08040FE4
0x08041118	thumb	sub_08041118
0x08041150	thumb	sub_08041150
0x080414E4	thumb	sub_080414E4
0x0804151C	thumb	sub_0804151C
0x080415E4	thumb	sub_080415E4
0x0804165C	thumb	sub_0804165C
0x080417F8	thumb	sub_080417F8
0x08041864	thumb	sub_08041864
0x080418F8	thumb	sub_080418F8
0x08041C5C	thumb	sub_08041C5C
0x08041F14	thumb	sub_08041F14
0x08041F80	thumb	sub_08041F80
0x08042014	thumb	sub_08042014
0x080422B4	thumb	sub_080422B4
0x0804254C	thumb	sub_0804254C
0x08042838	thumb	sub_08042838
0x08042A6C	thumb	sub_08042A6C
0x08042B88	thumb	sub_08042B88
0x08042D48	thumb	sub_08042D48
0x08042F50	thumb	sub_08042F50
0x080430B4	thumb	sub_080430B4
0x080431FC	thumb	sub_080431FC
0x0804337C	thumb	sub_0804337C
0x0804389C	thumb	sub_0804389C
0x08043EB4	thumb	sub_08043EB4
0x080441BC	thumb	sub_080441BC
0x080442D8	thumb	sub_080442D8
0x080443A4	thumb	sub_080443A4
0x08044414	thumb	sub_08044414
0x080444AC	thumb	sub_080444AC
0x08044560	thumb	sub_08044560
0x08044598	thumb	sub_08044598
0x080445DC	thumb	sub_080445DC
0x08044614	thumb	sub_08044614
0x080446E8	thumb	sub_080446E8
0x080447A4	thumb	sub_080447A4
0x08044860	thumb	sub_08044860
0x080449C0	thumb	sub_080449C0
0x08044AD8	thumb	sub_08044AD8
0x08044C8C	thumb	sub_08044C8C
0x08044DA8	thumb	sub_08044DA8
0x08044E84	thumb	sub_08044E84
0x08044F00	thumb	sub_08044F00
0x08045390	thumb	sub_08045390
0x080453D4	thumb	sub_080453D4
0x080454F0	thumb	sub_080454F0
0x0804557C	thumb	sub_0804557C
0x080457D0	thumb	sub_080457D0
0x08045854	thumb	sub_08045854
0x080458B8	thumb	sub_080458B8
0x0804598C	thumb	sub_0804598C
0x08045C28	thumb	nullsub_080
0x08045C2C	thumb	nullsub_081
0x08045C30	thumb	nullsub_082
0x08045C34	thumb	sub_08045C34
0x08045CD0	thumb	sub_08045CD0
0x08045D50	thumb	sub_08045D50
0x08045E04	thumb	sub_08045E04
0x08045EA8	thumb	sub_08045EA8
0x08045F88	thumb	sub_08045F88
0x080460C8	thumb	sub_080460C8
0x080461DC	thumb	sub_080461DC
0x0804626C	thumb	sub_0804626C
0x0804631C	thumb	sub_0804631C
0x080463F8	thumb	sub_080463F8
0x080464A8	thumb	sub_080464A8
0x08046510	thumb	sub_08046510
0x080465F8	thumb	sub_080465F8
0x080467C0	thumb	sub_080467C0
0x08046974	thumb	sub_08046974
0x080469CC	thumb	sub_080469CC
0x08046A28	thumb	sub_08046A28
0x08046A64	thumb	sub_08046A64
0x08046AF8	thumb	sub_08046AF8
0x08046BA8	thumb	sub_08046BA8
0x08046CE8	thumb	sub_08046CE8
0x08046D0C	thumb	sub_08046D0C
0x08046D2C	thumb	sub_08046D2C
0x08046D90	thumb	sub_08046D90
0x08046EF0	thumb	sub_08046EF0
0x08046FD8	thumb	sub_08046FD8
0x080470A8	thumb	sub_080470A8
0x080471B4	thumb	sub_080471B4
0x080472BC	thumb	sub_080472BC
0x080473EC	thumb	sub_080473EC
0x080475A4	thumb	sub_080475A4
0x080476A0	thumb	sub_080476A0
0x080476C0	thumb	sub_080476C0
0x08047744	thumb	nullsub_42
0x08047748	thumb	nullsub_43
0x0804774C	thumb	sub_0804774C
0x080477BC	thumb	sub_080477BC
0x0804782C	thumb	nullsub_44
0x08047830	thumb	nullsub_45
0x08047834	thumb	sub_08047834
0x08047900	thumb	sub_08047900
0x080479DC	thumb	sub_080479DC
0x08047A28	thumb	sub_08047A28
0x08047A70	thumb	nullsub_083
0x08047A74	thumb	nullsub_084
0x08047A78	thumb	sub_08047A78
0x08047B0C	thumb	sub_08047B0C
0x08047B9C	thumb	sub_08047B9C
0x08047C3C	thumb	sub_08047C3C
0x08047CDC	thumb	sub_08047CDC
0x08047D90	thumb	sub_08047D90
0x08047E04	thumb	sub_08047E04
0x08047E48	thumb	sub_08047E48
0x08047EA4	thumb	sub_08047EA4
0x08047F28	thumb	sub_08047F28
0x08047FD4	thumb	sub_08047FD4
0x08048074	thumb	loadMemoEntryPage
0x08048108	thumb	sub_08048108
0x08048158	thumb	sub_08048158
0x080481DC	thumb	sub_080481DC
0x08048214	thumb	sub_08048214
0x08048308	thumb	sub_08048308
0x080483E0	thumb	sub_080483E0
0x080484A8	thumb	sub_080484A8
0x080484FC	thumb	sub_080484FC
0x08048534	thumb	sub_08048534
0x08048550	thumb	sub_08048550
0x080485C4	thumb	sub_080485C4
0x0804863C	thumb	sub_0804863C
0x0804865C	thumb	sub_0804865C
0x080486A0	thumb	getMenus1Text
0x080486D8	thumb	getMemoEntryText
0x08048710	thumb	sub_08048710
0x08048748	thumb	bufferedTextLength
0x080487A0	thumb	sub_080487A0
0x080487D4	thumb	sub_080487D4
0x08048878	thumb	sub_08048878
0x080489F8	thumb	sub_080489F8
0x08048B58	thumb	sub_08048B58
0x08048C5C	thumb	sub_08048C5C
0x08048CE4	thumb	sub_08048CE4
0x08048EF8	thumb	sub_08048EF8
0x08048F74	thumb	sub_08048F74
0x08048FEC	thumb	sub_08048FEC
0x080490D0	thumb	sub_080490D0
0x08049160	thumb	sub_08049160
0x080491F0	thumb	sub_080491F0
0x08049280	thumb	sub_08049280
0x080492D0	thumb	sub_080492D0
0x080495C8	thumb	sub_080495C8
0x080496F8	thumb	sub_080496F8
0x08049740	thumb	sub_08049740
0x080497D0	thumb	sub_080497D0
0x08049838	thumb	sub_08049838
0x08049894	thumb	sub_08049894
0x080498B0	thumb	sub_080498B0
0x080498C4	thumb	sub_080498C4
0x080498E4	thumb	sub_080498E4
0x08049954	thumb	sub_08049954
0x080499A4	thumb	sub_080499A4
0x080499D0	thumb	sub_080499D0
0x08049AF8	thumb	sub_08049AF8
0x08049B70	thumb	sub_08049B70
0x08049C70	thumb	sub_08049C70
0x08049D5C	thumb	sub_08049D5C
0x08049DC4	thumb	sub_08049DC4
0x08049DF8	thumb	sub_08049DF8
0x08049E20	thumb	sub_08049E20
0x08049E48	thumb	sub_08049E48
0x08049E70	thumb	sub_08049E70
0x08049E98	thumb	sub_08049E98
0x08049EC0	thumb	sub_08049EC0
0x08049EE8	thumb	sub_08049EE8
0x08049F10	thumb	sub_08049F10
0x08049F38	thumb	sub_08049F38
0x08049F60	thumb	sub_08049F60
0x08049F88	thumb	sub_08049F88
0x08049FB0	thumb	sub_08049FB0
0x08049FD8	thumb	sub_08049FD8
0x0804A000	thumb	sub_0804A000
0x0804A028	thumb	sub_0804A028
0x0804A050	thumb	sub_0804A050
0x0804A078	thumb	sub_0804A078
0x0804A0A8	thumb	sub_0804A0A8
0x0804A15C	thumb	sub_0804A15C
0x0804A188	thumb	sub_0804A188
0x0804A1C0	thumb	sub_0804A1C0
0x0804A218	thumb	sub_0804A218
0x0804A2E0	thumb	sub_0804A2E0
0x0804A398	thumb	sub_0804A398
0x0804A3F0	thumb	sub_0804A3F0
0x0804A448	thumb	sub_0804A448
0x0804A508	thumb	sub_0804A508
0x0804A550	thumb	sub_0804A550
0x0804A628	thumb	sub_0804A628
0x0804A6F4	thumb	sub_0804A6F4
0x0804A738	thumb	sub_0804A738
0x0804A7B8	thumb	sub_0804A7B8
0x0804A8B4	thumb	sub_0804A8B4
0x0804AA38	thumb	sub_0804AA38
0x0804AB00	thumb	sub_0804AB00
0x0804AB48	thumb	sub_0804AB48
0x0804ADC8	thumb	sub_0804ADC8
0x0804AE4C	thumb	sub_0804AE4C
0x0804AFC8	thumb	sub_0804AFC8
0x0804B08C	thumb	sub_0804B08C
0x0804B218	thumb	sub_0804B218
0x0804B334	thumb	sub_0804B334
0x0804B3F8	thumb	sub_0804B3F8
0x0804B4B0	thumb	sub_0804B4B0
0x0804B65C	thumb	nullsub_085
0x0804B660	thumb	sub_0804B660
0x0804B6E8	thumb	sub_0804B6E8
0x0804B744	thumb	sub_0804B744
0x0804B790	thumb	sub_0804B790
0x0804B804	thumb	sub_0804B804
0x0804B84C	thumb	sub_0804B84C
0x0804B87C	thumb	sub_0804B87C
0x0804B940	thumb	sub_0804B940
0x0804B97C	thumb	sub_0804B97C
0x0804BA28	thumb	sub_0804BA28
0x0804BA3C	thumb	sub_0804BA3C
0x0804BA60	thumb	sub_0804BA60
0x0804BA6C	thumb	sub_0804BA6C
0x0804BB10	thumb	sub_0804BB10
0x0804BB28	thumb	sub_0804BB28
0x0804BB58	thumb	sub_0804BB58
0x0804BD34	thumb	sub_0804BD34
0x0804BD84	thumb	sub_0804BD84
0x0804BE64	thumb	setMenuGoods
0x0804BEB4	thumb	setMenuEquip
0x0804BEFC	thumb	setMenuPSI
0x0804BF34	thumb	setMenuStatus
0x0804BF7C	thumb	setMenuSkills
0x0804BFCC	thumb	setMenuMemoSelect
0x0804C004	thumb	setMenuMemoView
0x0804C050	thumb	sub_0804C050
0x0804C1E8	thumb	setMenuShopTransactionSelect
0x0804C228	thumb	setMenuShopCharacterSelect
0x0804C254	thumb	setShopBuyMenu
0x0804C2A4	thumb	setShopSellMenu
0x0804C2E0	thumb	setMenuItemGuyTransactionSelect
0x0804C330	thumb	setMenuItemGuyCharacterSelect
0x0804C35C	thumb	setItemGuyDepositMenu
0x0804C398	thumb	setItemGuyWithdrawMenu
0x0804C3E0	thumb	setMenuSaveSelect
0x0804C408	thumb	setMenuNewGame
0x0804C4B4	thumb	setMenuTryAgain
0x0804C51C	thumb	sub_0804C51C
0x0804C5B0	thumb	sub_0804C5B0
0x0804C68C	thumb	sub_0804C68C
0x0804C8BC	thumb	nullsub_23
0x0804C8C0	thumb	sub_0804C8C0
0x0804C944	thumb	sub_0804C944
0x0804C9F8	thumb	exec_menu
0x0804CAB0	thumb	menuGoods
0x0804CC48	thumb	menuEquip
0x0804CCF4	thumb	sub_0804CCF4
0x0804CD04	thumb	menuPSI
0x0804CE5C	thumb	menuStatus
0x0804CF20	thumb	menuSkills
0x0804D070	thumb	menuMemoSelect
0x0804D118	thumb	menuMemoView
0x0804D18C	thumb	menuBattleMemory
0x0804D394	thumb	menuShopTransactionSelect
0x0804D3F4	thumb	menuShopCharacterSelect
0x0804D474	thumb	menuShopItemSelectBuy
0x0804D5E0	thumb	menuShopItemSelectSell
0x0804D704	thumb	menuItemGuyTransactionSelect
0x0804D764	thumb	menuItemGuyCharacterSelect
0x0804D7E4	thumb	menuItemGuyItemSelectDeposit
0x0804D8D4	thumb	menuItemGuyItemSelectWithdraw
0x0804D9FC	thumb	menuSaveSelect
0x0804DB54	thumb	menuNewGame
0x0804DBE8	thumb	menuTryAgain
0x0804DC5C	thumb	sub_0804DC5C
0x0804DE00	thumb	sub_0804DE00
0x0804DECC	thumb	sub_0804DECC
0x0804DF30	thumb	sub_0804DF30
0x0804DFE4	thumb	sub_0804DFE4
0x0804E078	thumb	sub_0804E078
0x0804E118	thumb	sub_0804E118
0x0804E16C	thumb	sub_0804E16C
0x0804E3AC	thumb	sub_0804E3AC
0x0804E3E0	thumb	sub_0804E3E0
0x0804E414	thumb	sub_0804E414
0x0804E47C	thumb	sub_0804E47C
0x0804E558	thumb	sub_0804E558
0x0804E5C4	thumb	sub_0804E5C4
0x0804E7D4	thumb	sub_0804E7D4
0x0804E810	thumb	sub_0804E810
0x0804E860	thumb	sub_0804E860
0x0804E8B8	thumb	sub_0804E8B8
0x0804E8E8	thumb	sub_0804E8E8
0x0804E938	thumb	sub_0804E938
0x0804E968	thumb	sub_0804E968
0x0804E998	thumb	sub_0804E998
0x0804E9C8	thumb	sub_0804E9C8
0x0804E9F8	thumb	sub_0804E9F8
0x0804EA28	thumb	sub_0804EA28
0x0804EAA4	thumb	sub_0804EAA4
0x0804EB68	thumb	sub_0804EB68
0x0804ECC8	thumb	sub_0804ECC8
0x0804EDFC	thumb	sub_0804EDFC
0x0804EE60	thumb	nullsub_21
0x0804EE64	thumb	toggleBattleMemorySprite
0x0804EEE8	thumb	sub_0804EEE8
0x0804EF38	thumb	advanceMemoEntry
0x0804EF9C	thumb	handleShopTransactionSelection
0x0804EFD4	thumb	setShopSubmenu
0x0804F01C	thumb	sub_0804F01C
0x0804F0D4	thumb	sub_0804F0D4
0x0804F158	thumb	handleItemGuyTransactionSelection
0x0804F190	thumb	setItemGuySubmenu
0x0804F1D8	thumb	sub_0804F1D8
0x0804F294	thumb	sub_0804F294
0x0804F334	thumb	sub_0804F334
0x0804F3EC	thumb	sub_0804F3EC
0x0804F4E4	thumb	handleTryAgain
0x0804F51C	thumb	sub_0804F51C
0x0804F6C8	thumb	sub_0804F6C8
0x0804F7B0	thumb	sub_0804F7B0
0x0804F890	thumb	sub_0804F890
0x0804F968	thumb	sub_0804F968
0x0804FA5C	thumb	sub_0804FA5C
0x0804FCB0	thumb	sub_0804FCB0
0x0804FDE0	thumb	sub_0804FDE0
0x0804FE84	thumb	sub_0804FE84
0x0804FF30	thumb	sub_0804FF30
0x08050008	thumb	sub_08050008
0x080500D4	thumb	sub_080500D4
0x08050218	thumb	sub_08050218
0x0805030C	thumb	sub_0805030C
0x080503DC	thumb	sub_080503DC
0x08050458	thumb	sub_08050458
0x080505D8	thumb	sub_080505D8
0x08050628	thumb	backspaceMenuText
0x080506A4	thumb	sub_080506A4
0x080506CC	thumb	sub_080506CC
0x08050734	thumb	sub_08050734
0x08050738	thumb	sub_08050738
0x08050790	thumb	sub_08050790
0x08050948	thumb	sub_08050948
0x080509B0	thumb	sub_080509B0
0x08050A74	thumb	sub_08050A74
0x08050B60	thumb	sub_08050B60
0x08050C08	thumb	sub_08050C08
0x08050C68	thumb	sub_08050C68
0x08050D00	thumb	sub_08050D00
0x08050D64	thumb	sub_08050D64
0x08050D80	thumb	sub_08050D80
0x08050DB4	thumb	sub_08050DB4
0x08050DE0	thumb	sub_08050DE0
0x08050E20	thumb	sub_08050E20
0x08050E64	thumb	sub_08050E64
0x08050E94	thumb	sub_08050E94
0x08050EEC	thumb	sub_08050EEC
0x08050F2C	thumb	sub_08050F2C
0x08050F88	thumb	sub_08050F88
0x08050FCC	thumb	sub_08050FCC
0x08050FD8	thumb	sub_08050FD8
0x08050FF0	thumb	sub_08050FF0
0x08051058	thumb	sub_08051058
0x08051080	thumb	sub_08051080
0x0805108C	thumb	sub_0805108C
0x080510A4	thumb	sub_080510A4
0x080510B8	thumb	sub_080510B8
0x0805111C	thumb	sub_0805111C
0x08051144	thumb	sub_08051144
0x080511B4	thumb	sub_080511B4
0x080511F8	thumb	sub_080511F8
0x08051254	thumb	sub_08051254
0x080512B4	thumb	nullsub_22
0x080512B8	thumb	sub_080512B8
0x080512CC	thumb	sub_080512CC
0x08051448	thumb	sub_08051448
0x0805153C	thumb	sub_0805153C
0x080515DC	thumb	sub_080515DC
0x08051678	thumb	sub_08051678
0x0805173C	thumb	sub_0805173C
0x0805179C	thumb	sub_0805179C
0x080517AC	thumb	sub_080517AC
0x08051840	thumb	sub_08051840
0x08051908	thumb	sub_08051908
0x0805191C	thumb	sub_0805191C
0x080519C4	thumb	sub_080519C4
0x08051A08	thumb	sub_08051A08
0x08051A74	thumb	sub_08051A74
0x08051B48	thumb	sub_08051B48
0x08051BDC	thumb	copy_save_from_iwram
0x08051C28	thumb	sub_08051C28
0x08051C34	thumb	nullsub_24
0x08051C38	thumb	sub_08051C38
0x08051C74	thumb	sub_08051C74
0x08051CF4	thumb	sub_08051CF4
0x08051F80	thumb	sub_08051F80
0x08052054	thumb	copy_save_to_iwram
0x08052088	thumb	sub_08052088
0x08052094	thumb	sub_08052094
0x080520A0	thumb	sub_080520A0
0x08052100	thumb	sub_08052100
0x08052128	thumb	sub_08052128
0x0805213C	thumb	sub_0805213C
0x0805217C	thumb	sub_0805217C
0x08052184	thumb	sub_08052184
0x080521A4	thumb	sub_080521A4
0x08052208	thumb	sub_08052208
0x080522A8	thumb	sub_080522A8
0x08052360	thumb	sub_08052360
0x080523B8	thumb	sub_080523B8
0x080523D4	thumb	sub_080523D4
0x0805244C	thumb	sub_0805244C
0x080524EC	thumb	sub_080524EC
0x0805255C	thumb	sub_0805255C
0x08052678	thumb	condenseInventory
0x0805270C	thumb	sub_0805270C
0x0805280C	thumb	sub_0805280C
0x08052864	thumb	sub_08052864
0x080528A0	thumb	sub_080528A0
0x08052964	thumb	sub_08052964
0x08052A64	thumb	sub_08052A64
0x08052AFC	thumb	sub_08052AFC
0x08052BE0	thumb	sub_08052BE0
0x08052CC4	thumb	sub_08052CC4
0x08052D1C	thumb	sub_08052D1C
0x08052DBC	thumb	sub_08052DBC
0x08052EA4	thumb	sub_08052EA4
0x08052EC0	thumb	sub_08052EC0
0x08052F74	thumb	sub_08052F74
0x08052F80	thumb	sub_08052F80
0x08052F9C	thumb	sub_08052F9C
0x08052FC8	thumb	sub_08052FC8
0x08053034	thumb	sub_08053034
0x08053148	thumb	sub_08053148
0x080531C8	thumb	sub_080531C8
0x08053234	thumb	sub_08053234
0x080532E0	thumb	sortPsi
0x08053384	thumb	loadSupportPsi
0x080533F0	thumb	loadOffensePsi
0x0805345C	thumb	loadAssistPsi
0x080534C8	thumb	navigate1DMenuChecked
0x08053598	thumb	navigateScrollingMenu
0x08053620	thumb	navigatePageableMenu
0x080536F8	thumb	sub_080536F8
0x08053754	thumb	navigateTabbedMenu
0x08053804	thumb	sub_08053804
0x08053968	thumb	navigateScrolling2DMenu
0x08053AC8	thumb	sub_08053AC8
0x08053C34	thumb	sub_08053C34
0x08053E98	thumb	getNonPlayablePartyMemberIndex
0x08053EEC	thumb	sub_08053EEC
0x08054108	thumb	sub_08054108
0x08054130	thumb	sub_08054130
0x08054200	thumb	sub_08054200
0x08054264	thumb	sub_08054264
0x080542FC	thumb	sub_080542FC
0x08054360	thumb	sub_08054360
0x0805438C	thumb	sub_0805438C
0x080543E8	thumb	sub_080543E8
0x080544F8	thumb	sub_080544F8
0x08054528	thumb	sub_08054528
0x08054558	thumb	sub_08054558
0x0805458C	thumb	sub_0805458C
0x080545C0	thumb	sub_080545C0
0x08054604	thumb	sub_08054604
0x08054640	thumb	sub_08054640
0x08054670	thumb	sub_08054670
0x08054694	thumb	sub_08054694
0x080546B0	thumb	numItemsInInventory
0x080546D8	thumb	sub_080546D8
0x08054720	thumb	sub_08054720
0x0805476C	thumb	sub_0805476C
0x080547A4	thumb	sub_080547A4
0x0805486C	thumb	sub_0805486C
0x0805493C	thumb	sub_0805493C
0x08054A90	thumb	sub_08054A90
0x08054B30	thumb	sub_08054B30
0x08054B74	thumb	sub_08054B74
0x08054BB8	thumb	buyItem
0x08054BE0	thumb	sub_08054BE0
0x08054CA4	thumb	sub_08054CA4
0x08054CDC	thumb	sub_08054CDC
0x08054EF4	thumb	sub_08054EF4
0x08054F34	thumb	isItemIdEquipment
0x08054F5C	thumb	getCharNameAlt
0x08054FB8	thumb	getCharName
0x08054FCC	thumb	getCharStats
0x08054FE0	thumb	getBufferedCharStats
0x08054FF0	thumb	sub_08054FF0
0x08055008	thumb	getCharIndexInParty
0x08055038	thumb	isCharUnconscious
0x0805504C	thumb	isCharStatsOverworldPlayable
0x08055068	thumb	sub_08055068
0x08055098	thumb	getEquippedItemIndex
0x080550D8	thumb	getInventoryIndex
0x08055104	thumb	sub_08055104
0x08055138	thumb	isItemIdEquipped
0x08055180	thumb	isEquipLytSet
0x08055190	thumb	setEquipLyt
0x080551B0	thumb	sub_080551B0
0x0805521C	thumb	refreshPartyEquipLyt
0x08055254	thumb	refreshEquipLyt
0x080552B8	thumb	clearEquipForEmptyItems
0x080552E4	thumb	sub_080552E4
0x0805534C	thumb	sub_0805534C
0x0805548C	thumb	sub_0805548C
0x08055558	thumb	sub_08055558
0x08055594	thumb	sub_08055594
0x08055694	thumb	sub_08055694
0x08055750	thumb	sub_08055750
0x08055788	thumb	sub_08055788
0x080557C0	thumb	sub_080557C0
0x080557F4	thumb	sub_080557F4
0x08055828	thumb	sub_08055828
0x0805585C	thumb	sub_0805585C
0x08055890	thumb	sub_08055890
0x080558CC	thumb	sub_080558CC
0x0805592C	thumb	sub_0805592C
0x0805597C	thumb	sub_0805597C
0x08055AB4	thumb	sub_08055AB4
0x08055B50	thumb	sub_08055B50
0x08055BE0	thumb	sub_08055BE0
0x08055C80	thumb	sub_08055C80
0x08055D20	thumb	sub_08055D20
0x08055D3C	thumb	sub_08055D3C
0x08055DA4	thumb	sub_08055DA4
0x08055E00	thumb	sub_08055E00
0x08055F44	thumb	sub_08055F44
0x08055FD4	thumb	setup_battle_music
0x0805601C	thumb	sub_0805601C
0x080560AC	thumb	sub_080560AC
0x080560F8	thumb	sub_080560F8
0x0805614C	thumb	sub_0805614C
0x08056160	thumb	sub_08056160
0x0805629C	thumb	sub_0805629C
0x08056334	thumb	sub_08056334
0x08056408	thumb	sub_08056408
0x080564C0	thumb	sub_080564C0
0x0805650C	thumb	sub_0805650C
0x08056534	thumb	sub_08056534
0x0805655C	thumb	sub_0805655C
0x08056584	thumb	sub_08056584
0x08056620	thumb	sub_08056620
0x08056740	thumb	sub_08056740
0x080567E0	thumb	sub_080567E0
0x0805685C	thumb	sub_0805685C
0x0805689C	thumb	sub_0805689C
0x080568D0	thumb	sub_080568D0
0x080568E0	thumb	sub_080568E0
0x080568F0	thumb	nullsub_08
0x080568F4	thumb	sub_080568F4
0x08056948	thumb	sub_08056948
0x080569A8	thumb	sub_080569A8
0x080569B4	thumb	nullsub_086
0x080569B8	thumb	nullsub_087
0x080569BC	thumb	sub_080569BC
0x08056A20	thumb	sub_08056A20
0x08056A4C	thumb	sub_08056A4C
0x08056A80	thumb	sub_08056A80
0x08056AF0	thumb	sub_08056AF0
0x08056B18	thumb	sub_08056B18
0x08056C8C	thumb	sub_08056C8C
0x08056CC0	thumb	sub_08056CC0
0x08056D78	thumb	sub_08056D78
0x08056E28	thumb	sub_08056E28
0x08056E68	thumb	sub_08056E68
0x08056F58	thumb	sub_08056F58
0x08056F6C	thumb	sub_08056F6C
0x08056FB0	thumb	sub_08056FB0
0x08056FBC	thumb	sub_08056FBC
0x08057044	thumb	sub_08057044
0x08057050	thumb	sub_08057050
0x0805708C	thumb	sub_0805708C
0x080570F0	thumb	sub_080570F0
0x08057110	thumb	sub_08057110
0x08057130	thumb	sub_08057130
0x08057150	thumb	sub_08057150
0x08057170	thumb	sub_08057170
0x08057204	thumb	sub_08057204
0x08057250	thumb	sub_08057250
0x08057290	thumb	sub_08057290
0x080572F8	thumb	sub_080572F8
0x0805734C	thumb	sub_0805734C
0x08057384	thumb	sub_08057384
0x080573B8	thumb	sub_080573B8
0x080573E4	thumb	sub_080573E4
0x08057424	thumb	sub_08057424
0x0805757C	thumb	nullsub_25
0x08057580	thumb	sub_08057580
0x08057668	thumb	sub_08057668
0x08057728	thumb	sub_08057728
0x08057760	thumb	sub_08057760
0x08057788	thumb	sub_08057788
0x080577B8	thumb	sub_080577B8
0x080577E8	thumb	sub_080577E8
0x080578B4	thumb	sub_080578B4
0x080578D0	thumb	sub_080578D0
0x080578F8	thumb	sub_080578F8
0x0805791C	thumb	sub_0805791C
0x080579E4	thumb	nullsub_088
0x080579E8	thumb	sub_080579E8
0x08057A14	thumb	sub_08057A14
0x08057A8C	thumb	sub_08057A8C
0x08057B2C	thumb	nullsub_089
0x08057B30	thumb	sub_08057B30
0x08057B54	thumb	sub_08057B54
0x08057BDC	thumb	sub_08057BDC
0x08057C6C	thumb	sub_08057C6C
0x08057CB4	thumb	sub_08057CB4
0x08057D04	thumb	sub_08057D04
0x08057D48	thumb	nullsub_90
0x08057D4C	thumb	sub_08057D4C
0x08057D8C	thumb	sub_08057D8C
0x08057DA0	thumb	sub_08057DA0
0x08057E08	thumb	sub_08057E08
0x08057E3C	thumb	sub_08057E3C
0x08057E70	thumb	sub_08057E70
0x08057ED0	thumb	sub_08057ED0
0x08057F70	thumb	nullsub_46
0x08057F74	thumb	sub_08057F74
0x08057F98	thumb	sub_08057F98
0x08057FB0	thumb	sub_08057FB0
0x08058068	thumb	sub_08058068
0x0805813C	thumb	sub_0805813C
0x080581F4	thumb	sub_080581F4
0x080582DC	thumb	sub_080582DC
0x080583A0	thumb	sub_080583A0
0x08058468	thumb	sub_08058468
0x080584AC	thumb	sub_080584AC
0x0805850C	thumb	sub_0805850C
0x08058538	thumb	sub_08058538
0x08058548	thumb	sub_08058548
0x080585C4	thumb	sub_080585C4
0x080585F0	thumb	nullsub_9
0x080585F4	thumb	nullsub_10
0x080585F8	thumb	sub_080585F8
0x08058614	thumb	sub_08058614
0x08058630	thumb	sub_08058630
0x08058640	thumb	nullsub_11
0x08058644	thumb	sub_08058644
0x08058698	thumb	sub_08058698
0x080586C8	thumb	sub_080586C8
0x08058710	thumb	nullsub_91
0x08058714	thumb	nullsub_92
0x08058718	thumb	sub_08058718
0x0805875C	thumb	sub_0805875C
0x08058790	thumb	sub_08058790
0x08058804	thumb	sub_08058804
0x08058810	thumb	sub_08058810
0x08058884	thumb	sub_08058884
0x08058A48	thumb	sub_08058A48
0x08058A80	thumb	sub_08058A80
0x08058B04	thumb	sub_08058B04
0x08058B14	thumb	sub_08058B14
0x08058BCC	thumb	sub_08058BCC
0x08058C54	thumb	sub_08058C54
0x08058CE4	thumb	sub_08058CE4
0x08058D08	thumb	sub_08058D08
0x08058D4C	thumb	sub_08058D4C
0x08058D74	thumb	sub_08058D74
0x08058D94	thumb	sub_08058D94
0x08058DA0	thumb	sub_08058DA0
0x08058E04	thumb	sub_08058E04
0x08058E34	thumb	sub_08058E34
0x08058FAC	thumb	sub_08058FAC
0x08058FE4	thumb	sub_08058FE4
0x08059094	thumb	sub_08059094
0x080590E4	thumb	sub_080590E4
0x08059128	thumb	sub_08059128
0x080591BC	thumb	sub_080591BC
0x080592A8	thumb	sub_080592A8
0x0805931C	thumb	sub_0805931C
0x08059358	thumb	sub_08059358
0x080593B8	thumb	sub_080593B8
0x08059404	thumb	sub_08059404
0x08059500	thumb	sub_08059500
0x08059548	thumb	sub_08059548
0x08059594	thumb	sub_08059594
0x080595D8	thumb	sub_080595D8
0x08059608	thumb	sub_08059608
0x080596A0	thumb	sub_080596A0
0x0805980C	thumb	checkSoftReset
0x08059828	thumb	sub_08059828
0x08059840	thumb	sub_08059840
0x08059898	thumb	sub_08059898
0x08059940	thumb	sub_08059940
0x080599A8	thumb	sub_080599A8
0x080599F4	thumb	sub_080599F4
0x08059A8C	thumb	sub_08059A8C
0x08059B00	thumb	nullsub_12
0x08059B04	thumb	sub_08059B04
0x08059B10	thumb	sub_08059B10
0x08059B30	thumb	sub_08059B30
0x08059B88	thumb	sub_08059B88
0x08059BE4	thumb	sub_08059BE4
0x08059C34	thumb	sub_08059C34
0x08059C50	thumb	sub_08059C50
0x08059D80	thumb	sub_08059D80
0x08059E18	thumb	sub_08059E18
0x08059E44	thumb	sub_08059E44
0x08059F6C	thumb	sub_08059F6C
0x08059FD8	thumb	sub_08059FD8
0x0805A0A0	thumb	sub_0805A0A0
0x0805A1A0	thumb	sub_0805A1A0
0x0805A200	thumb	sub_0805A200
0x0805A2A0	thumb	sub_0805A2A0
0x0805A2C8	thumb	sub_0805A2C8
0x0805A2DC	thumb	sub_0805A2DC
0x0805A2F4	thumb	sub_0805A2F4
0x0805A310	thumb	sub_0805A310
0x0805A378	thumb	sub_0805A378
0x0805A408	thumb	sub_0805A408
0x0805A418	thumb	sub_0805A418
0x0805A464	thumb	sub_0805A464
0x0805A484	thumb	nullsub_93
0x0805A488	thumb	sub_0805A488
0x0805A4BC	thumb	sub_0805A4BC
0x0805A508	thumb	sub_0805A508
0x0805A520	thumb	sub_0805A520
0x0805A568	thumb	sub_0805A568
0x0805A638	thumb	sub_0805A638
0x0805A778	thumb	sub_0805A778
0x0805A800	thumb	sub_0805A800
0x0805A844	thumb	sub_0805A844
0x0805A904	thumb	sub_0805A904
0x0805A9BC	thumb	sub_0805A9BC
0x0805AA90	thumb	sub_0805AA90
0x0805AB48	thumb	sub_0805AB48
0x0805AC30	thumb	sub_0805AC30
0x0805ACF4	thumb	sub_0805ACF4
0x0805AD24	thumb	sub_0805AD24
0x0805AD48	thumb	sub_0805AD48
0x0805AD54	thumb	sub_0805AD54
0x0805ADBC	thumb	sub_0805ADBC
0x0805AE4C	thumb	sub_0805AE4C
0x0805AE64	thumb	sub_0805AE64
0x0805AE94	thumb	sub_0805AE94
0x0805AEE0	thumb	sub_0805AEE0
0x0805AEEC	thumb	sub_0805AEEC
0x0805AF34	thumb	sub_0805AF34
0x0805AFCC	thumb	sub_0805AFCC
0x0805B0DC	thumb	sub_0805B0DC
0x0805B138	thumb	sub_0805B138
0x0805B1F0	thumb	sub_0805B1F0
0x0805B2C4	thumb	sub_0805B2C4
0x0805B37C	thumb	sub_0805B37C
0x0805B464	thumb	sub_0805B464
0x0805B528	thumb	sub_0805B528
0x0805B5F4	thumb	sub_0805B5F4
0x0805B640	thumb	sub_0805B640
0x0805B648	thumb	sub_0805B648
0x0805B65C	thumb	sub_0805B65C
0x0805B670	thumb	sub_0805B670
0x0805B6BC	thumb	sub_0805B6BC
0x0805B708	thumb	sub_0805B708
0x0805B714	thumb	sub_0805B714
0x0805B740	thumb	sub_0805B740
0x0805B76C	thumb	sub_0805B76C
0x0805B79C	thumb	sub_0805B79C
0x0805B7CC	thumb	nullsub_94
0x0805B7D0	thumb	nullsub_13
0x0805B7D4	thumb	sub_0805B7D4
0x0805B810	thumb	sub_0805B810
0x0805B8D0	thumb	sub_0805B8D0
0x0805B99C	thumb	sub_0805B99C
0x0805B9AC	thumb	init_battle
0x0805B9F4	thumb	sub_0805B9F4
0x0805BA98	thumb	sub_0805BA98
0x0805BAD4	thumb	sub_0805BAD4
0x0805BAF4	thumb	sub_0805BAF4
0x0805BB14	thumb	sub_0805BB14
0x0805BB34	thumb	sub_0805BB34
0x0805BC8C	thumb	sub_0805BC8C
0x0805C0A0	thumb	sub_0805C0A0
0x0805C0B4	thumb	sub_0805C0B4
0x0805C0CC	thumb	sub_0805C0CC
0x0805C0F0	thumb	sub_0805C0F0
0x0805C114	thumb	sub_0805C114
0x0805C168	thumb	sub_0805C168
0x0805C178	thumb	sub_0805C178
0x0805C1A8	thumb	getNeededXP
0x0805C1DC	thumb	ch_has_psi
0x0805C21C	thumb	sub_0805C21C
0x0805C248	thumb	sub_0805C248
0x0805C2AC	thumb	sub_0805C2AC
0x0805C300	thumb	setPsiLearned
0x0805C364	thumb	isPsiLearned
0x0805C3B8	thumb	sub_0805C3B8
0x0805C458	thumb	sub_0805C458
0x0805C518	thumb	ch_is_lucas
0x0805C530	thumb	ch_is_kumatora
0x0805C548	thumb	sub_0805C548
0x0805C58C	thumb	sub_0805C58C
0x0805C5B8	thumb	sub_0805C5B8
0x0805C7F0	thumb	sub_0805C7F0
0x0805C7F8	thumb	sub_0805C7F8
0x0805C82C	thumb	sub_0805C82C
0x0805C850	thumb	sub_0805C850
0x0805C888	thumb	sub_0805C888
0x0805C894	thumb	sub_0805C894
0x0805C8AC	thumb	sub_0805C8AC
0x0805CB78	thumb	sub_0805CB78
0x0805CBE0	thumb	sub_0805CBE0
0x0805CC10	thumb	sub_0805CC10
0x0805CC4C	thumb	sub_0805CC4C
0x0805CC5C	thumb	sub_0805CC5C
0x0805CCA4	thumb	sub_0805CCA4
0x0805CCDC	thumb	sub_0805CCDC
0x0805CD30	thumb	sub_0805CD30
0x0805CDD8	thumb	sub_0805CDD8
0x0805CE34	thumb	sub_0805CE34
0x0805CE5C	thumb	sub_0805CE5C
0x0805CE74	thumb	sub_0805CE74
0x0805D06C	thumb	sub_0805D06C
0x0805D140	thumb	sub_0805D140
0x0805D154	thumb	sub_0805D154
0x0805D178	thumb	sub_0805D178
0x0805D1AC	thumb	sub_0805D1AC
0x0805D210	thumb	setRNG__Fi
0x0805D21C	thumb	shuffleRNG__Fv
0x0805D234	thumb	randRange__Fii
0x0805D260	thumb	sub_0805D260
0x0805D2A4	thumb	__6ResPtr
0x0805D2B4	thumb	_._6ResPtr
0x0805D2D4	thumb	set__6ResPtrR6ResPtr
0x0805D2DC	thumb	type__C6ResPtr
0x0805D2F0	thumb	LoadRes
0x0805D328	thumb	init__15SystemAllocatorP3FitUi
0x0805D350	thumb	instance__15SystemAllocator
0x0805D35C	thumb	destroy__15SystemAllocator
0x0805D380	thumb	__15SystemAllocatorP3FitUi
0x0805D3A0	thumb	_._15SystemAllocator
0x0805D3B4	thumb	__builtin_new
0x0805D3C8	thumb	__builtin_vec_new
0x0805D3DC	thumb	__nw__FUlPv
0x0805D3E0	thumb	__builtin_delete
0x0805D3F4	thumb	__builtin_vec_delete
0x0805D408	thumb	manager__13SystemManager
0x0805D410	thumb	makeInstance__13SystemManager
0x0805D440	thumb	get__13SystemManager
0x0805D44C	thumb	destroy__13SystemManager
0x0805D488	thumb	getRTTI__6System
0x0805D494	thumb	__6System
0x0805D568	thumb	_._6System
0x0805D5BC	thumb	getHandle__6System
0x0805D5C0	thumb	sub_0805D5C0__6System
0x0805D5D0	thumb	sub_0805D5D0__6System
0x0805D604	thumb	sub_0805D604__6System
0x0805D638	thumb	sub_0805D638__6System
0x0805D64C	thumb	getGameProgression__6System
0x0805D6F8	thumb	sub_0805D6F8__6Systemi
0x0805D74C	thumb	system_callback__FP6System
0x0805D768	thumb	checkResetKeys__6System
0x0805D784	thumb	_GLOBAL_.I.setRNG__Fi
0x0805D7A0	thumb	get__14RoundBeginRTTI
0x0805D7A8	thumb	getRTTI__10RoundBegin
0x0805D7B4	thumb	get__12RoundEndRTTI
0x0805D7BC	thumb	getRTTI__8RoundEnd
0x0805D7C8	thumb	get__17UnitTurnBeginRTTI
0x0805D7D0	thumb	getRTTI__13UnitTurnBegin
0x0805D7DC	thumb	get__15UnitTurnEndRTTI
0x0805D7E4	thumb	getRTTI__11UnitTurnEnd
0x0805D7F0	thumb	get__17ShowDownAsWinRTTI
0x0805D7F8	thumb	getRTTI__13ShowDownAsWin
0x0805D804	thumb	get__20ShowDownAsEscapeRTTI
0x0805D80C	thumb	getRTTI__16ShowDownAsEscape
0x0805D818	thumb	get__18ShowDownAsLoseRTTI
0x0805D820	thumb	getRTTI__14ShowDownAsLose
0x0805D82C	thumb	manager__13BattleManager
0x0805D834	thumb	makeInstance__13BattleManager
0x0805D874	thumb	get__13BattleManager
0x0805D880	thumb	destroy__13BattleManager
0x0805D8BC	thumb	getRTTI__6Battle
0x0805D8C8	thumb	sub_0805D8C8
0x0805D8FC	thumb	__6BattleUs
0x0805DB84	thumb	dt__6Battle
0x0805DC1C	thumb	sub_0805DC1C__6Battle
0x0805DC6C	thumb	battle_128__6Battle
0x0805DDE4	thumb	battle_130__6Battle
0x0805DDF4	thumb	battle_68__6Battle
0x0805DE20	thumb	battle_70__6Battle
0x0805DE24	thumb	battle_78__6Battle
0x0805DEB0	thumb	battle_80__6Battle
0x0805DEDC	thumb	battle_88__6Battle
0x0805DF00	thumb	battle_90__6Battle
0x0805E0EC	thumb	battle_98__6Battle
0x0805E1BC	thumb	battle_a0__6Battle
0x0805E2B0	thumb	battle_a8__6Battle
0x0805E338	thumb	getNextPlayer__6BattleP4Unit
0x0805E390	thumb	tryKillPlayer__6BattleP4Unit
0x0805E428	thumb	battle_b0__6Battle
0x0805E454	thumb	battle_b8__6BattleP4Unit
0x0805E510	thumb	battle_c0__6Battle
0x0805E59C	thumb	battle_c8__6BattleUc
0x0805E664	thumb	battle_d0__6Battle
0x0805E668	thumb	battle_d8__6Battle
0x0805E66C	thumb	battle_e0__6Battle
0x0805E670	thumb	setBattleResult__6Battleib
0x0805E690	thumb	battle_e8__6Battle
0x0805E700	thumb	onWin__6Battle
0x0805E808	thumb	sub_0805E808__6Battle
0x0805E8A4	thumb	onEscape__6Battle
0x0805E8F0	thumb	onLose__6Battle
0x0805E9BC	thumb	sub_0805E9BC__6Battle
0x0805E9EC	thumb	battle_108__6Battle
0x0805EA38	thumb	battle_110__6Battle
0x0805EA5C	thumb	battle_118__6Battle
0x0805EA78	thumb	battle_120__6Battle
0x0805EA7C	thumb	battle_138__6Battle
0x0805EA80	thumb	battle_140__6Battle
0x0805EA84	thumb	battle_148__6Battle
0x0805EA88	thumb	battle_150__6Battle
0x0805EA8C	thumb	battle_158__6Battle
0x0805EA90	thumb	battle_160__6Battle
0x0805EAA8	thumb	battle_168__6Battle
0x0805EAC4	thumb	isFightBoss__6Battle
0x0805EADC	thumb	battleGroup__6Battle
0x0805EAF0	thumb	battle_180__6Battle
0x0805EB08	thumb	battle_188__6Battle
0x0805EB24	thumb	battle_190__6Battle
0x0805EB38	thumb	battle_198__6Battle
0x0805EB4C	thumb	battle_1a0__6Battle
0x0805EB60	thumb	battle_1a8__6Battle
0x0805EC00	thumb	isBattleWon__6Battle
0x0805EC14	thumb	roundNo__6Battle
0x0805EC18	thumb	battle_1c0__6Battle
0x0805EC2C	thumb	battle_1c8__6Battle
0x0805EC40	thumb	battle_1d0__6Battle
0x0805EC54	thumb	isBattleLost__6Battle
0x0805EC68	thumb	battle_1e0__6Battle
0x0805EC7C	thumb	battle_1e8__6Battle
0x0805ED14	thumb	battle_1f0__6Battle
0x0805EDAC	thumb	battle_1f8__6Battle
0x0805EDB0	thumb	battle_200__6Battle
0x0805EDB8	thumb	battle_208__6Battle
0x0805EDBC	thumb	battle_210__6Battle
0x0805EDC0	thumb	partyInfo__6Battle
0x0805EDC4	thumb	guestInfo__6Battle
0x0805EDC8	thumb	monsterInfo__6Battle
0x0805EDCC	thumb	battle_230__6Battle
0x0805EDD0	thumb	battle_238__6Battle
0x0805EDD4	thumb	nullsub_95
0x0805EDD8	thumb	_GLOBAL_I_BattleManager
0x0805EE80	thumb	__6Battle
0x0805EEA0	thumb	u__11UnitTurnEnd
0x0805EEA4	thumb	__11UnitTurnEndP4Unit
0x0805EEC0	thumb	__11UnitTurnEnd
0x0805EED8	thumb	u__13UnitTurnBegin
0x0805EEDC	thumb	__13UnitTurnBeginP4Unit
0x0805EEF8	thumb	__13UnitTurnBegin
0x0805EF10	thumb	t___8RoundEnd
0x0805EF14	thumb	__8RoundEndUs
0x0805EF34	thumb	__8RoundEnd
0x0805EF50	thumb	t__10RoundBegin
0x0805EF54	thumb	__10RoundBeginUs
0x0805EF74	thumb	__10RoundBegin
0x0805EF90	thumb	init__13BattleFactory
0x0805EFEC	thumb	put__13BattleFactoryUsPFUs_Pv
0x0805EFFC	thumb	create__13BattleFactoryUs
0x0805F018	thumb	sub_0805F018
0x0805F0C4	thumb	nullsub_26
0x0805F0C8	thumb	sub_0805F0C8
0x0805F0FC	thumb	sub_0805F0FC
0x0805F134	thumb	sub_0805F134
0x0805F138	thumb	sub_0805F138
0x0805F140	thumb	sub_0805F140
0x0805F1C0	thumb	sub_0805F1C0
0x0805F448	thumb	sub_0805F448
0x0805F478	thumb	sub_0805F478
0x0805F624	thumb	sub_0805F624
0x0805F6B0	thumb	sub_0805F6B0
0x0805F788	thumb	sub_0805F788
0x0805F83C	thumb	sub_0805F83C
0x0805F840	thumb	sub_0805F840
0x0805F860	thumb	sub_0805F860
0x0805F8E8	thumb	sub_0805F8E8
0x0805F95C	thumb	sub_0805F95C
0x0805F98C	thumb	sub_0805F98C
0x0805FA48	thumb	sub_0805FA48
0x0805FA8C	thumb	sub_0805FA8C
0x0805FB30	thumb	sub_0805FB30
0x0805FBA8	thumb	sub_0805FBA8
0x0805FC18	thumb	sub_0805FC18
0x0805FC88	thumb	sub_0805FC88
0x0805FCF8	thumb	sub_0805FCF8
0x0805FE30	thumb	sub_0805FE30
0x08060038	thumb	sub_08060038
0x08060340	thumb	sub_08060340
0x080604CC	thumb	sub_080604CC
0x08060664	thumb	sub_08060664
0x080608BC	thumb	sub_080608BC
0x08060A48	thumb	sub_08060A48
0x08060AE8	thumb	sub_08060AE8
0x08060AEC	thumb	sub_08060AEC
0x08060AF8	thumb	sub_08060AF8
0x08060AFC	thumb	sub_08060AFC
0x08060B08	thumb	sub_08060B08
0x08060B0C	thumb	sub_08060B0C
0x08060B14	thumb	sub_08060B14
0x08060B20	thumb	sub_08060B20
0x08060B54	thumb	tellExperience
0x08060CF8	thumb	metalMonkeyCheck
0x08060D78	thumb	sub_08060D78
0x08060DA0	thumb	sub_08060DA0
0x08060DC0	thumb	sub_08060DC0
0x08060DE0	thumb	sub_08060DE0
0x08060E0C	thumb	sub_08060E0C
0x08060E1C	thumb	sub_08060E1C
0x08060E34	thumb	sub_08060E34
0x08060E38	thumb	sub_08060E38
0x08060E70	thumb	sub_08060E70
0x08060E80	thumb	sub_08060E80
0x08060E8C	thumb	sub_08060E8C
0x08060EAC	thumb	sub_08060EAC
0x08060EB0	thumb	sub_08060EB0
0x08060ED4	thumb	sub_08060ED4
0x08060F7C	thumb	sub_08060F7C
0x08060F80	thumb	init__13PlayerFactory
0x08060FF4	thumb	put__13PlayerFactoryUsPFUsUs_Pv
0x08061004	thumb	create__13PlayerFactoryUsUs
0x08061024	thumb	sub_08061024
0x08061048	thumb	sub_08061048
0x0806105C	thumb	tellPresent
0x0806124C	thumb	druggedPresentCheck
0x080612FC	thumb	reqInventorySlot
0x08061338	thumb	tellPlayerInventoryFull
0x08061400	thumb	throwAwayItem
0x08061678	thumb	sub_08061678
0x080616C4	thumb	sub_080616C4
0x0806176C	thumb	checkGiveUpItem
0x0806188C	thumb	tellGaveUpItem
0x08061954	thumb	sub_08061954
0x08061974	thumb	init__18PlayerSkillFactory
0x08061A3C	thumb	put__18PlayerSkillFactoryUsPFUsP4Unit_Pv
0x08061A4C	thumb	create__18PlayerSkillFactoryUsP4Unit
0x08061A68	thumb	sub_08061A68
0x08061AE8	thumb	sub_08061AE8
0x08061B30	thumb	sub_08061B30
0x08061B94	thumb	sub_08061B94
0x08061C0C	thumb	sub_08061C0C
0x08061C1C	thumb	sub_08061C1C
0x08061CC8	thumb	sub_08061CC8
0x08061DE4	thumb	sub_08061DE4
0x08061DE8	thumb	sub_08061DE8
0x08061DF4	thumb	battle_end_callback__FP5Guest
0x08061E0C	thumb	get__9GuestRTTI
0x08061E14	thumb	getRTTI__5Guest
0x08061E20	thumb	getName__FUi
0x08061E4C	thumb	__5GuestUs
0x08061F3C	thumb	setupStats__5Guest
0x08062034	thumb	_._5Guest
0x08062050	thumb	onTurn__5Guest
0x080620DC	thumb	guest_2c0__5Guest
0x080620E0	thumb	guest_2e8__5GuestP6Action
0x0806217C	thumb	unit_178__5Guest
0x08062180	thumb	id__C5Guest
0x08062188	thumb	name__C5Guest
0x0806219C	thumb	level__C5Guest
0x080621A4	thumb	attackSfx__5Guest
0x080621A8	thumb	critSfx__5Guest
0x080621AC	thumb	missSfx__5Guest
0x080621B0	thumb	guest_callback1__FP5Guest
0x080621CC	thumb	onRoundBegin__5Guest
0x080621D0	thumb	guest_callback2__FP5Guest
0x080621EC	thumb	onRoundEnd__5Guest
0x080621F0	thumb	_GLOBAL_.I.battle_end_callback__FP5Guest
0x0806220C	thumb	object_68__5Guest
0x08062210	thumb	object_60__5Guest
0x08062214	thumb	object_58__5Guest
0x08062218	thumb	object_50__5Guest
0x08062220	thumb	object_48__5Guest
0x08062224	thumb	object_40__5Guest
0x0806222C	thumb	object_38__5Guest
0x08062234	thumb	imposter_object_38__5Guest
0x0806223C	thumb	object_30__5Guest
0x08062240	thumb	object_28__5Guest
0x08062244	thumb	object_20__5Guest
0x08062248	thumb	object_18__5Guest
0x0806224C	thumb	object_10__5Guest
0x08062250	thumb	object_8__5Guesti
0x08062254	thumb	__5Guest
0x08062274	thumb	init__12GuestFactory
0x080622DC	thumb	put__12GuestFactoryUsPFUs_Pv
0x080622EC	thumb	create__12GuestFactoryUs
0x08062308	thumb	init__17GuestSkillFactory
0x08062358	thumb	put__17GuestSkillFactoryUsPFUsP4Unit_Pv
0x08062368	thumb	create__17GuestSkillFactoryUsP4Unit
0x08062384	thumb	MonsterInfo_ct
0x08062448	thumb	sub_08062448
0x080625A4	thumb	sub_080625A4
0x080626D4	thumb	sub_080626D4
0x080627A4	thumb	sub_080627A4
0x08062818	thumb	sub_08062818
0x08062894	thumb	sub_08062894
0x08062910	thumb	sub_08062910
0x0806298C	thumb	sub_0806298C
0x08062A08	thumb	sub_08062A08
0x08062AD0	thumb	sub_08062AD0
0x08062DB0	thumb	sub_08062DB0
0x08062E7C	thumb	sub_08062E7C
0x080630D8	thumb	sub_080630D8
0x080632E4	thumb	sub_080632E4
0x08063478	thumb	sub_08063478
0x08063710	thumb	sub_08063710
0x080638BC	thumb	sub_080638BC
0x080638D8	thumb	sub_080638D8
0x080638DC	thumb	sub_080638DC
0x080638E8	thumb	sub_080638E8
0x080638F0	thumb	sub_080638F0
0x080638FC	thumb	sub_080638FC
0x08063904	thumb	sub_08063904
0x0806390C	thumb	sub_0806390C
0x08063914	thumb	sub_08063914
0x0806391C	thumb	sub_0806391C
0x08063924	thumb	sub_08063924
0x0806392C	thumb	sub_0806392C
0x08063934	thumb	sub_08063934
0x0806393C	thumb	sub_0806393C
0x08063944	thumb	sub_08063944
0x0806395C	thumb	sub_0806395C
0x08063960	thumb	sub_08063960
0x08063998	thumb	__15struct_08063998
0x080639A8	thumb	sub_080639A8
0x080639B4	thumb	_._15struct_08063998
0x080639D4	thumb	sub_080639D4
0x080639D8	thumb	sub_080639D8
0x080639FC	thumb	sub_080639FC
0x08063A90	thumb	sub_08063A90
0x08063AD0	thumb	init__14MonsterFactory
0x08063EB4	thumb	put__14MonsterFactoryUsUs_Pv
0x08063EC4	thumb	create__14MonsterFactoryUsUs
0x08063EE4	thumb	init__19MonsterSkillFactory
0x08064564	thumb	put__19MonsterSkillFactoryUsP4Unit_Pv
0x08064574	thumb	create__19MonsterSkillFactoryUsP4Unit
0x08064590	thumb	init__13StatusFactory
0x08064808	thumb	put__13StatusFactoryUsP4Unit_Pv
0x08064818	thumb	create__13StatusFactoryUsP4Unit
0x08064834	thumb	init__10PsiFactory
0x08064940	thumb	put__10PsiFactoryUsPFUsP4Unit_Pv
0x08064950	thumb	create__10PsiFactoryUsP4Unit
0x0806496C	thumb	get__9GoodsRTTI
0x08064974	thumb	getRTTI__5Goods
0x08064980	thumb	getName__5GoodsUs
0x080649AC	thumb	__5GoodsUsP4UnitUs
0x080649E8	thumb	_._5Goods
0x080649FC	thumb	fire__5Goods
0x08064A3C	thumb	action_150__5Goods
0x08064B0C	thumb	action_1c0__5Goods
0x08064B20	thumb	id__C5Goods
0x08064B28	thumb	goods_2a0__C5Goods
0x08064B30	thumb	name__C5Goods
0x08064B60	thumb	action_1d8__C5Goods
0x08064C50	thumb	action_1e0__5Goods
0x08064C54	thumb	effect__C5Goods
0x08064C5C	thumb	element__C5Goods
0x08064C64	thumb	target__C5Goods
0x08064C70	thumb	attackMult__C5Goods
0x08064C78	thumb	healLo__C5Goods
0x08064C80	thumb	healHi__C5Goods
0x08064C88	thumb	ailment__C5Goods
0x08064C90	thumb	ailmentChance__C5Goods
0x08064C98	thumb	hasAction__C5Goods
0x08064CAC	thumb	priority__C5Goods
0x08064CB4	thumb	getUseMessage__C5Goods
0x08064D68	thumb	calcMessage__C5GoodsUs
0x08064E20	thumb	getForceUseMessage__C5Goods
0x08064E98	thumb	hasDim__C5Goods
0x08064EAC	thumb	animNo__C5Goods
0x08064EB4	thumb	successAnimNo__C5Goods
0x08064EBC	thumb	critAnimNo__C5Goods
0x08064F00	thumb	sfxNo__C5Goods
0x08064F08	thumb	hitChance__C5Goods
0x08064F14	thumb	critChance__C5Goods
0x08064F1C	thumb	redirectable__C5Goods
0x08064F30	thumb	action_288__5Goods
0x08064F34	thumb	action_290__5Goods
0x08064F38	thumb	action_298__5Goods
0x08064F3C	thumb	goods_2c0__5Goods
0x08064F98	thumb	type__C5Goods
0x08064FA0	thumb	isConsumable__C5GoodsP4Unit
0x08064FB8	thumb	isKeyItem__C5Goods
0x08064FCC	thumb	_GLOBAL_.I.MonsterInfo_ct
0x08064FE8	thumb	__5Goods
0x08065014	thumb	init__12GoodsFactory
0x08065138	thumb	put__12GoodsFactoryUsPFUsP4UnitUs_Pv
0x08065148	thumb	create__12GoodsFactoryUsP4UnitUs
0x08065168	thumb	sub_08065168
0x08065194	thumb	sub_08065194
0x080651A4	thumb	sub_080651A4__FUsP4Unit
0x080651C0	thumb	__13UnnamedSndMon
0x080652A8	thumb	sub_080652A8
0x080652DC	thumb	sub_080652DC
0x080652E4	thumb	sub_080652E4
0x080652E8	thumb	sub_080652E8
0x080652EC	thumb	sub_080652EC
0x080652F4	thumb	sub_080652F4
0x080652F8	thumb	sub_080652F8
0x080652FC	thumb	sub_080652FC
0x08065344	thumb	sub_08065344
0x08065348	thumb	sub_08065348
0x0806536C	thumb	sub_0806536C
0x080653C4	thumb	sub_080653C4
0x08065514	thumb	sub_08065514
0x080655B0	thumb	sub_080655B0
0x080655D4	thumb	sub_080655D4
0x080655FC	thumb	__9AutoComboUiRC11ComboRhythm
0x08065738	thumb	sub_08065738
0x08065768	thumb	sub_08065768
0x08065780	thumb	sub_08065780
0x08065798	thumb	sub_08065798
0x08065834	thumb	sub_08065834
0x08065864	thumb	__15AutoComboResultUiRC11ComboRhythm
0x0806598C	thumb	sub_0806598C
0x080659BC	thumb	sub_080659BC
0x08065A50	thumb	sub_08065A50
0x08065A80	thumb	sub_08065A80
0x08065A94	thumb	sub_08065A94
0x08065AF0	thumb	sub_08065AF0
0x08065B34	thumb	sub_08065B34
0x08065C24	thumb	sub_08065C24
0x08065C28	thumb	sub_08065C28
0x08065C34	thumb	sub_08065C34
0x08065CCC	thumb	sub_08065CCC
0x08065D40	thumb	sub_08065D40
0x08065D60	thumb	manager__13SndMonManager
0x08065D68	thumb	makeInstance__13SndMonManager
0x08065D98	thumb	get__13SndMonManager
0x08065DA4	thumb	destroy__13SndMonManager
0x08065DE0	thumb	getRTTI__6SndMon
0x08065DEC	thumb	__6SndMon
0x08065F98	thumb	dt__6SndMon
0x08066004	thumb	sub_08066004
0x0806609C	thumb	sub_0806609C
0x08066108	thumb	sub_08066108
0x0806616C	thumb	sub_0806616C
0x080661DC	thumb	sub_080661DC
0x0806624C	thumb	sub_0806624C
0x08066250	thumb	sub_08066250
0x08066254	thumb	sub_08066254
0x08066258	thumb	sub_08066258
0x0806625C	thumb	sub_0806625C
0x08066278	thumb	_GLOBAL_I_SndMonManager
0x08066294	thumb	sub_08066294
0x080662B0	thumb	sub_080662B0
0x080662C4	thumb	sub_080662C4
0x080662EC	thumb	sub_080662EC
0x08066334	thumb	sub_08066334
0x0806638C	thumb	sub_0806638C
0x080663CC	thumb	sub_080663CC
0x080663D4	thumb	sub_080663D4
0x080663D8	thumb	sub_080663D8
0x080663E0	thumb	sub_080663E0
0x08066410	thumb	sub_08066410
0x08066444	thumb	sub_08066444
0x08066518	thumb	sub_08066518
0x08066584	thumb	sub_08066584
0x080666F4	thumb	sub_080666F4
0x08066738	thumb	nullsub_29
0x0806673C	thumb	sub_0806673C
0x08066E6C	thumb	sub_08066E6C
0x08066F64	thumb	sub_08066F64
0x08066FB0	thumb	sub_08066FB0
0x08066FD4	thumb	sub_08066FD4
0x08066FF8	thumb	sub_08066FF8
0x0806701C	thumb	sub_0806701C
0x08067040	thumb	sub_08067040
0x080670C0	thumb	sub_080670C0
0x080670FC	thumb	sub_080670FC
0x08067144	thumb	sub_08067144
0x0806718C	thumb	sub_0806718C
0x080671B8	thumb	sub_080671B8
0x080671E4	thumb	sub_080671E4
0x080672A0	thumb	sub_080672A0
0x080672EC	thumb	sub_080672EC
0x08067304	thumb	sub_08067304
0x08067438	thumb	sub_08067438
0x08067D8C	thumb	sub_08067D8C
0x08067F08	thumb	sub_08067F08
0x08067F54	thumb	sub_08067F54
0x08067FB4	thumb	sub_08067FB4
0x08068014	thumb	sub_08068014
0x08068084	thumb	sub_08068084
0x080680AC	thumb	sub_080680AC
0x080680D4	thumb	sub_080680D4
0x080680F8	thumb	sub_080680F8
0x0806811C	thumb	sub_0806811C
0x08068134	thumb	sub_08068134
0x0806815C	thumb	sub_0806815C
0x08068198	thumb	sub_08068198
0x080681E0	thumb	sub_080681E0
0x08068228	thumb	sub_08068228
0x08068254	thumb	sub_08068254
0x08068280	thumb	sub_08068280
0x08068334	thumb	sub_08068334
0x08068380	thumb	sub_08068380
0x08068398	thumb	sub_08068398
0x08068408	thumb	sub_08068408
0x08068474	thumb	sub_08068474
0x08068674	thumb	sub_08068674
0x08068718	thumb	sub_08068718
0x0806871C	thumb	sub_0806871C
0x08068734	thumb	sub_08068734
0x08068770	thumb	__9SARHandle
0x080687AC	thumb	_._9SARHandle
0x080687C0	thumb	sub_080687C0
0x080687DC	thumb	sub_080687DC
0x080688B0	thumb	sub_080688B0
0x08068914	thumb	get__Q29Singleton9Allocator
0x08068938	thumb	__9Singleton
0x08068978	thumb	sub_08068978__9Singleton
0x080689B4	thumb	__4Base
0x080689D4	thumb	_._4Base
0x08068A40	thumb	base_5c__4Base
0x08068A6C	thumb	getRTTI__4Base
0x08068A70	thumb	base_1c__4Base
0x08068A74	thumb	base_24__4Base
0x08068A78	thumb	base_2c__4Base
0x08068A7C	thumb	base_34__4Base
0x08068A80	thumb	listen__4BasePvRC4BaseG9ClockData
0x08068D94	thumb	base_44__4Base
0x08068DA0	thumb	base_4c__4BasePvRC4BaseG9ClockData
0x08068EA0	thumb	emit__4BaseRC4Base
0x08068FC4	thumb	releaseIncoming__4Base
0x08069084	thumb	releaseOutgoing__4Base
0x08069124	thumb	clearNullOutgoing__4Base
0x08069190	thumb	sub_08069190
0x080691A0	thumb	sub_080691A0
0x080691B0	thumb	sub_080691B0
0x080691C0	thumb	divck
0x080691D0	thumb	modck
0x080691E0	thumb	sub_080691E0
0x08069230	thumb	sub_08069230
0x08069258	thumb	sub_08069258
0x08069280	thumb	sub_08069280
0x08069290	thumb	sub_08069290
0x080692A0	thumb	sub_080692A0
0x080692B0	thumb	sub_080692B0
0x080692C0	thumb	seedMT
0x08069318	thumb	randomMT
0x08069454	thumb	randS32_
0x08069474	thumb	sub_08069474
0x08069488	thumb	sub_08069488
0x080694AC	thumb	sub_080694AC
0x080694C8	thumb	sub_080694C8
0x08069520	thumb	sub_08069520
0x08069538	thumb	sub_08069538
0x08069558	thumb	sub_08069558
0x08069594	thumb	sub_08069594
0x080695A4	thumb	sub_080695A4
0x080695BC	thumb	sub_080695BC
0x080695D4	thumb	sub_080695D4
0x08069600	thumb	sub_08069600
0x08069604	thumb	sub_08069604
0x08069608	thumb	__12FitAllocatorUiP3Fit
0x08069634	thumb	_._12FitAllocator
0x080696C4	thumb	malloc__12FitAllocatorUi
0x08069754	thumb	free__12FitAllocatorPv
0x080697AC	thumb	defragment__12FitAllocator
0x080697D4	thumb	bytesRemaining__12FitAllocator
0x080697F4	thumb	check__12FitAllocator
0x08069838	thumb	getInfo__12FitAllocator
0x0806988C	thumb	manager__10IrcManager
0x08069894	thumb	makeInstance__10IrcManager
0x080698C4	thumb	get__10IrcManager
0x080698D0	thumb	destroy__10IrcManager
0x0806990C	thumb	getRTTI__3Irc
0x08069918	thumb	__3Irc
0x0806994C	thumb	_._3Irc
0x08069984	thumb	init__3IrcP8IrqTable
0x08069A18	thumb	disableAll__3Irc
0x08069A2C	thumb	enableAll__3Irc
0x08069A50	thumb	sub_08069A50__3IrcUiG5Intr2
0x08069A88	thumb	sub_08069A88__3IrcUiG5Intr2
0x08069AC0	thumb	sub_08069AC0__3IrcUiG5Intr2
0x08069AF8	thumb	sub_08069AF8__3IrcUi
0x08069B24	thumb	sub_08069B24__3IrcUiUiG5Intr2
0x08069B6C	thumb	sub_08069B6C__3IrcUiG5Intr2
0x08069BA4	thumb	sub_08069BA4__3IrcUiUiG5Intr2
0x08069BEC	thumb	sub_08069BEC__3IrcUiG5Intr2
0x08069C24	thumb	sub_08069C24__3IrcUiUiG5Intr2Us
0x08069C84	thumb	sub_08069C84__3IrcUiG5Intr2
0x08069CBC	thumb	sub_08069CBC__3IrcUiG5Intr2
0x08069CF4	thumb	sub_08069CF4__3IrcUiG5Intr2
0x08069D2C	thumb	sub_08069D2C__3IrcUiUiG5Intr2
0x08069D74	thumb	sub_08069D74__3IrcUiG5Intr2
0x08069DAC	thumb	sub_08069DAC__3IrcUiUiG5Intr2
0x08069DF4	thumb	sub_08069DF4__3IrcUiG5Intr2
0x08069E2C	thumb	sub_08069E2C
0x08069F1C	thumb	sub_08069F1C__3Irc
0x08069F20	thumb	irq_vblank
0x08069F3C	thumb	irq_hblank
0x08069F4C	thumb	irq_vcount
0x08069F5C	thumb	irq_timer0
0x08069F6C	thumb	irq_timer1
0x08069F7C	thumb	irq_timer2
0x08069F8C	thumb	irq_timer3
0x08069F9C	thumb	irq_serial
0x08069FAC	thumb	irq_dma0
0x08069FBC	thumb	irq_dma1
0x08069FCC	thumb	irq_dma2
0x08069FDC	thumb	irq_dma3
0x08069FEC	thumb	irq_key
0x08069FFC	thumb	handleIrq__3IrcUi
0x0806A0A8	thumb	_GLOBAL_.I.manager__10IrcManager
0x0806A0C4	thumb	PreSysClockSingleton_get__Fv
0x0806A0CC	thumb	getRTTI__11PreSysClock
0x0806A0D8	thumb	SysClockSingleton_get__Fv
0x0806A0E0	thumb	getRTTI__8SysClock
0x0806A0EC	thumb	PreAppClockSingleton_get__Fv
0x0806A0F4	thumb	getRTTI__11PreAppClock
0x0806A100	thumb	AppClockSingleton_get__Fv
0x0806A108	thumb	getRTTI__8AppClock
0x0806A114	thumb	PostAppClockSingleton_get__Fv
0x0806A11C	thumb	getRTTI__12PostAppClock
0x0806A128	thumb	PostSysClockSingleton_get__Fv
0x0806A130	thumb	getRTTI__12PostSysClock
0x0806A13C	thumb	manager__12ClockManager
0x0806A144	thumb	makeInstance__12ClockManager
0x0806A174	thumb	get__12ClockManager
0x0806A180	thumb	destroy__12ClockManager
0x0806A1BC	thumb	getRTTI__5Clock
0x0806A1C8	thumb	__5Clock
0x0806A1E4	thumb	_._5Clock
0x0806A1F8	thumb	sleep__5Clocki
0x0806A394	thumb	getTime__5Clock
0x0806A398	thumb	_GLOBAL_.I.PreSysClockSingleton_get__Fv
0x0806A42C	thumb	getTime__12PostSysClock
0x0806A430	thumb	__12PostSysClockUi
0x0806A44C	thumb	__12PostSysClock
0x0806A464	thumb	getTime__12PostAppClock
0x0806A468	thumb	__12PostAppClockUi
0x0806A484	thumb	__12PostAppClock
0x0806A49C	thumb	getTime__8AppClock
0x0806A4A0	thumb	__8AppClockUi
0x0806A4BC	thumb	__8AppClock
0x0806A4D4	thumb	getTime__11PreAppClock
0x0806A4D8	thumb	__11PreAppClockUi
0x0806A4F4	thumb	__11PreAppClock
0x0806A50C	thumb	getTime__8SysClock
0x0806A510	thumb	__8SysClockUi
0x0806A52C	thumb	__8SysClock
0x0806A544	thumb	getTime__11PreSysClock
0x0806A548	thumb	__11PreSysClockUi
0x0806A564	thumb	__11PreSysClock
0x0806A57C	thumb	__11BattleFader
0x0806A5A0	thumb	_._11BattleFader
0x0806A5C4	thumb	set__11BattleFaderUi
0x0806A5D4	thumb	set2__11BattleFaderUi
0x0806A5E4	thumb	set4__11BattleFaderUi
0x0806A5F4	thumb	setAll__11BattleFaderUi
0x0806A608	thumb	setB__11BattleFaderUi
0x0806A618	thumb	setB2__11BattleFaderUi
0x0806A628	thumb	setB4__11BattleFaderUi
0x0806A638	thumb	setBAll__11BattleFaderUi
0x0806A64C	thumb	get__11BattleFader
0x0806A654	thumb	get2__11BattleFader
0x0806A65C	thumb	get4__11BattleFader
0x0806A664	thumb	getB__11BattleFader
0x0806A66C	thumb	getB2__11BattleFader
0x0806A674	thumb	getB4__11BattleFader
0x0806A67C	thumb	sub_0806A67C__11BattleFaderiPUsT2
0x0806A760	thumb	sub_0806A760__11BattleFader
0x0806A80C	thumb	sub_0806A80C__11BattleFader
0x0806A8BC	thumb	sub_0806A8BC__11BattleFader
0x0806A96C	thumb	manager__14GEngineManager
0x0806A974	thumb	makeInstance__14GEngineManager
0x0806A9A4	thumb	get__14GEngineManager
0x0806A9B0	thumb	destroy__14GEngineManager
0x0806A9EC	thumb	getRTTI__7GEngine
0x0806A9F8	thumb	__7GEngine
0x0806AB84	thumb	dt__7GEngine
0x0806AB98	thumb	sub_0806AB98
0x0806AB9C	thumb	sub_0806AB9C
0x0806ABA0	thumb	sub_0806ABA0
0x0806ABA4	thumb	sub_0806ABA4
0x0806ABA8	thumb	sub_0806ABA8
0x0806ABAC	thumb	sub_0806ABAC
0x0806ABB0	thumb	sub_0806ABB0
0x0806ABB4	thumb	sub_0806ABB4
0x0806ABB8	thumb	sub_0806ABB8
0x0806ABC0	thumb	sub_0806ABC0
0x0806ABCC	thumb	sub_0806ABCC
0x0806ABD8	thumb	sub_0806ABD8
0x0806ABE4	thumb	sub_0806ABE4
0x0806ABF0	thumb	sub_0806ABF0
0x0806ABF4	thumb	sub_0806ABF4
0x0806ABF8	thumb	sub_0806ABF8
0x0806ABFC	thumb	sub_0806ABFC
0x0806AC00	thumb	sub_0806AC00
0x0806AC04	thumb	sub_0806AC04
0x0806AC08	thumb	sub_0806AC08
0x0806AC0C	thumb	sub_0806AC0C
0x0806AC10	thumb	sub_0806AC10
0x0806AC18	thumb	sub_0806AC18
0x0806AC24	thumb	sub_0806AC24
0x0806AC30	thumb	sub_0806AC30
0x0806AC3C	thumb	sub_0806AC3C
0x0806AC48	thumb	sub_0806AC48
0x0806AD3C	thumb	sub_0806AD3C
0x0806ADFC	thumb	sub_0806ADFC
0x0806AF2C	thumb	sub_0806AF2C
0x0806AF34	thumb	sub_0806AF34
0x0806AF40	thumb	sub_0806AF40
0x0806AF4C	thumb	sub_0806AF4C
0x0806AF58	thumb	sub_0806AF58
0x0806AF68	thumb	sub_0806AF68
0x0806AF7C	thumb	sub_0806AF7C
0x0806AF90	thumb	sub_0806AF90
0x0806AFA4	thumb	sub_0806AFA4
0x0806AFB4	thumb	sub_0806AFB4
0x0806AFC8	thumb	sub_0806AFC8
0x0806AFDC	thumb	sub_0806AFDC
0x0806AFF0	thumb	sub_0806AFF0
0x0806AFF8	thumb	sub_0806AFF8
0x0806B004	thumb	sub_0806B004
0x0806B010	thumb	sub_0806B010
0x0806B01C	thumb	_GLOBAL_I_GEngine
0x0806B038	thumb	manager__15BGEngineManager
0x0806B040	thumb	makeInstance__15BGEngineManager
0x0806B070	thumb	get__15BGEngineManager
0x0806B07C	thumb	destroy__15BGEngineManager
0x0806B0B8	thumb	getRTTI__8BGEngine
0x0806B0C4	thumb	__8BGEngine
0x0806B258	thumb	dt__8BGEngine
0x0806B2CC	thumb	sub_0806B2CC
0x0806B3E0	thumb	sub_0806B3E0
0x0806B3F4	thumb	sub_0806B3F4
0x0806B410	thumb	sub_0806B410
0x0806B454	thumb	sub_0806B454
0x0806B564	thumb	sub_0806B564
0x0806B66C	thumb	sub_0806B66C
0x0806B680	thumb	sub_0806B680
0x0806B698	thumb	sub_0806B698
0x0806B730	thumb	sub_0806B730
0x0806B744	thumb	sub_0806B744
0x0806B758	thumb	sub_0806B758
0x0806B7B8	thumb	sub_0806B7B8
0x0806B814	thumb	sub_0806B814
0x0806B828	thumb	sub_0806B828
0x0806B850	thumb	sub_0806B850
0x0806B95C	thumb	sub_0806B95C
0x0806B970	thumb	sub_0806B970
0x0806B9C0	thumb	sub_0806B9C0
0x0806BA0C	thumb	sub_0806BA0C
0x0806BA20	thumb	sub_0806BA20
0x0806BA38	thumb	sub_0806BA38
0x0806BA4C	thumb	sub_0806BA4C
0x0806BA60	thumb	sub_0806BA60
0x0806BA68	thumb	sub_0806BA68
0x0806BA6C	thumb	sub_0806BA6C
0x0806BA74	thumb	sub_0806BA74
0x0806BAB8	thumb	sub_0806BAB8
0x0806BACC	thumb	sub_0806BACC
0x0806BAE0	thumb	sub_0806BAE0
0x0806BAE8	thumb	sub_0806BAE8
0x0806BAEC	thumb	sub_0806BAEC
0x0806BAF4	thumb	sub_0806BAF4
0x0806BB0C	thumb	sub_0806BB0C
0x0806BB20	thumb	sub_0806BB20
0x0806BB34	thumb	sub_0806BB34
0x0806BB48	thumb	bgengine_updateScrollHorizontal
0x0806BC3C	thumb	sub_0806BC3C
0x0806BDC0	thumb	_GLOBAL_I_BGEngineManager
0x0806BDDC	thumb	manager__16ObjEngineManager
0x0806BDE4	thumb	makeInstance__16ObjEngineManager
0x0806BE14	thumb	get__16ObjEngineManager
0x0806BE20	thumb	destroy__16ObjEngineManager
0x0806BE5C	thumb	getRTTI__9ObjEngine
0x0806BE68	thumb	__9ObjEngine
0x0806BF68	thumb	_._9ObjEngine
0x0806BFB0	thumb	sub_0806BFB0
0x0806BFCC	thumb	sub_0806BFCC
0x0806C010	thumb	sub_0806C010
0x0806C028	thumb	sub_0806C028
0x0806C034	thumb	sub_0806C034
0x0806C040	thumb	sub_0806C040
0x0806C054	thumb	sub_0806C054
0x0806C090	thumb	sub_0806C090
0x0806C0A0	thumb	sub_0806C0A0
0x0806C0B4	thumb	sub_0806C0B4
0x0806C154	thumb	sub_0806C154
0x0806C160	thumb	sub_0806C160
0x0806C174	thumb	sub_0806C174
0x0806C1B0	thumb	sub_0806C1B0
0x0806C1C0	thumb	sub_0806C1C0
0x0806C1CC	thumb	sub_0806C1CC
0x0806C1D8	thumb	sub_0806C1D8
0x0806C3DC	thumb	sub_0806C3DC
0x0806C404	thumb	_GLOBAL_.I.manager__16ObjEngineManager
0x0806C420	thumb	sub_0806C420
0x0806C428	thumb	makeInstance__17ObjChrPoolManager
0x0806C458	thumb	sub_0806C458
0x0806C464	thumb	destroy__17ObjChrPoolManager
0x0806C4A0	thumb	getRTTI__10ObjChrPool
0x0806C4AC	thumb	__10ObjChrPool
0x0806C51C	thumb	sub_0806C51C
0x0806C55C	thumb	sub_0806C55C
0x0806C634	thumb	sub_0806C634
0x0806C680	thumb	sub_0806C680
0x0806C6C4	thumb	sub_0806C6C4
0x0806C738	thumb	sub_0806C738
0x0806C750	thumb	_GLOBAL_I_ObjChrPoolManager
0x0806C76C	thumb	sub_0806C76C
0x0806C774	thumb	manager__17ObjPltPoolManager
0x0806C77C	thumb	makeInstance__17ObjPltPoolManager
0x0806C7AC	thumb	get__17ObjPltPoolManager
0x0806C7B8	thumb	destroy__17ObjPltPoolManager
0x0806C7F4	thumb	getRTTI__10ObjPltPool
0x0806C800	thumb	__10ObjPltPool
0x0806C870	thumb	_._10ObjPltPool
0x0806C898	thumb	sub_0806C898
0x0806C964	thumb	sub_0806C964__10ObjPltPooli
0x0806C9A0	thumb	sub_0806C9A0__10ObjPltPooli
0x0806C9D4	thumb	sub_0806C9D4__10ObjPltPooli
0x0806CA24	thumb	clear__10ObjPltPool
0x0806CA2C	thumb	_GLOBAL_.I.sub_0806C76C
0x0806CA48	thumb	get__14UpKeyPressRTTI
0x0806CA50	thumb	getRTTI__10UpKeyPress
0x0806CA5C	thumb	get__18UpKeyLongPressRTTI
0x0806CA64	thumb	getRTTI__14UpKeyLongPress
0x0806CA70	thumb	get__16DownKeyPressRTTI
0x0806CA78	thumb	getRTTI__12DownKeyPress
0x0806CA84	thumb	get__20DownKeyLongPressRTTI
0x0806CA8C	thumb	getRTTI__16DownKeyLongPress
0x0806CA98	thumb	get__16LeftKeyPressRTTI
0x0806CAA0	thumb	getRTTI__12LeftKeyPress
0x0806CAAC	thumb	get__20LeftKeyLongPressRTTI
0x0806CAB4	thumb	getRTTI__16LeftKeyLongPress
0x0806CAC0	thumb	get__17RightKeyPressRTTI
0x0806CAC8	thumb	getRTTI__13RightKeyPress
0x0806CAD4	thumb	get__21RightKeyLongPressRTTI
0x0806CADC	thumb	getRTTI__17RightKeyLongPress
0x0806CAE8	thumb	get__13AKeyPressRTTI
0x0806CAF0	thumb	getRTTI__9AKeyPress
0x0806CAFC	thumb	get__17AKeyLongPressRTTI
0x0806CB04	thumb	getRTTI__13AKeyLongPress
0x0806CB10	thumb	get__13BKeyPressRTTI
0x0806CB18	thumb	getRTTI__9BKeyPress
0x0806CB24	thumb	get__17BKeyLongPressRTTI
0x0806CB2C	thumb	getRTTI__13BKeyLongPress
0x0806CB38	thumb	get__13LKeyPressRTTI
0x0806CB40	thumb	getRTTI__9LKeyPress
0x0806CB4C	thumb	get__17LKeyLongPressRTTI
0x0806CB54	thumb	getRTTI__13LKeyLongPress
0x0806CB60	thumb	get__13RKeyPressRTTI
0x0806CB68	thumb	getRTTI__9RKeyPress
0x0806CB74	thumb	get__17RKeyLongPressRTTI
0x0806CB7C	thumb	getRTTI__13RKeyLongPress
0x0806CB88	thumb	get__17StartKeyPressRTTI
0x0806CB90	thumb	getRTTI__13StartKeyPress
0x0806CB9C	thumb	get__21StartKeyLongPressRTTI
0x0806CBA4	thumb	getRTTI__17StartKeyLongPress
0x0806CBB0	thumb	get__18SelectKeyPressRTTI
0x0806CBB8	thumb	getRTTI__14SelectKeyPress
0x0806CBC4	thumb	get__22SelectKeyLongPressRTTI
0x0806CBCC	thumb	getRTTI__18SelectKeyLongPress
0x0806CBD8	thumb	manager__13KeyPadManager
0x0806CBE0	thumb	makeInstance__13KeyPadManager
0x0806CC10	thumb	get__13KeyPadManager
0x0806CC1C	thumb	destroy__13KeyPadManager
0x0806CC58	thumb	getRTTI__6KeyPad
0x0806CC64	thumb	__6KeyPad
0x0806CD2C	thumb	_._6KeyPad
0x0806CD40	thumb	set_20__6KeyPadUi
0x0806CD44	thumb	set_22__6KeyPadUi
0x0806CD48	thumb	get_20__6KeyPad
0x0806CD4C	thumb	get_22__6KeyPad
0x0806CD50	thumb	getKeys__6KeyPad
0x0806CD54	thumb	getNewKeys__6KeyPad
0x0806CD5C	thumb	update__6KeyPadP5Clock
0x0806CE0C	thumb	emitNewKeys__6KeyPad
0x0806D2CC	thumb	_GLOBAL_.I.get__14UpKeyPressRTTI
0x0806D478	thumb	__9CCLHandle
0x0806D48C	thumb	__9CCLHandleRC11ResPtrSized
0x0806D4B0	thumb	_._9CCLHandle
0x0806D4D0	thumb	init__9CCLHandleRC11ResPtrSized
0x0806D504	thumb	type__9CCLHandleRC11ResPtrSized
0x0806D520	thumb	read1__9CCLHandleRC11ResPtrSized
0x0806D52C	thumb	read2__9CCLHandleRC11ResPtrSized
0x0806D538	thumb	count__9CCLHandle
0x0806D53C	thumb	block__9CCLHandle
0x0806D540	thumb	getPalette__9CCLHandleUi
0x0806D548	thumb	__9CCGHandle
0x0806D55C	thumb	__9CCGHandleRC11ResPtrSized
0x0806D580	thumb	_._9CCGHandle
0x0806D5AC	thumb	init__9CCGHandleRC11ResPtrSized
0x0806D5F0	thumb	type__9CCGHandleRC11ResPtrSized
0x0806D60C	thumb	read1__9CCGHandleRC11ResPtrSized
0x0806D618	thumb	read2__9CCGHandleRC11ResPtrSized
0x0806D644	thumb	count__9CCGHandle
0x0806D648	thumb	block__9CCGHandle
0x0806D64C	thumb	__11Unk0806D64C
0x0806D6E0	thumb	_._11Unk0806D64C
0x0806D744	thumb	sub_0806D744__11Unk0806D64C
0x0806D79C	thumb	sub_0806D79C__11Unk0806D64C
0x0806D7D0	thumb	sub_0806D7D0__11Unk0806D64C
0x0806D7DC	thumb	sub_0806D7DC__11Unk0806D64C
0x0806D814	thumb	sub_0806D814__11Unk0806D64C
0x0806D828	thumb	sub_0806D828__11Unk0806D64C
0x0806D83C	thumb	sub_0806D83C__11Unk0806D64C
0x0806D850	thumb	sub_0806D850__11Unk0806D64C
0x0806D854	thumb	sub_0806D854__11Unk0806D64C
0x0806D860	thumb	sub_0806D860__11Unk0806D64C
0x0806D868	thumb	sub_0806D868__11Unk0806D64C
0x0806D870	thumb	sub_0806D870__11Unk0806D64C
0x0806D878	thumb	sub_0806D878
0x0806D8EC	thumb	sub_0806D8EC
0x0806D9A4	thumb	sub_0806D9A4
0x0806D9F4	thumb	sub_0806D9F4
0x0806DADC	thumb	sub_0806DADC
0x0806DB2C	thumb	sub_0806DB2C
0x0806DB38	thumb	sub_0806DB38
0x0806DB60	thumb	sub_0806DB60
0x0806DB74	thumb	sub_0806DB74
0x0806DB7C	thumb	sub_0806DB7C
0x0806DB80	thumb	sub_0806DB80
0x0806DB88	thumb	sub_0806DB88
0x0806DB90	thumb	sub_0806DB90
0x0806DB9C	thumb	sub_0806DB9C
0x0806DBA8	thumb	sub_0806DBA8
0x0806DBAC	thumb	sub_0806DBAC
0x0806DBB4	thumb	sub_0806DBB4
0x0806DBB8	thumb	sub_0806DBB8
0x0806DBBC	thumb	sub_0806DBBC
0x0806DBC4	thumb	sub_0806DBC4
0x0806DBD0	thumb	sub_0806DBD0
0x0806DBE4	thumb	sub_0806DBE4
0x0806DBF8	thumb	sub_0806DBF8
0x0806DC78	thumb	sub_0806DC78
0x0806DD48	thumb	sub_0806DD48
0x0806DDA0	thumb	sub_0806DDA0
0x0806DEB8	thumb	sub_0806DEB8
0x0806DEC4	thumb	sub_0806DEC4
0x0806DEEC	thumb	sub_0806DEEC
0x0806DF00	thumb	sub_0806DF00
0x0806DF04	thumb	sub_0806DF04
0x0806DF2C	thumb	sub_0806DF2C
0x0806DF48	thumb	sub_0806DF48
0x0806DF50	thumb	sub_0806DF50
0x0806DF54	thumb	sub_0806DF54
0x0806DF5C	thumb	sub_0806DF5C
0x0806DF64	thumb	sub_0806DF64
0x0806DF70	thumb	sub_0806DF70
0x0806DF7C	thumb	sub_0806DF7C
0x0806DF80	thumb	sub_0806DF80
0x0806DF88	thumb	sub_0806DF88
0x0806DF94	thumb	sub_0806DF94
0x0806DF98	thumb	sub_0806DF98
0x0806DFA4	thumb	sub_0806DFA4
0x0806DFAC	thumb	sub_0806DFAC
0x0806DFB0	thumb	sub_0806DFB0
0x0806DFB4	thumb	sub_0806DFB4
0x0806DFBC	thumb	sub_0806DFBC
0x0806DFC8	thumb	sub_0806DFC8
0x0806DFDC	thumb	sub_0806DFDC
0x0806DFF0	thumb	sub_0806DFF0
0x0806E098	thumb	sub_0806E098
0x0806E0FC	thumb	sub_0806E0FC
0x0806E150	thumb	sub_0806E150
0x0806E1C8	thumb	bcd__3Msgi
0x0806E238	thumb	genMisctextMsg__3MsgPUsi
0x0806E274	thumb	__3Msg
0x0806E288	thumb	__3MsgPCUsi
0x0806E2B8	thumb	__3MsgRC3Msg
0x0806E2E8	thumb	replace__3MsgRC3Msg
0x0806E308	thumb	sub_0806E308
0x0806E334	thumb	getTextAtOffset__3Msgi
0x0806E33C	thumb	getTextAtOffset__C3Msgi
0x0806E344	thumb	sub_0806E344
0x0806E34C	thumb	appendCharacter__3MsgUs
0x0806E374	thumb	concatenate__3MsgRC3Msg
0x0806E3B4	thumb	insertAt__3MsgiRC3Msg
0x0806E414	thumb	len__C3Msg
0x0806E418	thumb	resize__3Msgi
0x0806E454	thumb	setText__3MsgPCUsi
0x0806E480	thumb	sub_0806E480
0x0806E488	thumb	makeInstance__16FntSystemManager
0x0806E4B8	thumb	sub_0806E4B8
0x0806E4C4	thumb	destroy__16FntSystemManager
0x0806E500	thumb	getRTTI_9FntSystem
0x0806E50C	thumb	__9FntSystem
0x0806E618	thumb	sub_0806E618
0x0806E640	thumb	sub_0806E640
0x0806E6D8	thumb	sub_0806E6D8
0x0806E74C	thumb	sub_0806E74C
0x0806E7B4	thumb	sub_0806E7B4
0x0806E804	thumb	_GLOBAL_I_FntSystemManager
0x0806E820	thumb	sub_0806E820
0x0806E8BC	thumb	sub_0806E8BC
0x0806E90C	thumb	sub_0806E90C
0x0806E93C	thumb	sub_0806E93C
0x0806E948	thumb	sub_0806E948
0x0806E978	thumb	sub_0806E978
0x0806E9A0	thumb	sub_0806E9A0
0x0806E9C4	thumb	sub_0806E9C4
0x0806E9E8	thumb	sub_0806E9E8
0x0806EA0C	thumb	sub_0806EA0C
0x0806EA18	thumb	sub_0806EA18
0x0806EA2C	thumb	sub_0806EA2C
0x0806EA34	thumb	sub_0806EA34
0x0806EA74	thumb	sub_0806EA74
0x0806EA7C	thumb	sub_0806EA7C
0x0806EA88	thumb	sub_0806EA88
0x0806EAC8	thumb	sub_0806EAC8
0x0806EB2C	thumb	sub_0806EB2C
0x0806EBD0	thumb	sub_0806EBD0
0x0806EBD8	thumb	sub_0806EBD8
0x0806EC08	thumb	sub_0806EC08
0x0806EC14	thumb	sub_0806EC14
0x0806EC50	thumb	getRTTI_9RasSystem
0x0806EC5C	thumb	__9RasSystem
0x0806ED00	thumb	sub_0806ED00
0x0806ED2C	thumb	sub_0806ED2C
0x0806ED94	thumb	sub_0806ED94
0x0806ED98	thumb	sub_0806ED98
0x0806EDA4	thumb	sub_0806EDA4
0x0806EDA8	thumb	sub_0806EDA8
0x0806EDB4	thumb	sub_0806EDB4
0x0806EDC0	thumb	sub_0806EDC0
0x0806EDD4	thumb	_GLOBAL_I_RasSystemManager
0x0806EDF0	thumb	sub_0806EDF0
0x0806EE90	thumb	sub_0806EE90
0x0806EF18	thumb	sub_0806EF18
0x0806EF1C	thumb	sub_0806EF1C
0x0806EF20	thumb	sub_0806EF20
0x0806EF24	thumb	sub_0806EF24
0x0806EF28	thumb	sub_0806EF28
0x0806EF2C	thumb	sub_0806EF2C
0x0806EF30	thumb	sub_0806EF30
0x0806EF34	thumb	sub_0806EF34
0x0806F030	thumb	sub_0806F030
0x0806F1EC	thumb	sub_0806F1EC
0x0806F26C	thumb	sub_0806F26C
0x0806F2CC	thumb	sub_0806F2CC
0x0806F2D4	thumb	sub_0806F2D4
0x0806F2DC	thumb	sub_0806F2DC
0x0806F2E4	thumb	sub_0806F2E4
0x0806F2EC	thumb	sub_0806F2EC
0x0806F2F4	thumb	sub_0806F2F4
0x0806F2FC	thumb	sub_0806F2FC
0x0806F304	thumb	sub_0806F304
0x0806F30C	thumb	sub_0806F30C
0x0806F314	thumb	sub_0806F314
0x0806F31C	thumb	sub_0806F31C
0x0806F324	thumb	sub_0806F324
0x0806F32C	thumb	sub_0806F32C
0x0806F34C	thumb	sub_0806F34C
0x0806F380	thumb	sub_0806F380
0x0806F42C	thumb	sub_0806F42C
0x0806F52C	thumb	sub_0806F52C
0x0806F560	thumb	sub_0806F560
0x0806F56C	thumb	sub_0806F56C
0x0806F5EC	thumb	sub_0806F5EC
0x0806F600	thumb	sub_0806F600
0x0806F6E0	thumb	sub_0806F6E0
0x0806F7D4	thumb	sub_0806F7D4
0x0806F7E0	thumb	sub_0806F7E0
0x0806F7EC	thumb	sub_0806F7EC
0x0806F89C	thumb	sub_0806F89C
0x0806F8B0	thumb	sub_0806F8B0
0x0806F970	thumb	sub_0806F970
0x0806F97C	thumb	sub_0806F97C
0x0806FA00	thumb	sub_0806FA00
0x0806FA14	thumb	sub_0806FA14
0x0806FB64	thumb	sub_0806FB64
0x0806FB70	thumb	manager__16EfcSystemManager
0x0806FB78	thumb	makeInstance__16EfcSystemManager
0x0806FBA8	thumb	get__16EfcSystemManager
0x0806FBB4	thumb	destroy__16EfcSystemManager
0x0806FBF0	thumb	getRTTI__9EfcSystem
0x0806FBFC	thumb	__9EfcSystem
0x0806FC28	thumb	_._9EfcSystem
0x0806FC54	thumb	sub_0806FC54
0x0806FCC8	thumb	type__9EfcSystem
0x0806FCD4	thumb	loadEntry__9EfcSystemUi
0x0806FCE8	thumb	get_28__9EfcSystem
0x0806FCEC	thumb	sub_0806FCEC
0x0806FD10	thumb	get_30__9EfcSystem
0x0806FD14	thumb	sub_0806FD14__9EfcSystemi
0x0806FD1C	thumb	get_38__9EfcSystem
0x0806FD20	thumb	sub_0806FD20
0x0806FD5C	thumb	_GLOBAL_.I.sub_0806EDF0
0x0806FD78	thumb	manager__16SndSystemManager
0x0806FD80	thumb	makeInstance__16SndSystemManager
0x0806FDB0	thumb	get__16SndSystemManager
0x0806FDBC	thumb	destroy__16SndSystemManager
0x0806FDF8	thumb	getRTTI__9SndSystem
0x0806FE04	thumb	__9SndSystem
0x0806FE64	thumb	_._9SndSystem
0x0806FEBC	thumb	vsyncOn__9SndSystem
0x0806FEC8	thumb	vsyncOff__9SndSystem
0x0806FED4	thumb	setUnk20__9SndSystemUs
0x0806FEF0	thumb	setUnk22__9SndSystemUc
0x0806FEF8	thumb	getUnk20__9SndSystem
0x0806FEFC	thumb	getUnk22__9SndSystem
0x0806FF04	thumb	main__9SndSystem
0x0806FF10	thumb	vsync__9SndSystem
0x0806FF1C	thumb	_GLOBAL_.I.manager__16SndSystemManager
0x0806FF38	thumb	__5Sound
0x0806FF6C	thumb	__5SoundUs
0x0806FFA8	thumb	_._5Sound
0x0806FFBC	thumb	setup__5SoundUs
0x08070048	thumb	play__5Soundi
0x080700E4	thumb	stop__5Soundi
0x08070118	thumb	continue_play__5Soundi
0x0807014C	thumb	clear__5Soundi
0x080701AC	thumb	isPlaying__5Sound
0x080701F8	thumb	sound_1f8__5Sound
0x08070250	thumb	sound_250__5Sound
0x080702A8	thumb	fixFade__5Soundi
0x080702C0	thumb	setTempo__5Soundi
0x080702EC	thumb	setVolume__5Soundi
0x08070320	thumb	setPan__5Soundi
0x0807035C	thumb	getIndex__5Sound
0x08070360	thumb	getTempo__5Sound
0x08070364	thumb	getVolume__5Sound
0x08070368	thumb	getPan__5Sound
0x08070374	thumb	getTimestamp__5Sound
0x0807038C	thumb	getPlayerClock__5Sound
0x080703A4	thumb	sub_080703A4
0x08070414	thumb	sub_08070414
0x08070478	thumb	sub_08070478
0x08070578	thumb	sub_08070578
0x0807058C	thumb	sub_0807058C
0x080705A4	thumb	sub_080705A4
0x08070654	thumb	sub_08070654
0x08070660	thumb	randS32
0x0807066C	thumb	sub_0807066C
0x0807067C	thumb	Remainder
0x0807068C	thumb	setsleep
0x080706A0	thumb	sub_080706A0
0x080706D0	thumb	sub_080706D0
0x08070738	thumb	sub_08070738
0x08070754	thumb	sub_08070754
0x08070770	thumb	sub_08070770
0x0807078C	thumb	sub_0807078C
0x080707A8	thumb	sub_080707A8
0x080707C4	thumb	sub_080707C4
0x080707E4	thumb	PlaySoundBlocking
0x08070824	thumb	playSound
0x0807084C	thumb	__5ComboP5ComboUiUiUiUi
0x080708A8	thumb	_._5Combo
0x080708E0	thumb	append__5ComboP5Combo
0x08070904	thumb	remove__5ComboP5Combo
0x08070940	thumb	back__5Combo
0x08070974	thumb	combo_70__5Combo
0x080709A8	thumb	prev__5Combo
0x080709AC	thumb	next__5Combo
0x080709B0	thumb	head__5Combo
0x080709B4	thumb	combo_98__5CombobT1
0x08070A08	thumb	combo_a0__5CombobT1
0x08070A5C	thumb	combo_a8__5CombobT1
0x08070AB0	thumb	combo_b0__5CombobT1
0x08070AD8	thumb	combo_b8__5CombobT1
0x08070B00	thumb	combo_c0__5CombobT1
0x08070B28	thumb	setRhythm__5ComboR11ComboRhythm
0x08070B30	thumb	setRhythm__5ComboUiUi
0x08070B38	thumb	setRhythm2__5ComboR11ComboRhythm
0x08070B40	thumb	setRhythm2__5ComboUiUi
0x08070B48	thumb	combo_e8__5ComboUi
0x08070B50	thumb	combo_f0__5Combo
0x08070B5C	thumb	combo_f8__5Combo
0x08070B68	thumb	combo_100__5Combo
0x08070B74	thumb	combo_108__5Combo
0x08070B80	thumb	combo_110__5Combo
0x08070B8C	thumb	combo_118__5Combo
0x08070B98	thumb	getRhythm__5Combo
0x08070BA0	thumb	getRhythm2__5Combo
0x08070BA8	thumb	combo_130__5Combo
0x08070BB4	thumb	beatInRange__5ComboR11ComboRhythm
0x08070C38	thumb	sub_08070C38__5ComboR11ComboRhythm
0x08070CA4	thumb	sub_08070CA4
0x08070D40	thumb	sub_08070D40
0x08070E20	thumb	sub_08070E20
0x08070F00	thumb	sub_08070F00
0x08070F74	thumb	sub_08070F74
0x08070FE4	thumb	nullsub_105
0x08070FE8	thumb	__9ComboRootUiUiUiUi
0x0807105C	thumb	_._9ComboRoot
0x080710B0	thumb	sub_080710B0
0x080710BC	thumb	sub_080710BC__9ComboRootP9ComboRoot
0x08071108	thumb	sub_08071108
0x0807113C	thumb	sub_0807113C
0x08071150	thumb	sub_08071150
0x08071174	thumb	sub_08071174
0x08071194	thumb	sub_08071194
0x080711B8	thumb	sub_080711B8
0x080711BC	thumb	sub_080711BC
0x080711C4	thumb	sub_080711C4
0x08071268	thumb	sub_08071268
0x08071334	thumb	sub_08071334
0x08071364	thumb	sub_08071364
0x0807138C	thumb	sub_0807138C
0x080714A0	thumb	sub_080714A0
0x080714A4	thumb	sub_080714A4
0x080714AC	thumb	sub_080714AC
0x080714B0	thumb	sub_080714B0
0x080714B4	thumb	sub_080714B4
0x080714C0	thumb	sub_080714C0
0x080714C4	thumb	sub_080714C4
0x080714CC	thumb	sub_080714CC
0x080714D0	thumb	sub_080714D0
0x080714D4	thumb	sub_080714D4
0x080714DC	thumb	sub_080714DC
0x080714E0	thumb	sub_080714E0
0x080714E4	thumb	sub_080714E4
0x08071500	thumb	sub_08071500
0x080715E0	thumb	sub_080715E0
0x0807163C	thumb	sub_0807163C
0x0807165C	thumb	sub_0807165C
0x080716CC	thumb	sub_080716CC
0x08071714	thumb	sub_08071714
0x080717F8	thumb	sub_080717F8
0x08071828	thumb	sub_08071828
0x080718C0	thumb	sub_080718C0
0x080718EC	thumb	sub_080718EC
0x08071914	thumb	sub_08071914
0x0807191C	thumb	sub_0807191C
0x08071920	thumb	sub_08071920
0x08071954	thumb	sub_08071954
0x080719C4	thumb	sub_080719C4
0x08071A5C	thumb	sub_08071A5C
0x08071A78	thumb	sub_08071A78
0x08071AC4	thumb	sub_08071AC4
0x08071B7C	thumb	sub_08071B7C
0x08071B90	thumb	sub_08071B90
0x08071B98	thumb	sub_08071B98
0x08071BA0	thumb	sub_08071BA0
0x08071BF8	thumb	sub_08071BF8
0x08071CB0	thumb	sub_08071CB0
0x08071CC4	thumb	sub_08071CC4
0x08071CCC	thumb	sub_08071CCC
0x08071CD4	thumb	sub_08071CD4
0x08071D2C	thumb	sub_08071D2C
0x08071DE4	thumb	sub_08071DE4
0x08071DF8	thumb	sub_08071DF8
0x08071E00	thumb	sub_08071E00
0x08071E08	thumb	sub_08071E08
0x08071E5C	thumb	sub_08071E5C
0x08071F14	thumb	sub_08071F14
0x08071F28	thumb	sub_08071F28
0x08071F30	thumb	sub_08071F30
0x08071F38	thumb	sub_08071F38
0x08071F8C	thumb	__10KeyFocuser
0x08071FBC	thumb	_._10KeyFocuser
0x08071FF0	thumb	manager__22KeyFocusManagerManager
0x08071FF8	thumb	makeInstance__22KeyFocusManagerManager
0x08072028	thumb	get__22KeyFocusManagerManager
0x08072034	thumb	destroy__22KeyFocusManagerManager
0x08072070	thumb	getRTTI__15KeyFocusManager
0x0807207C	thumb	__15KeyFocusManager
0x080723FC	thumb	_._15KeyFocusManager
0x08072424	thumb	sub_08072424
0x0807248C	thumb	sub_0807248C
0x080724F8	thumb	sub_080724F8
0x08072518	thumb	sub_08072518
0x0807254C	thumb	_GLOBAL_.I.sub_080703A4
0x08072568	thumb	sub_08072568
0x08072588	thumb	sub_08072588
0x080725A8	thumb	sub_080725A8
0x080725C8	thumb	sub_080725C8
0x080725E8	thumb	sub_080725E8
0x08072608	thumb	sub_08072608
0x08072628	thumb	IsBossBattle
0x08072648	thumb	sub_08072648
0x08072698	thumb	getCurrentBattleGroup
0x080726B8	thumb	sub_080726B8
0x080726D8	thumb	sub_080726D8
0x080726F8	thumb	sub_080726F8
0x08072718	thumb	sub_08072718
0x08072738	thumb	sub_08072738
0x08072758	thumb	sub_08072758
0x08072778	thumb	battleWon
0x08072798	thumb	roundNumber
0x080727B8	thumb	sub_080727B8
0x080727D8	thumb	sub_080727D8
0x080727F8	thumb	sub_080727F8
0x08072818	thumb	IsBattleLost
0x08072838	thumb	sub_08072838
0x08072858	thumb	sub_08072858
0x08072878	thumb	sub_08072878
0x08072898	thumb	sub_08072898
0x080728B8	thumb	getPartyInfo
0x080728D8	thumb	getGuestInfo
0x080728F8	thumb	getMonsterInfo
0x08072918	thumb	sub_08072918
0x08072938	thumb	IsPlayer
0x08072964	thumb	IsPlayerAndType
0x080729B0	thumb	tryCastPlayer__5GoodsP4Unit
0x080729DC	thumb	getPartyCount
0x080729F8	thumb	GetPlayer
0x08072A18	thumb	getPlayerByID
0x08072A88	thumb	sub_08072A88__Fv
0x08072AA4	thumb	sub_08072AA4__Fi
0x08072AC4	thumb	sub_08072AC4
0x08072B34	thumb	sub_08072B34
0x08072B50	thumb	sub_08072B50
0x08072B70	thumb	sub_08072B70__Fv
0x08072BBC	thumb	sub_08072BBC
0x08072BE8	thumb	sub_08072BE8
0x08072C34	thumb	sub_08072C34
0x08072C60	thumb	sub_08072C60
0x08072C7C	thumb	sub_08072C7C
0x08072C9C	thumb	sub_08072C9C
0x08072D0C	thumb	sub_08072D0C__Fv
0x08072D58	thumb	typeIsMonster
0x08072D84	thumb	isMonsterVariant
0x08072DD0	thumb	dynaCastMonster
0x08072DFC	thumb	sub_08072DFC__Fv
0x08072E18	thumb	sub_08072E18__Fi
0x08072E38	thumb	sub_08072E38
0x08072EA8	thumb	GetMonsterCount
0x08072EC4	thumb	GetMonster
0x08072EE4	thumb	sub_08072EE4
0x08072F54	thumb	sub_08072F54
0x08072F9C	thumb	sub_08072F9C
0x08072FE0	thumb	sub_08072FE0
0x08073018	thumb	sub_08073018__FbT0
0x08073070	thumb	sub_08073070
0x080730FC	thumb	PlayAnimation
0x08073150	thumb	PlayAnimationForEach
0x08073198	thumb	sub_08073198
0x080731F0	thumb	sub_080731F0
0x0807323C	thumb	sub_0807323C
0x08073270	thumb	sub_08073270
0x080732CC	thumb	sub_080732CC
0x08073300	thumb	sub_08073300
0x0807335C	thumb	sub_0807335C
0x08073444	thumb	sub_08073444__FUs
0x08073460	thumb	ROMStrFmt__FiRC3MsgN21
0x080734A0	thumb	StrFmt
0x080735E0	thumb	print__3MsgRC5Colorb
0x0807362C	thumb	sub_0807362C
0x0807367C	thumb	sub_0807367C
0x080736B4	thumb	sub_080736B4
0x080736F8	thumb	sub_080736F8
0x08073734	thumb	hitPlayer
0x0807392C	thumb	sub_0807392C
0x08073ABC	thumb	sub_08073ABC
0x08073C4C	thumb	InitHeal
0x08073CF0	thumb	sub_08073CF0
0x08073D98	thumb	sub_08073D98
0x08073E3C	thumb	sub_08073E3C
0x08073EE8	thumb	statusWearOff__FP4UnitUsb
0x08073F88	thumb	getPlayerSkill
0x08073F98	thumb	sub_08073F98
0x08073FC4	thumb	sub_08073FC4
0x08074010	thumb	getPsi
0x08074020	thumb	sub_08074020
0x0807404C	thumb	sub_0807404C
0x08074098	thumb	getGoods
0x080740AC	thumb	sub_080740AC
0x080740D8	thumb	IsGoodsAndType
0x08074124	thumb	getGuestSkill
0x08074134	thumb	sub_08074134
0x08074160	thumb	sub_08074160
0x080741AC	thumb	getMonsterSkill
0x080741BC	thumb	sub_080741BC
0x080741E8	thumb	IsMonsterSkillAndType
0x08074234	thumb	triggerMonsterSkill
0x080742EC	thumb	sub_080742EC
0x08074338	thumb	sub_08074338
0x08074394	thumb	sub_08074394
0x08074414	thumb	sub_08074414__FiiibN23
0x08074494	thumb	sub_08074494
0x08074518	thumb	sub_08074518
0x0807459C	thumb	sub_0807459C__FUsiii
0x08074614	thumb	sub_08074614
0x08074630	thumb	get__12RhythmInRTTI
0x08074638	thumb	getRTTI__8RhythmIn
0x08074644	thumb	get__13RhythmOutRTTI
0x0807464C	thumb	getRTTI__9RhythmOut
0x08074658	thumb	get__13RhythmBgmRTTI
0x08074660	thumb	getRTTI__9RhythmBgm
0x0807466C	thumb	__9RhythmBgmUs
0x08074710	thumb	GetRhythmDataBySongNum__9RhythmBgmUs
0x0807473C	thumb	_._9RhythmBgm
0x0807476C	thumb	sub_0807476C__9RhythmBgm
0x080747CC	thumb	sub_080747CC__9RhythmBgmUs
0x080747F4	thumb	sub_080747F4__9RhythmBgm
0x08074854	thumb	sub_08074854__9RhythmBgmUs
0x0807487C	thumb	getTempo__9RhythmBgm
0x08074898	thumb	sub_08074898__9RhythmBgm
0x0807489C	thumb	sub_0807489C__9RhythmBgm
0x080748C8	thumb	sub_080748C8__9RhythmBgm
0x080749D8	thumb	_GLOBAL_.I.sub_080736F8
0x08074A1C	thumb	__9RhythmBgm
0x08074A34	thumb	get__11SuspendRTTI
0x08074A3C	thumb	getRTTI__7Suspend
0x08074A48	thumb	get__10ResumeRTTI
0x08074A50	thumb	getRTTI__6Resume
0x08074A5C	thumb	get__12UnitJoinRTTI
0x08074A64	thumb	getRTTI__8UnitJoin
0x08074A70	thumb	get__14UnitReviveRTTI
0x08074A78	thumb	getRTTI__10UnitRevive
0x08074A84	thumb	get__14UnitEscapeRTTI
0x08074A8C	thumb	getRTTI__10UnitEscape
0x08074A98	thumb	get__11UnitDieRTTI
0x08074AA0	thumb	getRTTI__7UnitDie
0x08074AAC	thumb	__4Unit
0x08074B44	thumb	Unit_dt
0x08074BA0	thumb	nullsub_106__4Unit
0x08074BA4	thumb	kill__4Unit
0x08074C50	thumb	revive__4Unit
0x08074C60	thumb	setDead__4UnitUib
0x08074C80	thumb	isAlive__4Unit
0x08074C94	thumb	isDead__4Unit
0x08074CA8	thumb	onTurn__4Unit
0x08074CE4	thumb	dispStatusMsg__4Unit
0x08075010	thumb	onAction__4UnitP6Action
0x0807502C	thumb	unit_d8__4UnitP6Action
0x08075044	thumb	unit_78__4UnitP6Action
0x08075048	thumb	alertActionFinish__4UnitP6Action
0x08075060	thumb	onActionFinish__4UnitP6Action
0x08075064	thumb	unit_e8__4UnitP6Action
0x0807507C	thumb	unit_88__4UnitP6Action
0x08075080	thumb	unit_f0__4UnitP6Action
0x08075098	thumb	unit_90__4UnitP6Action
0x0807509C	thumb	alertActionReceive__4UnitP6Action
0x080750B4	thumb	onActionReceive__4UnitP6Action
0x080750B8	thumb	unit_100__4UnitP6Action
0x080750D0	thumb	unit_a0__4UnitP6Action
0x080750D4	thumb	onNoStatus__4Unit
0x080750D8	thumb	setLevel__4Uniti
0x080750F0	thumb	setHP__4Uniti
0x08075120	thumb	setMaxHP__4Uniti
0x0807513C	thumb	setPP__4Uniti
0x0807516C	thumb	setMaxPP__4Uniti
0x08075188	thumb	setOffense__4Uniti
0x080751A0	thumb	setDefense__4Uniti
0x080751B8	thumb	setIQ__4Uniti
0x080751D0	thumb	setSpeed__4Uniti
0x080751E8	thumb	setKindness__4Uniti
0x08075200	thumb	setElementWeakness__4Unitii
0x08075224	thumb	setStatusWeakness__4UnitUsi
0x08075248	thumb	unit_170__4UnitUi
0x08075250	thumb	level__C4Unit
0x08075254	thumb	hpReal__C4Unit
0x08075258	thumb	hp__C4Unit
0x08075274	thumb	maxHP__C4Unit
0x08075278	thumb	ppReal__C4Unit
0x08075280	thumb	pp__C4Unit
0x0807529C	thumb	maxPP__C4Unit
0x080752A4	thumb	offense__C4Unit
0x080752AC	thumb	defense__C4Unit
0x080752B4	thumb	iq__C4Unit
0x080752BC	thumb	speed__C4Unit
0x080752C4	thumb	kindness__C4Unit
0x080752CC	thumb	getElementWeakness__C4UnitUi
0x080752D8	thumb	getStatusWeakness__C4UnitUs
0x080752E8	thumb	unit_200__C4Unit
0x080752F0	thumb	addCmd__4UnitUi
0x08075374	thumb	removeOneCmd__4UnitUs
0x08075400	thumb	clearAllCmds__4Unit
0x08075454	thumb	cmdCount__C4Unit
0x0807545C	thumb	getCmdType__4Uniti
0x08075480	thumb	getCmd__4Uniti
0x0807548C	thumb	hasCmd__4UnitUs
0x080754D0	thumb	getCmdIdx__4UnitUs
0x08075534	thumb	findCmd__4UnitUs
0x0807559C	thumb	unit_268__4UnitUi
0x08075744	thumb	flagStuff__4UnitUs
0x08075770	thumb	removeOneStatus__4UnitUs
0x080757FC	thumb	removeStatus__4UnitUs
0x08075840	thumb	clearAllStatuses__4Unit
0x08075894	thumb	statusCount__C4Unit
0x0807589C	thumb	getStatusType__4Uniti
0x080758C0	thumb	getStatus__4Uniti
0x080758CC	thumb	hasStatus__4UnitUs
0x08075910	thumb	getStatusIdx__4UnitUs
0x08075974	thumb	findStatus__4UnitUs
0x080759D0	thumb	getStatusTypeCount__4UnitUs
0x08075A20	thumb	_GLOBAL_.I.get__11SuspendRTTI
0x08075AA0	thumb	__7UnitDieUi
0x08075ABC	thumb	__7UnitDie
0x08075AD8	thumb	__10UnitEscapeUi
0x08075AF4	thumb	__10UnitEscape
0x08075B10	thumb	__10UnitReviveUi
0x08075B2C	thumb	__10UnitRevive
0x08075B48	thumb	__8UnitJoinUi
0x08075B64	thumb	__8UnitJoin
0x08075B80	thumb	__6Resume
0x08075B98	thumb	__7Suspend
0x08075BB0	thumb	__10UnitTargetUsP4Unit
0x08075BF8	thumb	_._10UnitTarget
0x08075C28	thumb	type__C10UnitTarget
0x08075C30	thumb	getUnit__C10UnitTarget
0x08075C34	thumb	getSelection__C10UnitTarget
0x08075C3C	thumb	targettingAlly__10UnitTarget
0x08075CD8	thumb	targettingMonster__10UnitTarget
0x08075D74	thumb	attackdata_a0__C10UnitTarget
0x08075D7C	thumb	attackdata_a8__C10UnitTarget
0x08075D9C	thumb	attackdata_b0__C10UnitTarget
0x08075DBC	thumb	attackdata_b8__C10UnitTarget
0x08075DC4	thumb	attackdata_c0__C10UnitTarget
0x08075DD4	thumb	attackdata_c8__10UnitTarget
0x08075E30	thumb	attackdata_68__10UnitTarget
0x08076104	thumb	addTarget__10UnitTargetP4Unit
0x0807616C	thumb	removeTarget__10UnitTargetP4Unit
0x080761C8	thumb	numTargets__C10UnitTarget
0x080761CC	thumb	attackdata_e8__C10UnitTarget
0x08076200	thumb	getTarget__10UnitTargeti
0x0807620C	thumb	getTargetIndex__C10UnitTargetP4Unit
0x08076240	thumb	attackdata_70__10UnitTarget
0x080765F0	thumb	attackdata_100__10UnitTargetP4Unit
0x08076658	thumb	attackdata_108__10UnitTargetP4Unit
0x080766B4	thumb	attackdata_110__C10UnitTarget
0x080766B8	thumb	attackdata_118__10UnitTargeti
0x080766C4	thumb	attackdata_120__C10UnitTargetP4Unit
0x080766F8	thumb	__16UnitTargetChoiceUsP4Unit
0x08076A68	thumb	_._16UnitTargetChoice
0x08076B30	thumb	sub_08076B30
0x08076BBC	thumb	sub_08076BBC
0x08076D18	thumb	sub_08076D18
0x08076E80	thumb	sub_08076E80
0x08076F34	thumb	sub_08076F34
0x08076FE8	thumb	sub_08076FE8
0x08076FF8	thumb	sub_08076FF8
0x08077008	thumb	sub_08077008
0x0807705C	thumb	sub_0807705C
0x080770B8	thumb	sub_080770B8
0x080770C8	thumb	sub_080770C8
0x080770E8	thumb	sub_080770E8
0x0807713C	thumb	sub_0807713C
0x08077200	thumb	sub_08077200
0x08077238	thumb	sub_08077238
0x080772F4	thumb	sub_080772F4
0x08077340	thumb	sub_08077340
0x0807739C	thumb	sub_0807739C
0x0807747C	thumb	sub_0807747C
0x080774BC	thumb	sub_080774BC
0x08077590	thumb	sub_08077590
0x080775E8	thumb	sub_080775E8
0x0807762C	thumb	sub_0807762C
0x08077670	thumb	sub_08077670
0x080776AC	thumb	sub_080776AC
0x080776E8	thumb	sub_080776E8
0x08077704	thumb	sub_08077704
0x08077898	thumb	sub_08077898
0x08077A48	thumb	sub_08077A48
0x08077A64	thumb	sub_08077A64
0x08077CF0	thumb	sub_08077CF0__16UnitTargetChoiceP4UnitUi
0x08077D8C	thumb	sub_08077D8C
0x08077D98	thumb	sub_08077D98
0x08077DB8	thumb	sub_08077DB8
0x08077DBC	thumb	sub_08077DBC
0x08077E28	thumb	sub_08077E28
0x08077EB0	thumb	sub_08077EB0
0x08077F34	thumb	__6ActionP4Unit
0x080781E0	thumb	_._6Action
0x08078210	thumb	getUser__C6Action
0x08078214	thumb	addTarget__6ActionP4Unit
0x0807827C	thumb	removeTarget__6ActionP4Unit
0x08078340	thumb	clearTargets__6Action
0x0807834C	thumb	numTargets__C6Action
0x08078358	thumb	getTarget__C6Actioni
0x08078388	thumb	getTargetIdx__6ActionP4Unit
0x08078410	thumb	fire__6Action
0x08078590	thumb	action_68__6Action
0x080786D8	thumb	action_70__6Action
0x080786DC	thumb	playSfx__6Action
0x08078700	thumb	tellUseMessage__6Action
0x0807873C	thumb	playDim__6Action
0x08078784	thumb	playAnim__6Action
0x080787CC	thumb	action_a0__6ActionP4Unit
0x08078BB0	thumb	isResisted__6ActionP4Unit
0x08078C3C	thumb	tellResisted__6ActionP4Unit
0x08078C7C	thumb	calcDidHit__6ActionP4Unit
0x08078D1C	thumb	tellMissed__6ActionP4Unit
0x08078D4C	thumb	onDamage__6ActionP4Unit
0x08079018	thumb	onAttack__6ActionP4Unit
0x080792E4	thumb	action_d8__6ActionP4UnitT1
0x080793B8	thumb	onPsiDamage__6ActionP4Unit
0x08079780	thumb	action_e8__6ActionP4UnitT1
0x0807983C	thumb	calcCrit__6ActionP4Unit
0x08079870	thumb	action_f8__6ActionP4Unit
0x080798F0	thumb	onNoEffect__6ActionP4Unit
0x08079970	thumb	onPPHeal__6ActionP4Unit
0x080799BC	thumb	onSuccess__6ActionP4Unit
0x080799C0	thumb	onInflictStatus__6ActionP4Unit
0x08079A4C	thumb	calcStatusInflict__6ActionP4UnitUsib
0x08079E58	thumb	onFail__6ActionP4Unit
0x08079EE4	thumb	action_130__6ActionP4UnitUsib
0x08079FD0	thumb	onPlayAnim__6ActionP4Unitb
0x0807A0D4	thumb	action_140__6Action
0x0807A178	thumb	action_148__6Action
0x0807A1C0	thumb	action_150__6Action
0x0807A1C4	thumb	action_1a8__6Action
0x0807A1D4	thumb	action_1b0__6Action
0x0807A1E0	thumb	action_1b8__6Action
0x0807A1F4	thumb	action_fixme__6Actioni
0x0807A28C	thumb	unit_join_callback
0x0807A3A4	thumb	unit_leave_callback
0x0807A714	thumb	fieldSet__6Actionib
0x0807A73C	thumb	ROMStr__C6ActionUs
0x0807A7FC	thumb	action_160__C6ActionUsRC3Msg
0x0807A88C	thumb	__6Action
0x0807A8B8	thumb	getPlayerRTTI
0x0807A8C0	thumb	getRTTI__6Player
0x0807A8CC	thumb	createPlayerName__FUs
0x0807A904	thumb	__6PlayerUsUs
0x0807AAEC	thumb	sub_0807AAEC
0x0807AC28	thumb	sub_0807AC28
0x0807AC60	thumb	sub_0807AC60
0x0807ACA0	thumb	sub_0807ACA0
0x0807ACF0	thumb	dt__6Player
0x0807ADA4	thumb	sub_0807ADA4
0x0807AEC8	thumb	sub_0807AEC8
0x0807AF20	thumb	sub_0807AF20
0x0807AFC4	thumb	sub_0807AFC4
0x0807B040	thumb	sub_0807B040
0x0807B168	thumb	sub_0807B168
0x0807B418	thumb	sub_0807B418
0x0807B444	thumb	sub_0807B444
0x0807B450	thumb	onTurn__6Player
0x0807B4B8	thumb	unit_78__6PlayerP6Action
0x0807B4D8	thumb	unit_88__6PlayerP6Action
0x0807B4F8	thumb	onNoStatus__6Player
0x0807B528	thumb	kill__6Player
0x0807B5D4	thumb	revive__4Player
0x0807B67C	thumb	levelUp__6Playeri
0x0807BA3C	thumb	tellStatUpgrade__6PlayerR3MsgiiUs
0x0807BAE4	thumb	sub_0807BAE4
0x0807BB1C	thumb	sub_0807BB1C
0x0807BBA4	thumb	setHP__6Playeri
0x0807BBD8	thumb	sub_0807BBD8
0x0807BBE8	thumb	sub_0807BBE8
0x0807BBF8	thumb	sub_0807BBF8
0x0807BC18	thumb	setPP__6Playeri
0x0807BC4C	thumb	sub_0807BC4C
0x0807BC5C	thumb	sub_0807BC5C
0x0807BC6C	thumb	unit_178__6Player
0x0807BC74	thumb	id__C6Player
0x0807BC80	thumb	name__C6Player
0x0807BCB0	thumb	sub_0807BCB0
0x0807BCC4	thumb	sub_0807BCC4
0x0807BCCC	thumb	sub_0807BCCC
0x0807BCF4	thumb	hp__C6Player
0x0807BD04	thumb	sub_0807BD04
0x0807BD14	thumb	sub_0807BD14
0x0807BD24	thumb	sub_0807BD24
0x0807BD34	thumb	pp__C6Player
0x0807BD44	thumb	sub_0807BD44
0x0807BD54	thumb	sub_0807BD54
0x0807BD64	thumb	sub_0807BD64
0x0807BD74	thumb	attackSfx__6Player
0x0807BD98	thumb	critSfx__6Player
0x0807BD9C	thumb	missSfx__6Player
0x0807BDB4	thumb	sub_0807BDB4
0x0807BE24	thumb	sub_0807BE24
0x0807BE84	thumb	sub_0807BE84
0x0807BE90	thumb	sub_0807BE90
0x0807BEA0	thumb	sub_0807BEA0
0x0807BF10	thumb	sub_0807BF10
0x0807BF70	thumb	sub_0807BF70
0x0807BF7C	thumb	sub_0807BF7C
0x0807BF8C	thumb	sub_0807BF8C
0x0807BFC8	thumb	sub_0807BFC8
0x0807C030	thumb	sub_0807C030
0x0807C09C	thumb	sub_0807C09C
0x0807C108	thumb	sub_0807C108
0x0807C114	thumb	sub_0807C114
0x0807C124	thumb	sub_0807C124
0x0807C134	thumb	sub_0807C134
0x0807C144	thumb	sub_0807C144
0x0807C188	thumb	sub_0807C188
0x0807C1C8	thumb	sub_0807C1C8
0x0807C1E4	thumb	sub_0807C1E4
0x0807C244	thumb	sub_0807C244
0x0807C260	thumb	nullsub_31
0x0807C264	thumb	sub_0807C264
0x0807C324	thumb	sub_0807C324
0x0807C378	thumb	sub_0807C378
0x0807C4D4	thumb	_GLOBAL_I_PlayerRTTI
0x0807C4F0	thumb	sub_0807C4F0
0x0807C518	thumb	sub_0807C518
0x0807C540	thumb	sub_0807C540
0x0807C560	thumb	sub_0807C560
0x0807C588	thumb	sub_0807C588
0x0807C5A8	thumb	sub_0807C5A8
0x0807C5D0	thumb	sub_0807C5D0
0x0807C5F8	thumb	sub_0807C5F8
0x0807C610	thumb	sub_0807C610
0x0807C614	thumb	sub_0807C614
0x0807C634	thumb	sub_0807C634
0x0807C654	thumb	sub_0807C654
0x0807C674	thumb	sub_0807C674
0x0807C694	thumb	sub_0807C694
0x0807C6B8	thumb	__6Player
0x0807C718	thumb	sub_0807C718
0x0807C8F8	thumb	sub_0807C8F8
0x0807C96C	thumb	sub_0807C96C
0x0807C9EC	thumb	sub_0807C9EC
0x0807CA78	thumb	sub_0807CA78
0x0807CAEC	thumb	sub_0807CAEC
0x0807CB60	thumb	sub_0807CB60
0x0807CBB8	thumb	sub_0807CBB8
0x0807CC78	thumb	sub_0807CC78
0x0807CD3C	thumb	sub_0807CD3C
0x0807CDDC	thumb	sub_0807CDDC
0x0807CE4C	thumb	nullsub_58
0x0807CE50	thumb	sub_0807CE50
0x0807CE80	thumb	sub_0807CE80
0x0807CE98	thumb	sub_0807CE98
0x0807CEB8	thumb	sub_0807CEB8
0x0807CED8	thumb	sub_0807CED8
0x0807CEF4	thumb	sub_0807CEF4
0x0807CF00	thumb	sub_0807CF00
0x0807CF04	thumb	sub_0807CF04
0x0807CF30	thumb	sub_0807CF30
0x0807CF5C	thumb	sub_0807CF5C
0x0807D0EC	thumb	sub_0807D0EC
0x0807D208	thumb	sub_0807D208
0x0807D24C	thumb	sub_0807D24C
0x0807D274	thumb	sub_0807D274
0x0807D27C	thumb	sub_0807D27C
0x0807D280	thumb	sub_0807D280
0x0807D28C	thumb	sub_0807D28C
0x0807D360	thumb	sub_0807D360
0x0807D3A8	thumb	sub_0807D3A8
0x0807D3F4	thumb	GoodsMenu_ct
0x0807DB08	thumb	sub_0807DB08
0x0807DCC4	thumb	sub_0807DCC4
0x0807DCE8	thumb	sub_0807DCE8
0x0807DDCC	thumb	sub_0807DDCC
0x0807DDF0	thumb	sub_0807DDF0
0x0807DE18	thumb	sub_0807DE18
0x0807DE1C	thumb	sub_0807DE1C
0x0807DE28	thumb	sub_0807DE28
0x0807DED4	thumb	sub_0807DED4
0x0807DF00	thumb	sub_0807DF00
0x0807DF5C	thumb	sub_0807DF5C
0x0807DFDC	thumb	sub_0807DFDC
0x0807E014	thumb	sub_0807E014
0x0807E04C	thumb	sub_0807E04C
0x0807E088	thumb	sub_0807E088
0x0807E164	thumb	sub_0807E164
0x0807E174	thumb	sub_0807E174
0x0807E264	thumb	sub_0807E264
0x0807E338	thumb	sub_0807E338
0x0807E418	thumb	sub_0807E418
0x0807E428	thumb	sub_0807E428
0x0807E448	thumb	sub_0807E448
0x0807E44C	thumb	sub_0807E44C
0x0807E48C	thumb	sub_0807E48C
0x0807E4CC	thumb	sub_0807E4CC
0x0807E50C	thumb	sub_0807E50C
0x0807E54C	thumb	sub_0807E54C
0x0807E58C	thumb	sub_0807E58C
0x0807E5DC	thumb	sub_0807E5DC
0x0807E61C	thumb	sub_0807E61C
0x0807E994	thumb	sub_0807E994
0x0807EA24	thumb	sub_0807EA24
0x0807EAB4	thumb	sub_0807EAB4
0x0807EB40	thumb	sub_0807EB40
0x0807EB58	thumb	sub_0807EB58
0x0807EB88	thumb	sub_0807EB88
0x0807EBA0	thumb	sub_0807EBA0
0x0807F12C	thumb	sub_0807F12C
0x0807F3A4	thumb	sub_0807F3A4
0x0807F424	thumb	sub_0807F424
0x0807F4A4	thumb	sub_0807F4A4
0x0807F558	thumb	sub_0807F558
0x0807F5D0	thumb	sub_0807F5D0
0x0807F648	thumb	sub_0807F648
0x0807F7DC	thumb	sub_0807F7DC
0x0807F964	thumb	sub_0807F964
0x0807FAF4	thumb	sub_0807FAF4
0x0807FC84	thumb	sub_0807FC84
0x0807FE08	thumb	sub_0807FE08
0x0807FF98	thumb	sub_0807FF98
0x08080040	thumb	sub_08080040
0x08080060	thumb	sub_08080060
0x080800F0	thumb	sub_080800F0
0x08080110	thumb	sub_08080110
0x0808013C	thumb	sub_0808013C
0x08080144	thumb	sub_08080144
0x08080148	thumb	sub_08080148
0x0808014C	thumb	sub_0808014C
0x080801A4	thumb	sub_080801A4
0x080801F8	thumb	sub_080801F8
0x080801FC	thumb	sub_080801FC
0x08080220	thumb	sub_08080220
0x08080244	thumb	sub_08080244
0x0808025C	thumb	sub_0808025C
0x0808028C	thumb	sub_0808028C
0x080802A4	thumb	sub_080802A4
0x080803B4	thumb	get__15PlayerSkillRTTI
0x080803BC	thumb	getRTTI__11PlayerSkill
0x080803C8	thumb	getName__11PlayerSkillUs
0x080803F4	thumb	__11PlayerSkillUsP4Unit
0x08080424	thumb	_._11PlayerSkill
0x08080438	thumb	action_1c0__11PlayerSkill
0x0808044C	thumb	id__C11PlayerSkill
0x08080454	thumb	name__C11PlayerSkill
0x08080484	thumb	action_1d8__C11PlayerSkill
0x08080560	thumb	sub_08080560
0x08080570	thumb	action_1e0__11PlayerSkill
0x08080574	thumb	effect__C11PlayerSkill
0x0808057C	thumb	element__C11PlayerSkill
0x08080584	thumb	target__C11PlayerSkill
0x0808058C	thumb	attackMult__C11PlayerSkill
0x08080594	thumb	healLo__C11PlayerSkill
0x0808059C	thumb	healHi__C11PlayerSkill
0x080805A4	thumb	ailment__C11PlayerSkill
0x080805AC	thumb	ailmentChance__C11PlayerSkill
0x080805B4	thumb	hasAction__C11PlayerSkill
0x080805C4	thumb	priority__C11PlayerSkill
0x080805CC	thumb	getUseMessage__C11PlayerSkill
0x080805F4	thumb	getForceUseMessage__C11PlayerSkill
0x0808060C	thumb	hasDim__C11PlayerSkill
0x08080620	thumb	animNo__C11PlayerSkill
0x08080628	thumb	successAnimNo__C11PlayerSkill
0x08080630	thumb	critAnimNo__C11PlayerSkill
0x08080674	thumb	sfxNo__C11PlayerSkill
0x0808067C	thumb	hitChance__C11PlayerSkill
0x08080688	thumb	critChance__C11PlayerSkill
0x08080690	thumb	redirectable__C11PlayerSkill
0x080806A4	thumb	userAttackSfx__C11PlayerSkillP4Unit
0x080806D8	thumb	userCritSfx__C11PlayerSkill
0x0808070C	thumb	userMissSfx__C11PlayerSkill
0x08080740	thumb	_GLOBAL_.I.sub_0807C718
0x0808075C	thumb	__11PlayerSkill
0x08080788	thumb	get__14GuestSkillRTTI
0x08080790	thumb	getRTTI__10GuestSkill
0x0808079C	thumb	getName
0x080807AC	thumb	__10GuestSkillUsP4Unit
0x080807DC	thumb	_._10GuestSkill
0x080807F0	thumb	action_1c0__10GuestSkill
0x08080804	thumb	id__C10GuestSkill
0x0808080C	thumb	name__C10GuestSkill
0x0808083C	thumb	action_1d8__C10GuestSkill
0x0808084C	thumb	action_1e0__10GuestSkill
0x08080850	thumb	effect__C10GuestSkill
0x08080858	thumb	element__C10GuestSkill
0x08080860	thumb	target__C10GuestSkill
0x08080868	thumb	attackMult__C10GuestSkill
0x08080870	thumb	healLo__C10GuestSkill
0x08080878	thumb	healHi__C10GuestSkill
0x08080880	thumb	ailment__C10GuestSkill
0x08080888	thumb	ailmentChance__C10GuestSkill
0x08080890	thumb	hasAction__C10GuestSkill
0x080808A0	thumb	priority__C10GuestSkill
0x080808A8	thumb	getUseMessage__C10GuestSkill
0x080808D0	thumb	getForceUseMessage__C10GuestSkill
0x080808F8	thumb	hasDim__C10GuestSkill
0x0808090C	thumb	animNo__C10GuestSkill
0x08080914	thumb	successAnimNo__C10GuestSkill
0x0808091C	thumb	critAnimNo__C10GuestSkill
0x08080960	thumb	sfxNo__C10GuestSkill
0x08080968	thumb	hitChance__C10GuestSkill
0x08080974	thumb	critChance__C10GuestSkill
0x0808097C	thumb	redirectable__C10GuestSkill
0x08080990	thumb	action_288__10GuestSkill
0x08080994	thumb	action_290__10GuestSkill
0x08080998	thumb	action_298__10GuestSkill
0x0808099C	thumb	_GLOBAL_.I.get__14GuestSkillRTTI
0x080809B8	thumb	__10GuestSkill
0x080809E4	thumb	get__11MonsterRTTI
0x080809EC	thumb	getRTTI__7Monster
0x080809F8	thumb	get_monster_name
0x08080A24	thumb	__7MonsterUsUs
0x08080B60	thumb	resetStats__7Monster
0x08080CE4	thumb	resetRewards__7Monster
0x08080D48	thumb	genDeathMsg__7Monster
0x08080DD0	thumb	_._7Monster
0x08080E28	thumb	onTurn__7Monster
0x08080EB4	thumb	calcAction__7Monster
0x08080EB8	thumb	monster_2c8__7MonsterP6Action
0x08080F54	thumb	sub_08080F54__7Monster
0x08080FD0	thumb	scaledExperience__7Monster
0x08080FEC	thumb	calcItemDrop__7Monster
0x08081068	thumb	scaledMoney__7Monster
0x08081084	thumb	monster_2f8__7Monster
0x0808110C	thumb	monster_300__7Monsteri
0x08081494	thumb	setHP__7Monsteri
0x080814C0	thumb	monster_308__7MonsterRC3Msg
0x080814D0	thumb	setDeathAnim__7Monsteri
0x080814DC	thumb	setExperience__7Monsteri
0x080814E8	thumb	setMoney__7Monsteri
0x080814F4	thumb	unit_178__7Monster
0x080814FC	thumb	id__C7Monster
0x08081504	thumb	name__C7Monster
0x08081518	thumb	fmtEncounterMsg__7Monster
0x08081584	thumb	deathMsg__7Monster
0x0808159C	thumb	deathSeq__7Monster
0x080815A8	thumb	type__7Monster
0x080815B0	thumb	monster_328__7Monster
0x080815C4	thumb	surprised__7Monster
0x080815D0	thumb	numSkills__7Monster
0x08081608	thumb	getSkill__7Monsteri
0x08081618	thumb	attackSfx__7Monster
0x08081624	thumb	critSfx__7Monster
0x08081634	thumb	missSfx__7Monster
0x08081644	thumb	numWeaknesses__C7Monster
0x08081648	thumb	getWeakness__C7Monsteri
0x08081658	thumb	battlePos__C7Monster
0x08081660	thumb	hasBackSprite__C7Monster
0x0808168C	thumb	isFadeOnDeath__C7Monster
0x080816B8	thumb	experience__C7Monster
0x080816C4	thumb	money__C7Monster
0x080816D0	thumb	addDrop__7MonsterUsUi
0x080816FC	thumb	monster_3a8__7MonsterUs
0x08081764	thumb	numDrops__C7Monster
0x08081770	thumb	getDropID__C7Monsteri
0x08081780	thumb	getDropChance__C7Monsteri
0x08081790	thumb	sub_08081790
0x080817AC	thumb	onRoundBegin__7Monster
0x080817B0	thumb	sub_080817B0
0x080817CC	thumb	onRoundEnd__7Monster
0x080817D0	thumb	sub_080817D0__7MonsterUs
0x08081978	thumb	_GLOBAL_.I.get__11MonsterRTTI
0x08081994	thumb	sub_08081994
0x080819BC	thumb	sub_080819BC
0x080819E4	thumb	sub_080819E4
0x08081A08	thumb	sub_08081A08
0x08081A30	thumb	sub_08081A30
0x08081A50	thumb	sub_08081A50
0x08081A78	thumb	sub_08081A78
0x08081A98	thumb	sub_08081A98
0x08081AC0	thumb	sub_08081AC0
0x08081AE8	thumb	sub_08081AE8
0x08081B00	thumb	sub_08081B00
0x08081B20	thumb	sub_08081B20
0x08081B44	thumb	sub_08081B44
0x08081B64	thumb	sub_08081B64
0x08081B84	thumb	sub_08081B84
0x08081BA4	thumb	sub_08081BA4
0x08081BC4	thumb	sub_08081BC4
0x08081BE4	thumb	sub_08081BE4
0x08081C08	thumb	sub_08081C08
0x08081C48	thumb	__12BattleSpriteP7Monster
0x08081D48	thumb	dt__12BattleSprite
0x08081D70	thumb	sub_08081D70
0x08081DDC	thumb	sub_08081DDC
0x08081E90	thumb	sub_08081E90
0x08081E94	thumb	sub_08081E94
0x08081EC4	thumb	sub_08081EC4
0x08081EF4	thumb	sub_08081EF4
0x08081F0C	thumb	sub_08081F0C
0x08081F14	thumb	sub_08081F14
0x08081F88	thumb	sub_08081F88
0x08081F8C	thumb	sub_08081F8C
0x08081FC8	thumb	sub_08081FC8
0x08081FF4	thumb	sub_08081FF4
0x08082020	thumb	get__16MonsterSkillRTTI
0x08082028	thumb	getRTTI__12MonsterSkill
0x08082034	thumb	getName__12MonsterSkillUs
0x08082044	thumb	__12MonsterSkillUsP4Unit
0x08082074	thumb	_._12MonsterSkill
0x08082088	thumb	fire__12MonsterSkill
0x0808213C	thumb	playSfx__12MonsterSkill
0x080821A0	thumb	action_150__12MonsterSkill
0x080821E4	thumb	action_1c0__12MonsterSkill
0x080821F8	thumb	id__C12MonsterSkill
0x08082200	thumb	name__C12MonsterSkill
0x08082230	thumb	action_1d8__C12MonsterSkill
0x08082240	thumb	action_1e0__12MonsterSkill
0x08082244	thumb	effect__C12MonsterSkill
0x0808224C	thumb	element__C12MonsterSkill
0x08082254	thumb	target__C12MonsterSkill
0x0808225C	thumb	attackMult__C12MonsterSkill
0x08082264	thumb	healLo__C12MonsterSkill
0x0808226C	thumb	healHi__C12MonsterSkill
0x08082274	thumb	ailment__C12MonsterSkill
0x0808227C	thumb	ailmentChance__C12MonsterSkill
0x08082284	thumb	hasAction__C12MonsterSkill
0x08082294	thumb	priority__C12MonsterSkill
0x0808229C	thumb	getUseMessage__C12MonsterSkill
0x080822C4	thumb	getForceUseMessage__C12MonsterSkill
0x080822DC	thumb	hasDim__C12MonsterSkill
0x080822F0	thumb	animNo__C12MonsterSkill
0x080822F8	thumb	successAnimNo__C12MonsterSkill
0x08082300	thumb	critAnimNo__C12MonsterSkill
0x08082344	thumb	sfxNo__C12MonsterSkill
0x0808234C	thumb	hitChance__C12MonsterSkill
0x08082358	thumb	critChance__C12MonsterSkill
0x08082360	thumb	redirectable__C12MonsterSkill
0x08082374	thumb	userAttackSfx__C12MonsterSkill
0x080823C0	thumb	userCritSfx__C12MonsterSkill
0x0808240C	thumb	userMissSfx__C12MonsterSkill
0x08082458	thumb	ppCost__C12MonsterSkill
0x08082460	thumb	recolorValue__C12MonsterSkill
0x08082468	thumb	_GLOBAL_.I.sub_08081994
0x08082484	thumb	__12MonsterSkill
0x080824B0	thumb	tellStatus__FUs
0x08082510	thumb	__6StatusUsP4Unit
0x0808264C	thumb	_._6Status
0x08082660	thumb	removeConflicting__6Status
0x08082664	thumb	applyStackStatus__6Status
0x08082668	thumb	cancelOpposite__6Status
0x0808266C	thumb	disableAllStatuses__6Status
0x08082670	thumb	applyStatModifiers__6Status
0x08082674	thumb	cleanup__6Status
0x08082678	thumb	setRoundLimit__6Statusi
0x0808267C	thumb	setRounds__6Statusi
0x08082680	thumb	setTurnLimit__6Statusi
0x08082684	thumb	setTurns__6Statusi
0x08082688	thumb	type__C6Status
0x08082690	thumb	unit__C6Status
0x08082694	thumb	name__C6Status
0x080826C0	thumb	roundLimit__6Status
0x080826C8	thumb	turnLimit__6Status
0x080826D0	thumb	rounds__6Status
0x080826D8	thumb	turns__6Status
0x080826E0	thumb	status_data_2__6Status
0x080826E8	thumb	inflictedMsg__6Status
0x080827AC	thumb	activeMsg__6Status
0x080827F4	thumb	woreOffMsg__6Status
0x080828B4	thumb	removeOnDeath__6Status
0x080828C8	thumb	status_bool_5__6Status
0x080828DC	thumb	fmtStatusMsg__6StatusUs
0x08082968	thumb	status_roundBeginCallback__FP6Status
0x08082980	thumb	onRoundBegin__6Status
0x080829F4	thumb	status_unitTurnBeginCallback__FP6StatusR13UnitTurnBegin
0x08082A10	thumb	onUnitTurnBegin__6StatusP4Unit
0x08082AA0	thumb	status_unitTurnEndCallback__FP6StatusR11UnitTurnEnd
0x08082ABC	thumb	onUnitTurnEnd__6StatusP4Unit
0x08082AC0	thumb	status_roundEndCallback__FP6Status
0x08082AD8	thumb	onRoundEnd__6Status
0x08082ADC	thumb	get__7PsiRTTI
0x08082AE4	thumb	getRTTI__3Psi
0x08082AF0	thumb	getName__3PsiUs
0x08082B1C	thumb	tellTurnAction
0x08082B78	thumb	__3PsiUsP4Unit
0x08082BA8	thumb	_._3Psi
0x08082BBC	thumb	fire__3Psi
0x08082D70	thumb	action_150__3Psi
0x08082DD0	thumb	action_1c0__3Psi
0x08082DE4	thumb	id__C3Psi
0x08082DEC	thumb	name__C3Psi
0x08082E1C	thumb	action_1d8__C3Psi
0x08082F08	thumb	action_1e0__3Psi
0x08082F0C	thumb	effect__C3Psi
0x08082F14	thumb	element__C3Psi
0x08082F1C	thumb	target__C3Psi
0x08082F24	thumb	attackMult__C3Psi
0x08082F2C	thumb	healLo__C3Psi
0x08082F34	thumb	healHi__C3Psi
0x08082F3C	thumb	ailment__C3Psi
0x08082F44	thumb	ailmentChance__C3Psi
0x08082F4C	thumb	hasAction__C3Psi
0x08082F60	thumb	priority__C3Psi
0x08082F68	thumb	getUseMessage__C3Psi
0x08082F90	thumb	getForceUseMessage__C3Psi
0x08082FA8	thumb	hasDim__C3Psi
0x08082FBC	thumb	animNo__C3Psi
0x08082FC4	thumb	successAnimNo__C3Psi
0x08082FCC	thumb	critAnimNo__C3Psi
0x08083010	thumb	sfxNo__C3Psi
0x08083018	thumb	hitChance__C3Psi
0x08083024	thumb	critChance__C3Psi
0x0808302C	thumb	redirectable__C3Psi
0x08083040	thumb	userAttackSfx__C3Psi
0x08083044	thumb	userCritSfx__C3Psi
0x08083048	thumb	userMissSfx__C3Psi
0x0808304C	thumb	isOverworldUsable__C3Psi
0x0808306C	thumb	type__C3Psi
0x08083074	thumb	ppCost__C3Psi
0x0808307C	thumb	_GLOBAL_.I.get__7PsiRTTI
0x08083098	thumb	__3Psi
0x080830C4	thumb	sub_080830C4
0x080830F0	thumb	sub_080830F0
0x08083144	thumb	sub_08083144
0x08083174	thumb	sub_08083174
0x0808380C	thumb	sub_0808380C
0x08083AE4	thumb	sub_08083AE4
0x08083AEC	thumb	sub_08083AEC
0x08083B18	thumb	sub_08083B18
0x08083B1C	thumb	sub_08083B1C
0x08083B28	thumb	sub_08083B28
0x08083B34	thumb	sub_08083B34
0x08083B40	thumb	sub_08083B40
0x08083B4C	thumb	sub_08083B4C
0x08083B58	thumb	sub_08083B58
0x08083B64	thumb	sub_08083B64
0x08083B70	thumb	sub_08083B70
0x08083B74	thumb	sub_08083B74
0x08083B78	thumb	sub_08083B78
0x08083B88	thumb	sub_08083B88
0x08083B8C	thumb	sub_08083B8C
0x08083B94	thumb	sub_08083B94
0x08083BA4	thumb	sub_08083BA4
0x08083BBC	thumb	sub_08083BBC
0x08083CBC	thumb	_._12TextAccessor
0x08083CF4	thumb	sub_08083CF4
0x08083D14	thumb	sub_08083D14
0x08083D20	thumb	sub_08083D20
0x08083D2C	thumb	sub_08083D2C
0x08083D40	thumb	sub_08083D40
0x08083FE0	thumb	sub_08083FE0
0x08084038	thumb	sub_08084038
0x080840A0	thumb	sub_080840A0
0x080840A8	thumb	sub_080840A8
0x080840B0	thumb	sub_080840B0
0x080840B8	thumb	sub_080840B8
0x080841C0	thumb	sub_080841C0
0x080841E8	thumb	sub_080841E8
0x08084204	thumb	sub_08084204
0x080842C0	thumb	sub_080842C0
0x080842E0	thumb	sub_080842E0
0x0808431C	thumb	sub_0808431C
0x0808434C	thumb	sub_0808434C
0x0808470C	thumb	sub_0808470C
0x0808477C	thumb	sub_0808477C
0x080847E4	thumb	sub_080847E4
0x0808480C	thumb	sub_0808480C
0x08084814	thumb	sub_08084814
0x08084820	thumb	sub_08084820
0x08084AE4	thumb	sub_08084AE4
0x08084B20	thumb	sub_08084B20
0x08084B4C	thumb	sub_08084B4C
0x08084C08	thumb	sub_08084C08
0x08084C48	thumb	sub_08084C48
0x08084C64	thumb	sub_08084C64
0x08084CA0	thumb	sub_08084CA0
0x08084CC4	thumb	sub_08084CC4
0x08084CF4	thumb	sub_08084CF4
0x08084D24	thumb	sub_08084D24
0x08084D48	thumb	sub_08084D48
0x08084D68	thumb	sub_08084D68
0x08084D8C	thumb	sub_08084D8C
0x08084DBC	thumb	sub_08084DBC
0x08084DEC	thumb	sub_08084DEC
0x08084E88	thumb	sub_08084E88
0x08084F08	thumb	sub_08084F08
0x080850E0	thumb	sub_080850E0
0x08085130	thumb	sub_08085130
0x08085198	thumb	sub_08085198
0x080851A0	thumb	sub_080851A0
0x0808558C	thumb	sub_0808558C
0x080855B4	thumb	sub_080855B4
0x080855D0	thumb	sub_080855D0
0x08085688	thumb	sub_08085688
0x08085694	thumb	sub_08085694
0x080856D4	thumb	sub_080856D4
0x080856E8	thumb	sub_080856E8
0x08085988	thumb	sub_08085988
0x080859E4	thumb	sub_080859E4
0x080859E8	thumb	sub_080859E8
0x080859EC	thumb	sub_080859EC
0x08085AF4	thumb	sub_08085AF4
0x08085B1C	thumb	sub_08085B1C
0x08085B38	thumb	sub_08085B38
0x08085BF8	thumb	sub_08085BF8
0x08085C48	thumb	sub_08085C48
0x08085C84	thumb	sub_08085C84
0x08085C98	thumb	sub_08085C98
0x08085D5C	thumb	sub_08085D5C
0x08085D84	thumb	sub_08085D84
0x08085DF4	thumb	sub_08085DF4
0x08085E24	thumb	sub_08085E24
0x08085EE8	thumb	sub_08085EE8
0x08085F10	thumb	sub_08085F10
0x08085F80	thumb	sub_08085F80
0x08085FB0	thumb	__11RhythmComboiP16UnitObject_s16r2
0x0808605C	thumb	sub_0808605C
0x08086084	thumb	sub_08086084
0x080860F4	thumb	sub_080860F4
0x08086124	thumb	sub_08086124
0x08086210	thumb	sub_08086210
0x08086238	thumb	sub_08086238
0x080862A8	thumb	sub_080862A8
0x080862D8	thumb	sub_080862D8
0x080863E0	thumb	sub_080863E0
0x08086408	thumb	sub_08086408
0x08086460	thumb	sub_08086460
0x080864AC	thumb	sub_080864AC
0x08086608	thumb	sub_08086608
0x0808661C	thumb	sub_0808661C
0x08086694	thumb	sub_08086694
0x08086750	thumb	sub_08086750
0x080867C0	thumb	sub_080867C0
0x080867D4	thumb	sub_080867D4
0x080867F8	thumb	sub_080867F8
0x080867FC	thumb	sub_080867FC
0x08086804	thumb	sub_08086804
0x08086808	thumb	sub_08086808
0x08086810	thumb	sub_08086810
0x08086814	thumb	sub_08086814
0x0808681C	thumb	sub_0808681C
0x08086820	thumb	sub_08086820
0x08086838	thumb	sub_08086838
0x080868A0	thumb	sub_080868A0
0x08086988	thumb	sub_08086988
0x080869BC	thumb	sub_080869BC
0x08086A9C	thumb	sub_08086A9C
0x08086AB0	thumb	sub_08086AB0
0x08086B4C	thumb	sub_08086B4C
0x08086C3C	thumb	sub_08086C3C
0x08086C40	thumb	sub_08086C40
0x08086C68	thumb	sub_08086C68
0x08086C74	thumb	sub_08086C74
0x08086C78	thumb	sub_08086C78
0x08086C94	thumb	sub_08086C94
0x08086D14	thumb	sub_08086D14
0x08086D38	thumb	sub_08086D38
0x08086D6C	thumb	sub_08086D6C
0x08086D80	thumb	sub_08086D80
0x08086D84	thumb	sub_08086D84
0x08086DB0	thumb	sub_08086DB0
0x08086DB8	thumb	sub_08086DB8
0x08086E84	thumb	sub_08086E84
0x08086EBC	thumb	sub_08086EBC
0x08086ECC	thumb	sub_08086ECC
0x08086F0C	thumb	sub_08086F0C
0x08086F18	thumb	sub_08086F18
0x08086F24	thumb	sub_08086F24
0x08086F30	thumb	sub_08086F30
0x08086F38	thumb	sub_08086F38
0x08086F4C	thumb	sub_08086F4C
0x08086F58	thumb	sub_08086F58
0x08086F80	thumb	sub_08086F80
0x08086FD8	thumb	sub_08086FD8
0x08087060	thumb	sub_08087060
0x08087098	thumb	sub_08087098
0x080870A8	thumb	sub_080870A8
0x08087120	thumb	sub_08087120
0x0808712C	thumb	sub_0808712C
0x08087138	thumb	sub_08087138
0x08087144	thumb	sub_08087144
0x0808714C	thumb	sub_0808714C
0x08087160	thumb	sub_08087160
0x0808716C	thumb	sub_0808716C
0x080871E4	thumb	sub_080871E4
0x0808724C	thumb	sub_0808724C
0x08087260	thumb	sub_08087260
0x08087294	thumb	sub_08087294
0x080872C8	thumb	sub_080872C8
0x08087348	thumb	sub_08087348
0x0808735C	thumb	sub_0808735C
0x080873E4	thumb	sub_080873E4
0x08087484	thumb	sub_08087484
0x08087538	thumb	sub_08087538
0x080875E8	thumb	sub_080875E8
0x080875FC	thumb	sub_080875FC
0x08087600	thumb	sub_08087600
0x08087608	thumb	sub_08087608
0x08087658	thumb	sub_08087658
0x080876A4	thumb	sub_080876A4
0x080876D0	thumb	sub_080876D0
0x08087700	thumb	sub_08087700
0x08087744	thumb	sub_08087744
0x080877B8	thumb	sub_080877B8
0x0808782C	thumb	sub_0808782C
0x0808789C	thumb	sub_0808789C
0x080878E4	thumb	sub_080878E4
0x08087944	thumb	sub_08087944
0x0808796C	thumb	sub_0808796C
0x080879A8	thumb	sub_080879A8
0x08087A48	thumb	sub_08087A48
0x08087A98	thumb	sub_08087A98
0x08087AC8	thumb	sub_08087AC8
0x08087AD4	thumb	sub_08087AD4
0x08087AE0	thumb	sub_08087AE0
0x08087BD4	thumb	sub_08087BD4
0x08087BD8	thumb	sub_08087BD8
0x08087BDC	thumb	sub_08087BDC
0x08087BE0	thumb	sub_08087BE0
0x08087BE4	thumb	sub_08087BE4
0x08087BE8	thumb	sub_08087BE8
0x08087BEC	thumb	sub_08087BEC
0x08087BF0	thumb	sub_08087BF0
0x08087BF8	thumb	sub_08087BF8
0x08087C00	thumb	sub_08087C00
0x08087C04	thumb	sub_08087C04
0x08087C08	thumb	sub_08087C08
0x08087C0C	thumb	nullsub_30
0x08087C10	thumb	sub_08087C10
0x08087C24	thumb	sub_08087C24
0x08087C28	thumb	sub_08087C28
0x08087C2C	thumb	sub_08087C2C
0x08087C30	thumb	sub_08087C30
0x08087C38	thumb	sub_08087C38
0x08087C40	thumb	sub_08087C40
0x08087C44	thumb	sub_08087C44
0x08087C48	thumb	debugStub__9SingletonPCc
0x08087C4C	thumb	sub_08087C4C
0x08087C50	thumb	sub_08087C50
0x08087C54	thumb	sub_08087C54
0x08087C58	thumb	sub_08087C58
0x08087C64	thumb	sub_08087C64
0x08087C70	thumb	sub_08087C70
0x08087CA4	thumb	sub_08087CA4
0x08087CD4	thumb	sub_08087CD4
0x08087D04	thumb	sub_08087D04
0x08087D48	thumb	sub_08087D48
0x08087D78	thumb	sub_08087D78
0x08087DCC	thumb	sub_08087DCC
0x08087E20	thumb	sub_08087E20
0x08087E74	thumb	sub_08087E74
0x08087ED8	thumb	__8BGHandle
0x08087EEC	thumb	__8BGHandleRC11ResPtrSized
0x08087F10	thumb	_._8BGHandle
0x08087F3C	thumb	init__8BGHandleRC11ResPtrSized
0x08087F80	thumb	type__8BGHandleRC11ResPtrSized
0x08087F9C	thumb	read1__8BGHandleRC11ResPtrSized
0x08087FA8	thumb	read2__8BGHandleRC11ResPtrSized
0x08087FD4	thumb	_fd4__8BGHandleRC11ResPtrSized
0x08087FE0	thumb	count__C8BGHandle
0x08087FE4	thumb	block__C8BGHandle
0x08087FE8	thumb	sub_08087FE8
0x08088018	thumb	__11Unk08088018
0x08088024	thumb	_._11Unk08088018
0x08088044	thumb	sub_08088044__11Unk08088018UsPvT2
0x080881AC	thumb	sub_080881AC
0x0808836C	thumb	sub_0808836C
0x080884B4	thumb	sub_080884B4
0x080884F4	thumb	sub_080884F4
0x0808855C	thumb	sub_0808855C
0x08088628	thumb	sub_08088628
0x08088638	thumb	sub_08088638
0x08088658	thumb	sub_08088658
0x08088660	thumb	sub_08088660
0x08088668	thumb	sub_08088668
0x08088678	thumb	sub_08088678
0x080886D8	thumb	sub_080886D8
0x080886E0	thumb	sub_080886E0
0x080886F0	thumb	sub_080886F0
0x08088710	thumb	sub_08088710
0x08088718	thumb	sub_08088718
0x0808872C	thumb	sub_0808872C
0x08088740	thumb	sub_08088740
0x0808875C	thumb	sub_0808875C
0x080887B0	thumb	sub_080887B0
0x080887CC	thumb	sub_080887CC
0x080887EC	thumb	sub_080887EC
0x0808881C	thumb	sub_0808881C
0x0808882C	thumb	sub_0808882C
0x08088830	thumb	sub_08088830
0x08088870	thumb	sub_08088870
0x08088874	thumb	sub_08088874
0x080888B4	thumb	sub_080888B4
0x080888D4	thumb	sub_080888D4
0x08088900	thumb	sub_08088900
0x08088930	thumb	sub_08088930
0x080889F0	thumb	sub_080889F0
0x08088BA8	thumb	sub_08088BA8
0x08088C08	thumb	sub_08088C08
0x08088C54	thumb	sub_08088C54
0x08088D44	thumb	__9BXTHandle
0x08088D58	thumb	__9BXTHandleRC11ResPtrSized
0x08088D7C	thumb	_._9BXTHandle
0x08088D9C	thumb	init__9BXTHandleRC11ResPtrSized
0x08088DC0	thumb	type__C9BXTHandleRC11ResPtrSized
0x08088DDC	thumb	read__9BXTHandleRC11ResPtrSized
0x08088DEC	thumb	count__C9BXTHandle
0x08088DF0	thumb	getMessage__9BXTHandleUi
0x08088E18	thumb	__15Struct_09F85088
0x08088E2C	thumb	_._15Struct_09F85088
0x08088E4C	thumb	sub_08088E4C__15Struct_09F85088PPUcP7Setting
0x08088E58	thumb	__7SettingRC7Setting
0x08088E60	thumb	sub_08088E60__15Struct_09F85088i
0x08088E98	thumb	sub_08088E98__15Struct_09F85088i
0x08088ED4	thumb	__1V
0x08088EE0	thumb	_._1V
0x08088F00	thumb	sub_08088F00__1VG7SettingPs
0x08088F40	thumb	sub_08088F40__1VP7SettingPs
0x0808904C	thumb	sub_0808904C__1VP7SettingPs
0x08089178	thumb	sub_08089178
0x080891F0	thumb	sub_080891F0
0x0808933C	thumb	sub_0808933C
0x080894BC	thumb	sub_080894BC
0x080894DC	thumb	sub_080894DC
0x08089520	thumb	sub_08089520
0x08089544	thumb	sub_08089544
0x08089580	thumb	sub_08089580
0x08089594	thumb	sub_08089594
0x08089598	thumb	sub_08089598
0x0808959C	thumb	sub_0808959C
0x080895A0	thumb	sub_080895A0
0x080895C0	thumb	sub_080895C0
0x08089604	thumb	sub_08089604
0x08089628	thumb	sub_08089628
0x08089664	thumb	sub_08089664
0x08089678	thumb	sub_08089678
0x0808967C	thumb	sub_0808967C
0x08089680	thumb	sub_08089680
0x08089684	thumb	sub_08089684
0x08089714	thumb	sub_08089714
0x08089780	thumb	sub_08089780
0x080897B0	thumb	sub_080897B0
0x080897BC	thumb	sub_080897BC
0x080897C8	thumb	sub_080897C8
0x080897DC	thumb	sub_080897DC
0x080897E8	thumb	sub_080897E8
0x080897EC	thumb	sub_080897EC
0x08089868	thumb	sub_08089868
0x080898CC	thumb	sub_080898CC
0x08089A24	thumb	sub_08089A24
0x08089A28	thumb	sub_08089A28
0x08089A34	thumb	sub_08089A34
0x08089A60	thumb	sub_08089A60
0x08089A90	thumb	sub_08089A90
0x08089A98	thumb	sub_08089A98
0x08089A9C	thumb	sub_08089A9C
0x08089AE4	thumb	sub_08089AE4
0x08089B4C	thumb	sub_08089B4C
0x08089D14	thumb	sub_08089D14
0x08089D7C	thumb	sub_08089D7C
0x08089D9C	thumb	sub_08089D9C
0x08089F64	thumb	sub_08089F64
0x08089F94	thumb	sub_08089F94
0x0808A03C	thumb	sub_0808A03C
0x0808A200	thumb	sub_0808A200
0x0808A230	thumb	sub_0808A230
0x0808A268	thumb	sub_0808A268
0x0808A310	thumb	sub_0808A310
0x0808A3B4	thumb	sub_0808A3B4
0x0808A3C8	thumb	sub_0808A3C8
0x0808A52C	thumb	sub_0808A52C
0x0808A5B8	thumb	sub_0808A5B8
0x0808A5CC	thumb	sub_0808A5CC
0x0808A794	thumb	sub_0808A794
0x0808A838	thumb	sub_0808A838
0x0808A8DC	thumb	sub_0808A8DC
0x0808A8F0	thumb	sub_0808A8F0
0x0808AAA8	thumb	sub_0808AAA8
0x0808AB38	thumb	sub_0808AB38
0x0808AB4C	thumb	sub_0808AB4C
0x0808ACC4	thumb	sub_0808ACC4
0x0808AD24	thumb	sub_0808AD24
0x0808ADC0	thumb	sub_0808ADC0
0x0808ADD4	thumb	sub_0808ADD4
0x0808ADF0	thumb	sub_0808ADF0
0x0808AE24	thumb	sub_0808AE24
0x0808AE38	thumb	sub_0808AE38
0x0808AE78	thumb	sub_0808AE78
0x0808AE80	thumb	sub_0808AE80
0x0808AEF4	thumb	sub_0808AEF4
0x0808AF08	thumb	sub_0808AF08
0x0808AF10	thumb	sub_0808AF10
0x0808AF1C	thumb	sub_0808AF1C
0x0808AF20	thumb	sub_0808AF20
0x0808AF24	thumb	sub_0808AF24
0x0808AF2C	thumb	sub_0808AF2C
0x0808AF30	thumb	sub_0808AF30
0x0808AF38	thumb	sub_0808AF38
0x0808AF3C	thumb	sub_0808AF3C
0x0808AF40	thumb	sub_0808AF40
0x0808AF44	thumb	sub_0808AF44
0x0808AFA8	thumb	sub_0808AFA8
0x0808B060	thumb	sub_0808B060
0x0808B074	thumb	sub_0808B074
0x0808B07C	thumb	sub_0808B07C
0x0808B084	thumb	sub_0808B084
0x0808B0D8	thumb	sub_0808B0D8
0x0808B194	thumb	sub_0808B194
0x0808B1A8	thumb	sub_0808B1A8
0x0808B1B0	thumb	sub_0808B1B0
0x0808B1B8	thumb	sub_0808B1B8
0x0808B218	thumb	sub_0808B218
0x0808BA84	thumb	sub_0808BA84
0x0808BB8C	thumb	sub_0808BB8C
0x0808BD2C	thumb	sub_0808BD2C
0x0808BE60	thumb	sub_0808BE60
0x0808BF1C	thumb	sub_0808BF1C
0x0808BF44	thumb	sub_0808BF44
0x0808BF48	thumb	sub_0808BF48
0x0808BF54	thumb	sub_0808BF54
0x0808BFF8	thumb	sub_0808BFF8
0x0808C024	thumb	sub_0808C024
0x0808C044	thumb	sub_0808C044
0x0808C064	thumb	sub_0808C064
0x0808C09C	thumb	sub_0808C09C
0x0808C0AC	thumb	sub_0808C0AC
0x0808C0D8	thumb	sub_0808C0D8
0x0808C134	thumb	sub_0808C134
0x0808C190	thumb	sub_0808C190
0x0808C1CC	thumb	sub_0808C1CC
0x0808C2B4	thumb	sub_0808C2B4
0x0808C2C4	thumb	sub_0808C2C4
0x0808C3B4	thumb	sub_0808C3B4
0x0808C488	thumb	sub_0808C488
0x0808C568	thumb	sub_0808C568
0x0808C578	thumb	sub_0808C578
0x0808C598	thumb	sub_0808C598
0x0808C59C	thumb	sub_0808C59C
0x0808C618	thumb	sub_0808C618
0x0808C694	thumb	sub_0808C694
0x0808C6D8	thumb	sub_0808C6D8
0x0808C758	thumb	sub_0808C758
0x0808C7CC	thumb	sub_0808C7CC
0x0808CB18	thumb	sub_0808CB18
0x0808CB78	thumb	sub_0808CB78
0x0808CB90	thumb	sub_0808CB90
0x0808CBC0	thumb	sub_0808CBC0
0x0808CBD8	thumb	sub_0808CBD8
0x0808D280	thumb	sub_0808D280
0x0808D3B4	thumb	sub_0808D3B4
0x0808D470	thumb	sub_0808D470
0x0808D518	thumb	sub_0808D518
0x0808D540	thumb	sub_0808D540
0x0808D544	thumb	sub_0808D544
0x0808D550	thumb	sub_0808D550
0x0808D5E8	thumb	sub_0808D5E8
0x0808D614	thumb	sub_0808D614
0x0808D640	thumb	sub_0808D640
0x0808D66C	thumb	sub_0808D66C
0x0808D698	thumb	sub_0808D698
0x0808D6C4	thumb	sub_0808D6C4
0x0808D700	thumb	sub_0808D700
0x0808D758	thumb	sub_0808D758
0x0808D768	thumb	sub_0808D768
0x0808D858	thumb	sub_0808D858
0x0808D910	thumb	sub_0808D910
0x0808D9D0	thumb	sub_0808D9D0
0x0808D9E0	thumb	sub_0808D9E0
0x0808DA00	thumb	sub_0808DA00
0x0808DA04	thumb	sub_0808DA04
0x0808DA44	thumb	sub_0808DA44
0x0808DA84	thumb	sub_0808DA84
0x0808DAC4	thumb	sub_0808DAC4
0x0808DB04	thumb	sub_0808DB04
0x0808DB44	thumb	sub_0808DB44
0x0808DB94	thumb	sub_0808DB94
0x0808DBD4	thumb	sub_0808DBD4
0x0808DF14	thumb	sub_0808DF14
0x0808DF84	thumb	sub_0808DF84
0x0808DF9C	thumb	sub_0808DF9C
0x0808DFBC	thumb	sub_0808DFBC
0x0808DFD4	thumb	sub_0808DFD4
0x0808E200	thumb	sub_0808E200
0x0808E244	thumb	sub_0808E244
0x0808E278	thumb	sub_0808E278
0x0808E2A4	thumb	sub_0808E2A4
0x0808E2D4	thumb	sub_0808E2D4
0x0808E2DC	thumb	sub_0808E2DC
0x0808E300	thumb	sub_0808E300
0x0808E318	thumb	sub_0808E318
0x0808E338	thumb	sub_0808E338
0x0808E350	thumb	sub_0808E350
0x0808E5FC	thumb	sub_0808E5FC
0x0808E64C	thumb	sub_0808E64C
0x0808E664	thumb	sub_0808E664
0x0808E708	thumb	sub_0808E708
0x0808E73C	thumb	sub_0808E73C
0x0808E7B0	thumb	sub_0808E7B0
0x0808E7C0	thumb	sub_0808E7C0
0x0808E7F0	thumb	sub_0808E7F0
0x0808E7F4	thumb	sub_0808E7F4
0x0808E7F8	thumb	sub_0808E7F8
0x0808E7FC	thumb	sub_0808E7FC
0x0808E800	thumb	sub_0808E800
0x0808E804	thumb	sub_0808E804
0x0808E808	thumb	sub_0808E808
0x0808E80C	thumb	sub_0808E80C
0x0808E810	thumb	sub_0808E810
0x0808E814	thumb	sub_0808E814
0x0808E834	thumb	sub_0808E834
0x0808E900	thumb	sub_0808E900
0x0808E930	thumb	sub_0808E930
0x0808E958	thumb	sub_0808E958
0x0808EA6C	thumb	sub_0808EA6C
0x0808EA70	thumb	sub_0808EA70
0x0808EA78	thumb	sub_0808EA78
0x0808EA7C	thumb	sub_0808EA7C
0x0808EA80	thumb	sub_0808EA80
0x0808EA8C	thumb	sub_0808EA8C
0x0808EA90	thumb	sub_0808EA90
0x0808EA98	thumb	sub_0808EA98
0x0808EA9C	thumb	sub_0808EA9C
0x0808EAA0	thumb	sub_0808EAA0
0x0808EAA8	thumb	sub_0808EAA8
0x0808EAAC	thumb	sub_0808EAAC
0x0808EAB0	thumb	sub_0808EAB0
0x0808EACC	thumb	sub_0808EACC
0x0808EBA8	thumb	sub_0808EBA8
0x0808EC28	thumb	sub_0808EC28
0x0808EC34	thumb	sub_0808EC34
0x0808ECA4	thumb	sub_0808ECA4
0x0808ECEC	thumb	umul3232H32
0x0808ECFC	thumb	SoundMain
0x0808ED80	thumb	SoundMainRAM
0x0808F124	thumb	SoundMainBTM
0x0808F13C	thumb	RealClearChain
0x0808F15C	thumb	ply_fine
0x0808F194	thumb	MPlayJumpTableCopy
0x0808F1AC	thumb	ldrb_r3_r2
0x0808F1AE	thumb	chk_adr_r2
0x0808F1C8	thumb	ld_r3_tp_adr_i
0x0808F1D4	thumb	ply_goto
0x0808F1F4	thumb	ply_patt
0x0808F210	thumb	ply_pend
0x0808F224	thumb	ply_rept
0x0808F254	thumb	ply_prio
0x0808F260	thumb	ply_tempo
0x0808F274	thumb	ply_keysh
0x0808F288	thumb	ply_voice
0x0808F2B8	thumb	ply_vol
0x0808F2CC	thumb	ply_pan
0x0808F2E0	thumb	ply_bend
0x0808F2F4	thumb	ply_bendr
0x0808F308	thumb	ply_lfodl
0x0808F314	thumb	ply_modt
0x0808F32C	thumb	ply_tune
0x0808F340	thumb	ply_port
0x0808F358	thumb	MPlayMain
0x0808F5D4	thumb	TrackStop
0x0808F620	thumb	ChnVolSetAsm
0x0808F650	thumb	ply_note
0x0808F850	thumb	ply_endtie
0x0808F89C	thumb	clear_modM
0x0808F8B8	thumb	ld_r3_tp_adr_i_unchecked
0x0808F8C4	thumb	ply_lfos
0x0808F8D8	thumb	ply_mod
0x0808F8EC	thumb	MidiKeyToFreq
0x0808F950	thumb	sub_0808F950
0x0808F954	thumb	MPlayContinue
0x0808F974	thumb	MPlayFadeOut
0x0808F998	thumb	m4aSoundInit
0x0808FA10	thumb	m4aSoundMain
0x0808FA1C	thumb	m4aSongNumStart
0x0808FA48	thumb	m4aSongNumStartOrChange
0x0808FA94	thumb	m4aSongNumStartOrContinue
0x0808FAE8	thumb	m4aSongNumStop
0x0808FB1C	thumb	m4aSongNumContinue
0x0808FB50	thumb	m4aMPlayAllStop
0x0808FB7C	thumb	m4aMPlayContinue
0x0808FB88	thumb	m4aMPlayAllContinue
0x0808FBB4	thumb	m4aMPlayFadeOut
0x0808FBC4	thumb	m4aMPlayFadeOutTemporarily
0x0808FBE8	thumb	m4aMPlayFadeIn
0x0808FC14	thumb	m4aMPlayImmInit
0x0808FC7C	thumb	MPlayExtender
0x0808FD94	thumb	MusicPlayerJumpTableCopy
0x0808FD98	thumb	ClearChain
0x0808FDAC	thumb	Clear64byte
0x0808FDC0	thumb	SoundInit
0x0808FEB8	thumb	SampleFreqSet
0x0808FF24	thumb	m4aSoundMode
0x0808FFB8	thumb	SoundClear
0x0809000C	thumb	m4aSoundVSyncOff
0x0809008C	thumb	m4aSoundVSyncOn
0x08090104	thumb	m4aSoundVSync
0x08090184	thumb	MPlayOpen
0x080901FC	thumb	MPlayStart
0x080902E0	thumb	MPlayStop
0x08090320	thumb	FadeOutBody
0x080903E8	thumb	TrkVolPitSet
0x0809049C	thumb	MidiKeyToCgbFreq
0x08090544	thumb	CgbOscOff
0x08090598	thumb	CgbModVol
0x08090600	thumb	CgbSound
0x08090A80	thumb	m4aMPlayTempoControl
0x08090AA4	thumb	m4aMPlayVolumeControl
0x08090B0C	thumb	m4aMPlayPitchControl
0x08090B80	thumb	m4aMPlayPanpotControl
0x08090BE8	thumb	ClearModM
0x08090C0C	thumb	m4aMPlayModDepthSet
0x08090C80	thumb	m4aMPlayLFOSpeedSet
0x08090CF4	thumb	ply_memacc
0x08090E4C	thumb	ply_xcmd
0x08090E6C	thumb	ply_xxx
0x08090E80	thumb	ply_xwave
0x08090EC8	thumb	ply_xtype
0x08090EDC	thumb	ply_xatta
0x08090EF0	thumb	ply_xdeca
0x08090F04	thumb	ply_xsust
0x08090F18	thumb	ply_xrele
0x08090F2C	thumb	ply_xiecv
0x08090F38	thumb	ply_xiecl
0x08090F44	thumb	ply_xleng
0x08090F58	thumb	ply_xswee
0x08090F6C	thumb	DummyFunc
0x08090F70	thumb	ArcTan2
0x08090F74	thumb	CpuFastSet
0x08090F78	thumb	CpuSet
0x08090F7C	thumb	Div
0x08090F80	thumb	DivMod
0x08090F88	thumb	LZ77UnCompVram
0x08090F8C	thumb	LZ77UnCompWram
0x08090F90	thumb	sub_08090F90
0x08090FA8	thumb	sub_08090FA8
0x08090FB0	thumb	sub_08090FB0
0x08090FB8	thumb	sub_08090FB8
0x08090FBC	thumb	VBlankIntrWait
0x08090FC4	thumb	sub_08090FC4
0x08090FE8	thumb	sub_08090FE8
0x08091084	thumb	sub_08091084
0x080910AC	thumb	sub_080910AC
0x080910E8	thumb	sub_080910E8
0x08091190	thumb	sub_08091190
0x080911D4	thumb	sub_080911D4
0x080911D8	thumb	sub_080911D8
0x08091218	thumb	sub_08091218
0x0809123C	thumb	sub_0809123C
0x080912D8	thumb	sub_080912D8
0x08091308	thumb	sub_08091308
0x080913A0	thumb	sub_080913A0
0x08091438	thumb	sub_08091438
0x0809147C	thumb	sub_0809147C
0x080914C4	thumb	sub_080914C4
0x08091558	thumb	sub_08091558
0x080915E0	thumb	sub_080915E0
0x08091654	thumb	sub_08091654
0x080916F0	thumb	sub_080916F0
0x08091728	thumb	sub_08091728
0x0809184C	thumb	sub_0809184C
0x08091870	thumb	sub_08091870
0x08091888	thumb	sub_08091888
0x08091934	thumb	_call_via_r0
0x08091938	thumb	_call_via_r1
0x0809193C	thumb	_call_via_r2
0x08091940	thumb	_call_via_r3
0x08091944	thumb	_call_via_r4
0x08091948	thumb	_call_via_r5
0x0809194C	thumb	sub_0809194C
0x08091950	thumb	sub_08091950
0x08091954	thumb	_call_via_r8
0x08091958	thumb	sub_08091958
0x0809195C	thumb	sub_0809195C
0x08091960	thumb	sub_08091960
0x08091964	thumb	sub_08091964
0x08091968	thumb	sub_08091968
0x0809196C	thumb	sub_0809196C
0x08091970	thumb	__divsi3
0x08091A04	thumb	nullsub_14
0x08091A08	thumb	__modsi3
0x08091AD8	thumb	__pure_virtual
0x08091AE0	thumb	__udivsi3
0x08091B58	thumb	__umodsi3
0x08091C18	thumb	pack_d
0x08091D60	thumb	unpack_d
0x08091E38	thumb	sub_08091E38
0x080920A4	thumb	__adddf3
0x080920D4	thumb	__subdf3
0x0809210C	thumb	__muldf3
0x080923B4	thumb	__divdf3
0x0809253C	thumb	sub_0809253C
0x0809263C	thumb	sub_0809263C
0x08092668	thumb	__eqdf2
0x080926B4	thumb	__nedf2
0x08092700	thumb	__gtdf2
0x0809274C	thumb	sub_0809274C
0x08092798	thumb	__ltdf2
0x080927E4	thumb	__ledf2
0x08092830	thumb	__floatsidf
0x080928AC	thumb	__fixdfsi
0x08092920	thumb	__negdf2
0x08092948	thumb	sub_08092948
0x08092970	thumb	sub_08092970
0x080929B4	thumb	sub_080929B4
0x08092A6C	thumb	sub_08092A6C
0x08092AE8	thumb	sub_08092AE8
0x08092C64	thumb	sub_08092C64
0x08092C90	thumb	sub_08092C90
0x08092CC4	thumb	sub_08092CC4
0x08092E28	thumb	sub_08092E28
0x08092F14	thumb	sub_08092F14
0x08092FF8	thumb	sub_08092FF8
0x08093020	thumb	sub_08093020
0x08093068	thumb	sub_08093068
0x080930B0	thumb	sub_080930B0
0x080930F8	thumb	sub_080930F8
0x08093140	thumb	sub_08093140
0x08093188	thumb	sub_08093188
0x080931D0	thumb	sub_080931D0
0x08093230	thumb	sub_08093230
0x08093298	thumb	sub_08093298
0x080932BC	thumb	sub_080932BC
0x080932D4	thumb	sub_080932D4
0x08093300	thumb	__default_terminate
0x08093308	thumb	__terminate
0x08093318	thumb	__throw_type_match
0x0809332C	thumb	__empty
0x08093330	thumb	new_eh_context
0x08093358	thumb	__get_eh_context
0x08093368	thumb	__get_eh_info
0x0809337C	thumb	eh_context_initialize
0x08093394	thumb	eh_context_static
0x080933C4	thumb	__get_dynamic_handler_chain
0x080934E8	thumb	__sjpopnthrow
0x080935B8	thumb	__eh_rtime_match
0x080935DC	thumb	__lshrdi3
0x08093610	thumb	sub_08093610
0x08093680	thumb	sub_08093680
0x08093698	thumb	sub_08093698
0x080936F4	thumb	abort
0x08093714	thumb	isatty
0x08093718	thumb	alarm
0x0809371C	thumb	malloc
0x08093730	thumb	free
0x08093744	thumb	malloc_extend_top
0x080938A0	thumb	_malloc_r
0x08093C60	thumb	memcpy
0x08093CC0	thumb	memset
0x08093D14	thumb	__malloc_lock
0x08093D18	thumb	__malloc_unlock
0x08093D1C	thumb	_sbrk_r
0x08093D48	thumb	strcmp
0x08093DA4	thumb	findslot
0x08093DC4	thumb	remap_handle
0x08093E10	thumb	initialise_monitor_handles
0x08093E80	thumb	get_errno
0x08093E94	thumb	error
0x08093EA8	thumb	wrap
0x08093EC0	thumb	_swiread
0x08093EE4	thumb	_read
0x08093F2C	thumb	_swilseek
0x08093FB0	thumb	_lseek
0x08093FBC	thumb	_swiwrite
0x08093FE0	thumb	_write
0x0809402C	thumb	_swiopen
0x080940CC	thumb	_open
0x080940E0	thumb	_swiclose
0x08094114	thumb	_close
0x08094120	thumb	_exit
0x08094140	thumb	_kill
0x08094160	thumb	_getpid
0x08094164	thumb	_sbrk
0x080941A0	thumb	_fstat
0x080941AC	thumb	_unlink
0x080941B4	thumb	_raise
0x080941B8	thumb	_gettimeofday
0x080941E4	thumb	_times
0x08094208	thumb	vsprintf
0x0809423C	thumb	__errno
0x08094248	thumb	_free_r
0x08094408	thumb	_malloc_trim_r
0x080944C8	thumb	strlen
0x0809450C	thumb	__sprint
0x0809452C	thumb	__sbprintf
0x080945A0	thumb	vfprintf
0x080945B4	thumb	_vfprintf_r
0x08095514	thumb	cvt
0x08095608	thumb	exponent
0x08095678	thumb	__swsetup
0x08095724	thumb	quorem
0x08095880	thumb	_dtoa_r
0x08096578	thumb	fflush
0x0809660C	thumb	std
0x08096644	thumb	__sfmoreglue
0x08096674	thumb	__sfp
0x080966E8	thumb	_cleanup_r
0x080966F8	thumb	_cleanup
0x08096708	thumb	__sinit
0x08096768	thumb	__sfvwrite
0x08096994	thumb	_fwalk
0x080969D4	thumb	_setlocale_r
0x08096A10	thumb	_localeconv_r
0x08096A18	thumb	setlocale
0x08096A30	thumb	localeconv
0x08096A40	thumb	__smakebuf
0x08096B1C	thumb	_mbtowc_r
0x08096B48	thumb	memchr
0x08096BC8	thumb	memmove
0x08096C50	thumb	_Balloc
0x08096CA8	thumb	_Bfree
0x08096CC0	thumb	_multadd
0x08096D58	thumb	_s2b
0x08096DDC	thumb	_hi0bits
0x08096E34	thumb	_lo0bits
0x08096EB8	thumb	_i2b
0x08096ECC	thumb	_multiply
0x08097038	thumb	_pow5mult
0x080970D0	thumb	_lshift
0x08097170	thumb	__mcmp
0x080971B0	thumb	__mdiff
0x080972A0	thumb	_ulp
0x080972EC	thumb	_b2d
0x080973A8	thumb	_d2b
0x08097490	thumb	_ratio
0x080974E0	thumb	_mprec_log10
0x08097520	thumb	isinf
0x08097544	thumb	isnan
0x08097564	thumb	__sread
0x08097598	thumb	__swrite
0x080975D8	thumb	__sseek
0x08097618	thumb	__sclose
0x08097628	thumb	_write_r
0x08097658	thumb	_calloc_r
0x080976B0	thumb	_close_r
0x080976DC	thumb	_fstat_r
0x08097708	thumb	_lseek_r
0x08097738	thumb	_read_r
0x08097768	thumb	_._11ResPtrSized
0x08097788	thumb	init__13SystemManager
0x08097798	thumb	getName__13SystemManager
0x080977A0	thumb	_._5Event
0x080977B4	thumb	init__13BattleManager
0x080977C4	thumb	getName__13BattleManager
0x080977CC	thumb	init__18ShowDownAsLoseRTTIUs
0x080977EC	thumb	getName__18ShowDownAsLoseRTTI
0x080977F4	thumb	dt__14ShowDownAsLose
0x08097808	thumb	init__20ShowDownAsEscapeRTTIUs
0x08097828	thumb	getName__20ShowDownAsEscapeRTTI
0x08097830	thumb	dt__16ShowDownAsEscape
0x08097844	thumb	init__17ShowDownAsWinRTTIUs
0x08097864	thumb	getName__17ShowDownAsWinRTTI
0x0809786C	thumb	dt__13ShowDownAsWin
0x08097880	thumb	init__15UnitTurnEndRTTI
0x08097890	thumb	getName__15UnitTurnEndRTTI
0x08097898	thumb	dt__11UnitTurnEnd
0x080978AC	thumb	init__17UnitTurnBeginRTTI
0x080978BC	thumb	getName__17UnitTurnBeginRTTI
0x080978C4	thumb	dt__13UnitTurnBegin
0x080978D8	thumb	init__12RoundEndRTTI
0x080978E8	thumb	getName__12RoundEndRTTI
0x080978F0	thumb	dt__8RoundEnd
0x08097904	thumb	init__14RoundBeginRTTI
0x08097914	thumb	getName__14RoundBeginRTTI
0x0809791C	thumb	dt__10RoundBegin
0x08097930	thumb	create__23MaskedManBattleBFactoryUs
0x08097950	thumb	create__23MaskedManBattleAFactoryUs
0x08097970	thumb	create__18PorkyBattleFactoryUs
0x08097990	thumb	sub_08097990
0x080979D0	thumb	create__21PorkyBotBattleFactoryUs
0x080979F0	thumb	create__23MasterEddyBattleFactoryUs
0x08097A0C	thumb	create__20DefaultBattleFactoryUs
0x08097A28	thumb	__16MaskedManBattleBUs
0x08097A94	thumb	__16MaskedManBattleAUs
0x08097B5C	thumb	__11PorkyBattleUs
0x08097BC8	thumb	__14PorkyBotBattleUs
0x08097C34	thumb	__16MasterEddyBattleUs
0x08097C94	thumb	sub_08097C94
0x08097CB4	thumb	sub_08097CB4
0x08097D18	thumb	__13DefaultBattleUs
0x08097D70	thumb	battle_110__16MaskedManBattleB
0x08097DE0	thumb	sub_08097DE0
0x08098034	thumb	sub_08098034
0x08098210	thumb	sub_08098210
0x08098580	thumb	sub_08098580
0x08098728	thumb	battle_98__16MaskedManBattleB
0x08098868	thumb	battle_90__16MaskedManBattleB
0x0809886C	thumb	battle_78__16MaskedManBattleB
0x080988B8	thumb	battle_88__16MaskedManBattleB
0x080988DC	thumb	dt__16MaskedManBattleB
0x08098944	thumb	battle_110__16MaskedManBattleA
0x080989D8	thumb	sub_080989D8
0x08098A40	thumb	sub_08098A40
0x08098AA8	thumb	sub_08098AA8
0x08098B3C	thumb	sub_08098B3C
0x08098BD4	thumb	sub_08098BD4
0x08098CCC	thumb	sub_08098CCC
0x08098E48	thumb	sub_08098E48
0x08098F38	thumb	sub_08098F38
0x08099240	thumb	evtFlintIntervene
0x080995EC	thumb	sub_080995EC
0x080997F0	thumb	sub_080997F0
0x08099994	thumb	sub_08099994
0x08099A88	thumb	sub_08099A88
0x08099BE4	thumb	sub_08099BE4
0x08099C50	thumb	battle_98__16MaskedManBattleA
0x08099E38	thumb	battle_90__16MaskedManBattleA
0x08099E3C	thumb	battle_78__16MaskedManBattleA
0x08099E88	thumb	dt__16MaskedManBattleA
0x08099F18	thumb	battle_110__11PorkyBattle
0x08099F74	thumb	sub_08099F74
0x08099FD8	thumb	sub_08099FD8
0x0809A474	thumb	sub_0809A474
0x0809A4AC	thumb	sub_0809A4AC
0x0809A578	thumb	sub_0809A578
0x0809A640	thumb	sub_0809A640
0x0809A70C	thumb	sub_0809A70C
0x0809A7D8	thumb	battle_98__11PorkyBattle
0x0809A8B8	thumb	dt__11PorkyBattle
0x0809A920	thumb	sub_0809A920
0x0809A980	thumb	sub_0809A980
0x0809A9D0	thumb	sub_0809A9D0
0x0809AA44	thumb	sub_0809AA44
0x0809AA98	thumb	sub_0809AA98
0x0809AEB4	thumb	sub_0809AEB4
0x0809AFA8	thumb	sub_0809AFA8
0x0809B368	thumb	sub_0809B368
0x0809B398	thumb	sub_0809B398
0x0809B3A4	thumb	battle_90__14PorkyBotBattle
0x0809B420	thumb	dt__14PorkyBotBattle
0x0809B488	thumb	battle_110__16MasterEddyBattle
0x0809B4D4	thumb	dt__16MasterEddyBattle
0x0809B53C	thumb	sub_0809B53C
0x0809B610	thumb	sub_0809B610
0x0809B8A8	thumb	sub_0809B8A8
0x0809B9B0	thumb	sub_0809B9B0
0x0809BAB4	thumb	sub_0809BAB4
0x0809BB54	thumb	sub_0809BB54
0x0809BB94	thumb	sub_0809BB94
0x0809BBE4	thumb	battle_1f8__13DefaultBattle
0x0809BC10	thumb	sub_0809BC10
0x0809BC68	thumb	sub_0809BC68
0x0809BCBC	thumb	battle_78__13DefaultBattle
0x0809BCE0	thumb	sub_0809BCE0
0x0809BD50	thumb	dt__13DefaultBattle
0x0809BDB8	thumb	create__12ClausFactoryUsUs
0x0809BDDC	thumb	create__12SalsaFactoryUsUs
0x0809BE00	thumb	create__12BoneyFactoryUsUs
0x0809BE24	thumb	create__13DusterFactoryUsUs
0x0809BE48	thumb	create__15KumatoraFactoryUsUs
0x0809BE6C	thumb	create__12LucasFactoryUsUs
0x0809BE90	thumb	create__12FlintFactoryUsUs
0x0809BEB4	thumb	sub_0809BEB4
0x0809BED4	thumb	sub_0809BED4
0x0809BEF4	thumb	create__20DefaultPlayerFactoryUsUs
0x0809BF18	thumb	__5ClausUsUs
0x0809BFE8	thumb	__5SalsaUsUs
0x0809C0DC	thumb	__5BoneyUsUs
0x0809C1B8	thumb	__6DusterUsUs
0x0809C294	thumb	__8KumatoraUsUs
0x0809C37C	thumb	__5LucasUsUs
0x0809C464	thumb	__5FlintUsUs
0x0809C540	thumb	__13DefaultPlayerUsUs
0x0809C5E8	thumb	dt__5Claus
0x0809C604	thumb	sub_0809C604
0x0809C61C	thumb	sub_0809C61C
0x0809C7EC	thumb	sub_0809C7EC
0x0809C818	thumb	sub_0809C818
0x0809C840	thumb	sub_0809C840
0x0809C898	thumb	dt__5Salsa
0x0809C8B4	thumb	sub_0809C8B4
0x0809C8D0	thumb	dt__5Boney
0x0809C8EC	thumb	sub_0809C8EC
0x0809C974	thumb	sub_0809C974
0x0809CAB8	thumb	dt__6Duster
0x0809CAD4	thumb	sub_0809CAD4
0x0809CBD0	thumb	sub_0809CBD0
0x0809CCB8	thumb	dt__8Kumatora
0x0809CCF4	thumb	sub_0809CCF4
0x0809CD6C	thumb	sub_0809CD6C
0x0809CE68	thumb	sub_0809CE68
0x0809CF50	thumb	dt__5Lucas
0x0809CF8C	thumb	sub_0809CF8C
0x0809D004	thumb	sub_0809D004
0x0809D05C	thumb	dt__5Flint
0x0809D078	thumb	missSfx__13DefaultPlayer
0x0809D0DC	thumb	critSfx__13DefaultPlayer
0x0809D140	thumb	attackSfx__13DefaultPlayer
0x0809D1A0	thumb	sub_0809D1A0
0x0809D264	thumb	sub_0809D264
0x0809D294	thumb	nullsub_53
0x0809D298	thumb	sub_0809D298
0x0809D4B8	thumb	onAction__13DefaultPlayerP6Action
0x0809D4F8	thumb	nullsub_52
0x0809D4FC	thumb	dt__13DefaultPlayer
0x0809D518	thumb	create__12SniffFactoryUsP4Unit
0x0809D538	thumb	create__18SirenBeetleFactoryUsP4Unit
0x0809D558	thumb	create__16QuickFlipFactoryUsP4Unit
0x0809D578	thumb	create__26CantAttackMaskedManFactoryUsP4Unit
0x0809D598	thumb	create__10RunFactoryUsP4Unit
0x0809D5B8	thumb	create__12DanceFactoryUsP4Unit
0x0809D5D8	thumb	create__16MakeLaughFactoryUsP4Unit
0x0809D5F8	thumb	create__16ApologizeFactoryUsP4Unit
0x0809D618	thumb	create__18TickleStickFactoryUsP4Unit
0x0809D638	thumb	create__16ScaryMaskFactoryUsP4Unit
0x0809D658	thumb	create__16SmokeBombFactoryUsP4Unit
0x0809D678	thumb	create__20HypnoPendulumFactoryUsP4Unit
0x0809D698	thumb	create__17WallStapleFactoryUsP4Unit
0x0809D6B8	thumb	sub_0809D6B8
0x0809D728	thumb	sub_0809D728
0x0809D7D4	thumb	sub_0809D7D4
0x0809D838	thumb	sub_0809D838
0x0809D860	thumb	create__11BashFactoryUsP4Unit
0x0809D880	thumb	create__25DefaultPlayerSkillFactoryUsP4Unit
0x0809D8A0	thumb	__5SniffUsP4Unit
0x0809D8BC	thumb	__11SirenBeetleUsP4Unit
0x0809D8D8	thumb	__9QuickFlipUsP4Unit
0x0809D8F4	thumb	__19CantAttackMaskedManUsP4Unit
0x0809D910	thumb	__3RunUsP4Unit
0x0809D954	thumb	__5DanceUsP4Unit
0x0809D970	thumb	__9MakeLaughUsP4Unit
0x0809D98C	thumb	__9ApologizeUsP4Unit
0x0809D9A8	thumb	__11TickleStickUsP4Unit
0x0809D9C4	thumb	__9ScaryMaskUsP4Unit
0x0809D9E0	thumb	__9SmokeBombUsP4Unit
0x0809D9FC	thumb	__13HypnoPendulumUsP4Unit
0x0809DA18	thumb	__10WallStapleUsP4Unit
0x0809DA34	thumb	__4BashUsP4Unit
0x0809DA68	thumb	__18DefaultPlayerSkillUsP4Unit
0x0809DA84	thumb	tellMissed__5SniffP4Unit
0x0809DAD4	thumb	onSuccess__5SniffP4Unit
0x0809DC2C	thumb	calcDidHit__5SniffP4Unit
0x0809DC9C	thumb	tellResisted__5SniffP4Unit
0x0809DCE8	thumb	isResisted__5SniffP4Unit
0x0809DD74	thumb	tellUseMessage__5Sniff
0x0809DD88	thumb	dt__5Sniff
0x0809DD9C	thumb	tellMissed__11SirenBeetleP4Unit
0x0809DDE0	thumb	onSuccess__11SirenBeetleP4Unit
0x0809DEB0	thumb	calcDidHit__11SirenBeetleP4Unit
0x0809DF04	thumb	tellResisted__11SirenBeetleP4Unit
0x0809DF30	thumb	isResisted__11SirenBeetleP4Unit
0x0809DF50	thumb	playAnim__11SirenBeetle
0x0809DF6C	thumb	dt__11SirenBeetle
0x0809DF80	thumb	tellUseMessage__9QuickFlip
0x0809E04C	thumb	dt__9QuickFlip
0x0809E060	thumb	tellUseMessage__19CantAttackMaskedMan
0x0809E120	thumb	dt__19CantAttackMaskedMan
0x0809E134	thumb	tellMissed__3RunP4Unit
0x0809E1E0	thumb	onSuccess__3RunP4Unit
0x0809E244	thumb	calcDidHit__3RunP4Unit
0x0809E338	thumb	tellUseMessage__3Run
0x0809E390	thumb	dt__3Run
0x0809E3A4	thumb	onSuccess__5DanceP4Unit
0x0809E5A0	thumb	dt__5Dance
0x0809E5B4	thumb	tellMissed__9MakeLaughP4Unit
0x0809E5F8	thumb	calcDidHit__9MakeLaughP4Unit
0x0809E630	thumb	tellResisted__9MakeLaughP4Unit
0x0809E674	thumb	isResisted__9MakeLaughP4Unit
0x0809E694	thumb	tellUseMessage__9MakeLaugh
0x0809E6EC	thumb	dt__9MakeLaugh
0x0809E700	thumb	tellMissed__9ApologizeP4Unit
0x0809E744	thumb	calcDidHit__9ApologizeP4Unit
0x0809E77C	thumb	tellResisted__9ApologizeP4Unit
0x0809E7C0	thumb	isResisted__9ApologizeP4Unit
0x0809E7E0	thumb	tellUseMessage__9Apologize
0x0809E834	thumb	dt__9Apologize
0x0809E848	thumb	dt__11TickleStick
0x0809E85C	thumb	dt__9ScaryMask
0x0809E860	thumb	dt__11UnusedPlySk
0x0809E870	thumb	dt__9SmokeBomb
0x0809E884	thumb	dt__13HypnoPendulum
0x0809E898	thumb	tellResisted__10WallStapleP4Unit
0x0809E8DC	thumb	dt__10WallStaple
0x0809E8F0	thumb	sub_0809E8F0__4Bash
0x0809E910	thumb	sub_0809E910__4Bash
0x0809E954	thumb	sub_0809E954__4Bash
0x0809EAA4	thumb	sub_0809EAA4__4Bash
0x0809EAF0	thumb	sub_0809EAF0__4Bash
0x0809EB94	thumb	sub_0809EB94__4Bash
0x0809EBA8	thumb	sub_0809EBA8__4Bash
0x0809EBBC	thumb	sub_0809EBBC__4Bash
0x0809EC04	thumb	sub_0809EC04__4Bash
0x0809EC44	thumb	sub_0809EC44__4Bash
0x0809ED04	thumb	sub_0809ED04__4Bash
0x0809EEAC	thumb	sub_0809EEAC
0x0809F098	thumb	onAttack__4BashP4Unit
0x0809F5B0	thumb	hitChance__C4BashP4Unit
0x0809F670	thumb	calcDidHit__4BashP4Unit
0x0809F6DC	thumb	isResisted__4BashP4Unit
0x0809F6E0	thumb	dt__4Bash
0x0809F710	thumb	sub_0809F710
0x0809F724	thumb	sub_0809F724
0x0809F840	thumb	action_1c0__5Sniff
0x0809F854	thumb	fire__5Sniff
0x0809F970	thumb	sub_0809F970
0x0809F990	thumb	sub_0809F990
0x0809F9F0	thumb	sub_0809F9F0
0x0809FA58	thumb	sub_0809FA58
0x0809FA6C	thumb	sub_0809FA6C
0x0809FB88	thumb	hitChance__C18DefaultPlayerSkill
0x0809FC10	thumb	dt__18DefaultPlayerSkill
0x0809FC24	thumb	init__9GuestRTTI
0x0809FC38	thumb	getName__9GuestRTTI
0x0809FC40	thumb	create__12IoniaFactoryUs
0x0809FC5C	thumb	create__13FassadFactoryUs
0x0809FC78	thumb	create__11WessFactoryUs
0x0809FC94	thumb	create__11AlecFactoryUs
0x0809FCB0	thumb	create__11FuelFactoryUs
0x0809FCCC	thumb	create__13ThomasFactoryUs
0x0809FCE8	thumb	sub_0809FCE8
0x0809FD08	thumb	sub_0809FD08
0x0809FD28	thumb	create__19DefaultGuestFactoryUs
0x0809FD44	thumb	__5IoniaUs
0x0809FE04	thumb	__6FassadUs
0x0809FEE4	thumb	__4WessUs
0x0809FFB4	thumb	__4AlecUs
0x080A008C	thumb	__4FuelUs
0x080A014C	thumb	__6ThomasUs
0x080A020C	thumb	__12DefaultGuestUs
0x080A02BC	thumb	guest_2c0__5Ionia
0x080A02E4	thumb	dt__5Ionia
0x080A0300	thumb	_118__6Fassad
0x080A034C	thumb	_110__6Fassad
0x080A0374	thumb	_108__6Fassad
0x080A039C	thumb	guest_2c0__6Fassad
0x080A043C	thumb	_e8__6Fassad
0x080A04B0	thumb	dt__6Fassad
0x080A04CC	thumb	onAction__4WessP6Action
0x080A051C	thumb	_108__4Wess
0x080A0680	thumb	guest_2c0__4Wess
0x080A073C	thumb	dt__4Wess
0x080A0758	thumb	sub_080A0758
0x080A07C0	thumb	_110__4Alec
0x080A0840	thumb	_108__4Alec
0x080A08E4	thumb	guest_2c0__4Alec
0x080A0918	thumb	dt__4Alec
0x080A0934	thumb	guest_2c0__4Fuel
0x080A095C	thumb	dt__4Fuel
0x080A0978	thumb	guest_2c0__6Thomas
0x080A09A8	thumb	dt__6Thomas
0x080A09C4	thumb	_100__12DefaultGuest
0x080A09D0	thumb	_f8__12DefaultGuest
0x080A09DC	thumb	onAction__12DefaultGuestP6Action
0x080A0A04	thumb	_f0__12DefaultGuest
0x080A0A08	thumb	_e8__12DefaultGuest
0x080A0A0C	thumb	dt__12DefaultGuest
0x080A0A28	thumb	create__19GuestSkill24FactoryUsP4Unit
0x080A0A48	thumb	create__17AlecAttackFactoryUsP4Unit
0x080A0A68	thumb	create__22AlecShakeWakeUpFactoryUsP4Unit
0x080A0A88	thumb	create__23FassadPunishizerFactoryUsP4Unit
0x080A0AA8	thumb	create__24DefaultGuestSkillFactoryUsP4Unit
0x080A0AC8	thumb	__12GuestSkill24UsP4Unit
0x080A0AE4	thumb	__10AlecAttackUsP4Unit
0x080A0B00	thumb	__15AlecShakeWakeUpUsP4Unit
0x080A0B1C	thumb	__16FassadPunishizerUsP4Unit
0x080A0B38	thumb	__17DefaultGuestSkillUsPv
0x080A0B54	thumb	getUseMessage__C12GuestSkill24
0x080A0B90	thumb	_._12GuestSkill24
0x080A0BA4	thumb	isResisted__10AlecAttackP4Unit
0x080A0BCC	thumb	_._10AlecAttack
0x080A0BE0	thumb	onDamage__15AlecShakeWakeUpP4Unit
0x080A0C18	thumb	_._15AlecShakeWakeUp
0x080A0C2C	thumb	onDamage__16FassadPunishizerP4Unit
0x080A0D34	thumb	_._16FassadPunishizer
0x080A0D48	thumb	hitChance__C17DefaultGuestSkill
0x080A0DD0	thumb	_._17DefaultGuestSkill
0x080A0DE4	thumb	create__28MaskedMan3rdFactoryUsUs
0x080A0E08	thumb	create__28MaskedMan2ndFactoryUsUs
0x080A0E2C	thumb	create__28AbsolutelySafeCapsuleFactoryUsUs
0x080A0E50	thumb	create__12PorkyFactoryUsUs
0x080A0E74	thumb	create__21MechaPorky0607FactoryUsUs
0x080A0E98	thumb	create__17MechaPorkyFactoryUsUs
0x080A0EBC	thumb	create__26NaturalKillerCyborgFactoryUsUs
0x080A0EE0	thumb	create__21PorkColonel2ndFactoryUsUs
0x080A0F04	thumb	create__19NuclearRobotFactoryUsUs
0x080A0F28	thumb	create__19UpgradedRoboFactoryUsUs
0x080A0F4C	thumb	create__21PorkLieutenantFactoryUsUs
0x080A0F70	thumb	create__20MiracleFassadFactoryUsUs
0x080A0F94	thumb	create__19MaskedMan1stFactoryUsUs
0x080A0FB8	thumb	create__16HuggyBombFactoryUsUs
0x080A0FDC	thumb	create__14TLCTreeFactoryUsUs
0x080A1000	thumb	create__18BarrierTrioFactoryUsUs
0x080A1024	thumb	create__16DragonflyFactoryUsUs
0x080A1048	thumb	create__20EerieSmile4thFactoryUsUs
0x080A106C	thumb	create__15TitanianFactoryUsUs
0x080A1090	thumb	create__20EerieSmile2ndFactoryUsUs
0x080A10B4	thumb	create__16MonkalrusFactoryUsUs
0x080A10D8	thumb	create__20EerieSmile1stFactoryUsUs
0x080A10FC	thumb	create__20EerieSmile3rdFactoryUsUs
0x080A1120	thumb	create__19ZombieshroomFactoryUsUs
0x080A1144	thumb	create__17MasterEddyFactoryUsUs
0x080A1168	thumb	create__17FishRoeManFactoryUsUs
0x080A118C	thumb	create__17NavySquealFactoryUsUs
0x080A11B0	thumb	create__16NewFassadFactoryUsUs
0x080A11D4	thumb	create__14HotheadFactoryUsUs
0x080A11F8	thumb	create__15BlazeflyFactoryUsUs
0x080A121C	thumb	create__17ScaredyBotFactoryUsUs
0x080A1240	thumb	create__19SteelGorillaFactoryUsUs
0x080A1264	thumb	create__16TenYetiFactoryUsUs
0x080A1288	thumb	create__16ChillyDogFactoryUsUs
0x080A12AC	thumb	create__20PorkCommanderFactoryUsUs
0x080A12D0	thumb	create__22AlmostMechaLionFactoryUsUs
0x080A12F4	thumb	create__14BroTeamFactoryUsUs
0x080A1318	thumb	create__16MrGenetorFactoryUsUs
0x080A133C	thumb	create__18MissMarshmallowFactoryUsUs
0x080A1360	thumb	create__18SurpriseBoxFactoryUsUs
0x080A1384	thumb	create__17BatteryManFactoryUsUs
0x080A13A8	thumb	create__16MinorRoboFactoryUsUs
0x080A13CC	thumb	create__18SadJunkHeapFactoryUsUs
0x080A13F0	thumb	create__18AtomicRobotFactoryUsUs
0x080A1414	thumb	create__16BarricadeFactoryUsUs
0x080A1438	thumb	create__27WomanizingPigMask2ndFactoryUsUs
0x080A145C	thumb	create__27WomanizingPigMask1stFactoryUsUs
0x080A1480	thumb	create__18WoundupBearFactoryUsUs
0x080A14A4	thumb	create__18MechaTurtleFactoryUsUs
0x080A14C8	thumb	create__18JealousBassFactoryUsUs
0x080A14EC	thumb	create__17BeatenDrumFactoryUsUs
0x080A1510	thumb	create__20WailingGuitarFactoryUsUs
0x080A1534	thumb	create__17StickySlugFactoryUsUs
0x080A1558	thumb	create__15PigtuniaFactoryUsUs
0x080A157C	thumb	create__18CattlesnakeFactoryUsUs
0x080A15A0	thumb	create__17StickyGlopFactoryUsUs
0x080A15C4	thumb	create__17SandLizardFactoryUsUs
0x080A15E8	thumb	create__15PorkTankFactoryUsUs
0x080A160C	thumb	create__18PorkSoldierFactoryUsUs
0x080A1630	thumb	create__15PseudoorFactoryUsUs
0x080A1654	thumb	create__19RockingGhostFactoryUsUs
0x080A1678	thumb	create__15ArachnidFactoryUsUs
0x080A169C	thumb	create__18MobileGraveFactoryUsUs
0x080A16C0	thumb	create__16OhSoSnakeFactoryUsUs
0x080A16E4	thumb	create__14ClaymanFactoryUsUs
0x080A1708	thumb	create__16MrPassionFactoryUsUs
0x080A172C	thumb	create__11TreeFactoryUsUs
0x080A1750	thumb	create__19BaldingEagleFactoryUsUs
0x080A1774	thumb	create__20WalkingBushieFactoryUsUs
0x080A1798	thumb	create__16PotatoBugFactoryUsUs
0x080A17BC	thumb	create__19SootDumplingFactoryUsUs
0x080A17E0	thumb	create__22BakedYammonsterFactoryUsUs
0x080A1804	thumb	create__17MechaDragoFactoryUsUs
0x080A1828	thumb	create__29ReconstructedCaribouFactoryUsUs
0x080A184C	thumb	sub_080A184C
0x080A187C	thumb	sub_080A187C
0x080A18AC	thumb	create__21DefaultMonsterFactoryUsUs
0x080A18D0	thumb	__12MaskedMan3rdUsUs
0x080A199C	thumb	__12MaskedMan2ndUsUs
0x080A1AC4	thumb	__21AbsolutelySafeCapsuleUsUs
0x080A1B98	thumb	__5PorkyUsUs
0x080A1C94	thumb	__14MechaPorky0607UsUs
0x080A1DB4	thumb	__10MechaPorkyUsUs
0x080A1ED4	thumb	__19NaturalKillerCyborgUsUs
0x080A1FC0	thumb	__14PorkColonel2ndUsUs
0x080A20B8	thumb	__12NuclearRobotUsUs
0x080A218C	thumb	__12UpgradedRoboUsUs
0x080A226C	thumb	__14PorkLieutenantUsUs
0x080A234C	thumb	__9MiracleFassadUsUs
0x080A2460	thumb	__12MaskedMan1stUsUs
0x080A2568	thumb	__9HuggyBombUsUs
0x080A2648	thumb	__7TLCTreeUsUs
0x080A2714	thumb	__11BarrierTrioUsUs
0x080A2848	thumb	__9DragonflyUsUs
0x080A2914	thumb	__13EerieSmile4thUsUs
0x080A29E0	thumb	__8TitanianUsUs
0x080A2AAC	thumb	__13EerieSmile2ndUsUs
0x080A2B78	thumb	__9MonkalrusUsUs
0x080A2C44	thumb	__13EerieSmile1stUsUs
0x080A2D10	thumb	__13EerieSmile3rdUsUs
0x080A2DDC	thumb	__12ZombieshroomUsUs
0x080A2EA8	thumb	__10MasterEddyUsUs
0x080A2F74	thumb	__10FishRoeManUsUs
0x080A3040	thumb	__10NavySquealUsUs
0x080A310C	thumb	__9NewFassadUsUs
0x080A3214	thumb	__7HotheadUsUs
0x080A32E0	thumb	__8BlazeflyUsUs
0x080A33AC	thumb	__10ScaredyBotUsUs
0x080A3478	thumb	__12SteelGorillaUsUs
0x080A3554	thumb	__7TenYetiUsUs
0x080A3620	thumb	__9ChillyDogUsUs
0x080A36EC	thumb	__13PorkCommanderUsUs
0x080A37B8	thumb	__15AlmostMechaLionUsUs
0x080A3884	thumb	__7BroTeamUsUs
0x080A3950	thumb	__9MrGenetorUsUs
0x080A3A38	thumb	__15MissMarshmallowUsUs
0x080A3B18	thumb	__11SurpriseBoxUsUs
0x080A3BE4	thumb	__10BatteryManUsUs
0x080A3CB0	thumb	__9MinorRoboUsUs
0x080A3D90	thumb	__11SadJunkHeapUsUs
0x080A3E8C	thumb	__11AtomicRobotUsUs
0x080A3F60	thumb	__9BarricadeUsUs
0x080A402C	thumb	__20WomanizingPigMask2ndUsUs
0x080A410C	thumb	__20WomanizingPigmask1stUsUs
0x080A41F8	thumb	__11WoundupBearUsUs
0x080A42C4	thumb	__11MechaTurtleUsUs
0x080A4390	thumb	__11JealousBassUsUs
0x080A4470	thumb	__10BeatenDrumUsUs
0x080A454C	thumb	__13WailingGuitarUsUs
0x080A4618	thumb	__10StickySlugUsUs
0x080A46E4	thumb	__8PigtuniaUsUs
0x080A47B0	thumb	__11CattlesnakeUsUs
0x080A487C	thumb	__10StickyGlopUsUs
0x080A495C	thumb	__10SandLizardUsUs
0x080A4A28	thumb	__8PorkTankUsUs
0x080A4B08	thumb	__11PorkSoldierUsUs
0x080A4BE4	thumb	__8PseudoorUsUs
0x080A4CC4	thumb	__12RockingGhostUsUs
0x080A4D90	thumb	__8ArachnidUsUs
0x080A4E70	thumb	__11MobileGraveUsUs
0x080A4F3C	thumb	__9OhSoSnakeUsUs
0x080A501C	thumb	__7ClaymanUsUs
0x080A50FC	thumb	__9MrPassionUsUs
0x080A51DC	thumb	__4TreeUsUs
0x080A52BC	thumb	__12BaldingEagleUsUs
0x080A539C	thumb	__11WalkingBushUsUs
0x080A5468	thumb	__9PotatoBugUsUs
0x080A5534	thumb	__12SootDumplingUsUs
0x080A5600	thumb	__15BakedYammonsterUsUs
0x080A56E0	thumb	tVT_HACK__20ReconstructedCaribou
0x080A57DC	thumb	__20ReconstructedCaribouUsUs
0x080A58A8	thumb	__14DefaultMonsterUsUs
0x080A5964	thumb	setHP__12MaskedMan3rdi
0x080A5978	thumb	calcAction__12MaskedMan3rd
0x080A59A0	thumb	_._12MaskedMan3rd
0x080A59BC	thumb	sub_080A59BC
0x080A59D0	thumb	sub_080A59D0
0x080A5A00	thumb	sub_080A5A00
0x080A5A4C	thumb	sub_080A5A4C
0x080A5A94	thumb	sub_080A5A94
0x080A5AD4	thumb	sub_080A5AD4
0x080A5B10	thumb	sub_080A5B10
0x080A5C88	thumb	sub_080A5C88
0x080A5DD4	thumb	sub_080A5DD4
0x080A5E14	thumb	sub_080A5E14
0x080A5EA4	thumb	sub_080A5EA4
0x080A5F3C	thumb	sub_080A5F3C
0x080A5F8C	thumb	sub_080A5F8C
0x080A5FC8	thumb	sub_080A5FC8
0x080A6010	thumb	sub_080A6010
0x080A602C	thumb	sub_080A602C
0x080A6040	thumb	sub_080A6040
0x080A6074	thumb	sub_080A6074
0x080A6090	thumb	sub_080A6090
0x080A60A4	thumb	sub_080A60A4
0x080A60E4	thumb	sub_080A60E4
0x080A60E8	thumb	sub_080A60E8
0x080A613C	thumb	sub_080A613C
0x080A6190	thumb	sub_080A6190
0x080A61E4	thumb	sub_080A61E4
0x080A6238	thumb	sub_080A6238
0x080A62FC	thumb	sub_080A62FC
0x080A6358	thumb	sub_080A6358
0x080A63B8	thumb	sub_080A63B8
0x080A6418	thumb	sub_080A6418
0x080A6478	thumb	sub_080A6478
0x080A647C	thumb	sub_080A647C
0x080A658C	thumb	sub_080A658C
0x080A6620	thumb	sub_080A6620
0x080A66BC	thumb	sub_080A66BC
0x080A67A0	thumb	sub_080A67A0
0x080A6890	thumb	sub_080A6890
0x080A6908	thumb	sub_080A6908
0x080A697C	thumb	sub_080A697C
0x080A6998	thumb	sub_080A6998
0x080A69E8	thumb	sub_080A69E8
0x080A6A2C	thumb	sub_080A6A2C
0x080A6A68	thumb	sub_080A6A68
0x080A6AA8	thumb	sub_080A6AA8
0x080A6B18	thumb	sub_080A6B18
0x080A6B50	thumb	sub_080A6B50
0x080A6B6C	thumb	sub_080A6B6C
0x080A6B9C	thumb	sub_080A6B9C
0x080A6BC4	thumb	sub_080A6BC4
0x080A6C00	thumb	sub_080A6C00
0x080A6C40	thumb	sub_080A6C40
0x080A6CB0	thumb	sub_080A6CB0
0x080A6CE8	thumb	sub_080A6CE8
0x080A6D04	thumb	sub_080A6D04
0x080A6F4C	thumb	sub_080A6F4C
0x080A7064	thumb	sub_080A7064
0x080A7114	thumb	sub_080A7114
0x080A71D8	thumb	sub_080A71D8
0x080A7238	thumb	sub_080A7238
0x080A7298	thumb	sub_080A7298
0x080A7448	thumb	sub_080A7448
0x080A74E4	thumb	sub_080A74E4
0x080A751C	thumb	sub_080A751C
0x080A7608	thumb	sub_080A7608
0x080A7648	thumb	sub_080A7648
0x080A769C	thumb	sub_080A769C
0x080A76B8	thumb	sub_080A76B8
0x080A777C	thumb	sub_080A777C
0x080A7814	thumb	sub_080A7814
0x080A7830	thumb	sub_080A7830
0x080A78A4	thumb	sub_080A78A4
0x080A78D0	thumb	sub_080A78D0
0x080A792C	thumb	sub_080A792C
0x080A798C	thumb	sub_080A798C
0x080A79B4	thumb	sub_080A79B4
0x080A79E0	thumb	sub_080A79E0
0x080A79FC	thumb	sub_080A79FC
0x080A7AC4	thumb	sub_080A7AC4
0x080A7B14	thumb	sub_080A7B14
0x080A7B30	thumb	sub_080A7B30
0x080A7BF4	thumb	sub_080A7BF4
0x080A7CF8	thumb	sub_080A7CF8
0x080A7D14	thumb	sub_080A7D14
0x080A7DA0	thumb	sub_080A7DA0
0x080A7DE0	thumb	sub_080A7DE0
0x080A7EFC	thumb	sub_080A7EFC
0x080A80B4	thumb	sub_080A80B4
0x080A820C	thumb	sub_080A820C
0x080A8318	thumb	sub_080A8318
0x080A83E8	thumb	sub_080A83E8
0x080A84AC	thumb	sub_080A84AC
0x080A84C8	thumb	sub_080A84C8
0x080A8660	thumb	sub_080A8660
0x080A86F0	thumb	sub_080A86F0
0x080A87F8	thumb	sub_080A87F8
0x080A8814	thumb	sub_080A8814
0x080A8854	thumb	sub_080A8854
0x080A89C8	thumb	sub_080A89C8
0x080A8A44	thumb	sub_080A8A44
0x080A8ABC	thumb	sub_080A8ABC
0x080A8B38	thumb	sub_080A8B38
0x080A8BB4	thumb	sub_080A8BB4
0x080A8BF4	thumb	sub_080A8BF4
0x080A8CF8	thumb	sub_080A8CF8
0x080A8D14	thumb	sub_080A8D14
0x080A8D78	thumb	sub_080A8D78
0x080A8D94	thumb	sub_080A8D94
0x080A8DB0	thumb	sub_080A8DB0
0x080A8E04	thumb	sub_080A8E04
0x080A8E18	thumb	sub_080A8E18
0x080A8FDC	thumb	sub_080A8FDC
0x080A900C	thumb	sub_080A900C
0x080A9234	thumb	sub_080A9234
0x080A9360	thumb	sub_080A9360
0x080A93EC	thumb	sub_080A93EC
0x080A9408	thumb	sub_080A9408
0x080A9424	thumb	sub_080A9424
0x080A9518	thumb	sub_080A9518
0x080A9544	thumb	sub_080A9544
0x080A9648	thumb	sub_080A9648
0x080A96BC	thumb	sub_080A96BC
0x080A96D8	thumb	sub_080A96D8
0x080A972C	thumb	sub_080A972C
0x080A9748	thumb	sub_080A9748
0x080A97CC	thumb	sub_080A97CC
0x080A9834	thumb	sub_080A9834
0x080A9850	thumb	sub_080A9850
0x080A9874	thumb	sub_080A9874
0x080A9890	thumb	sub_080A9890
0x080A98E0	thumb	sub_080A98E0
0x080A9948	thumb	sub_080A9948
0x080A9964	thumb	sub_080A9964
0x080A9990	thumb	sub_080A9990
0x080A99AC	thumb	sub_080A99AC
0x080A9A0C	thumb	sub_080A9A0C
0x080A9A74	thumb	sub_080A9A74
0x080A9A90	thumb	sub_080A9A90
0x080A9B14	thumb	sub_080A9B14
0x080A9B7C	thumb	sub_080A9B7C
0x080A9B98	thumb	sub_080A9B98
0x080A9C34	thumb	sub_080A9C34
0x080A9C50	thumb	sub_080A9C50
0x080A9D64	thumb	sub_080A9D64
0x080A9D98	thumb	sub_080A9D98
0x080A9DD0	thumb	sub_080A9DD0
0x080A9DEC	thumb	sub_080A9DEC
0x080A9E18	thumb	sub_080A9E18
0x080A9E38	thumb	sub_080A9E38
0x080A9E54	thumb	sub_080A9E54
0x080A9ECC	thumb	sub_080A9ECC
0x080A9EE8	thumb	sub_080A9EE8
0x080A9F3C	thumb	sub_080A9F3C
0x080AA080	thumb	sub_080AA080
0x080AA09C	thumb	sub_080AA09C
0x080AA11C	thumb	sub_080AA11C
0x080AA19C	thumb	sub_080AA19C
0x080AA1F8	thumb	sub_080AA1F8
0x080AA2D4	thumb	sub_080AA2D4
0x080AA314	thumb	sub_080AA314
0x080AA418	thumb	sub_080AA418
0x080AA434	thumb	sub_080AA434
0x080AA488	thumb	sub_080AA488
0x080AA4A4	thumb	sub_080AA4A4
0x080AA4F0	thumb	sub_080AA4F0
0x080AA50C	thumb	sub_080AA50C
0x080AA5BC	thumb	sub_080AA5BC
0x080AA5D8	thumb	sub_080AA5D8
0x080AA618	thumb	sub_080AA618
0x080AA818	thumb	sub_080AA818
0x080AA82C	thumb	sub_080AA82C
0x080AA8D4	thumb	sub_080AA8D4
0x080AA974	thumb	sub_080AA974
0x080AA990	thumb	sub_080AA990
0x080AA9E0	thumb	sub_080AA9E0
0x080AA9FC	thumb	sub_080AA9FC
0x080AAA40	thumb	sub_080AAA40
0x080AAA5C	thumb	sub_080AAA5C
0x080AAAD8	thumb	sub_080AAAD8
0x080AAAF4	thumb	sub_080AAAF4
0x080AAB38	thumb	sub_080AAB38
0x080AAB98	thumb	sub_080AAB98
0x080AAC80	thumb	sub_080AAC80
0x080AAC9C	thumb	sub_080AAC9C
0x080AAD64	thumb	sub_080AAD64
0x080AAD94	thumb	sub_080AAD94
0x080AADB0	thumb	sub_080AADB0
0x080AADD4	thumb	sub_080AADD4
0x080AAE54	thumb	sub_080AAE54
0x080AAE94	thumb	sub_080AAE94
0x080AAF94	thumb	sub_080AAF94
0x080AAFA4	thumb	sub_080AAFA4
0x080AAFD8	thumb	sub_080AAFD8
0x080AB03C	thumb	sub_080AB03C
0x080AB100	thumb	sub_080AB100
0x080AB168	thumb	sub_080AB168
0x080AB184	thumb	sub_080AB184
0x080AB1B0	thumb	sub_080AB1B0
0x080AB1E4	thumb	sub_080AB1E4
0x080AB284	thumb	sub_080AB284
0x080AB2C4	thumb	sub_080AB2C4
0x080AB32C	thumb	sub_080AB32C
0x080AB348	thumb	sub_080AB348
0x080AB3A8	thumb	sub_080AB3A8
0x080AB3C4	thumb	sub_080AB3C4
0x080AB41C	thumb	sub_080AB41C
0x080AB438	thumb	sub_080AB438
0x080AB478	thumb	sub_080AB478
0x080AB650	thumb	sub_080AB650
0x080AB660	thumb	sub_080AB660
0x080AB6B8	thumb	sub_080AB6B8
0x080AB758	thumb	sub_080AB758
0x080AB7A8	thumb	sub_080AB7A8
0x080AB7C4	thumb	sub_080AB7C4
0x080AB824	thumb	sub_080AB824
0x080AB924	thumb	sub_080AB924
0x080AB98C	thumb	sub_080AB98C
0x080ABA1C	thumb	sub_080ABA1C
0x080ABA38	thumb	sub_080ABA38
0x080ABAAC	thumb	sub_080ABAAC
0x080ABAD8	thumb	sub_080ABAD8
0x080ABAFC	thumb	sub_080ABAFC
0x080ABB24	thumb	sub_080ABB24
0x080ABB40	thumb	sub_080ABB40
0x080ABBA4	thumb	sub_080ABBA4
0x080ABBC0	thumb	sub_080ABBC0
0x080ABC00	thumb	sub_080ABC00
0x080ABCD4	thumb	sub_080ABCD4
0x080ABD28	thumb	sub_080ABD28
0x080ABD3C	thumb	sub_080ABD3C
0x080ABDBC	thumb	sub_080ABDBC
0x080ABE0C	thumb	sub_080ABE0C
0x080ABE6C	thumb	sub_080ABE6C
0x080ABE88	thumb	sub_080ABE88
0x080ABF7C	thumb	sub_080ABF7C
0x080AC044	thumb	sub_080AC044
0x080AC1B4	thumb	sub_080AC1B4
0x080AC1D0	thumb	sub_080AC1D0
0x080AC210	thumb	sub_080AC210
0x080AC22C	thumb	sub_080AC22C
0x080AC260	thumb	sub_080AC260
0x080AC2A0	thumb	sub_080AC2A0
0x080AC2FC	thumb	sub_080AC2FC
0x080AC360	thumb	sub_080AC360
0x080AC37C	thumb	sub_080AC37C
0x080AC3BC	thumb	sub_080AC3BC
0x080AC408	thumb	sub_080AC408
0x080AC4A8	thumb	sub_080AC4A8
0x080AC548	thumb	sub_080AC548
0x080AC574	thumb	sub_080AC574
0x080AC590	thumb	sub_080AC590
0x080AC678	thumb	sub_080AC678
0x080AC6E8	thumb	sub_080AC6E8
0x080AC704	thumb	sub_080AC704
0x080AC734	thumb	sub_080AC734
0x080AC750	thumb	sub_080AC750
0x080AC7A0	thumb	sub_080AC7A0
0x080AC7C8	thumb	sub_080AC7C8
0x080AC7E4	thumb	sub_080AC7E4
0x080AC834	thumb	sub_080AC834
0x080AC850	thumb	sub_080AC850
0x080AC8CC	thumb	sub_080AC8CC
0x080AC8E8	thumb	sub_080AC8E8
0x080AC928	thumb	sub_080AC928
0x080AC954	thumb	sub_080AC954
0x080AC9A8	thumb	sub_080AC9A8
0x080AC9D4	thumb	sub_080AC9D4
0x080ACA74	thumb	sub_080ACA74
0x080ACA90	thumb	sub_080ACA90
0x080ACAD0	thumb	sub_080ACAD0
0x080ACAEC	thumb	sub_080ACAEC
0x080ACB58	thumb	sub_080ACB58
0x080ACBD4	thumb	sub_080ACBD4
0x080ACC04	thumb	sub_080ACC04
0x080ACCA4	thumb	sub_080ACCA4
0x080ACCE4	thumb	sub_080ACCE4
0x080ACD00	thumb	sub_080ACD00
0x080ACD84	thumb	sub_080ACD84
0x080ACE64	thumb	sub_080ACE64
0x080ACF20	thumb	sub_080ACF20
0x080ACF3C	thumb	sub_080ACF3C
0x080AD004	thumb	sub_080AD004
0x080AD074	thumb	sub_080AD074
0x080AD090	thumb	sub_080AD090
0x080AD10C	thumb	sub_080AD10C
0x080AD198	thumb	sub_080AD198
0x080AD1B4	thumb	sub_080AD1B4
0x080AD204	thumb	sub_080AD204
0x080AD2C8	thumb	sub_080AD2C8
0x080AD304	thumb	sub_080AD304
0x080AD320	thumb	sub_080AD320
0x080AD364	thumb	sub_080AD364
0x080AD380	thumb	sub_080AD380
0x080AD3A4	thumb	sub_080AD3A4
0x080AD3E4	thumb	sub_080AD3E4
0x080AD4E8	thumb	sub_080AD4E8
0x080AD51C	thumb	sub_080AD51C
0x080AD568	thumb	sub_080AD568
0x080AD5D0	thumb	sub_080AD5D0
0x080AD694	thumb	sub_080AD694
0x080AD6B0	thumb	VT_HACK__12BaldingEaglee
0x080AD6F0	thumb	onAction__7ClaymanP6Action
0x080AD7C4	thumb	m_448__7Clayman
0x080AD834	thumb	m_440__7Clayman
0x080AD848	thumb	m_438__7Clayman
0x080AD874	thumb	calcAction__7Clayman
0x080AD938	thumb	monster_3f0__7Clayman
0x080AD998	thumb	_._7Clayman
0x080AD9B4	thumb	onAction__9MrPassionP6Action
0x080ADA9C	thumb	calcActionPhaseTwo__9MrPassion
0x080ADB54	thumb	calcActionPhaseOne__9MrPassion
0x080ADBE8	thumb	calcAction__9MrPassion
0x080ADC88	thumb	setPhase__9MrPassionib
0x080ADCC8	thumb	monster_3f0__9MrPassion
0x080ADD1C	thumb	_._9MrPassion
0x080ADD38	thumb	onAction__4TreeP6Action
0x080ADE38	thumb	calcAction__4Tree
0x080AE01C	thumb	onKill__4Tree
0x080AE038	thumb	_._4Tree
0x080AE054	thumb	onAction__12BaldingEagleP6Action
0x080AE118	thumb	calcAction__12BaldingEagle
0x080AE1D4	thumb	_._12BaldingEagle
0x080AE1F0	thumb	onAction__13WalkingBushieP6Action
0x080AE2EC	thumb	monster_2c8__13WalkingBushieP6Action
0x080AE490	thumb	calcAction__13WalkingBushie
0x080AE614	thumb	_._13WalkingBushie
0x080AE630	thumb	calcAction__9PotatoBug
0x080AE6C8	thumb	_._9PotatoBug
0x080AE6E4	thumb	calcAction__12SootDumpling
0x080AE738	thumb	_._12SootDumpling
0x080AE754	thumb	onAction__17BakedYammomonsterP6Action
0x080AE818	thumb	calcAction__17BakedYammomonster
0x080AE880	thumb	_._17BakedYammomonster
0x080AE89C	thumb	getElementWeakness__C10MechaDragoUi
0x080AE8BC	thumb	onUseFang__10MechaDragoUib
0x080AE8FC	thumb	onActionReceive__10MechaDragoP6Action
0x080AEAD0	thumb	onAction__10MechaDragoP6Action
0x080AEBB8	thumb	calcAction__10MechaDrago
0x080AEC8C	thumb	onKill__10MechaDrago
0x080AECA8	thumb	_._10MechaDrago
0x080AECC4	thumb	calcAction__20ReconstructedCaribou
0x080AED14	thumb	_._20ReconstructedCaribou
0x080AED30	thumb	getHealthPercent__14DefaultMonsteri
0x080AED58	thumb	lastAction__14DefaultMonster
0x080AED64	thumb	numActionsDone__14DefaultMonster
0x080AED70	thumb	setActionCount__14DefaultMonsterUi
0x080AED7C	thumb	monster_300__14DefaultMonsteri
0x080AEDC8	thumb	scaledExperience__14DefaultMonster
0x080AEE38	thumb	unit_100__14DefaultMonsterP6Action
0x080AEE58	thumb	onActionReceive__14DefaultMonsterP6Action
0x080AEFF4	thumb	alertActionReceive__14DefaultMonsterP6Action
0x080AF014	thumb	unit_f0__14DefaultMonsterP6Action
0x080AF034	thumb	isStrangeStatus__14DefaultMonster
0x080AF118	thumb	isFriendlyFire__14DefaultMonster
0x080AF16C	thumb	isBackTurned__14DefaultMonster
0x080AF1BC	thumb	onAction__14DefaultMonsterP6Action
0x080AF25C	thumb	calcAction__14DefaultMonster
0x080AF2C0	thumb	monster_3f8__14DefaultMonster
0x080AF2C4	thumb	monster_3f0__14DefaultMonster
0x080AF2C8	thumb	_._14DefaultMonster
0x080AF2E4	thumb	create__21CallForHelp6thFactoryUsP4Unit
0x080AF304	thumb	create__24FireflyBuzzAroundFactoryUsP4Unit
0x080AF324	thumb	create__20SoundAlarm3rdFactoryUsP4Unit
0x080AF344	thumb	create__29MiracleFassadEmitLightFactoryUsP4Unit
0x080AF364	thumb	create__22MonsterSkill237FactoryUsP4Unit
0x080AF384	thumb	create__24MechaStartBeepingFactoryUsP4Unit
0x080AF3A4	thumb	create__23TLCTreeBabyBirdsFactoryUsP4Unit
0x080AF3C4	thumb	create__24StrikeBarrierPoseFactoryUsP4Unit
0x080AF3E4	thumb	create__26BarrierTrioDropPoseFactoryUsP4Unit
0x080AF404	thumb	create__25BarrierPoseCrushedFactoryUsP4Unit
0x080AF424	thumb	create__27MagmanEruptPyrefliesFactoryUsP4Unit
0x080AF444	thumb	create__27PigmaskCaptainRunOffFactoryUsP4Unit
0x080AF464	thumb	create__21ShortCircuitedFactoryUsP4Unit
0x080AF484	thumb	create__20SoundAlarm2ndFactoryUsP4Unit
0x080AF4A4	thumb	create__30MrGenetorFinishChargingFactoryUsP4Unit
0x080AF4C4	thumb	create__31MissMarshmallowTickedOffFactoryUsP4Unit
0x080AF4E4	thumb	create__32FiercePorkTrooperAngerMaxFactoryUsP4Unit
0x080AF504	thumb	create__21CallForHelp5thFactoryUsP4Unit
0x080AF524	thumb	create__21CallForHelp4thFactoryUsP4Unit
0x080AF544	thumb	create__21MarchingAttackFactoryUsP4Unit
0x080AF564	thumb	create__31MonsterSixteenBeatAttackFactoryUsP4Unit
0x080AF584	thumb	create__21MonsterSkill94FactoryUsP4Unit
0x080AF5A4	thumb	create__26MonsterLookOtherWayFactoryUsP4Unit
0x080AF5C4	thumb	create__23MonsterPkFreezeGFactoryUsP4Unit
0x080AF5E4	thumb	create__23PigtuniaSowSeedsFactoryUsP4Unit
0x080AF604	thumb	create__21CallForHelp3rdFactoryUsP4Unit
0x080AF624	thumb	create__27SquawkingStickSqueakFactoryUsP4Unit
0x080AF644	thumb	create__22MonsterSkill156FactoryUsP4Unit
0x080AF664	thumb	create__20GooeyGooSplitFactoryUsP4Unit
0x080AF684	thumb	create__30SandLizardEatDungBeetleFactoryUsP4Unit
0x080AF6A4	thumb	create__22OhSoSnakeEmergeFactoryUsP4Unit
0x080AF6C4	thumb	create__17SoundAlarmFactoryUsP4Unit
0x080AF6E4	thumb	create__19MonsterGetUpFactoryUsP4Unit
0x080AF704	thumb	create__24PseudoorShutDoorsFactoryUsP4Unit
0x080AF724	thumb	create__22DropFromCeilingFactoryUsP4Unit
0x080AF744	thumb	create__18CallForHelpFactoryUsP4Unit
0x080AF764	thumb	create__28WalkingBushieGreetingFactoryUsP4Unit
0x080AF784	thumb	create__21CallForHelp2ndFactoryUsP4Unit
0x080AF7A4	thumb	create__21MonsterSkillF1FactoryUsP4Unit
0x080AF7C4	thumb	create__24MonsterTurnAroundFactoryUsP4Unit
0x080AF7E4	thumb	create__19ShieldKillerFactoryUsP4Unit
0x080AF804	thumb	create__21PaleGreenLightFactoryUsP4Unit
0x080AF824	thumb	create__22MonsterHealingAFactoryUsP4Unit
0x080AF844	thumb	create__27PigmaskMajorTimeBombFactoryUsP4Unit
0x080AF864	thumb	create__17PorkyCoughFactoryUsP4Unit
0x080AF884	thumb	create__20PowerUpSystemFactoryUsP4Unit
0x080AF8A4	thumb	create__24MonsterPkFlash2ndFactoryUsP4Unit
0x080AF8C4	thumb	create__25MonsterPsiCounterAFactoryUsP4Unit
0x080AF8E4	thumb	create__24MonsterPsiShieldAFactoryUsP4Unit
0x080AF904	thumb	create__22MonsterCounterAFactoryUsP4Unit
0x080AF924	thumb	create__21MonsterPkFlashFactoryUsP4Unit
0x080AF944	thumb	create__21MonsterShieldAFactoryUsP4Unit
0x080AF964	thumb	create__30CarpetMonsterYankCarpetFactoryUsP4Unit
0x080AF984	thumb	create__21BatteryManJumpFactoryUsP4Unit
0x080AF9A4	thumb	create__21MonsterPkLoveOFactoryUsP4Unit
0x080AF9C4	thumb	create__21MonsterPkLoveAFactoryUsP4Unit
0x080AF9E4	thumb	create__24MonsterPkThunderAFactoryUsP4Unit
0x080AFA04	thumb	create__24MonsterPsiMagnetAFactoryUsP4Unit
0x080AFA24	thumb	create__33NewFassadMusicalHornAttackFactoryUsP4Unit
0x080AFA44	thumb	create__29MaskedManLightningBoltFactoryUsP4Unit
0x080AFA64	thumb	create__20MonsterAttackFactoryUsP4Unit
0x080AFA84	thumb	create__26RhinocerocketChargeFactoryUsP4Unit
0x080AFAA4	thumb	create__28FiercePorkTrooperJumpFactoryUsP4Unit
0x080AFAC4	thumb	create__29JealousBassJamSessionBFactoryUsP4Unit
0x080AFAE4	thumb	create__29JealousBassJamSessionAFactoryUsP4Unit
0x080AFB04	thumb	create__23ClaymanCrashDownFactoryUsP4Unit
0x080AFB24	thumb	create__33LordPassionThrowEverythingFactoryUsP4Unit
0x080AFB44	thumb	create__25MonsterComboAttackFactoryUsP4Unit
0x080AFB64	thumb	create__31NKCyborgEndOfCenturyBeamFactoryUsP4Unit
0x080AFB84	thumb	create__28PigmaskMajorThrowBombFactoryUsP4Unit
0x080AFBA4	thumb	create__21ExplosiveBlastFactoryUsP4Unit
0x080AFBC4	thumb	create__26MasterEddyWhirlpoolFactoryUsP4Unit
0x080AFBE4	thumb	create__19FishRoeManLeapMouthFactoryUsP4Unit
0x080AFC04	thumb	create__28MrGenetorDischargeZapFactoryUsP4Unit
0x080AFC24	thumb	create__15HPSuckerFactoryUsP4Unit
0x080AFC44	thumb	create__28MechaTurtleMachineGunFactoryUsP4Unit
0x080AFC64	thumb	create__25PorkTankFireCannonFactoryUsP4Unit
0x080AFC84	thumb	create__25OhSoSnakeDiveWaterFactoryUsP4Unit
0x080AFCA4	thumb	create__26SpinSomethingAroundFactoryUsP4Unit
0x080AFCC4	thumb	create__16BloodSuckFactoryUsP4Unit
0x080AFCE4	thumb	create__18ShootFlamesFactoryUsP4Unit
0x080AFD04	thumb	create__26DefaultMonsterSkillFactoryUsP4Unit
0x080AFD24	thumb	__14CallForHelp6thUsP4Unit
0x080AFD40	thumb	__17FireflyBuzzAroundUsP4Unit
0x080AFD5C	thumb	__13SoundAlarm3rdUsP4Unit
0x080AFD78	thumb	__22MiracleFassadEmitLightUsP4Unit
0x080AFD94	thumb	__15MonsterSkill237UsP4Unit
0x080AFDB0	thumb	__17MechaStartBeepingUsP4Unit
0x080AFDCC	thumb	__16TLCTreeBabyBirdsUsP4Unit
0x080AFDE8	thumb	__17StrikeBarrierPoseUsP4Unit
0x080AFE04	thumb	__19BarrierTrioDropPoseUsP4Unit
0x080AFE20	thumb	__18BarrierPoseCrushedUsP4Unit
0x080AFE3C	thumb	__20MagmanEruptPyrefliesUsP4Unit
0x080AFE58	thumb	__20PigmaskCaptainRunOffUsP4Unit
0x080AFE74	thumb	__14ShortCircuitedUsP4Unit
0x080AFE90	thumb	__13SoundAlarm2ndUsP4Unit
0x080AFEAC	thumb	__23MrGenetorFinishChargingUsP4Unit
0x080AFEC8	thumb	__24MissMarshmallowTickedOffUsP4Unit
0x080AFEE4	thumb	__25FiercePorkTrooperAngerMaxUsP4Unit
0x080AFF00	thumb	__14CallForHelp5thUsP4Unit
0x080AFF1C	thumb	__14CallForHelp4thUsP4Unit
0x080AFF38	thumb	__14MarchingAttackUsP4Unit
0x080AFF54	thumb	__24MonsterSixteenBeatAttackUsP4Unit
0x080AFF70	thumb	__14MonsterSkill94UsP4Unit
0x080AFF8C	thumb	__19MonsterLookOtherWayUsP4Unit
0x080AFFA8	thumb	__16MonsterPkFreezeGUsP4Unit
0x080AFFC4	thumb	__16PigtuniaSowSeedsUsP4Unit
0x080AFFE0	thumb	__14CallForHelp3rdUsP4Unit
0x080AFFFC	thumb	__20SquawkingStickSqueakUsP4Unit
0x080B0018	thumb	__15MonsterSkill156UsP4Unit
0x080B0034	thumb	__13GooeyGooSplitUsP4Unit
0x080B0050	thumb	__23SandLizardEatDungBeetleUsP4Unit
0x080B006C	thumb	__15OhSoSnakeEmergeUsP4Unit
0x080B0088	thumb	__10SoundAlarmUsP4Unit
0x080B00A4	thumb	__12MonsterGetUpUsP4Unit
0x080B00C0	thumb	__17PseudoorShutDoorsUsP4Unit
0x080B00DC	thumb	__15DropFromCeilingUsP4Unit
0x080B0120	thumb	__11CallForHelpUsP4Unit
0x080B013C	thumb	__21WalkingBushieGreetingUsP4Unit
0x080B0158	thumb	__14CallForHelp2ndUsP4Unit
0x080B0174	thumb	__14MonsterSkillF1UsP4Unit
0x080B0190	thumb	__17MonsterTurnAroundUsP4Unit
0x080B01AC	thumb	__12ShieldKillerUsP4Unit
0x080B01C8	thumb	__14PaleGreenLightUsP4Unit
0x080B01E4	thumb	__15MonsterHealingAUsP4Unit
0x080B0200	thumb	__20PigmaskMajorTimeBombUsP4Unit
0x080B021C	thumb	__10PorkyCoughUsP4Unit
0x080B0238	thumb	__13PowerUpSystemUsP4Unit
0x080B0254	thumb	__17MonsterPkFlash2ndUsP4Unit
0x080B0270	thumb	__18MonsterPsiCounterAUsP4Unit
0x080B028C	thumb	__17MonsterPsiShieldAUsP4Unit
0x080B02A8	thumb	__15MonsterCounterAUsP4Unit
0x080B02C4	thumb	__14MonsterPkFlashUsP4Unit
0x080B02E0	thumb	__14MonsterShieldAUsP4Unit
0x080B02FC	thumb	__23CarpetMonsterYankCarpetUsP4Unit
0x080B0318	thumb	__14BatteryManJumpUsP4Unit
0x080B0334	thumb	__14MonsterPkLoveOUsP4Unit
0x080B0350	thumb	__14MonsterPkLoveAUsP4Unit
0x080B036C	thumb	__17MonsterPkThunderAUsP4Unit
0x080B0388	thumb	__17MonsterPsiMagnetAUsP4Unit
0x080B03A8	thumb	__26NewFassadMusicalHornAttackUsP4Unit
0x080B03C4	thumb	__22MaskedManLightningBoltUsP4Unit
0x080B03E0	thumb	__13MonsterAttackUsP4Unit
0x080B03FC	thumb	__19RhinocerocketChargeUsP4Unit
0x080B041C	thumb	__21FiercePorkTrooperJumpUsP4Unit
0x080B0438	thumb	__22JealousBassJamSessionBUsP4Unit
0x080B0458	thumb	__22JealousBassJamSessionAUsP4Unit
0x080B0478	thumb	__16ClaymanCrashDownUsP4Unit
0x080B0494	thumb	__26LordPassionThrowEverythingUsP4Unit
0x080B04B0	thumb	__18MonsterComboAttackUsP4Unit
0x080B04CC	thumb	__24NKCyborgEndOfCenturyBeamUsP4Unit
0x080B04E8	thumb	__21PigmaskMajorThrowBombUsP4Unit
0x080B0504	thumb	__14ExplosiveBlastUsP4Unit
0x080B0520	thumb	__19MasterEddyWhirlpoolUsP4Unit
0x080B053C	thumb	__19FishRoeManLeapMouthUsP4Unit
0x080B0558	thumb	__21MrGenetorDischargeZapUsP4Unit
0x080B0574	thumb	__8HPSuckerUsP4Unit
0x080B0590	thumb	__21MechaTurtleMachineGunUsP4Unit
0x080B05AC	thumb	__18PorkTankFireCannonUsP4Unit
0x080B05C8	thumb	__18OhSoSnakeDiveWaterUsP4Unit
0x080B05E4	thumb	__19SpinSomethingAroundUsP4Unit
0x080B0604	thumb	__9BloodSuckUsP4Unit
0x080B0624	thumb	__11ShootFlamesUsP4Unit
0x080B0640	thumb	__19DefaultMonsterSkillUsP4Unit
0x080B065C	thumb	onSuccess__14CallForHelp6thP4Unit
0x080B0758	thumb	tellUseMessage__14CallForHelp6th
0x080B0774	thumb	dt__14CallForHelp6th
0x080B0788	thumb	onSuccess__17FireflyBuzzAroundP4Unit
0x080B0820	thumb	tellUseMessage__17FireflyBuzzAround
0x080B083C	thumb	dt__17FireflyBuzzAround
0x080B0850	thumb	tellMissed__13SoundAlarm3rdP4Unit
0x080B0894	thumb	onSuccess__13SoundAlarm3rdP4Unit
0x080B0950	thumb	calcDidHit__13SoundAlarm3rdP4Unit
0x080B097C	thumb	tellUseMessage__13SoundAlarm3rd
0x080B0998	thumb	dt__13SoundAlarm3rd
0x080B09AC	thumb	tellMissed__22MiracleFassadEmitLightP4Unit
0x080B09F4	thumb	onSuccess__22MiracleFassadEmitLightP4Unit
0x080B0A78	thumb	dt__22MiracleFassadEmitLight
0x080B0A8C	thumb	onSuccess__15MonsterSkill237P4Unit
0x080B0B30	thumb	dt__15MonsterSkill237
0x080B0B44	thumb	tellMissed__17MechaStartBeepingP4Unit
0x080B0B88	thumb	onSuccess__17MechaStartBeepingP4Unit
0x080B0BDC	thumb	sub_080B0BDC__17MechaStartBeeping
0x080B0C78	thumb	calcDidHit__17MechaStartBeepingP4Unit
0x080B0CA4	thumb	dt__17MechaStartBeeping
0x080B0CB8	thumb	tellMissed__16TLCTreeBabyBirdsP4Unit
0x080B0CFC	thumb	onSuccess__16TLCTreeBabyBirdsP4Unit
0x080B0DA0	thumb	calcDidHit__16TLCTreeBabyBirdsP4Unit
0x080B0DCC	thumb	tellUseMessage__16TLCTreeBabyBirds
0x080B0DE8	thumb	dt__16TLCTreeBabyBirds
0x080B0DFC	thumb	onSuccess__17StrikeBarrierPoseP4Unit
0x080B0E50	thumb	dt__17StrikeBarrierPose
0x080B0E64	thumb	tellUseMessage__19BarrierTrioDropPose
0x080B0EA8	thumb	dt__19BarrierTrioDropPose
0x080B0EBC	thumb	tellUseMessage__18BarrierPoseCrushed
0x080B0F24	thumb	dt__18BarrierPoseCrushed
0x080B0F38	thumb	onSuccess__20MagmanEruptPyrefliesP4Unit
0x080B1144	thumb	dt__20MagmanEruptPyreflies
0x080B1158	thumb	onSuccess__20PigmaskCaptainRunOffP4Unit
0x080B1224	thumb	dt__20PigmaskCaptainRunOff
0x080B1238	thumb	playAnim__14ShortCircuited
0x080B136C	thumb	dt__14ShortCircuited
0x080B1380	thumb	tellMissed__13SoundAlarm2ndP4Unit
0x080B13C4	thumb	onSuccess__13SoundAlarm2ndP4Unit
0x080B13D4	thumb	calcDidHit__13SoundAlarm2ndP4Unit
0x080B13F8	thumb	tellUseMessage__13SoundAlarm2nd
0x080B1414	thumb	dt__13SoundAlarm2nd
0x080B1428	thumb	playAnim__23MrGenetorFinishCharging
0x080B1468	thumb	dt__23MrGenetorFinishCharging
0x080B147C	thumb	onSuccess__24MissMarshmallowTickedOffP4Unit
0x080B15AC	thumb	dt__24MissMarshmallowTickedOff
0x080B15C0	thumb	onSuccess__25FiercePorkTrooperAngerMaxP4Unit
0x080B163C	thumb	dt__25FiercePorkTrooperAngerMax
0x080B1650	thumb	tellMissed__14CallForHelp5thP4Unit
0x080B1694	thumb	onSuccess__14CallForHelp5thP4Unit
0x080B1718	thumb	calcDidHit__14CallForHelp5thP4Unit
0x080B1744	thumb	tellUseMessage__14CallForHelp5th
0x080B1760	thumb	dt__14CallForHelp5th
0x080B1774	thumb	tellMissed__14CallForHelp4thP4Unit
0x080B17B8	thumb	onSuccess__14CallForHelp4thP4Unit
0x080B183C	thumb	calcDidHit__14CallForHelp4thP4Unit
0x080B1868	thumb	tellUseMessage__14CallForHelp4th
0x080B1884	thumb	dt__14CallForHelp4th
0x080B1898	thumb	onSuccess__14MarchingAttackP4Unit
0x080B18F0	thumb	dt__14MarchingAttack
0x080B1904	thumb	onSuccess__24MonsterSixteenBeatAttackP4Unit
0x080B195C	thumb	dt__24MonsterSixteenBeatAttack
0x080B1970	thumb	tellMissed__14MonsterSkill94P4Unit
0x080B19B4	thumb	onSuccess__14MonsterSkill94P4Unit
0x080B1C1C	thumb	calcDidHit__14MonsterSkill94P4Unit
0x080B1C34	thumb	dt__14MonsterSkill94
0x080B1C48	thumb	onSuccess__19MonsterLookOtherWayP4Unit
0x080B1C88	thumb	dt__19MonsterLookOtherWay
0x080B1C9C	thumb	onSuccess__16MonsterPkFreezeGP4Unit
0x080B1DA8	thumb	isResisted__16MonsterPkFreezeGP4Unit
0x080B1DBC	thumb	dt__16MonsterPkFreezeG
0x080B1DD0	thumb	tellMissed__16PigtuniaSowSeedsP4Unit
0x080B1E14	thumb	onSuccess__16PigtuniaSowSeedsP4Unit
0x080B1F08	thumb	calcDidHit__16PigtuniaSowSeedsP4Unit
0x080B1F34	thumb	tellUseMessage__16PigtuniaSowSeeds
0x080B1F50	thumb	dt__16PigtuniaSowSeeds
0x080B1F64	thumb	tellMissed__14CallForHelp3rdP4Unit
0x080B1FA8	thumb	onSuccess__14CallForHelp3rdP4Unit
0x080B2054	thumb	calcDidHit__14CallForHelp3rdP4Unit
0x080B2080	thumb	tellUseMessage__14CallForHelp3rd
0x080B209C	thumb	dt__14CallForHelp3rd
0x080B20B0	thumb	tellMissed__20SquawkingStickSqueakP4Unit
0x080B20F4	thumb	onSuccess__20SquawkingStickSqueakP4Unit
0x080B21A4	thumb	calcDidHit__20SquawkingStickSqueakP4Unit
0x080B21D0	thumb	tellUseMessage__20SquawkingStickSqueak
0x080B21E8	thumb	dt__20SquawkingStickSqueak
0x080B21FC	thumb	onSuccess__15MonsterSkill156P4Unit
0x080B2308	thumb	dt__15MonsterSkill156
0x080B231C	thumb	sub_080B231C__13GooeyGooSplit
0x080B23B0	thumb	tellMissed__13GooeyGooSplitP4Unit
0x080B242C	thumb	onSuccess__13GooeyGooSplitP4Unit
0x080B255C	thumb	calcDidHit__13GooeyGooSplitP4Unit
0x080B2588	thumb	dt__13GooeyGooSplit
0x080B259C	thumb	onSuccess__23SandLizardEatDungBeetleP4Unit
0x080B25C4	thumb	dt__23SandLizardEatDungBeetle
0x080B25D8	thumb	tellUseMessage__15OhSoSnakeEmerge
0x080B2620	thumb	dt__15OhSoSnakeEmerge
0x080B2634	thumb	tellMissed__10SoundAlarmP4Unit
0x080B26BC	thumb	onSuccess__10SoundAlarmP4Unit
0x080B2740	thumb	calcDidHit__10SoundAlarmP4Unit
0x080B2764	thumb	tellUseMessage__10SoundAlarm
0x080B2780	thumb	dt__10SoundAlarm
0x080B2794	thumb	onSuccess__12MonsterGetUpP4Unit
0x080B27D4	thumb	dt__12MonsterGetUp
0x080B27E8	thumb	onSuccess__17PseudoorShutDoorsP4Unit
0x080B2830	thumb	dt__17PseudoorShutDoors
0x080B2844	thumb	tellMissed__15DropFromCeilingP4Unit
0x080B2848	thumb	onSuccess__15DropFromCeilingP4Unit
0x080B2950	thumb	calcDidHit__15DropFromCeilingP4Unit
0x080B2958	thumb	tellUseMessage__15DropFromCeiling
0x080B2970	thumb	dt__15DropFromCeiling
0x080B2984	thumb	tellMissed__11CallForHelpP4Unit
0x080B29C8	thumb	onSuccess__11CallForHelpP4Unit
0x080B2A54	thumb	calcDidHit__11CallForHelpP4Unit
0x080B2A80	thumb	tellUseMessage__11CallForHelp
0x080B2A9C	thumb	dt__11CallForHelp
0x080B2AB0	thumb	onSuccess__21WalkingBushieGreetingP4Unit
0x080B2B8C	thumb	dt__21WalkingBushieGreeting
0x080B2BA0	thumb	tellMissed__14CallForHelp2ndP4Unit
0x080B2BE4	thumb	onSuccess__14CallForHelp2ndP4Unit
0x080B2C90	thumb	calcDidHit__14CallForHelp2ndP4Unit
0x080B2CBC	thumb	tellUseMessage__14CallForHelp2nd
0x080B2CD8	thumb	dt__14CallForHelp2nd
0x080B2CEC	thumb	action_150__14MonsterSkillF1
0x080B2D18	thumb	onSuccess__14MonsterSkillF1P4Unit
0x080B2D88	thumb	dt__14MonsterSkillF1
0x080B2D9C	thumb	onSuccess__17MonsterTurnAroundP4Unit
0x080B2E0C	thumb	dt__17MonsterTurnAround
0x080B2E20	thumb	onFail__12ShieldKillerP4Unit
0x080B2F70	thumb	dt__12ShieldKiller
0x080B2F84	thumb	sub_080B2F84__14PaleGreenLight
0x080B2F94	thumb	sub_080B2F94__14PaleGreenLight
0x080B2F98	thumb	onFail__14PaleGreenLightP4Unit
0x080B3090	thumb	tellResisted__14PaleGreenLightP4Unit
0x080B30D8	thumb	isResisted__14PaleGreenLightP4Unit
0x080B314C	thumb	dt__14PaleGreenLight
0x080B3160	thumb	onFail__15MonsterHealingAP4Unit
0x080B3218	thumb	dt__15MonsterHealingA
0x080B322C	thumb	tellMissed__20PigmaskMajorTimeBombP4Unit
0x080B3270	thumb	calcDidHit__20PigmaskMajorTimeBombP4Unit
0x080B32A0	thumb	dt__20PigmaskMajorTimeBomb
0x080B32B4	thumb	onInflictStatus__10PorkyCoughP4Unit
0x080B32D4	thumb	dt__10PorkyCough
0x080B32E8	thumb	onInflictStatus__13PowerUpSystemP4Unit
0x080B3308	thumb	dt__13PowerUpSystem
0x080B331C	thumb	onInflictStatus__17MonsterPkFlash2ndP4Unit
0x080B33D0	thumb	dt__17MonsterPkFlash2nd
0x080B33E4	thumb	onInflictStatus__18MonsterPsiCounterAP4Unit
0x080B3498	thumb	dt__18MonsterPsiCounterA
0x080B34AC	thumb	onInflictStatus__17MonsterPsiShieldAP4Unit
0x080B3560	thumb	dt__17MonsterPsiShieldA
0x080B3574	thumb	onInflictStatus__15MonsterCounterAP4Unit
0x080B3628	thumb	dt__15MonsterCounterA
0x080B363C	thumb	onInflictStatus__14MonsterPkFlashP4Unit
0x080B37A0	thumb	dt__14MonsterPkFlash
0x080B37B4	thumb	onInflictStatus__14MonsterShieldAP4Unit
0x080B3868	thumb	dt__14MonsterShieldA
0x080B387C	thumb	tellMissed__23CarpetMonsterYankCarpetP4Unit
0x080B38C0	thumb	onInflictStatus__23CarpetMonsterYankCarpetP4Unit
0x080B38FC	thumb	isResisted__23CarpetMonsterYankCarpetP4Unit
0x080B392C	thumb	dt__23CarpetMonsterYankCarpet
0x080B3940	thumb	action_150__14BatteryManJump
0x080B396C	thumb	action_f8__14BatteryManJumpP4Unit
0x080B39F4	thumb	tellUseMessage__14BatteryManJump
0x080B3A2C	thumb	action_70__14BatteryManJump
0x080B3A70	thumb	dt__14BatteryManJump
0x080B3A84	thumb	playAnim__14MonsterPkLoveO
0x080B3AC4	thumb	dt__14MonsterPkLoveO
0x080B3AD8	thumb	name__C14MonsterPkLoveA
0x080B3AF0	thumb	dt__14MonsterPkLoveA
0x080B3B04	thumb	tellMissed__17MonsterPkThunderAP4Unit
0x080B3B48	thumb	action_a0__17MonsterPkThunderAP4Unit
0x080B3B60	thumb	playAnim__17MonsterPkThunderA
0x080B3B64	thumb	calcDidHit__17MonsterPkThunderAP4Unit
0x080B3B7C	thumb	dt__17MonsterPkThunderA
0x080B3B90	thumb	tellMissed__17MonsterPsiMagnetAP4Unit
0x080B3BD8	thumb	onPlayAnim__17MonsterPsiMagnetAP4Unitb
0x080B3C40	thumb	onPsiDamage__17MonsterPsiMagnetAP4Unit
0x080B3CA8	thumb	calcDidHit__17MonsterPsiMagnetAP4Unit
0x080B3CC0	thumb	tellResisted__17MonsterPsiMagnetAP4Unit
0x080B3D04	thumb	isResisted__17MonsterPsiMagnetAP4Unit
0x080B3D2C	thumb	dt__17MonsterPsiMagnetA
0x080B3D40	thumb	userMissSfx__C26NewFassadMusicalHornAttack
0x080B3D48	thumb	userCritSfx__C26NewFassadMusicalHornAttack
0x080B3D50	thumb	userAttackSfx__C26NewFassadMusicalHornAttack
0x080B3D58	thumb	dt__26NewFassadMusicalHornAttack
0x080B3D6C	thumb	onAttack__22MaskedManLightningBoltP4Unit
0x080B3DAC	thumb	playAnim__22MaskedManLightningBolt
0x080B3DEC	thumb	dt__22MaskedManLightningBolt
0x080B3E00	thumb	onAttack__13MonsterAttackP4Unit
0x080B4040	thumb	dt__13MonsterAttack
0x080B4054	thumb	action_150__19RhinocerocketCharge
0x080B4094	thumb	tellUseMessage__19RhinocerocketCharge
0x080B4110	thumb	playSfx__19RhinocerocketCharge
0x080B4124	thumb	fire__19RhinocerocketCharge
0x080B4260	thumb	dt__19RhinocerocketCharge
0x080B4274	thumb	action_150__21FiercePorkTrooperJump
0x080B4288	thumb	onPlayAnim__21FiercePorkTrooperJumpP4Unitb
0x080B4310	thumb	onAttack__21FiercePorkTrooperJumpP4Unit
0x080B4400	thumb	dt__21FiercePorkTrooperJump
0x080B4414	thumb	onAttack__22JealousBassJamSessionBP4Unit
0x080B4484	thumb	dt__22JealousBassJamSessionB
0x080B4498	thumb	userCritSfx__C22JealousBassJamSessionA
0x080B449C	thumb	userAttackSfx__C22JealousBassJamSessionA
0x080B44A0	thumb	onAttack__22JealousBassJamSessionAP4Unit
0x080B452C	thumb	dt__22JealousBassJamSessionA
0x080B4540	thumb	onAttack__16ClaymanCrashDownP4Unit
0x080B4584	thumb	dt__16ClaymanCrashDown
0x080B4598	thumb	action_a0__26LordPassionThrowEverythingP4Unit
0x080B45B4	thumb	dt__26LordPassionThrowEverything
0x080B45C8	thumb	action_a0__18MonsterComboAttackP4Unit
0x080B45E0	thumb	dt__18MonsterComboAttack
0x080B45F4	thumb	action_150__24NKCyborgEndOfCenturyBeam
0x080B4638	thumb	playAnim__24NKCyborgEndOfCenturyBeam
0x080B471C	thumb	dt__24NKCyborgEndOfCenturyBeam
0x080B4730	thumb	action_150__21PigmaskMajorThrowBomb
0x080B47CC	thumb	dt__21PigmaskMajorThrowBomb
0x080B47E0	thumb	action_150__14ExplosiveBlast
0x080B480C	thumb	dt__14ExplosiveBlast
0x080B4820	thumb	onDamage__19MasterEddyWhirlpoolP4Unit
0x080B4868	thumb	dt__19MasterEddyWhirlpool
0x080B487C	thumb	action_150__19FishRoeManLeapMouth
0x080B48A8	thumb	onDamage__19FishRoeManLeapMouthP4Unit
0x080B48F0	thumb	playAnim__19FishRoeManLeapMouth
0x080B4928	thumb	dt__19FishRoeManLeapMouth
0x080B493C	thumb	action_150__21MrGenetorDischargeZap
0x080B49C0	thumb	dt__21MrGenetorDischargeZap
0x080B49D4	thumb	tellMissed__8HPSuckerP4Unit
0x080B4A18	thumb	onPlayAnim__8HPSuckerP4Unitb
0x080B4A4C	thumb	onDamage__8HPSuckerP4Unit
0x080B4AE8	thumb	calcDidHit__8HPSuckerP4Unit
0x080B4B00	thumb	dt__8HPSucker
0x080B4B14	thumb	action_a0__21MechaTurtleMachineGunP4Unit
0x080B4B30	thumb	dt__21MechaTurtleMachineGun
0x080B4B44	thumb	sub_080B4B44__18PorkTankFireCannon
0x080B4B90	thumb	playAnim__18PorkTankFireCannon
0x080B4C30	thumb	dt__18PorkTankFireCannon
0x080B4C44	thumb	playAnim__18OhSoSnakeDiveWater
0x080B4C84	thumb	dt__18OhSoSnakeDiveWater
0x080B4C98	thumb	tellMissed__19SpinSomethingAroundP4Unit
0x080B4CE0	thumb	onPlayAnim__19SpinSomethingAroundP4Unitb
0x080B4D74	thumb	onDamage__19SpinSomethingAroundP4Unit
0x080B4DD8	thumb	calcDidHit__19SpinSomethingAroundP4Unit
0x080B4DF0	thumb	tellResisted__19SpinSomethingAroundP4Unit
0x080B4E34	thumb	isResisted__19SpinSomethingAroundP4Unit
0x080B4E5C	thumb	dt__19SpinSomethingAround
0x080B4E70	thumb	onPlayAnim__9BloodSuckP4Unitb
0x080B4F28	thumb	onDamage__9BloodSuckP4Unit
0x080B4F54	thumb	dt__9BloodSuck
0x080B4F68	thumb	playAnim__11ShootFlames
0x080B4FB0	thumb	dt__11ShootFlames
0x080B4FC4	thumb	hitChance__C19DefaultMonsterSkill
0x080B504C	thumb	dt__19DefaultMonsterSkill
0x080B5060	thumb	create__18StatusNoExpFactoryUsP4Unit
0x080B5080	thumb	create__19StatusSmellyFactoryUsP4Unit
0x080B50A0	thumb	create__20StatusStrangeFactoryUsP4Unit
0x080B50C0	thumb	create__27StatusMonkeyDanceIQ2FactoryUsP4Unit
0x080B50E0	thumb	create__27StatusMonkeyDanceSP2FactoryUsP4Unit
0x080B5100	thumb	create__28StatusMonkeyDanceDef2FactoryUsP4Unit
0x080B5120	thumb	create__28StatusMonkeyDanceOff2FactoryUsP4Unit
0x080B5140	thumb	create__26StatusMonkeyDanceIQFactoryUsP4Unit
0x080B5160	thumb	create__26StatusMonkeyDanceSPFactoryUsP4Unit
0x080B5180	thumb	create__27StatusMonkeyDanceDefFactoryUsP4Unit
0x080B51A0	thumb	create__27StatusMonkeyDanceOffFactoryUsP4Unit
0x080B51C0	thumb	create__23StatusParamsDownFactoryUsP4Unit
0x080B51E0	thumb	create__21StatusParamsUpFactoryUsP4Unit
0x080B5200	thumb	create__24StatusDefUpStrongFactoryUsP4Unit
0x080B5220	thumb	create__21StatusDefUpMidFactoryUsP4Unit
0x080B5240	thumb	create__22StatusDefUpWeakFactoryUsP4Unit
0x080B5260	thumb	create__24StatusOffUpStrongFactoryUsP4Unit
0x080B5280	thumb	create__21StatusOffUpMidFactoryUsP4Unit
0x080B52A0	thumb	create__22StatusOffUpWeakFactoryUsP4Unit
0x080B52C0	thumb	create__26StatusDefDownStrongFactoryUsP4Unit
0x080B52E0	thumb	create__23StatusDefDownMidFactoryUsP4Unit
0x080B5300	thumb	create__24StatusDefDownWeakFactoryUsP4Unit
0x080B5320	thumb	create__26StatusOffDownStrongFactoryUsP4Unit
0x080B5340	thumb	create__23StatusOffDownMidFactoryUsP4Unit
0x080B5360	thumb	create__24StatusOffDownWeakFactoryUsP4Unit
0x080B5380	thumb	create__19StatusDefendFactoryUsP4Unit
0x080B53A0	thumb	create__18StatusFleasFactoryUsP4Unit
0x080B53C0	thumb	create__19StatusCryingFactoryUsP4Unit
0x080B53E0	thumb	create__25StatusNoBackSpriteFactoryUsP4Unit
0x080B5400	thumb	create__20StatusStapledFactoryUsP4Unit
0x080B5420	thumb	create__17StatusFellFactoryUsP4Unit
0x080B5440	thumb	create__17StatusDCMCFactoryUsP4Unit
0x080B5460	thumb	create__18StatusDanceFactoryUsP4Unit
0x080B5480	thumb	create__21StatusLaughingFactoryUsP4Unit
0x080B54A0	thumb	create__23StatusApologeticFactoryUsP4Unit
0x080B54C0	thumb	create__19StatusFrozenFactoryUsP4Unit
0x080B54E0	thumb	create__21StatusNauseousFactoryUsP4Unit
0x080B5500	thumb	create__22StatusForgetfulFactoryUsP4Unit
0x080B5520	thumb	create__18StatusSleepFactoryUsP4Unit
0x080B5540	thumb	create__17StatusNumbFactoryUsP4Unit
0x080B5560	thumb	create__20StatusRefreshFactoryUsP4Unit
0x080B5580	thumb	create__19StatusEndureFactoryUsP4Unit
0x080B55A0	thumb	create__21StatusTimeBombFactory
0x080B55C0	thumb	create__23StatusPsiCounterFactoryUsP4Unit
0x080B55E0	thumb	create__22StatusPsiShieldFactoryUsP4Unit
0x080B5600	thumb	create__25StatusElectrocutedFactoryUsP4Unit
0x080B5620	thumb	create__20StatusCounterFactoryUsP4Unit
0x080B5640	thumb	create__19StatusShieldFactoryUsP4Unit
0x080B5660	thumb	create__19StatusOnFireFactoryUsP4Unit
0x080B5680	thumb	create__19StatusPoisonFactoryUsP4Unit
0x080B56A0	thumb	create__20DefaultStatusFactoryUsP4Unit
0x080B56C0	thumb	__11StatusNoExpUsP4Unit
0x080B56DC	thumb	__12StatusSmellyUsP4Unit
0x080B56F8	thumb	__13StatusStrangeUsP4Unit
0x080B5714	thumb	__20StatusMonkeyDanceIQ2UsP4Unit
0x080B57D0	thumb	__20StatusMonkeyDanceSP2UsP4Unit
0x080B588C	thumb	__21StatusMonkeyDanceDef2UsP4Unit
0x080B5948	thumb	__21StatusMonkeyDanceOff2UsP4Unit
0x080B5A04	thumb	__19StatusMonkeyDanceIQUsP4Unit
0x080B5AC0	thumb	__19StatusMonkeyDanceSPUsP4Unit
0x080B5B7C	thumb	__20StatusMonkeyDanceDefUsP4Unit
0x080B5C38	thumb	__20StatusMonkeyDanceOffUsP4Unit
0x080B5CF4	thumb	__16StatusParamsDownUsP4Unit
0x080B5DB0	thumb	__14StatusParamsUpUsP4Unit
0x080B5E6C	thumb	__17StatusDefUpStrongUsP4Unit
0x080B5F28	thumb	__14StatusDefUpMidUsP4Unit
0x080B5FE4	thumb	__15StatusDefUpWeakUsP4Unit
0x080B60A0	thumb	__17StatusOffUpStrongUsP4Unit
0x080B615C	thumb	__14StatusOffUpMidUsP4Unit
0x080B6218	thumb	__15StatusOffUpWeakUsP4Unit
0x080B62D4	thumb	__19StatusDefDownStrongUsP4Unit
0x080B6390	thumb	__16StatusDefDownMidUsP4Unit
0x080B644C	thumb	__17StatusDefDownWeakUsP4Unit
0x080B6508	thumb	__19StatusOffDownStrongUsP4Unit
0x080B65C4	thumb	__16StatusOffDownMidUsP4Unit
0x080B6680	thumb	__17StatusOffDownWeakUsP4Unit
0x080B673C	thumb	__12StatusDefendUsP4Unit
0x080B6800	thumb	__11StatusFleasUsP4Unit
0x080B68BC	thumb	__12StatusCryingUsP4Unit
0x080B6978	thumb	__18StatusNoBackSpriteUsP4Unit
0x080B699C	thumb	__13StatusStapledUsP4Unit
0x080B69B8	thumb	__10StatusFellUsP4Unit
0x080B69E4	thumb	__10StatusDCMCUsP4Unit
0x080B6A10	thumb	__11StatusDanceUsP4Unit
0x080B6A2C	thumb	__14StatusLaughingUsP4Unit
0x080B6A48	thumb	__16StatusApologeticUsP4Unit
0x080B6A64	thumb	__12StatusFrozenUsP4Unit
0x080B6A80	thumb	__14StatusNauseousUsP4Unit
0x080B6A9C	thumb	__15StatusForgetfulUsP4Unit
0x080B6AC0	thumb	__11StatusSleepUsP4Unit
0x080B6AEC	thumb	__10StatusNumbUsP4Unit
0x080B6B10	thumb	__13StatusRefreshUsP4Unit
0x080B6B2C	thumb	__12StatusEndureUsP4Unit
0x080B6B48	thumb	__14StatusTimeBombUsP4Unit
0x080B6B70	thumb	__16StatusPsiCounterUsP4Unit
0x080B6B8C	thumb	__15StatusPsiShieldUsP4Unit
0x080B6BA8	thumb	__18StatusElectrocutedUsP4Unit
0x080B6BC4	thumb	__13StatusCounterUsP4Unit
0x080B6BE0	thumb	__12StatusShieldUsP4Unit
0x080B6BFC	thumb	__12StatusOnFireUsP4Unit
0x080B6C28	thumb	__12StatusPoisonUsP4Unit
0x080B6C44	thumb	__13DefaultStatusUsP4Unit
0x080B6C60	thumb	disableAllStatuses__11StatusNoExp
0x080B6CC4	thumb	dt__11StatusNoExp
0x080B6CD8	thumb	disableAllStatuses__12StatusSmelly
0x080B6D3C	thumb	dt__12StatusSmelly
0x080B6D50	thumb	disableAllStatuses__13StatusStrange
0x080B6DB0	thumb	dt__13StatusStrange
0x080B6DC4	thumb	fmtStatusMsg__20StatusMonkeyDanceIQ2Us
0x080B6E54	thumb	iqMod__20StatusMonkeyDanceIQ2
0x080B6E90	thumb	disableAllStatuses__20StatusMonkeyDanceIQ2
0x080B6EF4	thumb	dt__20StatusMonkeyDanceIQ2
0x080B6F08	thumb	fmtStatusMsg__20StatusMonkeyDanceSP2Us
0x080B6F98	thumb	speedMod__20StatusMonkeyDanceSP2
0x080B6FD4	thumb	disableAllStatuses__20StatusMonkeyDanceSP2
0x080B7038	thumb	dt__20StatusMonkeyDanceSP2
0x080B704C	thumb	fmtStatusMsg__21StatusMonkeyDanceDef2Us
0x080B70DC	thumb	defenseMod__21StatusMonkeyDanceDef2
0x080B7118	thumb	disableAllStatuses__21StatusMonkeyDanceDef2
0x080B7248	thumb	cancelOpposite__21StatusMonkeyDanceDef2
0x080B7304	thumb	applyStackStatus__21StatusMonkeyDanceDef2
0x080B7428	thumb	dt__21StatusMonkeyDanceDef2
0x080B743C	thumb	fmtStatusMsg__21StatusMonkeyDanceOff2Us
0x080B74CC	thumb	offenseMod__21StatusMonkeyDanceOff2
0x080B7508	thumb	disableAllStatuses__21StatusMonkeyDanceOff2
0x080B75FC	thumb	cancelOpposite__21StatusMonkeyDanceOff2
0x080B7664	thumb	applyStackStatus__21StatusMonkeyDanceOff2
0x080B76D0	thumb	dt__21StatusMonkeyDanceOff2
0x080B76E4	thumb	fmtStatusMsg__19StatusMonkeyDanceIQUs
0x080B7774	thumb	iqMod__19StatusMonkeyDanceIQ
0x080B77A8	thumb	disableAllStatuses__19StatusMonkeyDanceIQ
0x080B780C	thumb	dt__19StatusMonkeyDanceIQ
0x080B7820	thumb	fmtStatusMsg__19StatusMonkeyDanceSPUs
0x080B78B0	thumb	speedMod__19StatusMonkeyDanceSP
0x080B78E4	thumb	disableAllStatuses__19StatusMonkeyDanceSP
0x080B7948	thumb	dt__19StatusMonkeyDanceSP
0x080B795C	thumb	fmtStatusMsg__20StatusMonkeyDanceDefUs
0x080B79EC	thumb	defenseMod__20StatusMonkeyDanceDef
0x080B7A24	thumb	disableAllStatuses__20StatusMonkeyDanceDef
0x080B7B54	thumb	cancelOpposite__20StatusMonkeyDanceDef
0x080B7C0C	thumb	applyStackStatus__20StatusMonkeyDanceDef
0x080B7D30	thumb	dt__20StatusMonkeyDanceDef
0x080B7D44	thumb	fmtStatusMsg__20StatusMonkeyDanceOffUs
0x080B7DD4	thumb	offenseMod__20StatusMonkeyDanceOff
0x080B7E0C	thumb	disableAllStatuses__20StatusMonkeyDanceOff
0x080B7F00	thumb	cancelOpposite__20StatusMonkeyDanceOff
0x080B7F68	thumb	applyStackStatus__20StatusMonkeyDanceOff
0x080B7FD4	thumb	dt__20StatusMonkeyDanceOff
0x080B7FE8	thumb	speedMod__16StatusParamsDown
0x080B8024	thumb	iqMod__16StatusParamsDown
0x080B8060	thumb	defenseMod__16StatusParamsDown
0x080B809C	thumb	offenseMod__16StatusParamsDown
0x080B80D8	thumb	disableAllStatuses__16StatusParamsDown
0x080B8168	thumb	removeConflicting__16StatusParamsDown
0x080B8484	thumb	dt__16StatusParamsDown
0x080B8498	thumb	speedMod__14StatusParamsUp
0x080B84D0	thumb	iqMod__14StatusParamsUp
0x080B8508	thumb	defenseMod__14StatusParamsUp
0x080B853C	thumb	offenseMod__14StatusParamsUp
0x080B8570	thumb	disableAllStatuses__14StatusParamsUp
0x080B8600	thumb	removeConflicting__14StatusParamsUp
0x080B891C	thumb	dt__14StatusParamsUp
0x080B8930	thumb	fmtStatusMsg__17StatusDefUpStrongUs
0x080B89C0	thumb	defenseMod__17StatusDefUpStrong
0x080B89F8	thumb	disableAllStatuses__17StatusDefUpStrong
0x080B8A9C	thumb	cancelOpposite__17StatusDefUpStrong
0x080B8AD8	thumb	applyStackStatus__17StatusDefUpStrong
0x080B8B60	thumb	removeConflicting__17StatusDefUpStrong
0x080B8BC4	thumb	dt__17StatusDefUpStrong
0x080B8BD8	thumb	fmtStatusMsg__14StatusDefUpMidUs
0x080B8C68	thumb	defenseMod__14StatusDefUpMid
0x080B8CA0	thumb	disableAllStatuses__14StatusDefUpMid
0x080B8D44	thumb	cancelOpposite__14StatusDefUpMid
0x080B8D80	thumb	applyStackStatus__14StatusDefUpMid
0x080B8E5C	thumb	dt__14StatusDefUpMid
0x080B8E70	thumb	fmtStatusMsg__15StatusDefUpWeakUs
0x080B8F00	thumb	defenseMod__15StatusDefUpWeak
0x080B8F38	thumb	disableAllStatuses__15StatusDefUpWeak
0x080B8FDC	thumb	cancelOpposite__15StatusDefUpWeak
0x080B9044	thumb	applyStackStatus__15StatusDefUpWeak
0x080B9104	thumb	dt__15StatusDefUpWeak
0x080B9118	thumb	fmtStatusMsg__17StatusOffUpStrongUs
0x080B91A8	thumb	offenseMod__17StatusOffUpStrong
0x080B91E0	thumb	disableAllStatuses__17StatusOffUpStrong
0x080B9284	thumb	cancelOpposite__17StatusOffUpStrong
0x080B92C0	thumb	applyStackStatus__17StatusOffUpStrong
0x080B9348	thumb	removeConflicting__17StatusOffUpStrong
0x080B93AC	thumb	dt__17StatusOffUpStrong
0x080B93C0	thumb	fmtStatusMsg__14StatusOffUpMidUs
0x080B9450	thumb	offenseMod__14StatusOffUpMid
0x080B9488	thumb	disableAllStatuses__14StatusOffUpMid
0x080B952C	thumb	cancelOpposite__14StatusOffUpMid
0x080B9568	thumb	applyStackStatus__14StatusOffUpMid
0x080B9644	thumb	dt__14StatusOffUpMid
0x080B9658	thumb	fmtStatusMsg__15StatusOffUpWeakUs
0x080B96E8	thumb	offenseMod__15StatusOffUpWeak
0x080B9720	thumb	disableAllStatuses__15StatusOffUpWeak
0x080B97C4	thumb	cancelOpposite__15StatusOffUpWeak
0x080B982C	thumb	applyStackStatus__15StatusOffUpWeak
0x080B98EC	thumb	dt__15StatusOffUpWeak
0x080B9900	thumb	fmtStatusMsg__19StatusDefDownStrongUs
0x080B9990	thumb	defenseMod__19StatusDefDownStrong
0x080B99CC	thumb	disableAllStatuses__19StatusDefDownStrong
0x080B9A70	thumb	cancelOpposite__19StatusDefDownStrong
0x080B9AAC	thumb	applyStackStatus__19StatusDefDownStrong
0x080B9B34	thumb	removeConflicting__19StatusDefDownStrong
0x080B9B98	thumb	dt__19StatusDefDownStrong
0x080B9BAC	thumb	fmtStatusMsg__16StatusDefDownMidUs
0x080B9C3C	thumb	defenseMod__16StatusDefDownMid
0x080B9C78	thumb	disableAllStatuses__16StatusDefDownMid
0x080B9D1C	thumb	cancelOpposite__16StatusDefDownMid
0x080B9D58	thumb	applyStackStatus__16StatusDefDownMid
0x080B9E34	thumb	dt__16StatusDefDownMid
0x080B9E48	thumb	fmtStatusMsg__17StatusDefDownWeakUs
0x080B9ED8	thumb	defenseMod__17StatusDefDownWeak
0x080B9F14	thumb	disableAllStatuses__17StatusDefDownWeak
0x080B9FB8	thumb	cancelOpposite__17StatusDefDownWeak
0x080BA020	thumb	applyStackStatus__17StatusDefDownWeak
0x080BA0E0	thumb	dt__17StatusDefDownWeak
0x080BA0F4	thumb	fmtStatusMsg__19StatusOffDownStrongUs
0x080BA184	thumb	offenseMod__19StatusOffDownStrong
0x080BA1C0	thumb	disableAllStatuses__19StatusOffDownStrong
0x080BA264	thumb	cancelOpposite__19StatusOffDownStrong
0x080BA2A0	thumb	applyStackStatus__19StatusOffDownStrong
0x080BA328	thumb	removeConflicting__19StatusOffDownStrong
0x080BA38C	thumb	dt__19StatusOffDownStrong
0x080BA3A0	thumb	fmtStatusMsg__16StatusOffDownMidUs
0x080BA430	thumb	offenseMod__16StatusOffDownMid
0x080BA46C	thumb	disableAllStatuses__16StatusOffDownMid
0x080BA510	thumb	cancelOpposite__16StatusOffDownMid
0x080BA55C	thumb	applyStackStatus__16StatusOffDownMid
0x080BA638	thumb	dt__16StatusOffDownMid
0x080BA64C	thumb	fmtStatusMsg__17StatusOffDownWeakUs
0x080BA6DC	thumb	offenseMod__17StatusOffDownWeak
0x080BA718	thumb	disableAllStatuses__17StatusOffDownWeak
0x080BA7CC	thumb	cancelOpposite__17StatusOffDownWeak
0x080BA834	thumb	applyStackStatus__17StatusOffDownWeak
0x080BA8F4	thumb	dt__17StatusOffDownWeak
0x080BA908	thumb	cleanup__12StatusDefend
0x080BA960	thumb	applyStatModifiers__12StatusDefend
0x080BA9DC	thumb	disableAllStatuses__12StatusDefend
0x080BAA40	thumb	dt__12StatusDefend
0x080BAA54	thumb	disableAllStatuses__11StatusFleas
0x080BAAB8	thumb	dt__11StatusFleas
0x080BAACC	thumb	disableAllStatuses__12StatusCrying
0x080BAB30	thumb	dt__12StatusCrying
0x080BAB44	thumb	dispelStatus__14StatusParamModUs
0x080BABD0	thumb	replaceStatus__14StatusParamMod
0x080BAC8C	thumb	kindnessChange__14StatusParamMod
0x080BACC0	thumb	speedChange__14StatusParamMod
0x080BACF4	thumb	iqChange__14StatusParamMod
0x080BAD28	thumb	defenseChange__14StatusParamMod
0x080BAD5C	thumb	offenseChange__14StatusParamMod
0x080BAD90	thumb	kindnessDelta__14StatusParamMod
0x080BAD94	thumb	speedDelta__14StatusParamMod
0x080BAD98	thumb	iqDelta__14StatusParamMod
0x080BAD9C	thumb	defenseDelta__14StatusParamMod
0x080BADA0	thumb	offenseDelta__14StatusParamMod
0x080BADA4	thumb	cleanup__14StatusParamMod
0x080BAECC	thumb	kindnessMod__14StatusParamMod
0x080BAED0	thumb	speedMod__14StatusParamMod
0x080BAED4	thumb	iqMod__14StatusParamMod
0x080BAED8	thumb	defenseMod__14StatusParamMod
0x080BAEDC	thumb	offenseMod__14StatusParamMod
0x080BAEE0	thumb	applyStatModifiers__14StatusParamMod
0x080BB100	thumb	dt__14StatusParamMod
0x080BB114	thumb	disableAllStatuses__18StatusNoBackSprite
0x080BB178	thumb	dt__18StatusNoBackSprite
0x080BB18C	thumb	disableAllStatuses__13StatusStapled
0x080BB1F0	thumb	dt__13StatusStapled
0x080BB204	thumb	disableAllStatuses__10StatusFell
0x080BB268	thumb	dt__10StatusFell
0x080BB27C	thumb	disableAllStatuses__10StatusDCMC
0x080BB2E0	thumb	dt__10StatusDCMC
0x080BB2F4	thumb	disableAllStatuses__11StatusDance
0x080BB358	thumb	dt__11StatusDance
0x080BB36C	thumb	disableAllStatuses__14StatusLaughing
0x080BB3D0	thumb	dt__14StatusLaughing
0x080BB3E4	thumb	disableAllStatuses__16StatusApologetic
0x080BB448	thumb	dt__16StatusApologetic
0x080BB45C	thumb	disableAllStatuses__12StatusFrozen
0x080BB4C0	thumb	dt__12StatusFrozen
0x080BB4D4	thumb	disableAllStatuses__14StatusNauseous
0x080BB538	thumb	dt__14StatusNauseous
0x080BB54C	thumb	disableAllStatuses__15StatusForgetful
0x080BB5B0	thumb	dt__15StatusForgetful
0x080BB5C4	thumb	cleanup__11StatusSleep
0x080BB60C	thumb	applyStatModifiers__11StatusSleep
0x080BB660	thumb	disableAllStatuses__11StatusSleep
0x080BB6C4	thumb	dt__11StatusSleep
0x080BB6D8	thumb	disableAllStatuses__10StatusNumb
0x080BB73C	thumb	dt__10StatusNumb
0x080BB750	thumb	onUnitTurnBegin__13StatusRefreshP4Unit
0x080BB7EC	thumb	disableAllStatuses__13StatusRefresh
0x080BB850	thumb	dt__13StatusRefresh
0x080BB864	thumb	disableAllStatuses__12StatusEndure
0x080BB8C8	thumb	dt__12StatusEndure
0x080BB8DC	thumb	onUnitTurnEnd__14StatusTimeBombP4Unit
0x080BB988	thumb	disableAllStatuses__14StatusTimeBomb
0x080BB9EC	thumb	dt__14StatusTimeBomb
0x080BBA00	thumb	disableAllStatuses__16StatusPsiCounter
0x080BBA60	thumb	removeConflicting__16StatusPsiCounter
0x080BBB24	thumb	dt__16StatusPsiCounter
0x080BBB38	thumb	disableAllStatuses__15StatusPsiShield
0x080BBB98	thumb	removeConflicting__15StatusPsiShield
0x080BBC5C	thumb	dt__15StatusPsiShield
0x080BBC70	thumb	disableAllStatuses__18StatusElectrocuted
0x080BBCD4	thumb	dt__18StatusElectrocuted
0x080BBCE8	thumb	disableAllStatuses__13StatusCounter
0x080BBD48	thumb	removeConflicting__13StatusCounter
0x080BBE0C	thumb	dt__13StatusCounter
0x080BBE20	thumb	disableAllStatuses__12StatusShield
0x080BBE80	thumb	removeConflicting__12StatusShield
0x080BBF44	thumb	dt__12StatusShield
0x080BBF58	thumb	onUnitTurnBegin__12StatusOnFireP4Unit
0x080BBFEC	thumb	disableAllStatuses__12StatusOnFire
0x080BC050	thumb	dt__12StatusOnFire
0x080BC064	thumb	onUnitTurnBegin__12StatusPoisonP4Unit
0x080BC0F8	thumb	disableAllStatuses__12StatusPoison
0x080BC15C	thumb	dt__12StatusPoison
0x080BC170	thumb	dt__13DefaultStatus
0x080BC184	thumb	create__16HealingGOFactoryUsP4Unit
0x080BC1A4	thumb	create__15HealingBFactoryUsP4Unit
0x080BC1C4	thumb	create__15HealingAFactoryUsP4Unit
0x080BC1E4	thumb	create__17PsiCounterFactoryUsP4Unit
0x080BC204	thumb	create__16PsiShieldFactoryUsP4Unit
0x080BC224	thumb	create__14CounterFactoryUsP4Unit
0x080BC244	thumb	create__13ShieldFactoryUsP4Unit
0x080BC264	thumb	create__14PkFlashFactoryUsP4Unit
0x080BC284	thumb	create__14LifeupGFactoryUsP4Unit
0x080BC2A4	thumb	create__16PsiMagnetFactoryUsP4Unit
0x080BC2C4	thumb	create__15PkGroundFactoryUsP4Unit
0x080BC2E4	thumb	create__18PkThunderGOFactoryUsP4Unit
0x080BC304	thumb	create__18PkThunderABFactoryUsP4Unit
0x080BC324	thumb	create__17DefaultPsiFactoryUsP4Unit
0x080BC344	thumb	__9HealingGOUsP4Unit
0x080BC360	thumb	__8HealingBUsP4Unit
0x080BC37C	thumb	__8HealingAUsP4Unit
0x080BC398	thumb	__10PsiCounterUsP4Unit
0x080BC3B4	thumb	__9PsiShieldUsP4Unit
0x080BC3D0	thumb	__7CounterUsP4Unit
0x080BC3EC	thumb	__6ShieldUsP4Unit
0x080BC408	thumb	__7PkFlashUsP4Unit
0x080BC424	thumb	__7LifeupGUsP4Unit
0x080BC440	thumb	__9PsiMagnetUsP4Unit
0x080BC460	thumb	__8PkGroundUsP4Unit
0x080BC47C	thumb	__11PkThunderGOUsP4Unit
0x080BC498	thumb	__11PkThunderABUsP4Unit
0x080BC4B4	thumb	__10DefaultPsiUsP4Unit
0x080BC4D0	thumb	onFail__9HealingGOP4Unit
0x080BC5C4	thumb	dt__9HealingGO
0x080BC5D8	thumb	onFail__8HealingBP4Unit
0x080BC688	thumb	dt__8HealingB
0x080BC69C	thumb	onFail__8HealingAP4Unit
0x080BC754	thumb	dt__8HealingA
0x080BC768	thumb	onInflictStatus__10PsiCounterP4Unit
0x080BC81C	thumb	dt__10PsiCounter
0x080BC830	thumb	onInflictStatus__9PsiShieldP4Unit
0x080BC8E4	thumb	dt__9PsiShield
0x080BC8F8	thumb	onInflictStatus__7CounterP4Unit
0x080BC9AC	thumb	dt__7Counter
0x080BC9C0	thumb	onInflictStatus__6ShieldP4Unit
0x080BCA74	thumb	dt__6Shield
0x080BCA88	thumb	sub_080BCA88__7PkFlashP4Unit
0x080BCDDC	thumb	onInflictStatus__7PkFlashP4Unit
0x080BCF98	thumb	dt__7PkFlash
0x080BCFAC	thumb	onNoEffect__7LifeupGP4Unit
0x080BCFEC	thumb	dt__7LifeupG
0x080BD000	thumb	action_150__9PsiMagnet
0x080BD04C	thumb	onPlayAnim__9PsiMagnetP4Unitb
0x080BD050	thumb	tellMissed__9PsiMagnetP4Unit
0x080BD094	thumb	onPsiDamage__9PsiMagnetP4Unit
0x080BD138	thumb	calcDidHit__9PsiMagnetP4Unit
0x080BD150	thumb	tellResisted__9PsiMagnetP4Unit
0x080BD194	thumb	isResisted__9PsiMagnetP4Unit
0x080BD1BC	thumb	dt__9PsiMagnet
0x080BD1D0	thumb	onPsiDamage__8PkGroundP4Unit
0x080BD294	thumb	calcDidHit__8PkGroundP4Unit
0x080BD5B4	thumb	playAnim__8PkGround
0x080BD6F8	thumb	dt__8PkGround
0x080BD70C	thumb	onPlayAnim__11PkThunderGOP4Unitb
0x080BD730	thumb	tellMissed__11PkThunderGOP4Unit
0x080BD774	thumb	calcDidHit__11PkThunderGOP4Unit
0x080BD800	thumb	action_a0__11PkThunderGOP4Unit
0x080BD818	thumb	playAnim__11PkThunderGO
0x080BD81C	thumb	dt__11PkThunderGO
0x080BD830	thumb	onPlayAnim__11PkThunderABP4Unitb
0x080BD854	thumb	tellMissed__11PkThunderABP4Unit
0x080BD898	thumb	calcDidHit__11PkThunderABP4Unit
0x080BD924	thumb	action_a0__11PkThunderABP4Unit
0x080BD93C	thumb	playAnim__11PkThunderAB
0x080BD940	thumb	dt__11PkThunderAB
0x080BD954	thumb	hitChance__C10DefaultPsi
0x080BD9DC	thumb	tellResisted__10DefaultPsiP4Unit
0x080BDAAC	thumb	dt__10DefaultPsi
0x080BDAC0	thumb	init__9GoodsRTTI
0x080BDAD0	thumb	getName__9GoodsRTTI
0x080BDAD8	thumb	create__18TriviaCard4FactoryUsP4UnitUs
0x080BDB00	thumb	create__18TriviaCard3FactoryUsP4UnitUs
0x080BDB28	thumb	create__18TriviaCard2FactoryUsP4UnitUs
0x080BDB50	thumb	create__18TriviaCard1FactoryUsP4UnitUs
0x080BDB78	thumb	create__16DragoFangFactoryUsP4UnitUs
0x080BDBA0	thumb	create__21ShieldSnatcherFactoryUsP4UnitUs
0x080BDBC8	thumb	create__23CupOfLifenoodlesFactoryUsP4UnitUs
0x080BDBF0	thumb	create__17SecretHerbFactoryUsP4UnitUs
0x080BDC18	thumb	create__15PaperFanFactoryUsP4UnitUs
0x080BDC40	thumb	create__18MadeYouLookFactoryUsP4UnitUs
0x080BDC68	thumb	create__22AttackAttractorFactoryUsP4UnitUs
0x080BDC90	thumb	create__22EnemyWimperizerFactoryUsP4UnitUs
0x080BDCB8	thumb	create__22EnemyBufferizerFactoryUsP4UnitUs
0x080BDCE0	thumb	create__16LottoMealFactoryUsP4UnitUs
0x080BDD08	thumb	create__16DoggyFoodFactoryUsP4UnitUs
0x080BDD30	thumb	create__21PeculiarCheeseFactoryUsP4UnitUs
0x080BDD58	thumb	create__15BugSprayFactoryUsP4UnitUs
0x080BDD80	thumb	create__20AncientBananaFactoryUsP4UnitUs
0x080BDDA8	thumb	create__18HoneyShowerFactoryUsP4UnitUs
0x080BDDD0	thumb	create__19SaltwaterGunFactoryUsP4UnitUs
0x080BDDF8	thumb	create__22NewYearsEveBombFactoryUsP4UnitUs
0x080BDE20	thumb	create__19DefaultGoodsFactoryUsP4UnitUs
0x080BDE48	thumb	__11TriviaCard4UsP4UnitUs
0x080BDE68	thumb	__11TriviaCard3UsP4UnitUs
0x080BDE88	thumb	__11TriviaCard2UsP4UnitUs
0x080BDEA8	thumb	__11TriviaCard1UsP4UnitUs
0x080BDEC8	thumb	__9DragoFangUsP4UnitUs
0x080BDEE8	thumb	__14ShieldSnatcherUsP4UnitUs
0x080BDF08	thumb	__16CupOfLifenoodlesUsP4UnitUs
0x080BDF28	thumb	__10SecretHerbUsP4UnitUs
0x080BDF48	thumb	__8PaperFanUsP4UnitUs
0x080BDF68	thumb	__11MadeYouLookUsP4UnitUs
0x080BDF88	thumb	__15AttackAttractorUsP4UnitUs
0x080BDFA8	thumb	__15EnemyWimperizerUsP4UnitUs
0x080BDFC8	thumb	__15EnemyBufferizerUsP4UnitUs
0x080BDFE8	thumb	__9LottoMealUsP4UnitUs
0x080BE008	thumb	__9DoggyFoodUsP4UnitUs
0x080BE028	thumb	__14PeculiarCheeseUsP4UnitUs
0x080BE048	thumb	__8BugSprayUsP4UnitUs
0x080BE068	thumb	__13AncientBananaUsP4UnitUs
0x080BE088	thumb	__11HoneyShowerUsP4UnitUs
0x080BE0A8	thumb	__12SaltwaterGunUsP4UnitUs
0x080BE0D4	thumb	__15NewYearsEveBombUsP4UnitUs
0x080BE0FC	thumb	__12DefaultGoodsUsPvUs
0x080BE11C	thumb	onSuccess__11TriviaCard4P4Unit
0x080BE428	thumb	tellResisted__11TriviaCard4P4Unit
0x080BE46C	thumb	isResisted__11TriviaCard4P4Unit
0x080BE4E4	thumb	_._11TriviaCard4
0x080BE4F8	thumb	onSuccess__11TriviaCard3P4Unit
0x080BE724	thumb	tellResisted__11TriviaCard3P4Unit
0x080BE768	thumb	isResisted__11TriviaCard3P4Unit
0x080BE7E0	thumb	_._11TriviaCard3
0x080BE7F4	thumb	onSuccess__11TriviaCard2P4Unit
0x080BEA2C	thumb	tellResisted__11TriviaCard2P4Unit
0x080BEA70	thumb	isResisted__11TriviaCard2P4Unit
0x080BEAE8	thumb	_._11TriviaCard2
0x080BEAFC	thumb	onSuccess__11TriviaCard1P4Unit
0x080BED90	thumb	tellResisted__11TriviaCard1P4Unit
0x080BEDD4	thumb	isResisted__11TriviaCard1P4Unit
0x080BEE4C	thumb	_._11TriviaCard1
0x080BEE60	thumb	tellMissed__9DragoFangP4Unit
0x080BEEA4	thumb	onSuccess__9DragoFangP4Unit
0x080BEF3C	thumb	calcDidHit__9DragoFangP4Unit
0x080BEF74	thumb	tellResisted__9DragoFangP4Unit
0x080BEFB8	thumb	isResisted__9DragoFangP4Unit
0x080BEFD4	thumb	_._9DragoFang
0x080BEFE8	thumb	onFail__14ShieldSnatcherP4Unit
0x080BF138	thumb	_._14ShieldSnatcher
0x080BF14C	thumb	onFail__16CupOfLifenoodlesP4Unit
0x080BF240	thumb	_._16CupOfLifenoodles
0x080BF254	thumb	onFail__10SecretHerbP4Unit
0x080BF35C	thumb	_._10SecretHerb
0x080BF370	thumb	onFail__8PaperFanP4Unit
0x080BF3F0	thumb	_._8PaperFan
0x080BF404	thumb	onSuccess__11MadeYouLookP4Unit
0x080BF47C	thumb	tellResisted__11MadeYouLookP4Unit
0x080BF4C8	thumb	isResisted__11MadeYouLookP4Unit
0x080BF58C	thumb	_._11MadeYouLook
0x080BF5A0	thumb	onInflictStatus__15AttackAttractorP4Unit
0x080BF5FC	thumb	tellResisted__15AttackAttractorP4Unit
0x080BF640	thumb	isResisted__15AttackAttractorP4Unit
0x080BF6B8	thumb	_._15AttackAttractor
0x080BF6CC	thumb	isResisted__15EnemyWimperizerP4Unit
0x080BF724	thumb	_._15EnemyWimperizer
0x080BF738	thumb	isResisted__15EnemyBufferizerP4Unit
0x080BF790	thumb	_._15EnemyBufferizer
0x080BF7A4	thumb	onInflictStatus__9LottoMealP4Unit
0x080BFAE4	thumb	_._9LottoMeal
0x080BFAF8	thumb	action_f8__9DoggyFoodP4Unit
0x080BFB28	thumb	_._9DoggyFood
0x080BFB3C	thumb	action_f8__14PeculiarCheeseP4Unit
0x080BFC14	thumb	_._14PeculiarCheese
0x080BFC28	thumb	onDamage__8BugSprayP4Unit
0x080BFC98	thumb	_._8BugSpray
0x080BFCAC	thumb	playAnim__13AncientBanana
0x080BFD34	thumb	_._13AncientBanana
0x080BFD48	thumb	onDamage__11HoneyShowerP4Unit
0x080BFEB8	thumb	_._11HoneyShower
0x080BFECC	thumb	healHi__C12SaltwaterGun
0x080BFEE4	thumb	healLo__C12SaltwaterGun
0x080BFEFC	thumb	onDamage__12SaltwaterGunP4Unit
0x080BFF7C	thumb	isResisted__12SaltwaterGunP4Unit
0x080C0034	thumb	_._12SaltwaterGun
0x080C0048	thumb	hasDim__C15NewYearsEveBomb
0x080C0064	thumb	animNo__C15NewYearsEveBomb
0x080C0084	thumb	onDamage__15NewYearsEveBombP4Unit
0x080C00D4	thumb	tellResisted__15NewYearsEveBombP4Unit
0x080C00D8	thumb	isResisted__15NewYearsEveBombP4Unit
0x080C00E0	thumb	tellUseMessage__15NewYearsEveBomb
0x080C0150	thumb	nye_4__15NewYearsEveBomb
0x080C04C8	thumb	action_70__15NewYearsEveBomb
0x080C04F0	thumb	_._15NewYearsEveBomb
0x080C0504	thumb	dg_3__12DefaultGoods
0x080C0578	thumb	isConsumable__C12DefaultGoodsP4Unit
0x080C05AC	thumb	hitChance__C12DefaultGoods
0x080C0634	thumb	dg_2__12DefaultGoodsP4Unit
0x080C06AC	thumb	action_a0__12DefaultGoodsP4Unit
0x080C06E0	thumb	isResisted__12DefaultGoodsP4Unit
0x080C0728	thumb	dogTax__12DefaultGoods
0x080C0864	thumb	tellUseMessage__12DefaultGoods
0x080C0890	thumb	_._12DefaultGoods
0x080C08A4	thumb	sub_080C08A4
0x080C08C4	thumb	sub_080C08C4
0x080C08E4	thumb	sub_080C08E4
0x080C0904	thumb	sub_080C0904
0x080C0920	thumb	sub_080C0920
0x080C0940	thumb	sub_080C0940
0x080C0A20	thumb	sub_080C0A20
0x080C0AF8	thumb	sub_080C0AF8
0x080C0B44	thumb	sub_080C0B44
0x080C0B58	thumb	nullsub_147
0x080C0B5C	thumb	nullsub_148
0x080C0B60	thumb	nullsub_149
0x080C0B64	thumb	sub_080C0B64
0x080C0B78	thumb	init__13SndMonManager
0x080C0B88	thumb	getName__13SndMonManager
0x080C0B90	thumb	sub_080C0B90
0x080C0BA4	thumb	sub_080C0BA4
0x080C0BB8	thumb	sub_080C0BB8
0x080C0BCC	thumb	sub_080C0BCC
0x080C0BE0	thumb	init__10IrcManager
0x080C0BF4	thumb	getName__10IrcManager
0x080C0BFC	thumb	init__12ClockManager
0x080C0C0C	thumb	getName__12ClockManager
0x080C0C14	thumb	init__16PostSysClockRTTI
0x080C0C24	thumb	getName__16PostSysClockRTTI
0x080C0C2C	thumb	_._12PostSysClock
0x080C0C40	thumb	init__16PostAppClockRTTI
0x080C0C50	thumb	getName__16PostAppClockRTTI
0x080C0C58	thumb	_._12PostAppClock
0x080C0C6C	thumb	init__12AppClockRTTI
0x080C0C7C	thumb	getName__12AppClockRTTI
0x080C0C84	thumb	_._8AppClock
0x080C0C98	thumb	init__15PreAppClockRTTI
0x080C0CA8	thumb	getName__15PreAppClockRTTI
0x080C0CB0	thumb	_._11PreAppClock
0x080C0CC4	thumb	init__12SysClockRTTI
0x080C0CD4	thumb	getName__12SysClockRTTI
0x080C0CDC	thumb	_._8SysClock
0x080C0CF0	thumb	init__15PreSysClockRTTI
0x080C0D00	thumb	getName__15PreSysClockRTTI
0x080C0D08	thumb	_._11PreSysClock
0x080C0D1C	thumb	init__14GEngineManager
0x080C0D2C	thumb	getName__14GEngineManager
0x080C0D34	thumb	init__15BGEngineManager
0x080C0D48	thumb	getName__15BGEngineManager
0x080C0D50	thumb	sub_080C0D50
0x080C0E54	thumb	sub_080C0E54
0x080C0F28	thumb	init__16ObjEngineManager
0x080C0F3C	thumb	getName__16ObjEngineManager
0x080C0F44	thumb	init__17ObjChrPoolManager
0x080C0F54	thumb	getName__17ObjChrPoolManager
0x080C0F5C	thumb	init__17ObjPltPoolManager
0x080C0F6C	thumb	getName__17ObjPltPoolManager
0x080C0F74	thumb	VT_HACK__14SelectKeyPresse
0x080C0F94	thumb	getName__22SelectKeyLongPressRTTI
0x080C0F9C	thumb	_._18SelectKeyLongPress
0x080C0FB0	thumb	init__18SelectKeyPressRTTI
0x080C0FD0	thumb	getName__18SelectKeyPressRTTI
0x080C0FD8	thumb	_._14SelectKeyPress
0x080C0FEC	thumb	init__21StartKeyLongPressRTTI
0x080C100C	thumb	getName__21StartKeyLongPressRTTI
0x080C1014	thumb	_._17StartKeyLongPress
0x080C1028	thumb	init__17StartKeyPressRTTI
0x080C1048	thumb	getName__17StartKeyPressRTTI
0x080C1050	thumb	_._13StartKeyPress
0x080C1064	thumb	init__17RKeyLongPressRTTI
0x080C1084	thumb	getName__17RKeyLongPressRTTI
0x080C108C	thumb	_._13RKeyLongPress
0x080C10A0	thumb	init__13RKeyPressRTTI
0x080C10C0	thumb	getName__13RKeyPressRTTI
0x080C10C8	thumb	_._9RKeyPress
0x080C10DC	thumb	init__17LKeyLongPressRTTI
0x080C10FC	thumb	getName__17LKeyLongPressRTTI
0x080C1104	thumb	_._13LKeyLongPress
0x080C1118	thumb	init__13LKeyPressRTTI
0x080C1138	thumb	getName__13LKeyPressRTTI
0x080C1140	thumb	_._9LKeyPress
0x080C1154	thumb	init__17BKeyLongPressRTTI
0x080C1174	thumb	getName__17BKeyLongPressRTTI
0x080C117C	thumb	_._13BKeyLongPress
0x080C1190	thumb	init__13BKeyPressRTTI
0x080C11B0	thumb	getName__13BKeyPressRTTI
0x080C11B8	thumb	_._9BKeyPress
0x080C11CC	thumb	init__17AKeyLongPressRTTI
0x080C11EC	thumb	getName__17AKeyLongPressRTTI
0x080C11F4	thumb	_._13AKeyLongPress
0x080C1208	thumb	init__13AKeyPressRTTI
0x080C1228	thumb	getName__13AKeyPressRTTI
0x080C1230	thumb	_._9AKeyPress
0x080C1244	thumb	init__21RightKeyLongPressRTTI
0x080C1264	thumb	getName__21RightKeyLongPressRTTI
0x080C126C	thumb	_._17RightKeyLongPress
0x080C1280	thumb	init__17RightKeyPressRTTI
0x080C12A0	thumb	getName__17RightKeyPressRTTI
0x080C12A8	thumb	_._13RightKeyPress
0x080C12BC	thumb	init__20LeftKeyLongPressRTTI
0x080C12DC	thumb	getName__20LeftKeyLongPressRTTI
0x080C12E4	thumb	_._16LeftKeyLongPress
0x080C12F8	thumb	init__16LeftKeyPressRTTI
0x080C1318	thumb	getName__16LeftKeyPressRTTI
0x080C1320	thumb	_._12LeftKeyPress
0x080C1334	thumb	init__20DownKeyLongPressRTTI
0x080C1354	thumb	getName__20DownKeyLongPressRTTI
0x080C135C	thumb	_._16DownKeyLongPress
0x080C1370	thumb	init__16DownKeyPressRTTI
0x080C1390	thumb	getName__16DownKeyPressRTTI
0x080C1398	thumb	_._12DownKeyPress
0x080C13AC	thumb	init__18UpKeyLongPressRTTI
0x080C13CC	thumb	getName__18UpKeyLongPressRTTI
0x080C13D4	thumb	_._14UpKeyLongPress
0x080C13E8	thumb	init__14UpKeyPressRTTI
0x080C1408	thumb	getName__14UpKeyPressRTTI
0x080C1410	thumb	_._10UpKeyPress
0x080C1424	thumb	init__13KeyPadManager
0x080C1434	thumb	getName__13KeyPadManager
0x080C143C	thumb	init__16FntSystemManager
0x080C144C	thumb	getName__16FntSystemManager
0x080C1454	thumb	init__16RasSystemManager
0x080C1464	thumb	getName__16RasSystemManager
0x080C146C	thumb	init__16EfcSystemManager
0x080C147C	thumb	getName__16EfcSystemManager
0x080C1484	thumb	init__16SndSystemManager
0x080C1494	thumb	getName__16SndSystemManager
0x080C149C	thumb	init__22KeyFocusManagerManager
0x080C14AC	thumb	getName__22KeyFocusManagerManager
0x080C14B4	thumb	init__13RhythmOutRTTI
0x080C14D4	thumb	getName__13RhythmOutRTTI
0x080C14DC	thumb	_._9RhythmOut
0x080C14F0	thumb	init__12RhythmInRTTI
0x080C1510	thumb	getName__12RhythmInRTTI
0x080C1518	thumb	_._8RhythmIn
0x080C152C	thumb	init__13RhythmBgmRTTI
0x080C153C	thumb	getName__13RhythmBgmRTTI
0x080C1544	thumb	init__11UnitDieRTTI
0x080C1554	thumb	getName__11UnitDieRTTI
0x080C155C	thumb	_._7UnitDie
0x080C1570	thumb	init__14UnitEscapeRTTI
0x080C1580	thumb	getName__14UnitEscapeRTTI
0x080C1588	thumb	_._10UnitEscape
0x080C159C	thumb	init__14UnitReviveRTTI
0x080C15AC	thumb	getName__14UnitReviveRTTI
0x080C15B4	thumb	_._10UnitRevive
0x080C15C8	thumb	init__12UnitJoinRTTI
0x080C15D8	thumb	getName__12UnitJoinRTTI
0x080C15E0	thumb	_._8UnitJoin
0x080C15F4	thumb	init__10ResumeRTTI
0x080C1604	thumb	getName__10ResumeRTTI
0x080C160C	thumb	_._6Resume
0x080C1620	thumb	init__11SuspendRTTI
0x080C1630	thumb	getName__11SuspendRTTI
0x080C1638	thumb	_._7Suspend
0x080C164C	thumb	_._6Object
0x080C166C	thumb	init__10PlayerRTTI
0x080C1680	thumb	getName__10PlayerRTTI
0x080C1688	thumb	sub_080C1688
0x080C169C	thumb	sub_080C169C
0x080C16B0	thumb	init__15PlayerSkillRTTI
0x080C16C0	thumb	getName__15PlayerSkillRTTI
0x080C16C8	thumb	init__14GuestSkillRTTI
0x080C16D8	thumb	getName__14GuestSkillRTTI
0x080C16E0	thumb	init__11MonsterRTTI
0x080C16F4	thumb	getName__11MonsterRTTI
0x080C16FC	thumb	init__16MonsterSkillRTTI
0x080C170C	thumb	getName__16MonsterSkillRTTI
0x080C1714	thumb	init__7PsiRTTI
0x080C1724	thumb	getName__7PsiRTTI
0x080C172C	thumb	sub_080C172C
0x080C1740	thumb	sub_080C1740
0x080C1760	thumb	sub_080C1760
0x080C176C	thumb	sub_080C176C
0x080C1780	thumb	sub_080C1780
