# start	end	mode	name  (end = start+size-1; 0 = size unknown)
0x080003A4	0x080004C3	thumb	AgbMain
0x080004C4	0x080004D7	thumb	UpdateLinkAndCallCallbacks
0x080004D8	0x0800051B	thumb	InitMainCallbacks
0x0800051C	0x0800053F	thumb	CallCallbacks
0x08000540	0x08000553	thumb	SetMainCallback2
0x08000554	0x0800055F	thumb	StartTimer1
0x08000560	0x08000587	thumb	SeedRngAndSetTrainerId
0x08000588	0x08000593	thumb	GetGeneratedTrainerIdLower
0x08000594	0x080005BB	thumb	EnableVCountIntrAtLine150
0x080005BC	0x080005E3	thumb	InitKeys
0x080005E4	0x08000683	thumb	ReadKeys
0x08000684	0x080006EF	thumb	InitIntrHandlers
0x080006F0	0x080006FB	thumb	SetVBlankCallback
0x080006FC	0x08000707	thumb	SetHBlankCallback
0x08000708	0x08000713	thumb	SetVCountCallback
0x08000714	0x0800072B	thumb	RestoreSerialTimer3IntrHandlers
0x0800072C	0x08000737	thumb	SetSerialCallback
0x08000738	0x080007FF	thumb	VBlankIntr
0x08000800	0x08000813	thumb	InitFlashTimer
0x08000814	0x08000843	thumb	HBlankIntr
0x08000844	0x08000877	thumb	VCountIntr
0x08000878	0x080008A7	thumb	SerialIntr
0x080008A8	0x080008A9	thumb	IntrDummy
0x080008AC	0x080008DB	thumb	WaitForVBlank
0x080008DC	0x080008E7	thumb	SetTrainerHillVBlankCounter
0x080008E8	0x080008F3	thumb	ClearTrainerHillVBlankCounter
0x080008F4	0x08000963	thumb	DoSoftReset
0x08000964	0x08000987	thumb	ClearPokemonCrySongs
0x08000988	0x080009A3	thumb	PutMemBlockHeader
0x080009A4	0x080009B5	thumb	PutFirstMemBlockHeader
0x080009B8	0x08000A1D	thumb	AllocInternal
0x08000A20	0x08000A81	thumb	FreeInternal
0x08000A84	0x08000AC1	thumb	AllocZeroedInternal
0x08000AC4	0x08000B1B	thumb	CheckMemBlockInternal
0x08000B1C	0x08000B37	thumb	InitHeap
0x08000B38	0x08000B4B	thumb	Alloc
0x08000B4C	0x08000B5F	thumb	AllocZeroed
0x08000B60	0x08000B73	thumb	Free
0x08000B74	0x08000B87	thumb	CheckMemBlock
0x08000B88	0x08000BB7	thumb	CheckHeap
0x08000BB8	0x08000BEF	thumb	ClearDma3Requests
0x08000BF0	0x08000E67	thumb	ProcessDma3Requests
0x08000E68	0x08000EFD	thumb	RequestDma3Copy
0x08000F00	0x08000FA3	thumb	RequestDma3Fill
0x08000FA4	0x08000FE3	thumb	CheckForSpaceForDma3Request
0x08000FE4	0x0800103B	thumb	InitGpuRegManager
0x0800103C	0x0800107F	thumb	CopyBufferedValueToGpuReg
0x08001080	0x080010B3	thumb	CopyBufferedValuesToGpuRegs
0x080010B4	0x0800113F	thumb	SetGpuReg
0x08001140	0x080011B7	thumb	SetGpuReg_ForcedBlank
0x080011B8	0x080011E7	thumb	GetGpuReg
0x080011E8	0x08001207	thumb	SetGpuRegBits
0x08001208	0x08001227	thumb	ClearGpuRegBits
0x08001228	0x0800125B	thumb	SyncRegIE
0x0800125C	0x08001287	thumb	EnableInterrupts
0x08001288	0x080012B3	thumb	DisableInterrupts
0x080012B4	0x080012EF	thumb	UpdateRegDispstatIntrBits
0x080012F0	0x08001307	thumb	ResetBgs
0x08001308	0x08001323	thumb	SetBgModeInternal
0x08001324	0x08001333	thumb	GetBgMode
0x08001334	0x08001353	thumb	ResetBgControlStructs
0x08001354	0x0800137F	thumb	Unused_ResetBgControlStruct
0x08001380	0x080014AB	thumb	SetBgControlAttributes
0x080014AC	0x0800155F	thumb	GetBgControlAttribute
0x08001560	0x080015E7	thumb	LoadBgVram
0x080015E8	0x08001663	thumb	ShowBgInternal
0x08001664	0x08001697	thumb	HideBgInternal
0x08001698	0x080016BB	thumb	SyncBgVisibilityAndMode
0x080016BC	0x080016D7	thumb	SetTextModeAndHideBgs
0x080016D8	0x080017A1	thumb	SetBgAffineInternal
0x080017A4	0x080017B7	thumb	IsInvalidBg
0x080017B8	0x080017BB	thumb	BgTileAllocOp
0x080017BC	0x080017E7	thumb	ResetBgsAndClearDma3BusyFlags
0x080017E8	0x080018AF	thumb	InitBgsFromTemplates
0x080018B0	0x08001933	thumb	InitBgFromTemplate
0x08001934	0x08001941	thumb	SetBgMode
0x08001944	0x080019FB	thumb	LoadBgTiles
0x080019FC	0x08001A4B	thumb	LoadBgTilemap
0x08001A4C	0x08001AD3	thumb	Unused_LoadBgPalette
0x08001AD4	0x08001B2F	thumb	IsDma3ManagerBusyWithBgCopy
0x08001B30	0x08001B41	thumb	ShowBg
0x08001B44	0x08001B55	thumb	HideBg
0x08001B58	0x08001C19	thumb	SetBgAttribute
0x08001C1C	0x08001D03	thumb	GetBgAttribute
0x08001D04	0x08001E3F	thumb	ChangeBgX
0x08001E40	0x08001E79	thumb	GetBgX
0x08001E7C	0x08001FB7	thumb	ChangeBgY
0x08001FB8	0x080020F3	thumb	ChangeBgY_ScreenOff
0x080020F4	0x0800212D	thumb	GetBgY
0x08002130	0x0800216F	thumb	SetBgAffine
0x08002170	0x0800224F	thumb	Unused_AdjustBgMosaic
0x08002250	0x08002283	thumb	SetBgTilemapBuffer
0x08002284	0x080022B7	thumb	UnsetBgTilemapBuffer
0x080022B8	0x080022EF	thumb	GetBgTilemapBuffer
0x080022F0	0x0800236B	thumb	CopyToBgTilemapBuffer
0x0800236C	0x080023D3	thumb	CopyBgTilemapBufferToVram
0x080023D4	0x080024D7	thumb	CopyToBgTilemapBufferRect
0x080024D8	0x0800251B	thumb	CopyToBgTilemapBufferRect_ChangePalette
0x0800251C	0x08002703	thumb	CopyRectToBgTilemapBufferRect
0x08002704	0x08002803	thumb	FillBgTilemapBufferRect_Palette0
0x08002804	0x0800283F	thumb	FillBgTilemapBufferRect
0x08002840	0x080029EB	thumb	WriteSequenceToBgTilemapBuffer
0x080029EC	0x08002A59	thumb	GetBgMetricTextMode
0x08002A5C	0x08002AB3	thumb	GetBgMetricAffineMode
0x08002AB4	0x08002AE9	thumb	GetTileMapIndexFromCoords
0x08002AEC	0x08002B47	thumb	CopyTileMapEntry
0x08002B48	0x08002B9B	thumb	GetBgType
0x08002B9C	0x08002BAF	thumb	IsInvalidBg32
0x08002BB0	0x08002BD9	thumb	IsTileMapOutsideWram
0x08002BDC	0x08002C1F	thumb	BlitBitmapRect4BitWithoutColorKey
0x08002C20	0x08002DFD	thumb	BlitBitmapRect4Bit
0x08002E00	0x08002EC5	thumb	FillBitmapRect4Bit
0x08002EC8	0x08003115	thumb	BlitBitmapRect4BitTo8Bit
0x08003118	0x080031BB	thumb	FillBitmapRect8Bit
0x080031BC	0x080031BD	thumb	DummyWindowBgTilemap
0x080031C0	0x0800337F	thumb	InitWindows
0x08003380	0x080034D7	thumb	AddWindow
0x080034D8	0x08003573	thumb	AddWindowWithoutTileMap
0x08003574	0x08003603	thumb	RemoveWindow
0x08003604	0x08003657	thumb	FreeAllWindowBuffers
0x08003658	0x080036D5	thumb	CopyWindowToVram
0x080036D8	0x08003789	thumb	CopyWindowRectToVram
0x0800378C	0x080037EB	thumb	PutWindowTilemap
0x080037EC	0x080038A3	thumb	PutWindowRectTilemapOverridePalette
0x080038A4	0x080038F3	thumb	ClearWindowTilemap
0x080038F4	0x080039A3	thumb	PutWindowRectTilemap
0x080039A4	0x080039DB	thumb	BlitBitmapToWindow
0x080039DC	0x08003A9B	thumb	BlitBitmapRectToWindow
0x08003A9C	0x08003B63	thumb	BlitBitmapRectToWindowWithColorKey
0x08003B64	0x08003BEF	thumb	FillWindowPixelRect
0x08003BF0	0x08003C47	thumb	CopyToWindowPixelBuffer
0x08003C48	0x08003C93	thumb	FillWindowPixelBuffer
0x08003C94	0x08004055	thumb	ScrollWindow
0x08004058	0x080040A7	thumb	CallWindowFunction
0x080040A8	0x0800414B	thumb	SetWindowAttribute
0x0800414C	0x0800422D	thumb	GetWindowAttribute
0x08004230	0x0800425B	thumb	GetNumActiveWindowsOnBg
0x0800425C	0x0800425D	thumb	DummyWindowBgTilemap8Bit
0x08004260	0x08004367	thumb	AddWindow8Bit
0x08004368	0x080043A7	thumb	FillWindowPixelBuffer8Bit
0x080043A8	0x08004433	thumb	FillWindowPixelRect8Bit
0x08004434	0x080044FF	thumb	BlitBitmapRectToWindow4BitTo8Bit
0x08004500	0x08004575	thumb	CopyWindowToVram8Bit
0x08004578	0x080045A3	thumb	GetNumActiveWindowsOnBg8Bit
0x080045A4	0x080045AF	thumb	SetFontsPointer
0x080045B0	0x080045CF	thumb	DeactivateAllTextPrinters
0x080045D0	0x0800467B	thumb	AddTextPrinterParameterized
0x0800467C	0x08004777	thumb	AddTextPrinter
0x08004778	0x080047FF	thumb	RunTextPrinters
0x08004800	0x08004817	thumb	IsTextPrinterActive
0x08004818	0x08004843	thumb	RenderFont
0x08004844	0x08004BDF	thumb	GenerateFontHalfRowLookupTable
0x08004BE0	0x08004BFF	thumb	SaveTextColors
0x08004C00	0x08004C0F	thumb	RestoreTextColors
0x08004C10	0x08004D57	thumb	DecompressGlyphTile
0x08004D58	0x08004D9D	thumb	GetLastTextColor
0x08004DA0	0x080052C7	thumb	CopyGlyphToWindow
0x080052C8	0x0800533B	thumb	ClearTextSpan
0x0800533C	0x0800536D	thumb	FontFunc_Small
0x08005370	0x080053A5	thumb	FontFunc_Normal
0x080053A8	0x080053DD	thumb	FontFunc_Short
0x080053E0	0x08005415	thumb	FontFunc_ShortCopy1
0x08005418	0x0800544D	thumb	FontFunc_ShortCopy2
0x08005450	0x08005485	thumb	FontFunc_ShortCopy3
0x08005488	0x080054BD	thumb	FontFunc_Narrow
0x080054C0	0x080054F5	thumb	FontFunc_SmallNarrow
0x080054F8	0x08005527	thumb	TextPrinterInitDownArrowCounters
0x08005528	0x080055FF	thumb	TextPrinterDrawDownArrow
0x08005600	0x08005631	thumb	TextPrinterClearDownArrow
0x08005634	0x0800564D	thumb	TextPrinterWaitAutoMode
0x08005650	0x0800569B	thumb	TextPrinterWaitWithDownArrow
0x0800569C	0x080056DF	thumb	TextPrinterWait
0x080056E0	0x080057B3	thumb	DrawDownArrow
0x080057B4	0x08005D73	thumb	RenderText
0x08005D74	0x08005EA5	thumb	GetStringWidthFixedWidthFont
0x08005EA8	0x08005ED5	thumb	GetFontWidthFunc
0x08005ED8	0x0800613D	thumb	GetStringWidth
0x08006140	0x080062E7	thumb	RenderTextHandleBold
0x080062E8	0x08006337	thumb	DrawKeypadIcon
0x08006338	0x08006347	thumb	GetKeypadIconTileOffset
0x08006348	0x08006357	thumb	GetKeypadIconWidth
0x08006358	0x08006367	thumb	GetKeypadIconHeight
0x08006368	0x08006377	thumb	SetDefaultFontsPointer
0x08006378	0x0800645F	thumb	GetFontAttribute
0x08006460	0x08006477	thumb	GetMenuCursorDimensionByFont
0x08006478	0x0800653F	thumb	DecompressGlyph_Small
0x08006540	0x0800655D	thumb	GetGlyphWidth_Small
0x08006560	0x08006627	thumb	DecompressGlyph_Narrow
0x08006628	0x08006645	thumb	GetGlyphWidth_Narrow
0x08006648	0x0800670F	thumb	DecompressGlyph_SmallNarrow
0x08006710	0x0800672D	thumb	GetGlyphWidth_SmallNarrow
0x08006730	0x0800681B	thumb	DecompressGlyph_Short
0x0800681C	0x0800683F	thumb	GetGlyphWidth_Short
0x08006840	0x08006907	thumb	DecompressGlyph_Normal
0x08006908	0x08006925	thumb	GetGlyphWidth_Normal
0x08006928	0x08006973	thumb	DecompressGlyph_Bold
0x08006974	0x080069BF	thumb	ResetSpriteData
0x080069C0	0x08006A0B	thumb	AnimateSprites
0x08006A0C	0x08006A57	thumb	BuildOamBuffer
0x08006A58	0x08006B19	thumb	UpdateOamCoords
0x08006B1C	0x08006B5B	thumb	BuildSpritePriorities
0x08006B5C	0x08006D1B	thumb	SortSprites
0x08006D1C	0x08006D67	thumb	CopyMatricesToOamBuffer
0x08006D68	0x08006DF3	thumb	AddSpritesToOamBuffer
0x08006DF4	0x08006E47	thumb	CreateSprite
0x08006E48	0x08006EB1	thumb	CreateSpriteAtEnd
0x08006EB4	0x08006EFB	thumb	CreateInvisibleSprite
0x08006EFC	0x08007053	thumb	CreateSpriteAt
0x08007054	0x080070E7	thumb	CreateSpriteAndAnimate
0x080070E8	0x0800714F	thumb	DestroySprite
0x08007150	0x08007187	thumb	ResetOamRange
0x08007188	0x080071B7	thumb	LoadOam
0x080071B8	0x080071F7	thumb	ClearSpriteCopyRequests
0x080071F8	0x08007223	thumb	ResetOamMatrices
0x08007224	0x08007243	thumb	SetOamMatrix
0x08007244	0x08007257	thumb	ResetSprite
0x08007258	0x0800729B	thumb	CalcCenterToCornerVec
0x0800729C	0x080073B7	thumb	AllocSpriteTiles
0x080073B8	0x08007427	thumb	SpriteTileAllocBitmapOp
0x08007428	0x08007429	thumb	SpriteCallbackDummy
0x0800742C	0x08007487	thumb	ProcessSpriteCopyRequests
0x08007488	0x080074EB	thumb	RequestSpriteFrameImageCopy
0x080074EC	0x0800753B	thumb	RequestSpriteCopy
0x0800753C	0x08007563	thumb	CopyFromSprites
0x08007564	0x0800758B	thumb	CopyToSprites
0x0800758C	0x080075C7	thumb	ResetAllSprites
0x080075C8	0x080075E3	thumb	FreeSpriteTiles
0x080075E4	0x080075F1	thumb	FreeSpritePalette
0x080075F4	0x0800761F	thumb	FreeSpriteOamMatrix
0x08007620	0x0800763F	thumb	DestroySpriteAndFreeResources
0x08007640	0x08007687	thumb	AnimateSprite
0x08007688	0x08007777	thumb	BeginAnim
0x08007778	0x08007817	thumb	ContinueAnim
0x08007818	0x080078C3	thumb	AnimCmd_frame
0x080078C4	0x080078D9	thumb	AnimCmd_end
0x080078DC	0x080079A3	thumb	AnimCmd_jump
0x080079A4	0x080079C1	thumb	AnimCmd_loop
0x080079C4	0x080079FB	thumb	BeginAnimLoop
0x080079FC	0x08007A1B	thumb	ContinueAnimLoop
0x08007A1C	0x08007A8D	thumb	JumpToTopOfAnimLoop
0x08007A90	0x08007B23	thumb	BeginAffineAnim
0x08007B24	0x08007BD7	thumb	ContinueAffineAnim
0x08007BD8	0x08007C09	thumb	AffineAnimDelay
0x08007C0C	0x08007C3F	thumb	AffineAnimCmd_loop
0x08007C40	0x08007C7B	thumb	BeginAffineAnimLoop
0x08007C7C	0x08007CAB	thumb	ContinueAffineAnimLoop
0x08007CAC	0x08007D17	thumb	JumpToTopOfAffineAnimLoop
0x08007D18	0x08007D63	thumb	AffineAnimCmd_jump
0x08007D64	0x08007D9F	thumb	AffineAnimCmd_end
0x08007DA0	0x08007DD7	thumb	AffineAnimCmd_frame
0x08007DD8	0x08007DF7	thumb	CopyOamMatrix
0x08007DF8	0x08007E17	thumb	GetSpriteMatrixNum
0x08007E18	0x08007E27	thumb	SetSpriteMatrixAnchor
0x08007E28	0x08007E51	thumb	GetAnchorCoord
0x08007E54	0x08007EEF	thumb	UpdateSpriteMatrixAnchorPos
0x08007EF0	0x08007F61	thumb	SetSpriteOamFlipBits
0x08007F64	0x08007F7F	thumb	AffineAnimStateRestartAnim
0x08007F80	0x08007FA7	thumb	AffineAnimStateStartAnim
0x08007FA8	0x08007FCF	thumb	AffineAnimStateReset
0x08007FD0	0x08007FF3	thumb	ApplyAffineAnimFrameAbsolute
0x08007FF4	0x0800801B	thumb	DecrementAnimDelayCounter
0x0800801C	0x0800804B	thumb	DecrementAffineAnimDelayCounter
0x0800804C	0x080080E3	thumb	ApplyAffineAnimFrameRelativeAndUpdateMatrix
0x080080E4	0x080080FB	thumb	ConvertScaleParam
0x080080FC	0x08008167	thumb	GetAffineAnimFrame
0x08008168	0x080081A5	thumb	ApplyAffineAnimFrame
0x080081A8	0x080081BF	thumb	StartSpriteAnim
0x080081C0	0x080081D9	thumb	StartSpriteAnimIfDifferent
0x080081DC	0x08008255	thumb	SeekSpriteAnim
0x08008258	0x08008283	thumb	StartSpriteAffineAnim
0x08008284	0x080082B7	thumb	StartSpriteAffineAnimIfDifferent
0x080082B8	0x080082EF	thumb	ChangeSpriteAffineAnim
0x080082F0	0x08008323	thumb	ChangeSpriteAffineAnimIfDifferent
0x08008324	0x0800837B	thumb	SetSpriteSheetFrameTileNum
0x0800837C	0x080083AF	thumb	ResetAffineAnimData
0x080083B0	0x080083E7	thumb	AllocOamMatrix
0x080083E8	0x08008427	thumb	FreeOamMatrix
0x08008428	0x08008475	thumb	InitSpriteAffineAnim
0x08008478	0x080084F7	thumb	SetOamMatrixRotationScaling
0x080084F8	0x0800853B	thumb	LoadSpriteSheet
0x0800853C	0x08008565	thumb	LoadSpriteSheets
0x08008568	0x080085DF	thumb	FreeSpriteTilesByTag
0x080085E0	0x0800861F	thumb	FreeSpriteTileRanges
0x08008620	0x0800864B	thumb	GetSpriteTileStartByTag
0x0800864C	0x08008677	thumb	IndexOfSpriteTileTag
0x08008678	0x080086C3	thumb	GetSpriteTileTagByTileStart
0x080086C4	0x0800870B	thumb	AllocSpriteTileRange
0x0800870C	0x08008743	thumb	FreeAllSpritePalettes
0x08008744	0x0800878F	thumb	LoadSpritePalette
0x08008790	0x080087BB	thumb	LoadSpritePalettes
0x080087BC	0x080087D1	thumb	DoLoadSpritePalette
0x080087D4	0x08008803	thumb	AllocSpritePalette
0x08008804	0x0800883B	thumb	IndexOfSpritePaletteTag
0x0800883C	0x0800884B	thumb	GetSpritePaletteTagByPaletteNum
0x0800884C	0x08008873	thumb	FreeSpritePaletteByTag
0x08008874	0x0800887D	thumb	SetSubspriteTables
0x08008880	0x080088EB	thumb	AddSpriteToOamBuffer
0x080088EC	0x08008B0F	thumb	AddSubspritesToOamBuffer
0x08008B10	0x08008B41	thumb	StringCopy_Nickname
0x08008B44	0x08008B6D	thumb	StringGet_Nickname
0x08008B70	0x08008B9D	thumb	StringCopy_PlayerName
0x08008BA0	0x08008BBD	thumb	StringCopy
0x08008BC0	0x08008BD7	thumb	StringAppend
0x08008BD8	0x08008C05	thumb	StringCopyN
0x08008C08	0x08008C23	thumb	StringAppendN
0x08008C24	0x08008C43	thumb	StringLength
0x08008C44	0x08008C67	thumb	StringCompare
0x08008C68	0x08008C93	thumb	StringCompareN
0x08008C94	0x08008CBD	thumb	IsStringLengthAtLeast
0x08008CC0	0x08008D6F	thumb	ConvertIntToDecimalStringN
0x08008D70	0x08008E1F	thumb	ConvertUIntToDecimalStringN
0x08008E20	0x08008EDD	thumb	ConvertIntToHexStringN
0x08008EE0	0x08008FCB	thumb	StringExpandPlaceholders
0x08008FCC	0x08009029	thumb	StringBraille
0x0800902C	0x08009033	thumb	ExpandPlaceholder_UnknownStringVar
0x08009034	0x0800903F	thumb	ExpandPlaceholder_PlayerName
0x08009040	0x08009047	thumb	ExpandPlaceholder_StringVar1
0x08009048	0x0800904F	thumb	ExpandPlaceholder_StringVar2
0x08009050	0x08009057	thumb	ExpandPlaceholder_StringVar3
0x08009058	0x0800907B	thumb	ExpandPlaceholder_KunChan
0x0800907C	0x0800909F	thumb	ExpandPlaceholder_RivalName
0x080090A0	0x080090A7	thumb	ExpandPlaceholder_Version
0x080090A8	0x080090AF	thumb	ExpandPlaceholder_Aqua
0x080090B0	0x080090B7	thumb	ExpandPlaceholder_Magma
0x080090B8	0x080090BF	thumb	ExpandPlaceholder_Archie
0x080090C0	0x080090C7	thumb	ExpandPlaceholder_Maxie
0x080090C8	0x080090CF	thumb	ExpandPlaceholder_Kyogre
0x080090D0	0x080090D7	thumb	ExpandPlaceholder_Groudon
0x080090D8	0x080090FB	thumb	GetExpandedPlaceholder
0x080090FC	0x08009125	thumb	StringFill
0x08009128	0x0800917B	thumb	StringCopyPadded
0x0800917C	0x0800918B	thumb	StringFillWithTerminator
0x0800918C	0x080091C9	thumb	StringCopyN_Multibyte
0x080091CC	0x080091EB	thumb	StringLength_Multibyte
0x080091EC	0x08009225	thumb	WriteColorChangeControlCode
0x08009228	0x0800924B	thumb	IsStringJapanese
0x0800924C	0x0800927B	thumb	IsStringNJapanese
0x0800927C	0x08009297	thumb	GetExtCtrlCodeLength
0x08009298	0x080092B9	thumb	SkipExtCtrlCode
0x080092BC	0x08009305	thumb	StringCompareWithoutExtCtrlCodes
0x08009308	0x0800936D	thumb	ConvertInternationalString
0x08009370	0x080093CB	thumb	StripExtCtrlCodes
0x080093CC	0x08009401	thumb	IsWirelessAdapterConnected
0x08009404	0x08009411	thumb	Task_DestroySelf
0x08009414	0x080094E9	thumb	InitLinkTestBG
0x080094EC	0x0800956F	thumb	LoadLinkTestBgGfx
0x08009570	0x08009627	thumb	LinkTestScreen
0x08009628	0x08009637	thumb	SetLocalLinkPlayerId
0x08009638	0x080096BB	thumb	InitLocalLinkPlayer
0x080096BC	0x080096CD	thumb	VBlankCB_LinkError
0x080096D0	0x080096FB	thumb	InitLink
0x080096FC	0x08009733	thumb	Task_TriggerHandshake
0x08009734	0x080097E7	thumb	OpenLink
0x080097E8	0x08009817	thumb	CloseLink
0x08009818	0x080098FF	thumb	TestBlockTransfer
0x08009900	0x080099BB	thumb	LinkTestProcessKeyInput
0x080099BC	0x080099DF	thumb	CB2_LinkTest
0x080099E0	0x08009A57	thumb	LinkMain2
0x08009A58	0x08009A9F	thumb	HandleReceiveRemoteLinkPlayer
0x08009AA0	0x08009D8F	thumb	ProcessRecvCmds
0x08009D90	0x08009F17	thumb	BuildSendCmd
0x08009F18	0x08009F3B	thumb	StartSendingKeysToLink
0x08009F3C	0x08009F6D	thumb	IsSendingKeysToLink
0x08009F70	0x08009F8B	thumb	LinkCB_SendHeldKeys
0x08009F8C	0x08009FAB	thumb	ClearLinkCallback
0x08009FAC	0x08009FCB	thumb	ClearLinkCallback_2
0x08009FCC	0x08009FF7	thumb	GetLinkPlayerCount
0x08009FF8	0x0800A039	thumb	AreAnyLinkPlayersUsingVersions
0x0800A03C	0x0800A03F	thumb	LinkDummy_Return2
0x0800A040	0x0800A063	thumb	IsFullLinkGroupWithNoRS
0x0800A064	0x0800A07B	thumb	Link_AnyPartnersPlayingRubyOrSapphire
0x0800A07C	0x0800A0A9	thumb	Link_AnyPartnersPlayingFRLG_JP
0x0800A0AC	0x0800A0C7	thumb	OpenLinkTimed
0x0800A0C8	0x0800A23B	thumb	GetLinkPlayerDataExchangeStatusTimed
0x0800A23C	0x0800A2A3	thumb	IsLinkPlayerDataExchangeComplete
0x0800A2A4	0x0800A2BB	thumb	GetLinkPlayerTrainerId
0x0800A2BC	0x0800A2DF	thumb	ResetLinkPlayers
0x0800A2E0	0x0800A2F3	thumb	ResetBlockSend
0x0800A2F4	0x0800A363	thumb	InitBlockSend
0x0800A364	0x0800A387	thumb	LinkCB_BlockSendBegin
0x0800A388	0x0800A3EB	thumb	LinkCB_BlockSend
0x0800A3EC	0x0800A3F7	thumb	LinkCB_BlockSendEnd
0x0800A3F8	0x0800A417	thumb	LinkCB_BerryBlenderSendHeldKeys
0x0800A418	0x0800A44B	thumb	SetBerryBlenderLinkCallback
0x0800A44C	0x0800A457	thumb	GetBerryBlenderKeySendAttempts
0x0800A458	0x0800A467	thumb	SendBerryBlenderNoSpaceForPokeblocks
0x0800A468	0x0800A48F	thumb	GetMultiplayerId
0x0800A490	0x0800A4AB	thumb	BitmaskAllOtherLinkPlayers
0x0800A4AC	0x0800A4D5	thumb	SendBlock
0x0800A4D8	0x0800A51F	thumb	SendBlockRequest
0x0800A520	0x0800A54F	thumb	IsLinkTaskFinished
0x0800A550	0x0800A587	thumb	GetBlockReceivedStatus
0x0800A588	0x0800A5B3	thumb	SetBlockReceivedFlag
0x0800A5B4	0x0800A5EB	thumb	ResetBlockReceivedFlags
0x0800A5EC	0x0800A61F	thumb	ResetBlockReceivedFlag
0x0800A620	0x0800A647	thumb	CheckShouldAdvanceLinkState
0x0800A648	0x0800A675	thumb	LinkTestCalcBlockChecksum
0x0800A678	0x0800A6AF	thumb	LinkTest_PrintNumChar
0x0800A6B0	0x0800A6E7	thumb	LinkTest_PrintChar
0x0800A6E8	0x0800A73B	thumb	LinkTest_PrintHex
0x0800A73C	0x0800A7D9	thumb	LinkTest_PrintInt
0x0800A7DC	0x0800A821	thumb	LinkTest_PrintString
0x0800A824	0x0800A84F	thumb	LinkCB_RequestPlayerDataExchange
0x0800A850	0x0800A993	thumb	Task_PrintTestData
0x0800A994	0x0800A9A7	thumb	SetLinkDebugValues
0x0800A9A8	0x0800A9D7	thumb	GetSavedLinkPlayerCountAsBitFlags
0x0800A9D8	0x0800AA01	thumb	GetLinkPlayerCountAsBitFlags
0x0800AA04	0x0800AA47	thumb	SaveLinkPlayers
0x0800AA48	0x0800AA53	thumb	GetSavedPlayerCount
0x0800AA54	0x0800AA5F	thumb	GetSavedMultiplayerId
0x0800AA60	0x0800AAF1	thumb	DoesLinkPlayerCountMatchSaved
0x0800AAF4	0x0800AB17	thumb	ClearSavedLinkPlayers
0x0800AB18	0x0800AB97	thumb	CheckLinkPlayersMatchSaved
0x0800AB98	0x0800ABAB	thumb	ResetLinkPlayerCount
0x0800ABAC	0x0800ABBB	thumb	GetLinkPlayerCount_2
0x0800ABBC	0x0800ABE7	thumb	IsLinkMaster
0x0800ABE8	0x0800ABF3	thumb	GetDummy2
0x0800ABF4	0x0800AC33	thumb	SetCloseLinkCallbackAndType
0x0800AC34	0x0800AC7F	thumb	SetCloseLinkCallback
0x0800AC80	0x0800ACAB	thumb	LinkCB_ReadyCloseLink
0x0800ACAC	0x0800AD0F	thumb	LinkCB_WaitCloseLink
0x0800AD10	0x0800AD5B	thumb	SetCloseLinkCallbackHandleJP
0x0800AD5C	0x0800AD87	thumb	LinkCB_ReadyCloseLinkWithJP
0x0800AD88	0x0800ADF7	thumb	LinkCB_WaitCloseLinkWithJP
0x0800ADF8	0x0800AE2F	thumb	SetLinkStandbyCallback
0x0800AE30	0x0800AE5B	thumb	LinkCB_Standby
0x0800AE5C	0x0800AEB3	thumb	LinkCB_StandbyForAll
0x0800AEB4	0x0800AF17	thumb	TrySetLinkErrorBuffer
0x0800AF18	0x0800AF2F	thumb	SetLinkErrorBuffer
0x0800AF30	0x0800B07F	thumb	CB2_LinkError
0x0800B080	0x0800B137	thumb	ErrorMsg_MoveCloserToPartner
0x0800B138	0x0800B19F	thumb	ErrorMsg_CheckConnections
0x0800B1A0	0x0800B2E7	thumb	CB2_PrintErrorMessage
0x0800B2E8	0x0800B2F7	thumb	GetSioMultiSI
0x0800B2F8	0x0800B31F	thumb	IsSioMultiMaster
0x0800B320	0x0800B32F	thumb	IsLinkConnectionEstablished
0x0800B330	0x0800B33B	thumb	SetSuppressLinkErrorMessage
0x0800B33C	0x0800B347	thumb	HasLinkErrorOccurred
0x0800B348	0x0800B3A3	thumb	LocalLinkPlayerToBlock
0x0800B3A4	0x0800B40B	thumb	LinkPlayerFromBlock
0x0800B40C	0x0800B487	thumb	HandleLinkConnection
0x0800B488	0x0800B4A3	thumb	SetWirelessCommType1
0x0800B4A4	0x0800B4BF	thumb	SetWirelessCommType0_Internal
0x0800B4C0	0x0800B4DB	thumb	SetWirelessCommType0
0x0800B4DC	0x0800B503	thumb	GetLinkRecvQueueLength
0x0800B504	0x0800B517	thumb	IsLinkRecvQueueAtOverworldMax
0x0800B518	0x0800B523	thumb	GetWirelessCommType
0x0800B524	0x0800B539	thumb	ConvertLinkPlayerName
0x0800B53C	0x0800B593	thumb	DisableSerial
0x0800B594	0x0800B627	thumb	EnableSerial
0x0800B628	0x0800B635	thumb	ResetSerial
0x0800B638	0x0800B761	thumb	LinkMain1
0x0800B764	0x0800B78F	thumb	CheckMasterOrSlave
0x0800B790	0x0800B7BF	thumb	InitTimer
0x0800B7C0	0x0800B8A7	thumb	EnqueueSendCmd
0x0800B8A8	0x0800B9B7	thumb	DequeueRecvCmds
0x0800B9B8	0x0800BA27	thumb	LinkVSync
0x0800BA28	0x0800BA35	thumb	Timer3Intr
0x0800BA38	0x0800BABF	thumb	SerialCB
0x0800BAC0	0x0800BACF	thumb	StartTransfer
0x0800BAD0	0x0800BBC9	thumb	DoHandshake
0x0800BBCC	0x0800BCE3	thumb	DoRecv
0x0800BCE4	0x0800BD97	thumb	DoSend
0x0800BD98	0x0800BDCB	thumb	StopTimer
0x0800BDCC	0x0800BDFB	thumb	SendRecvDone
0x0800BDFC	0x0800BE4F	thumb	ResetSendBuffer
0x0800BE50	0x0800BEBF	thumb	ResetRecvBuffer
0x0800BEC0	0x0800BF0B	thumb	rfu_LMAN_REQBN_softReset_and_checkID
0x0800BF0C	0x0800BF4B	thumb	rfu_LMAN_REQ_sendData
0x0800BF4C	0x0800BF9D	thumb	rfu_LMAN_initializeManager
0x0800BFA0	0x0800BFCB	thumb	rfu_LMAN_endManager
0x0800BFCC	0x0800BFFF	thumb	rfu_LMAN_initializeRFU
0x0800C000	0x0800C047	thumb	rfu_LMAN_clearVariables
0x0800C048	0x0800C053	thumb	rfu_LMAN_powerDownRFU
0x0800C054	0x0800C12B	thumb	rfu_LMAN_establishConnection
0x0800C12C	0x0800C20D	thumb	rfu_LMAN_CHILD_connectParent
0x0800C210	0x0800C27B	thumb	rfu_LMAN_PARENT_stopWaitLinkRecoveryAndDisconnect
0x0800C27C	0x0800C36B	thumb	rfu_LMAN_stopManager
0x0800C36C	0x0800C52F	thumb	rfu_LMAN_linkWatcher
0x0800C530	0x0800C54B	thumb	rfu_LMAN_syncVBlank
0x0800C54C	0x0800C743	thumb	rfu_LMAN_manager_entity
0x0800C744	0x0800C7B3	thumb	rfu_LMAN_settingPCSWITCH
0x0800C7B4	0x0800CEAF	thumb	rfu_LMAN_REQ_callback
0x0800CEB0	0x0800CF33	thumb	rfu_LMAN_MSC_callback
0x0800CF34	0x0800D155	thumb	rfu_LMAN_PARENT_checkRecvChildName
0x0800D158	0x0800D20B	thumb	rfu_LMAN_CHILD_checkSendChildName
0x0800D20C	0x0800D267	thumb	rfu_LMAN_CHILD_checkSendChildName2
0x0800D268	0x0800D293	thumb	rfu_LMAN_CHILD_linkRecoveryProcess
0x0800D294	0x0800D30B	thumb	rfu_LMAN_CHILD_checkEnableParentCandidate
0x0800D30C	0x0800D333	thumb	rfu_LMAN_occureCallback
0x0800D334	0x0800D357	thumb	rfu_LMAN_disconnect
0x0800D358	0x0800D433	thumb	rfu_LMAN_reflectCommunicationStatus
0x0800D434	0x0800D52B	thumb	rfu_LMAN_checkNICommunicateStatus
0x0800D52C	0x0800D543	thumb	rfu_LMAN_setMSCCallback
0x0800D544	0x0800D54F	thumb	rfu_LMAN_setLMANCallback
0x0800D550	0x0800D593	thumb	rfu_LMAN_setLinkRecovery
0x0800D594	0x0800D5CF	thumb	rfu_LMAN_setNIFailCounterLimit
0x0800D5D0	0x0800D60D	thumb	rfu_LMAN_setFastSearchParent
0x0800D610	0x0800D62F	thumb	rfu_LMAN_managerChangeAgbClockMaster
0x0800D630	0x0800D657	thumb	rfu_LMAN_requestChangeAgbClockMaster
0x0800D658	0x0800D6C5	thumb	rfu_LMAN_forceChangeSP
0x0800D6C8	0x0800D723	thumb	RfuRecvQueue_Reset
0x0800D724	0x0800D77F	thumb	RfuSendQueue_Reset
0x0800D780	0x0800D7D7	thumb	RfuUnusedQueue_Reset
0x0800D7D8	0x0800D887	thumb	RfuRecvQueue_Enqueue
0x0800D888	0x0800D933	thumb	RfuSendQueue_Enqueue
0x0800D934	0x0800D9DB	thumb	RfuRecvQueue_Dequeue
0x0800D9DC	0x0800DA67	thumb	RfuSendQueue_Dequeue
0x0800DA68	0x0800DAC5	thumb	RfuBackupQueue_Enqueue
0x0800DAC8	0x0800DB17	thumb	RfuBackupQueue_Dequeue
0x0800DB18	0x0800DB83	thumb	RfuUnusedQueue_Enqueue
0x0800DB84	0x0800DBF7	thumb	RfuUnusedQueue_Dequeue
0x0800DBF8	0x0800DCB3	thumb	PopulateArrayWithSequence
0x0800DCB4	0x0800DCE7	thumb	PkmnStrToASCII
0x0800DCE8	0x0800DD1B	thumb	ASCIIToPkmnStr
0x0800DD1C	0x0800DD91	thumb	GetConnectedChildStrength
0x0800DD94	0x0800DE7B	thumb	InitHostRfuGameData
0x0800DE7C	0x0800DF31	thumb	Rfu_GetCompatiblePlayerData
0x0800DF34	0x0800DF8F	thumb	Rfu_GetWonderDistributorPlayerData
0x0800DF90	0x0800DFB3	thumb	CopyHostRfuGameDataAndUsername
0x0800DFB4	0x0800E083	thumb	CreateWirelessStatusIndicatorSprite
0x0800E084	0x0800E0E7	thumb	DestroyWirelessStatusIndicatorSprite
0x0800E0E8	0x0800E123	thumb	LoadWirelessStatusIndicatorSpriteGfx
0x0800E124	0x0800E15B	thumb	GetParentSignalStrength
0x0800E15C	0x0800E173	thumb	SetWirelessStatusIndicatorAnim
0x0800E174	0x0800E377	thumb	UpdateWirelessStatusIndicatorSprite
0x0800E378	0x0800E385	thumb	CopyTrainerRecord
0x0800E388	0x0800E3A5	thumb	NameIsNotEmpty
0x0800E3A8	0x0800E53F	thumb	SaveLinkTrainerNames
0x0800E540	0x0800E5A9	thumb	PlayerHasMetTrainerBefore
0x0800E5AC	0x0800E5FB	thumb	WipeTrainerNameRecords
0x0800E5FC	0x0800E5FD	thumb	Debug_PrintString
0x0800E600	0x0800E601	thumb	Debug_PrintNum
0x0800E604	0x0800E6CF	thumb	ResetLinkRfuGFLayer
0x0800E6D0	0x0800E6FF	thumb	InitRFU
0x0800E700	0x0800E747	thumb	InitRFUAPI
0x0800E748	0x0800E87B	thumb	Task_ParentSearchForChildren
0x0800E87C	0x0800E88B	thumb	Rfu_GetIndexOfNewestChild
0x0800E88C	0x0800E94B	thumb	SetLinkPlayerIdsFromSlots
0x0800E94C	0x0800EAB3	thumb	Task_ChildSearchForParent
0x0800EAB4	0x0800EAFB	thumb	InitChildRecvBuffers
0x0800EAFC	0x0800EB43	thumb	InitParentSendData
0x0800EB44	0x0800ED0F	thumb	Task_UnionRoomListen
0x0800ED10	0x0800ED27	thumb	LinkRfu_CreateConnectionAsParent
0x0800ED28	0x0800ED33	thumb	LinkRfu_StopManagerBeforeEnteringChat
0x0800ED34	0x0800EDBB	thumb	MSCCallback_Child
0x0800EDBC	0x0800EDD3	thumb	MSCCallback_Parent
0x0800EDD4	0x0800EE77	thumb	LinkRfu_Shutdown
0x0800EE78	0x0800EE93	thumb	CreateTask_ParentSearchForChildren
0x0800EE94	0x0800EEB9	thumb	CanTryReconnectParent
0x0800EEBC	0x0800EEFF	thumb	TryReconnectParent
0x0800EF00	0x0800EF1B	thumb	CreateTask_ChildSearchForParent
0x0800EF1C	0x0800EF35	thumb	LmanAcceptSlotFlagIsNotZero
0x0800EF38	0x0800EF57	thumb	LinkRfu_StopManagerAndFinalizeSlots
0x0800EF58	0x0800EF79	thumb	WaitRfuState
0x0800EF7C	0x0800EF87	thumb	StopUnionRoomLinkManager
0x0800EF88	0x0800EFAF	thumb	ReadySendDataForSlots
0x0800EFB0	0x0800F013	thumb	ReadAllPlayerRecvCmds
0x0800F014	0x0800F047	thumb	MoveSendCmdToRecv
0x0800F048	0x0800F0B7	thumb	UpdateBackupQueue
0x0800F0B8	0x0800F0F7	thumb	IsRfuRecvQueueEmpty
0x0800F0F8	0x0800F1DF	thumb	RfuMain1_Parent
0x0800F1E0	0x0800F495	thumb	RfuMain2_Parent
0x0800F498	0x0800F4EF	thumb	ChildBuildSendCmd
0x0800F4F0	0x0800F637	thumb	RfuMain1_Child
0x0800F638	0x0800F6FB	thumb	HandleSendFailure
0x0800F6FC	0x0800F727	thumb	Rfu_SetBlockReceivedFlag
0x0800F728	0x0800F74B	thumb	Rfu_ResetBlockReceivedFlag
0x0800F74C	0x0800F793	thumb	LoadLinkPlayerIds
0x0800F794	0x0800F7DB	thumb	SendKeysToRfu
0x0800F7DC	0x0800F7E3	thumb	GetHostRfuGameData
0x0800F7E4	0x0800F803	thumb	IsSendingKeysToRfu
0x0800F804	0x0800F813	thumb	StartSendingKeysToRfu
0x0800F814	0x0800F81F	thumb	ClearLinkRfuCallback
0x0800F820	0x0800F84F	thumb	Rfu_BerryBlenderSendHeldKeys
0x0800F850	0x0800F86B	thumb	Rfu_SetBerryBlenderLinkCallback
0x0800F86C	0x0800FC5D	thumb	RfuHandleReceiveCommand
0x0800FC60	0x0800FC85	thumb	AreAllPlayersReadyToReceive
0x0800FC88	0x0800FCC3	thumb	AreAllPlayersFinishedReceiving
0x0800FCC4	0x0800FCD7	thumb	ResetSendDataManager
0x0800FCD8	0x0800FD13	thumb	Rfu_GetBlockReceivedStatus
0x0800FD14	0x0800FE4F	thumb	RfuPrepareSendBuffer
0x0800FE50	0x0800FE83	thumb	Rfu_SendPacket
0x0800FE84	0x0800FF4B	thumb	Rfu_InitBlockSend
0x0800FF4C	0x0800FFAF	thumb	HandleBlockSend
0x0800FFB0	0x08010027	thumb	SendNextBlock
0x08010028	0x080100FF	thumb	SendLastBlock
0x08010100	0x0801011B	thumb	Rfu_SendBlockRequest
0x0801011C	0x08010147	thumb	RfuShutdownAfterDisconnect
0x08010148	0x08010167	thumb	DisconnectRfu
0x08010168	0x08010197	thumb	TryDisconnectRfu
0x08010198	0x080101CB	thumb	LinkRfu_FatalError
0x080101CC	0x0801022B	thumb	WaitAllReadyToCloseLink
0x0801022C	0x08010263	thumb	SendReadyCloseLink
0x08010264	0x08010293	thumb	Task_TryReadyCloseLink
0x08010294	0x080102B7	thumb	Rfu_SetCloseLinkCallback
0x080102B8	0x08010357	thumb	SendReadyExitStandbyUntilAllReady
0x08010358	0x0801038F	thumb	LinkLeaderReadyToExitStandby
0x08010390	0x08010433	thumb	Rfu_LinkStandby
0x08010434	0x08010453	thumb	Rfu_SetLinkStandbyCallback
0x08010454	0x08010489	thumb	IsRfuSerialNumberValid
0x0801048C	0x080104AF	thumb	Rfu_SetLinkRecovery
0x080104B0	0x080104CF	thumb	Rfu_StopPartnerSearch
0x080104D0	0x080104F1	thumb	Rfu_GetMultiplayerId
0x080104F4	0x080104FF	thumb	Rfu_GetLinkPlayerCount
0x08010500	0x08010527	thumb	IsLinkRfuTaskFinished
0x08010528	0x0801053F	thumb	CallRfuFunc
0x08010540	0x080105EB	thumb	CheckForLeavingGroupMembers
0x080105EC	0x08010649	thumb	RfuTryDisconnectLeavingChildren
0x0801064C	0x08010685	thumb	HasTrainerLeftPartnersList
0x08010688	0x080106D3	thumb	SendRfuStatusToPartner
0x080106D4	0x08010713	thumb	SendLeaveGroupNotice
0x08010714	0x0801074D	thumb	WaitSendRfuStatusToPartner
0x08010750	0x0801079F	thumb	UpdateChildStatuses
0x080107A0	0x0801084B	thumb	GetJoinGroupStatus
0x0801084C	0x080109E7	thumb	Task_PlayerExchange
0x080109E8	0x08010A13	thumb	ClearSelectedLinkPlayerIds
0x08010A14	0x08010A6F	thumb	ReceiveRfuLinkPlayers
0x08010A70	0x08010AAB	thumb	ValidateAndReceivePokemonSioInfo
0x08010AAC	0x08010D0B	thumb	Task_PlayerExchangeUpdate
0x08010D0C	0x08010DB3	thumb	Task_PlayerExchangeChat
0x08010DB4	0x08010E9F	thumb	RfuCheckErrorStatus
0x08010EA0	0x08010EBF	thumb	RfuMain1_UnionRoom
0x08010EC0	0x08010F1B	thumb	RfuMain1
0x08010F1C	0x08010F47	thumb	RfuMain2
0x08010F48	0x08010F5F	thumb	SetHostRfuUsername
0x08010F60	0x08010F83	thumb	ResetHostRfuGameData
0x08010F84	0x08010F9F	thumb	SetHostRfuGameData
0x08010FA0	0x08010FCB	thumb	SetHostRfuWonderFlags
0x08010FCC	0x0801100B	thumb	SetTradeBoardRegisteredMonInfo
0x0801100C	0x0801103B	thumb	GetLinkPlayerInfoFlags
0x0801103C	0x08011065	thumb	GetOtherPlayersInfoFlags
0x08011068	0x0801108F	thumb	UpdateGameData_GroupLockedIn
0x08011090	0x080110B7	thumb	UpdateGameData_SetActivity
0x080110B8	0x0801116F	thumb	SetUnionRoomChatPlayerData
0x08011170	0x0801119F	thumb	RfuSetErrorParams
0x080111A0	0x080111AF	thumb	ResetErrorState
0x080111B0	0x080111DB	thumb	RfuSetIgnoreError
0x080111DC	0x080111FB	thumb	DisconnectNewChild
0x080111FC	0x0801120B	thumb	StartDisconnectNewChild
0x0801120C	0x08011403	thumb	LinkManagerCB_Parent
0x08011404	0x080115EB	thumb	LinkManagerCB_Child
0x080115EC	0x08011627	thumb	ParentResetChildRecvMetadata
0x08011628	0x08011673	thumb	GetNewChildrenInUnionRoomChat
0x08011674	0x08011A4F	thumb	LinkManagerCB_UnionRoom
0x08011A50	0x08011A63	thumb	RfuSetNormalDisconnectMode
0x08011A64	0x08011A73	thumb	RfuSetStatus
0x08011A74	0x08011A7F	thumb	RfuGetStatus
0x08011A80	0x08011A99	thumb	RfuHasErrored
0x08011A9C	0x08011AAF	thumb	Rfu_IsPlayerExchangeActive
0x08011AB0	0x08011ABB	thumb	Rfu_IsMaster
0x08011ABC	0x08011AC5	thumb	RfuVSync
0x08011AC8	0x08011AE7	thumb	ClearRecvCommands
0x08011AE8	0x08011AF9	thumb	VBlank_RfuIdle
0x08011AFC	0x08011B8F	thumb	Debug_RfuIdle
0x08011B90	0x08011BA3	thumb	IsUnionRoomListenTaskActive
0x08011BA4	0x08011BCF	thumb	CreateTask_RfuIdle
0x08011BD0	0x08011BF7	thumb	DestroyTask_RfuIdle
0x08011BF8	0x08011C0D	thumb	CB2_RfuIdle
0x08011C10	0x08011C5B	thumb	InitializeRfuLinkManager_LinkLeader
0x08011C5C	0x08011C83	thumb	InitializeRfuLinkManager_JoinGroup
0x08011C84	0x08011CD7	thumb	InitializeRfuLinkManager_EnterUnionRoom
0x08011CD8	0x08011CE1	thumb	ReadU16
0x08011CE4	0x08011D6B	thumb	GetPartnerIndexByNameAndTrainerID
0x08011D6C	0x08011DBF	thumb	RfuReqDisconnectSlot
0x08011DC0	0x08011DDD	thumb	RequestDisconnectSlotByTrainerNameAndId
0x08011DE0	0x08011E2B	thumb	Rfu_DisconnectPlayerById
0x08011E2C	0x08011E93	thumb	Task_SendDisconnectCommand
0x08011E94	0x08011EF3	thumb	SendDisconnectCommand
0x08011EF4	0x08011FC7	thumb	Task_RfuReconnectWithParent
0x08011FC8	0x0801200B	thumb	CreateTask_RfuReconnectWithParent
0x0801200C	0x08012099	thumb	IsPartnerActivityIncompatible
0x0801209C	0x08012185	thumb	Task_TryConnectToUnionRoomParent
0x08012188	0x08012223	thumb	TryConnectToUnionRoomParent
0x08012224	0x0801223D	thumb	IsRfuRecoveringFromLinkLoss
0x08012240	0x08012279	thumb	IsRfuCommunicatingWithAllChildren
0x0801227C	0x0801229B	thumb	Debug_PrintEmpty
0x0801229C	0x080124BF	thumb	Debug_PrintStatus
0x080124C0	0x080124D3	thumb	GetRfuSendQueueLength
0x080124D4	0x080124E7	thumb	GetRfuRecvQueueLength
0x080124E8	0x080124E9	thumb	Task_Idle
0x080124EC	0x080125BB	thumb	PrintNumPlayersWaitingForMsg
0x080125BC	0x0801262B	thumb	PrintPlayerNameAndIdOnWindow
0x0801262C	0x080126CB	thumb	GetAwaitingCommunicationText
0x080126CC	0x08012739	thumb	IsActivityWithVariableGroupSize
0x0801273C	0x0801277F	thumb	TryBecomeLinkLeader
0x08012780	0x08012F63	thumb	Task_TryBecomeLinkLeader
0x08012F64	0x08012FC3	thumb	Leader_DestroyResources
0x08012FC4	0x08013077	thumb	Leader_GetAcceptNewMemberPrompt
0x08013078	0x080130B3	thumb	GetYouDeclinedTheOfferMessage
0x080130B4	0x0801315F	thumb	GetYouAskedToJoinGroupPleaseWaitMessage
0x08013160	0x0801320B	thumb	GetGroupLeaderSentAnOKMessage
0x0801320C	0x08013277	thumb	Leader_SetStateIfMemberListChanged
0x08013278	0x080132D3	thumb	ItemPrintFunc_PossibleGroupMembers
0x080132D4	0x08013397	thumb	LeaderUpdateGroupMembership
0x08013398	0x080134A3	thumb	LeaderPrunePlayerList
0x080134A4	0x080134E7	thumb	TryJoinLinkGroup
0x080134E8	0x08013B89	thumb	Task_TryJoinLinkGroup
0x08013B8C	0x08013BD7	thumb	IsTryingToTradeAcrossVersionTooSoon
0x08013BD8	0x08013C3F	thumb	AskToJoinRfuGroup
0x08013C40	0x08013C7B	thumb	CreateTask_ListenToWireless
0x08013C7C	0x08013D85	thumb	Task_ListenToWireless
0x08013D88	0x08013DBB	thumb	IsPartnerActivityAcceptable
0x08013DBC	0x08013DF3	thumb	GetGroupListTextColor
0x08013DF4	0x08013E43	thumb	ListMenuItemPrintFunc_UnionRoomGroups
0x08013E44	0x08013F5F	thumb	GetNewLeaderCandidate
0x08013F60	0x08013F77	thumb	Task_CreateTradeMenu
0x08013F78	0x08013F8F	thumb	CreateTask_CreateTradeMenu
0x08013F90	0x080140DF	thumb	Task_StartUnionRoomTrade
0x080140E0	0x080141A3	thumb	Task_ExchangeCards
0x080141A4	0x0801420F	thumb	CB2_ShowCard
0x08014210	0x0801428F	thumb	StartUnionRoomBattle
0x08014290	0x08014303	thumb	WarpForWirelessMinigame
0x08014304	0x08014383	thumb	WarpForCableClubActivity
0x08014384	0x080143E3	thumb	CB2_TransitionToCableClub
0x080143E4	0x08014409	thumb	CreateTrainerCardInBuffer
0x0801440C	0x0801478F	thumb	Task_StartActivity
0x08014790	0x080149C3	thumb	Task_RunScriptAndFadeToActivity
0x080149C4	0x080149D7	thumb	CreateTask_RunScriptAndFadeToActivity
0x080149D8	0x080149FF	thumb	CreateTask_StartActivity
0x08014A00	0x08014A3F	thumb	CreateTask_SendMysteryGift
0x08014A40	0x08014EF9	thumb	Task_SendMysteryGift
0x08014EFC	0x08014F47	thumb	CreateTask_LinkMysteryGiftWithFriend
0x08014F48	0x080152A7	thumb	Task_CardOrNewsWithFriend
0x080152A8	0x080152F3	thumb	CreateTask_LinkMysteryGiftOverWireless
0x080152F4	0x0801560B	thumb	Task_CardOrNewsOverWireless
0x0801560C	0x08015657	thumb	RunUnionRoom
0x08015658	0x08015661	thumb	ReadAsU16
0x08015664	0x0801568B	thumb	ScheduleFieldMessageWithFollowupState
0x0801568C	0x080156AF	thumb	ScheduleFieldMessageAndExit
0x080156B0	0x080156C7	thumb	CopyPlayerListToBuffer
0x080156C8	0x080156DF	thumb	CopyPlayerListFromBuffer
0x080156E0	0x08016883	thumb	Task_RunUnionRoom
0x08016884	0x0801689B	thumb	SetUsingUnionRoomStartMenu
0x0801689C	0x080168DB	thumb	ReceiveUnionRoomActivityPacket
0x080168DC	0x08016933	thumb	HandleContactFromOtherPlayer
0x08016934	0x0801697B	thumb	InitUnionRoom
0x0801697C	0x08016AD3	thumb	Task_InitUnionRoom
0x08016AD4	0x08016AFF	thumb	BufferUnionRoomPlayerName
0x08016B00	0x08016C9F	thumb	HandlePlayerListUpdate
0x08016CA0	0x08016DEF	thumb	Task_SearchForChildOrParent
0x08016DF0	0x08016E23	thumb	CreateTask_SearchForChildOrParent
0x08016E24	0x08016F1B	thumb	Task_ListenForCompatiblePartners
0x08016F1C	0x08016F43	thumb	HasWonderCardOrNewsByLinkGroup
0x08016F44	0x08016FBF	thumb	Task_ListenForWonderDistributor
0x08016FC0	0x08016FEF	thumb	CreateTask_ListenForCompatiblePartners
0x08016FF0	0x0801701F	thumb	CreateTask_ListenForWonderDistributor
0x08017020	0x0801704B	thumb	UR_PrintFieldMessage
0x0801704C	0x08017061	thumb	UR_RunTextPrinters
0x08017064	0x080170B5	thumb	PrintOnTextbox
0x080170B8	0x08017115	thumb	UnionRoomHandleYesNo
0x08017118	0x08017167	thumb	CreateTradeBoardWindow
0x08017168	0x08017175	thumb	DeleteTradeBoardWindow
0x08017178	0x0801729F	thumb	ListMenuHandler_AllItemsAvailable
0x080172A0	0x080173AD	thumb	TradeBoardMenuHandler
0x080173B0	0x080173D3	thumb	UR_ClearBg0
0x080173D4	0x080173DD	thumb	JoinGroup_EnableScriptContexts
0x080173E0	0x0801757F	thumb	PrintUnionRoomText
0x08017580	0x080175EB	thumb	ClearRfuPlayerList
0x080175EC	0x0801762F	thumb	ClearIncomingPlayerList
0x08017630	0x08017675	thumb	ArePlayersDifferent
0x08017678	0x080176E3	thumb	ArePlayerDataDifferent
0x080176E4	0x08017733	thumb	GetNewIncomingPlayerId
0x08017734	0x080177B5	thumb	TryAddIncomingPlayerToList
0x080177B8	0x0801789F	thumb	PrintGroupMemberOnWindow
0x080178A0	0x0801793F	thumb	PrintGroupCandidateOnWindow
0x08017940	0x08017981	thumb	IsPlayerFacingTradingBoard
0x08017984	0x080179A9	thumb	GetResponseIdx_InviteToURoomActivity
0x080179AC	0x080179D3	thumb	ConvPartnerUnameAndGetWhetherMetAlready
0x080179D4	0x08017B37	thumb	UnionRoomGetPlayerInteractionResponse
0x08017B38	0x08017B39	thumb	ItemPrintFunc_EmptyList
0x08017B3C	0x08017BE7	thumb	TradeBoardPrintItemInfo
0x08017BE8	0x08017CAD	thumb	TradeBoardListMenuItemPrintFunc
0x08017CB0	0x08017CF5	thumb	GetIndexOfNthTradeBoardOffer
0x08017CF8	0x08017D03	thumb	GetUnionRoomPlayerGender
0x08017D04	0x08017D9B	thumb	IsRequestedTradeInPlayerParty
0x08017D9C	0x08017DFF	thumb	GetURoomActivityRejectMsg
0x08017E00	0x08017E9F	thumb	GetURoomActivityStartMsg
0x08017EA0	0x08017FD7	thumb	GetChatLeaderActionRequestMessage
0x08017FD8	0x08018001	thumb	PollPartnerYesNoResponse
0x08018004	0x08018023	thumb	InUnionRoom
0x08018024	0x0801807B	thumb	HasAtLeastTwoMonsOfLevel30OrLower
0x0801807C	0x0801808F	thumb	ResetUnionRoomTrade
0x08018090	0x0801809F	thumb	Script_ResetUnionRoomTrade
0x080180A0	0x080180E7	thumb	RegisterTradeMonAndGetIsEgg
0x080180E8	0x0801811F	thumb	RegisterTradeMon
0x08018120	0x0801818B	thumb	GetPartyPositionOfRegisteredMon
0x0801818C	0x080181CB	thumb	HandleCancelActivity
0x080181CC	0x080181D9	thumb	StartScriptInteraction
0x080181DC	0x0801821D	thumb	GetActivePartnersInfo
0x08018220	0x08018403	thumb	ViewURoomPartnerTrainerCard
0x08018404	0x08018421	thumb	CopyAndTranslatePlayerName
0x08018424	0x08018435	thumb	VBlankCB_MysteryGiftEReader
0x08018438	0x0801844D	thumb	CB2_MysteryGiftEReader
0x08018450	0x0801864D	thumb	HandleMysteryGiftOrEReaderSetup
0x08018650	0x0801867B	thumb	CB2_InitMysteryGift
0x0801867C	0x080186A3	thumb	CB2_InitEReader
0x080186A4	0x080186EB	thumb	MainCB_FreeAllBuffersAndReturnToInitTitleScreen
0x080186EC	0x08018783	thumb	PrintMysteryGiftOrEReaderHeader
0x08018784	0x08018795	thumb	MG_DrawTextBorder
0x08018798	0x08018835	thumb	MG_DrawCheckerboardPattern
0x08018838	0x08018881	thumb	ClearScreenInBg0
0x08018884	0x080188DB	thumb	MG_AddMessageTextPrinter
0x080188DC	0x080188F5	thumb	ClearMessage
0x080188F8	0x08018989	thumb	PrintMysteryGiftMenuMessage
0x0801898C	0x080189B3	thumb	HideDownArrow
0x080189B4	0x080189DB	thumb	ShowDownArrow
0x080189DC	0x08018A1B	thumb	HideDownArrowAndWaitButton
0x08018A1C	0x08018A4D	thumb	PrintStringAndWait2Seconds
0x08018A50	0x08018B07	thumb	MysteryGift_HandleThreeOptionMenu
0x08018B08	0x08018C49	thumb	DoMysteryGiftYesNo
0x08018C4C	0x08018D97	thumb	HandleGiftSelectMenu
0x08018D98	0x08018DAB	thumb	ValidateCardOrNews
0x08018DAC	0x08018E07	thumb	HandleLoadWonderCardOrNews
0x08018E08	0x08018E1D	thumb	ClearSavedNewsOrCard
0x08018E20	0x08018E4D	thumb	ExitWonderCardOrNews
0x08018E50	0x08018E73	thumb	AskDiscardGift
0x08018E74	0x08018E93	thumb	PrintThrownAway
0x08018E94	0x08018F0B	thumb	SaveOnMysteryGiftMenu
0x08018F0C	0x0801903B	thumb	GetClientResultMessage
0x0801903C	0x080190A1	thumb	PrintSuccessMessage
0x080190A4	0x08019173	thumb	GetServerResultMessage
0x08019174	0x080191A9	thumb	PrintServerResultMessage
0x080191AC	0x080191F3	thumb	CreateMysteryGiftTask
0x080191F4	0x0801992F	thumb	Task_MysteryGift
0x08019930	0x08019937	thumb	GetMysteryGiftBaseBlock
0x08019938	0x08019957	thumb	LoadMysteryGiftTextboxBorder
0x08019958	0x08019975	thumb	IsPlayerStandingStill
0x08019978	0x0801998F	thumb	GetUnionRoomPlayerGraphicsId
0x08019990	0x080199DF	thumb	GetUnionRoomPlayerCoords
0x080199E0	0x08019A2F	thumb	IsUnionRoomPlayerAt
0x08019A30	0x08019A4B	thumb	IsUnionRoomPlayerHidden
0x08019A4C	0x08019A63	thumb	HideUnionRoomPlayer
0x08019A64	0x08019A7B	thumb	ShowUnionRoomPlayer
0x08019A7C	0x08019A97	thumb	SetUnionRoomPlayerGfx
0x08019A98	0x08019AB7	thumb	CreateUnionRoomPlayerObjectEvent
0x08019AB8	0x08019AD7	thumb	RemoveUnionRoomPlayerObjectEvent
0x08019AD8	0x08019B39	thumb	SetUnionRoomPlayerEnterExitMovement
0x08019B3C	0x08019BA5	thumb	TryReleaseUnionRoomPlayerObjectEvent
0x08019BA8	0x08019BDB	thumb	InitUnionRoomPlayerObjects
0x08019BDC	0x08019C35	thumb	AnimateUnionRoomPlayerDespawn
0x08019C38	0x08019CEF	thumb	AnimateUnionRoomPlayerSpawn
0x08019CF0	0x08019D1F	thumb	SpawnGroupLeader
0x08019D20	0x08019D41	thumb	DespawnGroupLeader
0x08019D44	0x08019DCF	thumb	AnimateUnionRoomPlayer
0x08019DD0	0x08019DF3	thumb	Task_AnimateUnionRoomPlayers
0x08019DF4	0x08019E1F	thumb	CreateTask_AnimateUnionRoomPlayers
0x08019E20	0x08019E3B	thumb	DestroyTask_AnimateUnionRoomPlayers
0x08019E3C	0x08019E6F	thumb	DestroyUnionRoomPlayerObjects
0x08019E70	0x08019F03	thumb	CreateUnionRoomPlayerSprites
0x08019F04	0x08019F2B	thumb	DestroyUnionRoomPlayerSprites
0x08019F2C	0x08019F61	thumb	SetTilesAroundUnionRoomPlayersPassable
0x08019F64	0x08019F8B	thumb	GetNewFacingDirectionForUnionRoomPlayer
0x08019F8C	0x08019FA3	thumb	IsUnionRoomPlayerInvisible
0x08019FA4	0x0801A02B	thumb	SpawnGroupMember
0x0801A02C	0x0801A063	thumb	DespawnGroupMember
0x0801A064	0x0801A16B	thumb	AssembleGroup
0x0801A16C	0x0801A213	thumb	SpawnGroupLeaderAndMembers
0x0801A214	0x0801A231	thumb	DespawnGroupLeaderAndMembers
0x0801A234	0x0801A271	thumb	UpdateUnionRoomPlayerSprites
0x0801A274	0x0801A283	thumb	ScheduleUnionRoomPlayerRefresh
0x0801A284	0x0801A2A7	thumb	HandleUnionRoomPlayerRefresh
0x0801A2A8	0x0801A3AF	thumb	TryInteractWithUnionRoomMember
0x0801A3B0	0x0801A3CF	thumb	SetUnionRoomObjectFacingDirection
0x0801A3D0	0x0801A3F3	thumb	UpdateUnionRoomMemberFacing
0x0801A3F4	0x0801A417	thumb	CB2_RunWirelessCommunicationScreen
0x0801A418	0x0801A429	thumb	VBlankCB_WirelessCommunicationScreen
0x0801A42C	0x0801A43B	thumb	ShowWirelessCommunicationScreen
0x0801A43C	0x0801A583	thumb	CB2_InitWirelessCommunicationScreen
0x0801A584	0x0801A5BB	thumb	CB2_ExitWirelessCommunicationStatusScreen
0x0801A5BC	0x0801A5FF	thumb	CyclePalette
0x0801A600	0x0801A6BF	thumb	PrintHeaderTexts
0x0801A6C0	0x0801A8AF	thumb	Task_WirelessCommunicationScreen
0x0801A8B0	0x0801A95F	thumb	WCSS_AddTextPrinterParameterized
0x0801A960	0x0801AA05	thumb	CountPlayersInGroupAndGetActivity
0x0801AA08	0x0801AA2D	thumb	HaveCountsChanged
0x0801AA30	0x0801AAD3	thumb	UpdateCommunicationCounts
0x0801AAD4	0x0801AB67	thumb	CB2_SetUpPartiesAndStartBattle
0x0801AB68	0x0801ABDB	thumb	AddTextPrinterForUnionRoomBattle
0x0801ABDC	0x0801AC3F	thumb	PrintUnionRoomBattleMessage
0x0801AC40	0x0801AC51	thumb	VBlankCB_UnionRoomBattle
0x0801AC54	0x0801AFD7	thumb	CB2_UnionRoomBattle
0x0801AFD8	0x0801B00B	thumb	ClearMysteryGift
0x0801B00C	0x0801B01F	thumb	GetSavedWonderNews
0x0801B020	0x0801B033	thumb	GetSavedWonderCard
0x0801B034	0x0801B043	thumb	GetSavedWonderCardMetadata
0x0801B044	0x0801B057	thumb	GetSavedWonderNewsMetadata
0x0801B058	0x0801B06B	thumb	GetQuestionnaireWordsPtr
0x0801B06C	0x0801B075	thumb	ClearSavedWonderNewsAndRelated
0x0801B078	0x0801B0CB	thumb	SaveWonderNews
0x0801B0CC	0x0801B113	thumb	ValidateSavedWonderNews
0x0801B114	0x0801B125	thumb	ValidateWonderNews
0x0801B128	0x0801B149	thumb	IsSendingSavedWonderNewsAllowed
0x0801B14C	0x0801B17F	thumb	ClearSavedWonderNews
0x0801B180	0x0801B1A3	thumb	ClearSavedWonderNewsMetadata
0x0801B1A4	0x0801B1E7	thumb	IsWonderNewsSameAsSaved
0x0801B1E8	0x0801B21B	thumb	ClearSavedWonderCardAndRelated
0x0801B21C	0x0801B27B	thumb	SaveWonderCard
0x0801B27C	0x0801B2CB	thumb	ValidateSavedWonderCard
0x0801B2CC	0x0801B307	thumb	ValidateWonderCard
0x0801B308	0x0801B32D	thumb	IsSendingSavedWonderCardAllowed
0x0801B330	0x0801B367	thumb	ClearSavedWonderCard
0x0801B368	0x0801B39B	thumb	ClearSavedWonderCardMetadata
0x0801B39C	0x0801B3BF	thumb	GetWonderCardFlagID
0x0801B3C0	0x0801B3D7	thumb	DisableWonderCardSending
0x0801B3D8	0x0801B3F5	thumb	IsWonderCardFlagIDInValidRange
0x0801B3F8	0x0801B437	thumb	IsSavedWonderCardGiftNotReceived
0x0801B438	0x0801B45F	thumb	GetNumStampsInMetadata
0x0801B460	0x0801B4A1	thumb	IsStampInMetadata
0x0801B4A4	0x0801B4C9	thumb	ValidateStamp
0x0801B4CC	0x0801B505	thumb	GetNumStampsInSavedCard
0x0801B508	0x0801B57F	thumb	MysteryGift_TrySaveStamp
0x0801B580	0x0801B69F	thumb	MysteryGift_LoadLinkGameData
0x0801B6A0	0x0801B6EB	thumb	MysteryGift_ValidateLinkGameData
0x0801B6EC	0x0801B707	thumb	MysteryGift_CompareCardFlags
0x0801B708	0x0801B747	thumb	MysteryGift_CheckStamps
0x0801B748	0x0801B76D	thumb	MysteryGift_DoesQuestionnaireMatch
0x0801B770	0x0801B783	thumb	GetNumStampsInLinkData
0x0801B784	0x0801B7D5	thumb	MysteryGift_GetCardStatFromLinkData
0x0801B7D8	0x0801B85F	thumb	IncrementCardStat
0x0801B860	0x0801B93D	thumb	MysteryGift_GetCardStat
0x0801B940	0x0801B94B	thumb	MysteryGift_DisableStats
0x0801B94C	0x0801B98F	thumb	MysteryGift_TryEnableStatsByFlagId
0x0801B990	0x0801B9F7	thumb	MysteryGift_TryIncrementStat
0x0801B9F8	0x0801BA23	thumb	ClearSavedTrainerIds
0x0801BA24	0x0801BA89	thumb	RecordTrainerId
0x0801BA8C	0x0801BAA9	thumb	IncrementCardStatForNewTrainer
0x0801BAAC	0x0801BB47	thumb	WonderCard_Init
0x0801BB48	0x0801BB73	thumb	WonderCard_Destroy
0x0801BB74	0x0801BDA3	thumb	WonderCard_Enter
0x0801BDA4	0x0801BEF7	thumb	WonderCard_Exit
0x0801BEF8	0x0801C177	thumb	BufferCardText
0x0801C178	0x0801C4BF	thumb	DrawCardWindow
0x0801C4C0	0x0801C61B	thumb	CreateCardSprites
0x0801C61C	0x0801C6C7	thumb	DestroyCardSprites
0x0801C6C8	0x0801C72B	thumb	WonderNews_Init
0x0801C72C	0x0801C757	thumb	WonderNews_Destroy
0x0801C758	0x0801CA4F	thumb	WonderNews_Enter
0x0801CA50	0x0801CC37	thumb	WonderNews_Exit
0x0801CC38	0x0801CC7F	thumb	WonderNews_RemoveScrollIndicatorArrowPair
0x0801CC80	0x0801CCCF	thumb	WonderNews_AddScrollIndicatorArrowPair
0x0801CCD0	0x0801CDCB	thumb	WonderNews_GetInput
0x0801CDCC	0x0801CE7B	thumb	BufferNewsText
0x0801CE7C	0x0801CFA3	thumb	DrawNewsWindows
0x0801CFA4	0x0801D07B	thumb	UpdateNewsScroll
0x0801D07C	0x0801D09F	thumb	MysterGiftServer_CreateForNews
0x0801D0A0	0x0801D0C3	thumb	MysterGiftServer_CreateForCard
0x0801D0C4	0x0801D0FD	thumb	MysterGiftServer_Run
0x0801D100	0x0801D157	thumb	MysteryGiftServer_Init
0x0801D158	0x0801D179	thumb	MysteryGiftServer_Free
0x0801D17C	0x0801D187	thumb	MysteryGiftServer_InitSend
0x0801D188	0x0801D193	thumb	MysteryGiftServer_GetSendData
0x0801D194	0x0801D1AB	thumb	MysteryGiftServer_Compare
0x0801D1AC	0x0801D1B3	thumb	Server_Init
0x0801D1B4	0x0801D1B7	thumb	Server_Done
0x0801D1B8	0x0801D1D1	thumb	Server_Recv
0x0801D1D4	0x0801D1ED	thumb	Server_Send
0x0801D1F0	0x0801D46B	thumb	Server_Run
0x0801D46C	0x0801D483	thumb	MysteryGiftServer_CallFunc
0x0801D484	0x0801D4A7	thumb	MysteryGiftClient_Create
0x0801D4A8	0x0801D4E1	thumb	MysteryGiftClient_Run
0x0801D4E4	0x0801D4F3	thumb	MysteryGiftClient_AdvanceState
0x0801D4F4	0x0801D4FF	thumb	MysteryGiftClient_GetMsg
0x0801D500	0x0801D50B	thumb	MysteryGiftClient_SetParam
0x0801D50C	0x0801D559	thumb	MysteryGiftClient_Init
0x0801D55C	0x0801D57D	thumb	MysteryGiftClient_Free
0x0801D580	0x0801D599	thumb	MysteryGiftClient_CopyRecvScript
0x0801D59C	0x0801D5CF	thumb	MysteryGiftClient_InitSendWord
0x0801D5D0	0x0801D5F7	thumb	Client_Init
0x0801D5F8	0x0801D5FB	thumb	Client_Done
0x0801D5FC	0x0801D619	thumb	Client_Recv
0x0801D61C	0x0801D639	thumb	Client_Send
0x0801D63C	0x0801D80F	thumb	Client_Run
0x0801D810	0x0801D827	thumb	Client_Wait
0x0801D828	0x0801D85F	thumb	Client_RunMysteryEventScript
0x0801D860	0x0801D893	thumb	Client_RunBufferScript
0x0801D894	0x0801D8BF	thumb	MysteryGiftClient_CallFunc
0x0801D8C0	0x0801D8CB	thumb	MysteryGiftLink_Recv
0x0801D8CC	0x0801D8D7	thumb	MysteryGiftLink_Send
0x0801D8D8	0x0801D903	thumb	MysteryGiftLink_Init
0x0801D904	0x0801D927	thumb	MysteryGiftLink_InitSend
0x0801D928	0x0801D937	thumb	MysteryGiftLink_InitRecv
0x0801D938	0x0801D953	thumb	MGL_ReceiveBlock
0x0801D954	0x0801D975	thumb	MGL_HasReceived
0x0801D978	0x0801D985	thumb	MGL_ResetReceived
0x0801D988	0x0801DA5B	thumb	MGL_Receive
0x0801DA5C	0x0801DB67	thumb	MGL_Send
0x0801DB68	0x0801DBBD	thumb	WonderNews_SetReward
0x0801DBC0	0x0801DBDB	thumb	WonderNews_Reset
0x0801DBDC	0x0801DC1F	thumb	WonderNews_IncrementStepCounter
0x0801DC20	0x0801DCAB	thumb	WonderNews_GetRewardInfo
0x0801DCAC	0x0801DCCB	thumb	GetRewardItem
0x0801DCCC	0x0801DCD7	thumb	ResetSentRewardCounter
0x0801DCD8	0x0801DD0F	thumb	IncrementSentRewardCounter
0x0801DD10	0x0801DD41	thumb	IncrementRewardCounter
0x0801DD44	0x0801DD95	thumb	GetRewardType
0x0801DD98	0x0801DDCF	thumb	EnterUnionRoomChat
0x0801DDD0	0x0801DE2F	thumb	InitUnionRoomChat
0x0801DE30	0x0801DE53	thumb	FreeUnionRoomChat
0x0801DE54	0x0801DF1F	thumb	CB2_LoadInterface
0x0801DF20	0x0801DF35	thumb	VBlankCB_UnionRoomChatMain
0x0801DF38	0x0801DF51	thumb	CB2_UnionRoomChatMain
0x0801DF54	0x0801DFAB	thumb	Task_HandlePlayerInput
0x0801DFAC	0x0801E02D	thumb	Chat_Join
0x0801E030	0x0801E11D	thumb	Chat_HandleInput
0x0801E120	0x0801E23F	thumb	Chat_Switch
0x0801E240	0x0801E45D	thumb	Chat_AskQuitChatting
0x0801E460	0x0801E5C1	thumb	Chat_Exit
0x0801E5C4	0x0801E667	thumb	Chat_Drop
0x0801E668	0x0801E761	thumb	Chat_Disbanded
0x0801E764	0x0801E835	thumb	Chat_SendMessage
0x0801E838	0x0801E977	thumb	Chat_Register
0x0801E978	0x0801EBD3	thumb	Chat_SaveAndExit
0x0801EBD4	0x0801EBE3	thumb	SetChatFunction
0x0801EBE4	0x0801EC93	thumb	HandleDPadInput
0x0801EC94	0x0801ED67	thumb	AppendTextToMessage
0x0801ED68	0x0801ED93	thumb	DeleteLastMessageCharacter
0x0801ED94	0x0801EDC3	thumb	SwitchCaseOfLastMessageCharacter
0x0801EDC4	0x0801EDDD	thumb	ChatMessageIsNotEmpty
0x0801EDE0	0x0801EE0F	thumb	RegisterTextAtRow
0x0801EE10	0x0801EE2B	thumb	ResetMessageEntryBuffer
0x0801EE2C	0x0801EE6B	thumb	SaveRegisteredTexts
0x0801EE6C	0x0801EE83	thumb	GetRegisteredTextByRow
0x0801EE84	0x0801EEA7	thumb	GetEndOfMessagePtr
0x0801EEA8	0x0801EED7	thumb	GetLastCharOfMessagePtr
0x0801EED8	0x0801EF1B	thumb	GetNumOverflowCharsInMessage
0x0801EF1C	0x0801EF21	thumb	PrepareSendBuffer_Null
0x0801EF24	0x0801EF4B	thumb	PrepareSendBuffer_Join
0x0801EF4C	0x0801EF7B	thumb	PrepareSendBuffer_Chat
0x0801EF7C	0x0801EFA7	thumb	PrepareSendBuffer_Leave
0x0801EFA8	0x0801EFCF	thumb	PrepareSendBuffer_Drop
0x0801EFD0	0x0801EFF7	thumb	PrepareSendBuffer_Disband
0x0801EFF8	0x0801F0AF	thumb	ProcessReceivedChatMessage
0x0801F0B0	0x0801F0BB	thumb	GetCurrentKeyboardPage
0x0801F0BC	0x0801F0CF	thumb	GetCurrentKeyboardColAndRow
0x0801F0D0	0x0801F0DB	thumb	GetMessageEntryBuffer
0x0801F0DC	0x0801F0E9	thumb	GetLengthOfMessageEntry
0x0801F0EC	0x0801F111	thumb	GetBufferSelectionRegion
0x0801F114	0x0801F143	thumb	GetLimitedMessageStartPtr
0x0801F144	0x0801F17F	thumb	GetLimitedMessageStartPos
0x0801F180	0x0801F18B	thumb	GetLastReceivedMessage
0x0801F18C	0x0801F197	thumb	GetReceivedPlayerIndex
0x0801F198	0x0801F1A3	thumb	GetTextEntryCursorPosition
0x0801F1A4	0x0801F1CD	thumb	GetShouldShowCaseToggleIcon
0x0801F1D0	0x0801F1DB	thumb	GetChatHostName
0x0801F1DC	0x0801F2B3	thumb	InitUnionRoomChatRegisteredTexts
0x0801F2B4	0x0801F4CF	thumb	Task_ReceiveChatMessage
0x0801F4D0	0x0801F533	thumb	TryAllocDisplay
0x0801F534	0x0801F543	thumb	IsDisplaySubtask0Active
0x0801F544	0x0801F573	thumb	FreeDisplay
0x0801F574	0x0801F57F	thumb	InitDisplay
0x0801F580	0x0801F5B7	thumb	ResetDisplaySubtasks
0x0801F5B8	0x0801F5EB	thumb	RunDisplaySubtasks
0x0801F5EC	0x0801F643	thumb	StartDisplaySubtask
0x0801F644	0x0801F657	thumb	IsDisplaySubtaskActive
0x0801F658	0x0801F6F5	thumb	Display_LoadGfx
0x0801F6F8	0x0801F72D	thumb	Display_ShowKeyboardSwapMenu
0x0801F730	0x0801F765	thumb	Display_HideKeyboardSwapMenu
0x0801F768	0x0801F7D1	thumb	Display_SwitchPages
0x0801F7D4	0x0801F7DF	thumb	Display_MoveKeyboardCursor
0x0801F7E0	0x0801F82B	thumb	Display_AskQuitChatting
0x0801F82C	0x0801F86F	thumb	Display_DestroyYesNoDialog
0x0801F870	0x0801F8DB	thumb	Display_UpdateMessageBuffer
0x0801F8DC	0x0801F981	thumb	Display_AskRegisterText
0x0801F984	0x0801FA29	thumb	Display_CancelRegister
0x0801FA2C	0x0801FA65	thumb	Display_ReturnToKeyboard
0x0801FA68	0x0801FB41	thumb	Display_ScrollChat
0x0801FB44	0x0801FB6D	thumb	Display_AnimateKeyboardCursor
0x0801FB70	0x0801FBB1	thumb	Display_PrintInputText
0x0801FBB4	0x0801FBF5	thumb	Display_PrintExitingChat
0x0801FBF8	0x0801FC49	thumb	Display_PrintLeaderLeft
0x0801FC4C	0x0801FC99	thumb	Display_AskSave
0x0801FC9C	0x0801FCE9	thumb	Display_AskOverwriteSave
0x0801FCEC	0x0801FD2D	thumb	Display_PrintSavingDontTurnOff
0x0801FD30	0x0801FD85	thumb	Display_PrintSavedTheGame
0x0801FD88	0x0801FDD5	thumb	Display_AskConfirmLeaderLeave
0x0801FDD8	0x0801FDDB	thumb	Display_Dummy
0x0801FDDC	0x0801FEBB	thumb	AddYesNoMenuAt
0x0801FEBC	0x0801FEE3	thumb	HideYesNoMenuWindow
0x0801FEE4	0x0801FF07	thumb	DestroyYesNoMenuWindow
0x0801FF08	0x0801FF15	thumb	ProcessMenuInput
0x0801FF18	0x08020093	thumb	AddStdMessageWindow
0x08020094	0x080200C7	thumb	HideStdMessageWindow
0x080200C8	0x080200EB	thumb	DestroyStdMessageWindow
0x080200EC	0x08020115	thumb	FillTextEntryWindow
0x08020118	0x080201A1	thumb	DrawTextEntryMessage
0x080201A4	0x0802031F	thumb	PrintCurrentKeyboardPage
0x08020320	0x08020365	thumb	SlideKeyboardPageOut
0x08020368	0x080203AD	thumb	SlideKeyboardPageIn
0x080203B0	0x0802040B	thumb	ShowKeyboardSwapMenu
0x0802040C	0x0802041F	thumb	HideKeyboardSwapMenu
0x08020420	0x0802047D	thumb	PrintChatMessage
0x08020480	0x08020537	thumb	ResetGpuBgState
0x08020538	0x08020583	thumb	SetBgTilemapBuffers
0x08020584	0x080205B3	thumb	ClearBg0
0x080205B4	0x08020603	thumb	LoadKeyboardWindowGfx
0x08020604	0x0802067F	thumb	LoadChatWindowGfx
0x08020680	0x080206A3	thumb	LoadChatUnkPalette
0x080206A4	0x080206CF	thumb	LoadChatMessagesWindow
0x080206D0	0x080206E7	thumb	DrawKeyboardWindow
0x080206E8	0x0802073F	thumb	LoadTextEntryWindow
0x08020740	0x0802076F	thumb	LoadKeyboardSwapWindow
0x08020770	0x080207BF	thumb	InitScanlineEffect
0x080207C0	0x08020817	thumb	UpdateSlidingKeyboard
0x08020818	0x0802088F	thumb	FinishSlidingKeyboard
0x08020890	0x080208CF	thumb	TryAllocSprites
0x080208D0	0x080208E7	thumb	FreeSprites
0x080208E8	0x0802091B	thumb	CreateKeyboardCursorSprite
0x0802091C	0x0802093B	thumb	SetKeyboardCursorInvisibility
0x0802093C	0x080209AB	thumb	MoveKeyboardCursor
0x080209AC	0x080209DF	thumb	SetRegisteredTextPalette
0x080209E0	0x08020A1B	thumb	StartKeyboardCursorAnim
0x08020A1C	0x08020A67	thumb	TryKeyboardCursorReopen
0x08020A68	0x08020ABB	thumb	CreateTextEntrySprites
0x08020ABC	0x08020AF1	thumb	SpriteCB_TextEntryCursor
0x08020AF4	0x08020B1D	thumb	SpriteCB_TextEntryArrow
0x08020B20	0x08020B7F	thumb	CreateRButtonSprites
0x08020B80	0x08020BFF	thumb	UpdateRButtonLabel
0x08020C00	0x08020C0B	thumb	GetBerryCrushGame
0x08020C0C	0x08020C6F	thumb	QuitBerryCrush
0x08020C70	0x08020D8B	thumb	StartBerryCrush
0x08020D8C	0x08020E1B	thumb	GetBerryFromBag
0x08020E1C	0x08020E3B	thumb	ChooseBerry
0x08020E3C	0x08020E4B	thumb	BerryCrush_SetVBlankCB
0x08020E4C	0x08020E57	thumb	BerryCrush_InitVBlankCB
0x08020E58	0x08020F73	thumb	SaveResults
0x08020F74	0x08020F85	thumb	VBlankCB
0x08020F88	0x08020F9D	thumb	MainCB
0x08020FA0	0x08020FC3	thumb	MainTask
0x08020FC4	0x0802104B	thumb	SetNamesAndTextSpeed
0x0802104C	0x0802130B	thumb	ShowGameDisplay
0x0802130C	0x0802144D	thumb	HideGameDisplay
0x08021450	0x08021487	thumb	UpdateGame
0x08021488	0x080214A7	thumb	ResetCrusherPos
0x080214A8	0x08021607	thumb	CreateBerrySprites
0x08021608	0x080216A7	thumb	SpriteCB_DropBerryIntoCrusher
0x080216A8	0x080216DF	thumb	BerryCrushFreeBerrySpriteGfx
0x080216E0	0x080218D3	thumb	UpdateInputEffects
0x080218D4	0x08021941	thumb	AreEffectsFinished
0x08021944	0x080219C7	thumb	FramesToMinSec
0x080219C8	0x08021A27	thumb	PrintTextCentered
0x08021A28	0x08021D33	thumb	PrintResultsText
0x08021D34	0x0802206F	thumb	PrintCrushingResults
0x08022070	0x0802222B	thumb	OpenResultsWindow
0x0802222C	0x0802224F	thumb	CloseResultsWindow
0x08022250	0x080224CF	thumb	Task_ShowRankings
0x080224D0	0x08022523	thumb	ShowBerryCrushRankings
0x08022524	0x08022553	thumb	PrintTimer
0x08022554	0x08022587	thumb	HideTimer
0x08022588	0x080225FF	thumb	CreatePlayerNameWindows
0x08022600	0x080226CF	thumb	DrawPlayerNameWindows
0x080226D0	0x0802272D	thumb	CopyPlayerNameWindowGfxToBg
0x08022730	0x0802295F	thumb	CreateGameSprites
0x08022960	0x08022A1D	thumb	DestroyGameSprites
0x08022A20	0x08022A49	thumb	SpriteCB_Impact
0x08022A4C	0x08022A93	thumb	SpriteCB_Sparkle_End
0x08022A94	0x08022B27	thumb	SpriteCB_Sparkle
0x08022B28	0x08022BEB	thumb	SpriteCB_Sparkle_Init
0x08022BEC	0x08022C57	thumb	RunOrScheduleCommand
0x08022C58	0x08022CAF	thumb	Cmd_BeginNormalPaletteFade
0x08022CB0	0x08022D13	thumb	Cmd_WaitPaletteFade
0x08022D14	0x08022E1B	thumb	Cmd_PrintMessage
0x08022E1C	0x08022E3B	thumb	Cmd_ShowGameDisplay
0x08022E3C	0x08022E5B	thumb	Cmd_HideGameDisplay
0x08022E5C	0x08022EA9	thumb	Cmd_SignalReadyToBegin
0x08022EAC	0x08022F03	thumb	Cmd_AskPickBerry
0x08022F04	0x08022F1B	thumb	Cmd_GoToBerryPouch
0x08022F1C	0x0802306F	thumb	Cmd_WaitForOthersToPickBerries
0x08023070	0x080231B5	thumb	Cmd_DropBerriesIntoCrusher
0x080231B8	0x080232E9	thumb	Cmd_DropLid
0x080232EC	0x0802339B	thumb	Cmd_Countdown
0x0802339C	0x08023555	thumb	HandlePartnerInput
0x08023558	0x080236B5	thumb	UpdateLeaderGameState
0x080236B8	0x0802385B	thumb	HandlePlayerInput
0x0802385C	0x080238EF	thumb	RecvLinkData
0x080238F0	0x08023997	thumb	Cmd_PlayGame_Leader
0x08023998	0x08023A2D	thumb	Cmd_PlayGame_Member
0x08023A30	0x08023BBF	thumb	Cmd_FinishGame
0x08023BC0	0x08023CAB	thumb	Cmd_HandleTimeUp
0x08023CAC	0x08024045	thumb	Cmd_TabulateResults
0x08024048	0x08024133	thumb	Cmd_ShowResults
0x08024134	0x08024227	thumb	Cmd_SaveGame
0x08024228	0x080242DF	thumb	Cmd_AskPlayAgain
0x080242E0	0x080243B9	thumb	Cmd_CommunicatePlayAgainResponses
0x080243BC	0x08024443	thumb	Cmd_PlayAgain
0x08024444	0x08024505	thumb	Cmd_StopGame
0x08024508	0x08024565	thumb	Cmd_CloseLink
0x08024568	0x08024575	thumb	Cmd_Quit
0x08024578	0x08024603	thumb	ResetGame
0x08024604	0x08024641	thumb	SetPaletteFadeArgs
0x08024644	0x08024667	thumb	SetPrintMessageArgs
0x08024668	0x0802467B	thumb	DecryptBerryPowder
0x0802467C	0x0802468F	thumb	SetBerryPowder
0x08024690	0x080246AB	thumb	ApplyNewEncryptionKeyToBerryPowder
0x080246AC	0x080246D3	thumb	HasEnoughBerryPowder_
0x080246D4	0x080246FD	thumb	HasEnoughBerryPowder
0x08024700	0x0802473F	thumb	GiveBerryPowder
0x08024740	0x0802477B	thumb	TakeBerryPowder_
0x0802477C	0x080247BB	thumb	TakeBerryPowder
0x080247BC	0x080247D3	thumb	GetBerryPowder
0x080247D4	0x0802482B	thumb	PrintBerryPowderAmount
0x0802482C	0x0802488B	thumb	DrawPlayerPowderAmount
0x0802488C	0x080248AF	thumb	PrintPlayerBerryPowderAmount
0x080248B0	0x08024917	thumb	DisplayBerryPowderVendorMenu
0x08024918	0x0802493B	thumb	RemoveBerryPowderVendorMenu
0x0802493C	0x08024A1B	thumb	StartDodrioBerryPicking
0x08024A1C	0x08024A2D	thumb	ResetTasksAndSprites
0x08024A30	0x08024BC5	thumb	InitDodrioGame
0x08024BC8	0x08024D4B	thumb	Task_StartDodrioGame
0x08024D4C	0x08024D83	thumb	Task_DodrioGame_Leader
0x08024D84	0x08024DBB	thumb	Task_DodrioGame_Member
0x08024DBC	0x08024DFD	thumb	DoGameIntro
0x08024E00	0x08024E35	thumb	InitCountdown
0x08024E38	0x08024F0F	thumb	DoCountdown
0x08024F10	0x08024F37	thumb	WaitGameStart
0x08024F38	0x08024FFB	thumb	PlayGame_Leader
0x08024FFC	0x080250D1	thumb	PlayGame_Member
0x080250D4	0x08025155	thumb	WaitEndGame_Leader
0x08025158	0x0802516F	thumb	WaitEndGame_Member
0x08025170	0x08025197	thumb	AllLinkBlocksReceived
0x08025198	0x0802522F	thumb	InitResults_Leader
0x08025230	0x08025323	thumb	InitResults_Member
0x08025324	0x0802546D	thumb	DoResults
0x08025470	0x08025643	thumb	AskPlayAgain
0x08025644	0x080256AB	thumb	EndLink
0x080256AC	0x08025757	thumb	ExitGame
0x08025758	0x0802589B	thumb	ResetGame
0x0802589C	0x0802590F	thumb	Task_NewGameIntro
0x08025910	0x080259FB	thumb	Task_CommunicateMonInfo
0x080259FC	0x08025C0B	thumb	RecvLinkData_Gameplay
0x08025C0C	0x08025D01	thumb	RecvLinkData_ReadyToEnd
0x08025D04	0x08025D4F	thumb	RecvLinkData_Leader
0x08025D50	0x08025E0B	thumb	SendLinkData_Leader
0x08025E0C	0x08025ED7	thumb	RecvLinkData_Member
0x08025ED8	0x08025F45	thumb	SendLinkData_Member
0x08025F48	0x08026041	thumb	HandleSound_Leader
0x08026044	0x080261C9	thumb	HandleSound_Member
0x080261CC	0x080261E1	thumb	CB2_DodrioGame
0x080261E4	0x080261F5	thumb	VBlankCB_DodrioGame
0x080261F8	0x08026209	thumb	InitMonInfo
0x0802620C	0x08026219	thumb	CreateTask_
0x0802621C	0x0802623F	thumb	CreateDodrioGameTask
0x08026240	0x08026263	thumb	SetGameFunc
0x08026264	0x080262BF	thumb	SlideTreeBordersOut
0x080262C0	0x08026323	thumb	InitFirstWaveOfBerries
0x08026324	0x08026633	thumb	HandlePickBerries
0x08026634	0x0802671B	thumb	TryPickBerry
0x0802671C	0x08026987	thumb	UpdateFallingBerries
0x08026988	0x08026A85	thumb	UpdateBerrySprites
0x08026A88	0x08026AC7	thumb	UpdateAllDodrioAnims
0x08026AC8	0x08026AF3	thumb	SetAllDodrioDisabled
0x08026AF4	0x08026B27	thumb	UpdateGame_Leader
0x08026B28	0x08026B5B	thumb	UpdateGame_Member
0x08026B5C	0x08026BB7	thumb	GetActiveBerryColumns
0x08026BB8	0x08026C25	thumb	AllPlayersReadyToStart
0x08026C28	0x08026C4F	thumb	ResetReadyToStart
0x08026C50	0x08026C8F	thumb	ReadyToEndGame_Leader
0x08026C90	0x08026D1B	thumb	ReadyToEndGame_Member
0x08026D1C	0x08026D8B	thumb	TryIncrementDifficulty
0x08026D8C	0x08026DAF	thumb	GetPlayerIdAtColumn
0x08026DB0	0x08026E6D	thumb	GetNewBerryId
0x08026E70	0x08026EE9	thumb	GetNewBerryIdByDifficulty
0x08026EEC	0x08026F19	thumb	IsTotalBerriesMissedOver10
0x08026F1C	0x08027231	thumb	IncrementBerryResult
0x08027234	0x080272A3	thumb	UpdateBerriesPickedInRow
0x080272A4	0x080272E7	thumb	SetMaxBerriesPickedInRow
0x080272E8	0x080273EF	thumb	ResetForPlayAgainPrompt
0x080273F0	0x0802745B	thumb	SetRandomPrize
0x0802745C	0x0802749B	thumb	GetBerriesPicked
0x0802749C	0x08027517	thumb	TryUpdateRecords
0x08027518	0x08027553	thumb	UpdatePickStateQueue
0x08027554	0x08027605	thumb	HandleWaitPlayAgainInput
0x08027608	0x0802762B	thumb	ResetPickState
0x0802762C	0x0802764F	thumb	GetPrizeItemId
0x08027650	0x0802765F	thumb	GetNumPlayers
0x08027660	0x0802769F	thumb	GetPlayerName
0x080276A0	0x080276BF	thumb	GetBerryResult
0x080276C0	0x08027745	thumb	GetScore
0x08027748	0x0802778B	thumb	GetHighestScore
0x0802778C	0x080277CF	thumb	GetHighestBerryResult
0x080277D0	0x0802784B	thumb	GetScoreByRanking
0x0802784C	0x0802793B	thumb	SetScoreResults
0x0802793C	0x0802795B	thumb	GetScoreResults
0x0802795C	0x080279C7	thumb	GetScoreRanking
0x080279C8	0x08027A27	thumb	TryGivePrize
0x08027A28	0x08027A37	thumb	IncrementWithLimit
0x08027A38	0x08027A47	thumb	Min
0x08027A48	0x08027A5B	thumb	GetPlayerIdByPos
0x08027A5C	0x08027AAB	thumb	IsDodrioInParty
0x08027AAC	0x08027ACB	thumb	ShowDodrioBerryPickingRecords
0x08027ACC	0x08027BE9	thumb	Task_ShowDodrioBerryPickingRecords
0x08027BEC	0x08027D1F	thumb	PrintRecordsText
0x08027D20	0x08027D37	thumb	Debug_UpdateNumPlayers
0x08027D38	0x08027DCF	thumb	Debug_SetPlayerNamesAndResults
0x08027DD0	0x08027DFB	thumb	SendPacket_ReadyToStart
0x08027DFC	0x08027E2D	thumb	RecvPacket_ReadyToStart
0x08027E30	0x08028163	thumb	SendPacket_GameState
0x08028164	0x080282E9	thumb	RecvPacket_GameState
0x080282EC	0x08028317	thumb	SendPacket_PickState
0x08028318	0x0802834F	thumb	RecvPacket_PickState
0x08028350	0x08028373	thumb	SendPacket_ReadyToEnd
0x08028374	0x080283A5	thumb	RecvPacket_ReadyToEnd
0x080283A8	0x08028407	thumb	LoadDodrioGfx
0x08028408	0x080284A7	thumb	CreateDodrioSprite
0x080284A8	0x080284C9	thumb	SpriteCB_Dodrio
0x080284CC	0x08028503	thumb	StartDodrioMissedAnim
0x08028504	0x0802853B	thumb	StartDodrioIntroAnim
0x0802853C	0x080285A9	thumb	DoDodrioMissedAnim
0x080285AC	0x08028613	thumb	DoDodrioIntroAnim
0x08028614	0x08028653	thumb	FreeDodrioSprites
0x08028654	0x0802868B	thumb	SetDodrioInvisibility
0x0802868C	0x080286B3	thumb	SetAllDodrioInvisibility
0x080286B4	0x080286DF	thumb	SetDodrioAnim
0x080286E0	0x080286E1	thumb	SpriteCB_Status
0x080286E4	0x08028733	thumb	InitStatusBarPos
0x08028734	0x080287E3	thumb	CreateStatusBarSprites
0x080287E4	0x08028827	thumb	FreeStatusBar
0x08028828	0x080288D3	thumb	DoStatusBarIntro
0x080288D4	0x080289E7	thumb	UpdateStatusBarAnim
0x080289E8	0x08028A33	thumb	SetStatusBarInvisibility
0x08028A34	0x08028A87	thumb	LoadBerryGfx
0x08028A88	0x08028B7F	thumb	CreateBerrySprites
0x08028B80	0x08028BF7	thumb	FreeBerrySprites
0x08028BF8	0x08028C2F	thumb	SetBerryInvisibility
0x08028C30	0x08028C7B	thumb	SetBerryIconsInvisibility
0x08028C7C	0x08028CA3	thumb	SetBerryYPos
0x08028CA4	0x08028CCF	thumb	SetBerryAnim
0x08028CD0	0x08028CF3	thumb	UnusedSetSpritePos
0x08028CF4	0x08028D43	thumb	SpriteCB_Cloud
0x08028D44	0x08028DFB	thumb	CreateCloudSprites
0x08028DFC	0x08028E4B	thumb	ResetCloudPos
0x08028E4C	0x08028E83	thumb	StartCloudMovement
0x08028E84	0x08028EC7	thumb	FreeCloudSprites
0x08028EC8	0x08028F13	thumb	SetCloudInvisibility
0x08028F14	0x08028FCB	thumb	GetDodrioXPos
0x08028FCC	0x08028FF5	thumb	ResetBerryAndStatusBarSprites
0x08028FF8	0x08029029	thumb	LoadWindowFrameGfx
0x0802902C	0x0802903B	thumb	LoadUserWindowFrameGfx
0x0802903C	0x08029073	thumb	ResetGfxState
0x08029074	0x08029171	thumb	DrawYesNoMessageWindow
0x08029174	0x08029271	thumb	DrawMessageWindow
0x08029274	0x080292D3	thumb	InitGameGfx
0x080292D4	0x080292DD	thumb	FreeAllWindowBuffers_
0x080292E0	0x08029313	thumb	SetGfxFuncById
0x08029314	0x08029337	thumb	Task_TryRunGfxFunc
0x08029338	0x0802943D	thumb	LoadGfx
0x08029440	0x080296A7	thumb	ShowNames
0x080296A8	0x0802988B	thumb	PrintRankedScores
0x0802988C	0x0802A00F	thumb	ShowResults
0x0802A010	0x0802A37F	thumb	Msg_WantToPlayAgain
0x0802A380	0x0802A453	thumb	Msg_SavingDontTurnOff
0x0802A454	0x0802A533	thumb	Msg_CommunicationStandby
0x0802A534	0x0802A587	thumb	EraseMessage
0x0802A588	0x0802A6FB	thumb	Msg_SomeoneDroppedOut
0x0802A6FC	0x0802A727	thumb	StopGfxFuncs
0x0802A728	0x0802A729	thumb	GfxIdle
0x0802A72C	0x0802A75B	thumb	SetGfxFunc
0x0802A75C	0x0802A76F	thumb	GetGfxFunc
0x0802A770	0x0802A791	thumb	IsGfxFuncActive
0x0802A794	0x0802A7A7	thumb	GetPlayAgainState
0x0802A7A8	0x0802A8E7	thumb	InitBgs
0x0802A8E8	0x0802A9A7	thumb	LoadBgGfx
0x0802A9A8	0x0802AA47	thumb	StartPokemonJump
0x0802AA48	0x0802AA5F	thumb	FreePokemonJump
0x0802AA60	0x0802AA93	thumb	InitGame
0x0802AA94	0x0802AB1F	thumb	ResetForNewGame
0x0802AB20	0x0802AB97	thumb	InitPlayerAndJumpTypes
0x0802AB98	0x0802ABFF	thumb	ResetPlayersForNewGame
0x0802AC00	0x0802AC2B	thumb	GetPokemonJumpSpeciesIdx
0x0802AC2C	0x0802AC55	thumb	InitJumpMonInfo
0x0802AC58	0x0802AC69	thumb	VBlankCB_PokemonJump
0x0802AC6C	0x0802AC81	thumb	CB2_PokemonJump
0x0802AC84	0x0802AC9F	thumb	SetPokeJumpTask
0x0802ACA0	0x0802AE13	thumb	Task_StartPokemonJump
0x0802AE14	0x0802AE4F	thumb	SetLinkTimeInterval
0x0802AE50	0x0802AEA3	thumb	SetFunc_Leader
0x0802AEA4	0x0802AF7F	thumb	RecvLinkData_Leader
0x0802AF80	0x0802B007	thumb	Task_PokemonJump_Leader
0x0802B008	0x0802B043	thumb	SendLinkData_Leader
0x0802B044	0x0802B077	thumb	SetFunc_Member
0x0802B078	0x0802B193	thumb	RecvLinkData_Member
0x0802B194	0x0802B1FB	thumb	Task_PokemonJump_Member
0x0802B1FC	0x0802B247	thumb	SendLinkData_Member
0x0802B248	0x0802B29B	thumb	GameIntro_Leader
0x0802B29C	0x0802B2D3	thumb	GameIntro_Member
0x0802B2D4	0x0802B31B	thumb	WaitRound_Leader
0x0802B31C	0x0802B365	thumb	WaitRound_Member
0x0802B368	0x0802B3B3	thumb	GameRound_Leader
0x0802B3B4	0x0802B3D3	thumb	GameRound_Member
0x0802B3D4	0x0802B46F	thumb	GameOver_Leader
0x0802B470	0x0802B4CB	thumb	GameOver_Member
0x0802B4CC	0x0802B567	thumb	AskPlayAgain_Leader
0x0802B568	0x0802B5C7	thumb	AskPlayAgain_Member
0x0802B5C8	0x0802B625	thumb	ResetGame_Leader
0x0802B628	0x0802B661	thumb	ResetGame_Member
0x0802B664	0x0802B6B7	thumb	ExitGame
0x0802B6B8	0x0802B703	thumb	GivePrize_Leader
0x0802B704	0x0802B71D	thumb	GivePrize_Member
0x0802B720	0x0802B7DF	thumb	SavePokeJump
0x0802B7E0	0x0802B8CB	thumb	DoGameIntro
0x0802B8CC	0x0802B961	thumb	HandleSwingRound
0x0802B964	0x0802BA57	thumb	DoVineHitEffect
0x0802BA58	0x0802BB83	thumb	TryGivePrize
0x0802BB84	0x0802BC5F	thumb	DoPlayAgainPrompt
0x0802BC60	0x0802BD2D	thumb	ClosePokeJumpLink
0x0802BD30	0x0802BD81	thumb	CloseMessageAndResetScore
0x0802BD84	0x0802BE5F	thumb	Task_CommunicateMonInfo
0x0802BE60	0x0802BE7F	thumb	SetTaskWithPokeJumpStruct
0x0802BE80	0x0802BE9F	thumb	InitVineState
0x0802BEA0	0x0802BEE3	thumb	ResetVineState
0x0802BEE4	0x0802BF47	thumb	UpdateVineState
0x0802BF48	0x0802BF7B	thumb	GetVineSpeed
0x0802BF7C	0x0802C097	thumb	UpdateVineSpeed
0x0802C098	0x0802C0B7	thumb	PokeJumpRandom
0x0802C0B8	0x0802C0DB	thumb	ResetVineAfterHit
0x0802C0DC	0x0802C0E7	thumb	IsGameOver
0x0802C0E8	0x0802C113	thumb	ResetPlayersJumpStates
0x0802C114	0x0802C12F	thumb	ResetPlayersMonState
0x0802C130	0x0802C161	thumb	IsPlayersMonState
0x0802C164	0x0802C18B	thumb	SetMonStateJump
0x0802C18C	0x0802C1BB	thumb	SetMonStateHit
0x0802C1BC	0x0802C1DB	thumb	SetMonStateNormal
0x0802C1DC	0x0802C23F	thumb	UpdateGame
0x0802C240	0x0802C25F	thumb	TryUpdateVineSwing
0x0802C260	0x0802C26F	thumb	DisallowVineUpdates
0x0802C270	0x0802C27F	thumb	AllowVineUpdates
0x0802C280	0x0802C395	thumb	HandleMonState
0x0802C398	0x0802C43B	thumb	UpdateJump
0x0802C43C	0x0802C537	thumb	TryUpdateScore
0x0802C538	0x0802C5DB	thumb	UpdateVineHitStates
0x0802C5DC	0x0802C617	thumb	AllPlayersJumpedOrHit
0x0802C618	0x0802C64F	thumb	DidAllPlayersClearVine
0x0802C650	0x0802C687	thumb	ShouldPlayAgain
0x0802C688	0x0802C6AF	thumb	AddJumpScore
0x0802C6B0	0x0802C709	thumb	GetPlayersAtJumpPeak
0x0802C70C	0x0802C73B	thumb	AreLinkQueuesEmpty
0x0802C73C	0x0802C77F	thumb	GetNumPlayersForBonus
0x0802C780	0x0802C78F	thumb	ClearUnreadField
0x0802C790	0x0802C79F	thumb	GetScoreBonus
0x0802C7A0	0x0802C7BB	thumb	TryUpdateExcellentsRecord
0x0802C7BC	0x0802C7DD	thumb	HasEnoughScoreForPrize
0x0802C7E0	0x0802C807	thumb	GetPrizeData
0x0802C808	0x0802C815	thumb	UnpackPrizeData
0x0802C818	0x0802C837	thumb	GetPrizeItemId
0x0802C838	0x0802C87D	thumb	GetPrizeQuantity
0x0802C880	0x0802C8AB	thumb	GetQuantityLimitedByBag
0x0802C8AC	0x0802C8B9	thumb	GetNumPokeJumpPlayers
0x0802C8BC	0x0802C8C7	thumb	GetPokeJumpMultiplayerId
0x0802C8C8	0x0802C8E7	thumb	GetMonInfoByMultiplayerId
0x0802C8E8	0x0802C907	thumb	GetPokeJumpPlayerName
0x0802C908	0x0802C91D	thumb	IsSpeciesAllowedInPokemonJump
0x0802C920	0x0802C973	thumb	IsPokemonJumpSpeciesInParty
0x0802C974	0x0802C9BB	thumb	LoadSpriteSheetsAndPalettes
0x0802C9BC	0x0802C9D1	thumb	ResetPokeJumpSpriteData
0x0802C9D4	0x0802CB13	thumb	CreateJumpMonSprite
0x0802CB14	0x0802CB7B	thumb	DoStarAnim
0x0802CB7C	0x0802CBEF	thumb	SpriteCB_Star
0x0802CBF0	0x0802CC17	thumb	Gfx_StartMonHitShake
0x0802CC18	0x0802CC3F	thumb	Gfx_IsMonHitShakeActive
0x0802CC40	0x0802CC87	thumb	SpriteCB_MonHitShake
0x0802CC88	0x0802CCAF	thumb	Gfx_StartMonHitFlash
0x0802CCB0	0x0802CD07	thumb	Gfx_StopMonHitFlash
0x0802CD08	0x0802CD39	thumb	SpriteCB_MonHitFlash
0x0802CD3C	0x0802CD6F	thumb	Gfx_ResetMonSpriteSubpriorities
0x0802CD70	0x0802CD97	thumb	Gfx_StartMonIntroBounce
0x0802CD98	0x0802CDD3	thumb	Gfx_IsMonIntroBounceActive
0x0802CDD4	0x0802CE47	thumb	SpriteCB_MonIntroBounce
0x0802CE48	0x0802CE9B	thumb	CreateStarSprite
0x0802CE9C	0x0802CF4F	thumb	CreateVineSprites
0x0802CF50	0x0802D043	thumb	UpdateVineAnim
0x0802D044	0x0802D067	thumb	StartPokeJumpCountdown
0x0802D068	0x0802D071	thumb	IsPokeJumpCountdownRunning
0x0802D074	0x0802D0AB	thumb	StartPokeJumpGfx
0x0802D0AC	0x0802D0B9	thumb	FreeWindowsAndDigitObj
0x0802D0BC	0x0802D0C7	thumb	InitPokeJumpGfx
0x0802D0C8	0x0802D0EF	thumb	SetUpPokeJumpGfxFuncById
0x0802D0F0	0x0802D107	thumb	IsPokeJumpGfxFuncFinished
0x0802D108	0x0802D12B	thumb	SetUpPokeJumpGfxFunc
0x0802D12C	0x0802D14F	thumb	Task_RunPokeJumpGfxFunc
0x0802D150	0x0802D2E1	thumb	LoadPokeJumpGfx
0x0802D2E4	0x0802D34F	thumb	PrintPlayerNamesNoHighlight
0x0802D350	0x0802D3BB	thumb	PrintPlayerNamesWithHighlight
0x0802D3BC	0x0802D447	thumb	ErasePlayerNames
0x0802D448	0x0802D4F3	thumb	Msg_WantToPlayAgain
0x0802D4F4	0x0802D595	thumb	Msg_SavingDontTurnOff
0x0802D598	0x0802D5E3	thumb	EraseMessage
0x0802D5E4	0x0802D685	thumb	Msg_SomeoneDroppedOut
0x0802D688	0x0802D729	thumb	Msg_CommunicationStandby
0x0802D72C	0x0802D763	thumb	DoPokeJumpCountdown
0x0802D764	0x0802D787	thumb	SetUpResetVineGfx
0x0802D788	0x0802D7E5	thumb	ResetVineGfx
0x0802D7E8	0x0802D883	thumb	PrintPrizeMessage
0x0802D884	0x0802D8FB	thumb	PrintPrizeFilledBagMessage
0x0802D8FC	0x0802D973	thumb	PrintNoRoomForPrizeMessage
0x0802D974	0x0802DA13	thumb	DoPrizeMessageAndFanfare
0x0802DA14	0x0802DA43	thumb	ClearMessageWindow
0x0802DA44	0x0802DA89	thumb	RemoveMessageWindow
0x0802DA8C	0x0802DA99	thumb	HandlePlayAgainInput
0x0802DA9C	0x0802DB17	thumb	AddMessageWindow
0x0802DB18	0x0802DB8B	thumb	CreatePokeJumpYesNoMenu
0x0802DB8C	0x0802DBF7	thumb	PrintScoreSuffixes
0x0802DBF8	0x0802DC7F	thumb	CreateJumpMonSprites
0x0802DC80	0x0802DC9B	thumb	SetMonSpriteY
0x0802DC9C	0x0802DCCB	thumb	UpdateVineSwing
0x0802DCCC	0x0802DD07	thumb	DoSameJumpTimeBonus
0x0802DD08	0x0802DD63	thumb	InitDigitPrinters
0x0802DD64	0x0802DD71	thumb	PrintScore
0x0802DD74	0x0802DD85	thumb	PrintJumpsInRow
0x0802DD88	0x0802DD9F	thumb	StartMonHitShake
0x0802DDA0	0x0802DDB7	thumb	StartMonHitFlash
0x0802DDB8	0x0802DDCB	thumb	IsMonHitShakeActive
0x0802DDCC	0x0802DDDF	thumb	StopMonHitFlash
0x0802DDE0	0x0802DDF3	thumb	ResetMonSpriteSubpriorities
0x0802DDF4	0x0802DE07	thumb	StartMonIntroBounce
0x0802DE08	0x0802DE1B	thumb	IsMonIntroBounceActive
0x0802DE1C	0x0802DED7	thumb	AddPlayerNameWindows
0x0802DED8	0x0802DF6F	thumb	PrintPokeJumpPlayerName
0x0802DF70	0x0802DFD1	thumb	PrintPokeJumpPlayerNames
0x0802DFD4	0x0802E00B	thumb	DrawPlayerNameWindows
0x0802E00C	0x0802E057	thumb	ShowBonus
0x0802E058	0x0802E08F	thumb	UpdateBonus
0x0802E090	0x0802E0A9	thumb	Task_UpdateBonus
0x0802E0AC	0x0802E0CD	thumb	SendPacket_MonInfo
0x0802E0D0	0x0802E11F	thumb	RecvPacket_MonInfo
0x0802E120	0x0802E137	thumb	SendPacket_Unused
0x0802E138	0x0802E1BB	thumb	SendPacket_LeaderState
0x0802E1BC	0x0802E231	thumb	RecvPacket_LeaderState
0x0802E234	0x0802E261	thumb	SendPacket_MemberState
0x0802E264	0x0802E2CD	thumb	RecvPacket_MemberStateToLeader
0x0802E2D0	0x0802E329	thumb	RecvPacket_MemberStateToMember
0x0802E32C	0x0802E33B	thumb	GetPokeJumpRecords
0x0802E33C	0x0802E353	thumb	ResetPokemonJumpRecords
0x0802E354	0x0802E3A7	thumb	TryUpdateRecords
0x0802E3A8	0x0802E3C3	thumb	IncrementGamesWithMaxPlayers
0x0802E3C4	0x0802E3E3	thumb	ShowPokemonJumpRecords
0x0802E3E4	0x0802E4FD	thumb	Task_ShowPokemonJumpRecords
0x0802E500	0x0802E61F	thumb	PrintRecordsText
0x0802E620	0x0802E639	thumb	TruncateToFirstWordOnly
0x0802E63C	0x0802E687	thumb	CreateStaticCountdownTask
0x0802E688	0x0802E6B9	thumb	StartStaticCountdown
0x0802E6BC	0x0802E6CF	thumb	IsStaticCountdownRunning
0x0802E6D0	0x0802E75B	thumb	Task_StaticCountdown
0x0802E75C	0x0802E83B	thumb	StaticCountdown_CreateSprites
0x0802E83C	0x0802E8C7	thumb	Task_StaticCountdown_Init
0x0802E8C8	0x0802E937	thumb	Task_StaticCountdown_Free
0x0802E938	0x0802EA4F	thumb	SpriteCB_StaticCountdown
0x0802EA50	0x0802EAAF	thumb	Task_StaticCountdown_Start
0x0802EAB0	0x0802EB21	thumb	Task_StaticCountdown_Run
0x0802EB24	0x0802EB83	thumb	StartMinigameCountdown
0x0802EB84	0x0802EB97	thumb	IsMinigameCountdownRunning
0x0802EB98	0x0802EC97	thumb	Task_MinigameCountdown
0x0802EC98	0x0802EDCB	thumb	RunMinigameCountdownDigitsAnim
0x0802EDCC	0x0802EE2F	thumb	InitStartGraphic
0x0802EE30	0x0802EE5B	thumb	IsStartGraphicAnimRunning
0x0802EE5C	0x0802EF4F	thumb	SpriteCB_Start
0x0802EF50	0x0802EFA7	thumb	Load321StartGfx
0x0802EFA8	0x0802EFFB	thumb	CreateNumberSprite
0x0802EFFC	0x0802F0CB	thumb	CreateStartSprite
0x0802F0CC	0x0802F0E3	thumb	RtcDisableInterrupts
0x0802F0E4	0x0802F0F7	thumb	RtcRestoreInterrupts
0x0802F0F8	0x0802F11F	thumb	ConvertBcdToBinary
0x0802F120	0x0802F151	thumb	IsLeapYear
0x0802F154	0x0802F1DF	thumb	ConvertDateToDayCount
0x0802F1E0	0x0802F219	thumb	RtcGetDayCount
0x0802F21C	0x0802F27B	thumb	RtcInit
0x0802F27C	0x0802F287	thumb	RtcGetErrorStatus
0x0802F288	0x0802F2B7	thumb	RtcGetInfo
0x0802F2B8	0x0802F2CF	thumb	RtcGetDateTime
0x0802F2D0	0x0802F2E7	thumb	RtcGetStatus
0x0802F2E8	0x0802F2FB	thumb	RtcGetRawInfo
0x0802F2FC	0x0802F3F7	thumb	RtcCheckInfo
0x0802F3F8	0x0802F409	thumb	RtcReset
0x0802F40C	0x0802F441	thumb	FormatDecimalTime
0x0802F444	0x0802F479	thumb	FormatHexTime
0x0802F47C	0x0802F493	thumb	FormatHexRtcTime
0x0802F494	0x0802F4C9	thumb	FormatDecimalDate
0x0802F4CC	0x0802F501	thumb	FormatHexDate
0x0802F504	0x0802F587	thumb	RtcCalcTimeDifference
0x0802F588	0x0802F5B3	thumb	RtcCalcLocalTime
0x0802F5B4	0x0802F5C7	thumb	RtcInitLocalTimeOffset
0x0802F5C8	0x0802F5FB	thumb	RtcCalcLocalTimeOffset
0x0802F5FC	0x0802F661	thumb	CalcTimeDifference
0x0802F664	0x0802F69B	thumb	RtcGetMinuteCount
0x0802F69C	0x0802F6AF	thumb	RtcGetLocalDayCount
0x0802F6B0	0x0802F6C5	thumb	CB2_MainMenu
0x0802F6C8	0x0802F6D9	thumb	VBlankCB_MainMenu
0x0802F6DC	0x0802F6E7	thumb	CB2_InitMainMenu
0x0802F6E8	0x0802F6F3	thumb	CB2_ReinitMainMenu
0x0802F6F4	0x0802F8D7	thumb	InitMainMenu
0x0802F8D8	0x0802FA5B	thumb	Task_MainMenuCheckSaveFile
0x0802FA5C	0x0802FAAF	thumb	Task_WaitForSaveFileErrorWindow
0x0802FAB0	0x0802FB4F	thumb	Task_MainMenuCheckBattery
0x0802FB50	0x0802FBA3	thumb	Task_WaitForBatteryDryErrorWindow
0x0802FBA4	0x080300AF	thumb	Task_DisplayMainMenu
0x080300B0	0x080300DF	thumb	Task_HighlightSelectedMainMenuItem
0x080300E0	0x08030249	thumb	HandleMainMenuInput
0x0803024C	0x0803027B	thumb	Task_HandleMainMenuInput
0x0803027C	0x08030543	thumb	Task_HandleMainMenuAPressed
0x08030544	0x080305A3	thumb	Task_HandleMainMenuBPressed
0x080305A4	0x08030697	thumb	Task_DisplayMainMenuInvalidActionError
0x08030698	0x080307AF	thumb	HighlightSelectedMainMenuItem
0x080307B0	0x080308AF	thumb	Task_NewGameBirchSpeech_Init
0x080308B0	0x08030927	thumb	Task_NewGameBirchSpeech_WaitToShowBirch
0x08030928	0x080309CB	thumb	Task_NewGameBirchSpeech_WaitForSpriteFadeInWelcome
0x080309CC	0x08030A2B	thumb	Task_NewGameBirchSpeech_ThisIsAPokemon
0x08030A2C	0x08030A6F	thumb	Task_NewGameBirchSpeech_MainSpeech
0x08030A70	0x08030B13	thumb	Task_NewGameBirchSpeechSub_InitPokeBall
0x08030B14	0x08030BCB	thumb	Task_NewGameBirchSpeechSub_WaitForLotad
0x08030BCC	0x08030C17	thumb	Task_NewGameBirchSpeech_AndYouAre
0x08030C18	0x08030C8F	thumb	Task_NewGameBirchSpeech_StartBirchLotadPlatformFade
0x08030C90	0x08030CD3	thumb	Task_NewGameBirchSpeech_SlidePlatformAway
0x08030CD4	0x08030D83	thumb	Task_NewGameBirchSpeech_StartPlayerFadeIn
0x08030D84	0x08030DC7	thumb	Task_NewGameBirchSpeech_WaitForPlayerFadeIn
0x08030DC8	0x08030E07	thumb	Task_NewGameBirchSpeech_BoyOrGirl
0x08030E08	0x08030E37	thumb	Task_NewGameBirchSpeech_WaitToShowGenderMenu
0x08030E38	0x08030ED3	thumb	Task_NewGameBirchSpeech_ChooseGender
0x08030ED4	0x08030F7B	thumb	Task_NewGameBirchSpeech_SlideOutOldGenderSprite
0x08030F7C	0x08030FD3	thumb	Task_NewGameBirchSpeech_SlideInNewGenderSprite
0x08030FD4	0x08031013	thumb	Task_NewGameBirchSpeech_WhatsYourName
0x08031014	0x0803103F	thumb	Task_NewGameBirchSpeech_WaitForWhatsYourNameToPrint
0x08031040	0x0803108F	thumb	Task_NewGameBirchSpeech_WaitPressBeforeNameChoice
0x08031090	0x08031103	thumb	Task_NewGameBirchSpeech_StartNamingScreen
0x08031104	0x08031143	thumb	Task_NewGameBirchSpeech_SoItsPlayerName
0x08031144	0x08031187	thumb	Task_NewGameBirchSpeech_CreateNameYesNo
0x08031188	0x0803121F	thumb	Task_NewGameBirchSpeech_ProcessNameYesNoMenu
0x08031220	0x08031257	thumb	Task_NewGameBirchSpeech_SlidePlatformAway2
0x08031258	0x0803133B	thumb	Task_NewGameBirchSpeech_ReshowBirchLotad
0x0803133C	0x080313E3	thumb	Task_NewGameBirchSpeech_WaitForSpriteFadeInAndTextPrinter
0x080313E4	0x080314C3	thumb	Task_NewGameBirchSpeech_AreYouReady
0x080314C4	0x0803157F	thumb	Task_NewGameBirchSpeech_ShrinkPlayer
0x08031580	0x080315BB	thumb	Task_NewGameBirchSpeech_WaitForPlayerShrink
0x080315BC	0x0803162F	thumb	Task_NewGameBirchSpeech_FadePlayerToWhite
0x08031630	0x08031677	thumb	Task_NewGameBirchSpeech_Cleanup
0x08031678	0x080318D3	thumb	CB2_NewGameBirchSpeech_ReturnFromNamingScreen
0x080318D4	0x080318D5	thumb	SpriteCB_Null
0x080318D8	0x080318F1	thumb	SpriteCB_MovePlayerDownWhileShrinking
0x080318F4	0x0803192B	thumb	NewGameBirchSpeech_CreateLotadSprite
0x0803192C	0x08031A5B	thumb	AddBirchSpeechObjects
0x08031A5C	0x08031AC9	thumb	Task_NewGameBirchSpeech_FadeOutTarget1InTarget2
0x08031ACC	0x08031B3B	thumb	NewGameBirchSpeech_StartFadeOutTarget1InTarget2
0x08031B3C	0x08031BA9	thumb	Task_NewGameBirchSpeech_FadeInTarget1OutTarget2
0x08031BAC	0x08031C1B	thumb	NewGameBirchSpeech_StartFadeInTarget1OutTarget2
0x08031C1C	0x08031C87	thumb	Task_NewGameBirchSpeech_FadePlatformIn
0x08031C88	0x08031CC7	thumb	NewGameBirchSpeech_StartFadePlatformIn
0x08031CC8	0x08031D33	thumb	Task_NewGameBirchSpeech_FadePlatformOut
0x08031D34	0x08031D73	thumb	NewGameBirchSpeech_StartFadePlatformOut
0x08031D74	0x08031DB3	thumb	NewGameBirchSpeech_ShowGenderMenu
0x08031DB4	0x08031DC1	thumb	NewGameBirchSpeech_ProcessGenderMenuInput
0x08031DC4	0x08031E17	thumb	NewGameBirchSpeech_SetDefaultPlayerName
0x08031E18	0x08031E7B	thumb	CreateMainMenuErrorWindow
0x08031E7C	0x08031E91	thumb	MainMenu_FormatSavegameText
0x08031E94	0x08031EF7	thumb	MainMenu_FormatSavegamePlayer
0x08031EF8	0x08031F7B	thumb	MainMenu_FormatSavegameTime
0x08031F7C	0x08032013	thumb	MainMenu_FormatSavegamePokedex
0x08032014	0x080320A3	thumb	MainMenu_FormatSavegameBadges
0x080320A4	0x080320EB	thumb	LoadMainMenuWindowFrameTiles
0x080320EC	0x0803224F	thumb	DrawMainMenuWindowBorder
0x08032250	0x08032297	thumb	ClearMainMenuWindowTilemap
0x08032298	0x080322DF	thumb	NewGameBirchSpeech_ClearGenderWindowTilemap
0x080322E0	0x08032317	thumb	NewGameBirchSpeech_ClearGenderWindow
0x08032318	0x0803239F	thumb	NewGameBirchSpeech_ClearWindow
0x080323A0	0x080323CB	thumb	NewGameBirchSpeech_WaitForThisIsPokemonText
0x080323CC	0x08032439	thumb	CreateYesNoMenuParameterized
0x0803243C	0x08032473	thumb	NewGameBirchSpeech_ShowDialogueWindow
0x08032474	0x0803261B	thumb	NewGameBirchSpeech_CreateDialogueWindowBorder
0x0803261C	0x08032653	thumb	Task_NewGameBirchSpeech_ReturnFromNamingScreenShowTextbox
0x08032654	0x0803269B	thumb	HandleLinkBattleSetup
0x0803269C	0x08032767	thumb	SetUpBattleVarsAndBirchZigzagoon
0x08032768	0x08032823	thumb	InitBattleControllers
0x08032824	0x08032CBF	thumb	InitSinglePlayerBtlControllers
0x08032CC0	0x0803304F	thumb	InitLinkBtlControllers
0x08033050	0x080331B7	thumb	SetBattlePartyIds
0x080331B8	0x08033243	thumb	PrepareBufferDataTransfer
0x08033244	0x080332F3	thumb	CreateTasksForSendRecvLinkBuffers
0x080332F4	0x08033473	thumb	PrepareBufferDataTransferLink
0x08033474	0x08033645	thumb	Task_HandleSendLinkBuffersData
0x08033648	0x0803375B	thumb	TryReceiveLinkBattleData
0x0803375C	0x080338B3	thumb	Task_HandleCopyReceivedLinkBuffersData
0x080338B4	0x080338D7	thumb	BtlController_EmitGetMonData
0x080338D8	0x080338FF	thumb	BtlController_EmitGetRawMonData
0x08033900	0x0803393F	thumb	BtlController_EmitSetMonData
0x08033940	0x0803397F	thumb	BtlController_EmitSetRawMonData
0x08033980	0x0803399F	thumb	BtlController_EmitLoadMonSprite
0x080339A0	0x080339C3	thumb	BtlController_EmitSwitchInAnim
0x080339C4	0x080339E3	thumb	BtlController_EmitReturnMonToBall
0x080339E4	0x08033A03	thumb	BtlController_EmitDrawTrainerPic
0x08033A04	0x08033A23	thumb	BtlController_EmitTrainerSlide
0x08033A24	0x08033A43	thumb	BtlController_EmitTrainerSlideBack
0x08033A44	0x08033A63	thumb	BtlController_EmitFaintAnimation
0x08033A64	0x08033A83	thumb	BtlController_EmitPaletteFade
0x08033A84	0x08033AA3	thumb	BtlController_EmitSuccessBallThrowAnim
0x08033AA4	0x08033AC3	thumb	BtlController_EmitBallThrowAnim
0x08033AC4	0x08033B0B	thumb	BtlController_EmitPause
0x08033B0C	0x08033BE3	thumb	BtlController_EmitMoveAnimation
0x08033BE4	0x08033CFB	thumb	BtlController_EmitPrintString
0x08033CFC	0x08033DE3	thumb	BtlController_EmitPrintSelectionString
0x08033DE4	0x08033E0F	thumb	BtlController_EmitChooseAction
0x08033E10	0x08033E2F	thumb	BtlController_EmitYesNoBox
0x08033E30	0x08033E6B	thumb	BtlController_EmitChooseMove
0x08033E6C	0x08033E9F	thumb	BtlController_EmitChooseItem
0x08033EA0	0x08033EDB	thumb	BtlController_EmitChoosePokemon
0x08033EDC	0x08033EFB	thumb	BtlController_EmitCmd23
0x08033EFC	0x08033F33	thumb	BtlController_EmitHealthBarUpdate
0x08033F34	0x08033F67	thumb	BtlController_EmitExpUpdate
0x08033F68	0x08033FBB	thumb	BtlController_EmitStatusIconUpdate
0x08033FBC	0x08033FF7	thumb	BtlController_EmitStatusAnimation
0x08033FF8	0x08034017	thumb	BtlController_EmitStatusXor
0x08034018	0x0803405F	thumb	BtlController_EmitDataTransfer
0x08034060	0x080340C7	thumb	BtlController_EmitDMA3Transfer
0x080340C8	0x0803410F	thumb	BtlController_EmitPlayBGM
0x08034110	0x08034157	thumb	BtlController_EmitCmd32
0x08034158	0x08034183	thumb	BtlController_EmitTwoReturnValues
0x08034184	0x080341BB	thumb	BtlController_EmitChosenMonReturnValue
0x080341BC	0x080341E7	thumb	BtlController_EmitOneReturnValue
0x080341E8	0x08034213	thumb	BtlController_EmitOneReturnValue_Duplicate
0x08034214	0x08034233	thumb	BtlController_EmitClearUnkVar
0x08034234	0x08034253	thumb	BtlController_EmitSetUnkVar
0x08034254	0x08034273	thumb	BtlController_EmitClearUnkFlag
0x08034274	0x08034293	thumb	BtlController_EmitToggleUnkFlag
0x08034294	0x080342B3	thumb	BtlController_EmitHitAnimation
0x080342B4	0x080342D3	thumb	BtlController_EmitCantSwitch
0x080342D4	0x080342FF	thumb	BtlController_EmitPlaySE
0x08034300	0x0803432B	thumb	BtlController_EmitPlayFanfareOrBGM
0x0803432C	0x0803434B	thumb	BtlController_EmitFaintingCry
0x0803434C	0x0803436B	thumb	BtlController_EmitIntroSlide
0x0803436C	0x0803438B	thumb	BtlController_EmitIntroTrainerBallThrow
0x0803438C	0x080343D3	thumb	BtlController_EmitDrawPartyStatusSummary
0x080343D4	0x080343F3	thumb	BtlController_EmitHidePartyStatusSummary
0x080343F4	0x08034413	thumb	BtlController_EmitEndBounceEffect
0x08034414	0x08034437	thumb	BtlController_EmitSpriteInvisibility
0x08034438	0x08034463	thumb	BtlController_EmitBattleAnimation
0x08034464	0x080344A7	thumb	BtlController_EmitLinkStandbyMsg
0x080344A8	0x080344C7	thumb	BtlController_EmitResetActionMoveSelection
0x080344C8	0x08034517	thumb	BtlController_EmitEndLinkBattle
0x08034518	0x08034521	thumb	LZDecompressWram
0x08034524	0x0803452D	thumb	LZDecompressVram
0x08034530	0x08034563	thumb	LoadCompressedSpriteSheet
0x08034564	0x0803458B	thumb	LoadCompressedSpriteSheetOverrideBuffer
0x0803458C	0x080345BF	thumb	LoadCompressedSpritePalette
0x080345C0	0x080345EF	thumb	LoadCompressedSpritePaletteOverrideBuffer
0x080345F0	0x08034625	thumb	DecompressPicFromTable
0x08034628	0x08034653	thumb	HandleLoadSpecialPokePic
0x08034654	0x0803470F	thumb	LoadSpecialPokePic
0x08034710	0x0803471B	thumb	Unused_LZDecompressWramIndirect
0x0803471C	0x08034973	thumb	StitchObjectsOn8x8Canvas
0x08034974	0x08034985	thumb	GetDecompressedDataSize
0x08034988	0x080349C3	thumb	LoadCompressedSpriteSheetUsingHeap
0x080349C4	0x08034A07	thumb	LoadCompressedSpritePaletteUsingHeap
0x08034A08	0x08034A3D	thumb	DecompressPicFromTable_2
0x08034A40	0x08034AFB	thumb	LoadSpecialPokePic_2
0x08034AFC	0x08034B27	thumb	HandleLoadSpecialPokePic_2
0x08034B28	0x08034B4D	thumb	DecompressPicFromTable_DontHandleDeoxys
0x08034B50	0x08034B7B	thumb	HandleLoadSpecialPokePic_DontHandleDeoxys
0x08034B7C	0x08034C2F	thumb	LoadSpecialPokePic_DontHandleDeoxys
0x08034C30	0x08034C53	thumb	DuplicateDeoxysTiles
0x08034C54	0x08034CC5	thumb	DigitObjUtil_Init
0x08034CC8	0x08034D13	thumb	DigitObjUtil_Free
0x08034D14	0x08034EFB	thumb	DigitObjUtil_CreatePrinter
0x08034EFC	0x08035043	thumb	CopyWorkToOam
0x08035044	0x080350AD	thumb	DigitObjUtil_PrintNumOn
0x080350B0	0x08035163	thumb	DrawNumObjsLeadingZeros
0x08035164	0x080352BD	thumb	DrawNumObjsMinusInFront
0x080352C0	0x080353DB	thumb	DrawNumObjsMinusInBack
0x080353DC	0x0803547B	thumb	DigitObjUtil_DeletePrinter
0x0803547C	0x08035517	thumb	DigitObjUtil_HideOrShow
0x08035518	0x0803556F	thumb	GetFirstOamId
0x08035570	0x080355B3	thumb	SharesTileWithAnyActive
0x080355B4	0x080355F7	thumb	SharesPalWithAnyActive
0x080355F8	0x08035607	thumb	GetTilesPerImage
0x08035608	0x08035647	thumb	UnusedBattleInit
0x08035648	0x08035655	thumb	CB2_UnusedBattleInit
0x08035658	0x080356CF	thumb	BattleInitBgsAndWindows
0x080356D0	0x0803570B	thumb	InitBattleBgsVideo
0x0803570C	0x0803576F	thumb	LoadBattleMenuWindowGfx
0x08035770	0x08035AA3	thumb	DrawMainBattleBackground
0x08035AA4	0x08035AE3	thumb	LoadBattleTextboxAndBackground
0x08035AE4	0x08035C4B	thumb	DrawLinkBattleParticipantPokeballs
0x08035C4C	0x08035D73	thumb	DrawLinkBattleVsScreenOutcomeText
0x08035D74	0x08036153	thumb	InitLinkBattleVsScreen
0x08036154	0x080363C3	thumb	DrawBattleEntryBackground
0x080363C4	0x0803675F	thumb	LoadChosenBattleElement
0x08036760	0x080367D3	thumb	CB2_InitBattle
0x080367D4	0x08036A5B	thumb	CB2_InitBattleInternal
0x08036A5C	0x08036B43	thumb	BufferPartyVsScreenHealth_AtStart
0x08036B44	0x08036C07	thumb	SetPlayerBerryDataInBattleStruct
0x08036C08	0x08036EB7	thumb	SetAllPlayersBerryData
0x08036EB8	0x08036FA9	thumb	FindLinkBattleMaster
0x08036FAC	0x08037457	thumb	CB2_HandleStartBattle
0x08037458	0x080379F7	thumb	CB2_HandleStartMultiPartnerBattle
0x080379F8	0x08037ADB	thumb	SetMultiPartnerMenuParty
0x08037ADC	0x08037D2B	thumb	CB2_PreInitMultiBattle
0x08037D2C	0x08037DF3	thumb	CB2_PreInitIngamePlayerPartnerBattle
0x08037DF4	0x0803841F	thumb	CB2_HandleStartMultiBattle
0x08038420	0x0803849B	thumb	BattleMainCB2
0x0803849C	0x080384E3	thumb	FreeRestoreBattleData
0x080384E4	0x08038527	thumb	CB2_QuitRecordedBattle
0x08038528	0x08038537	thumb	SpriteCB_UnusedBattleInit
0x08038538	0x080385E7	thumb	SpriteCB_UnusedBattleInit_Main
0x080385E8	0x08038A03	thumb	CreateNPCTrainerParty
0x08038A04	0x08038A27	thumb	HBlankCB_Battle
0x08038A28	0x08038AFF	thumb	VBlankCB_Battle
0x08038B00	0x08038B01	thumb	SpriteCB_VsLetterDummy
0x08038B04	0x08038B73	thumb	SpriteCB_VsLetter
0x08038B74	0x08038B93	thumb	SpriteCB_VsLetterInit
0x08038B94	0x08038D63	thumb	BufferPartyVsScreenHealth_AtEnd
0x08038D64	0x08038F13	thumb	CB2_InitEndLinkBattle
0x08038F14	0x08038F31	thumb	CB2_EndLinkBattle
0x08038F34	0x080391DF	thumb	EndLinkBattleInSteps
0x080391E0	0x080392A7	thumb	GetBattleBgTemplateData
0x080392A8	0x0803937B	thumb	CB2_InitAskRecordBattle
0x0803937C	0x08039399	thumb	CB2_AskRecordBattle
0x0803939C	0x0803976B	thumb	AskRecordBattle
0x0803976C	0x080397C3	thumb	TryCorrectShedinjaLanguage
0x080397C4	0x080397DB	thumb	GetBattleWindowTemplatePixelWidth
0x080397DC	0x0803980B	thumb	SpriteCB_WildMon
0x0803980C	0x08039837	thumb	SpriteCB_MoveWildMonToRight
0x08039838	0x08039893	thumb	SpriteCB_WildMonShowHealthbox
0x08039894	0x080398B7	thumb	SpriteCB_WildMonAnimate
0x080398B8	0x080398B9	thumb	SpriteCallbackDummy_2
0x080398BC	0x080398CF	thumb	SpriteCB_InitFlicker
0x080398D0	0x08039933	thumb	SpriteCB_Flicker
0x08039934	0x08039A47	thumb	SpriteCB_FaintOpponentMon
0x08039A48	0x08039AD7	thumb	SpriteCB_AnimFaintOpponent
0x08039AD8	0x08039AF3	thumb	SpriteCB_ShowAsMoveTarget
0x08039AF4	0x08039B29	thumb	SpriteCB_BlinkVisible
0x08039B2C	0x08039B57	thumb	SpriteCB_HideAsMoveTarget
0x08039B58	0x08039BB3	thumb	SpriteCB_OpponentMonFromBall
0x08039BB4	0x08039BBF	thumb	SpriteCB_BattleSpriteStartSlideLeft
0x08039BC0	0x08039BEF	thumb	SpriteCB_BattleSpriteSlideLeft
0x08039BF0	0x08039BFB	thumb	SetIdleSpriteCallback
0x08039BFC	0x08039BFD	thumb	SpriteCB_Idle
0x08039C00	0x08039C27	thumb	SpriteCB_FaintSlideAnim
0x08039C28	0x08039D47	thumb	DoBounceEffect
0x08039D48	0x08039DF7	thumb	EndBounceEffect
0x08039DF8	0x08039E43	thumb	SpriteCB_BounceEffect
0x08039E44	0x08039E5F	thumb	SpriteCB_PlayerMonFromBall
0x08039E60	0x08039E83	thumb	SpriteCB_TrainerThrowObject_Main
0x08039E84	0x08039E9B	thumb	SpriteCB_TrainerThrowObject
0x08039E9C	0x08039EC7	thumb	AnimSetCenterToCornerVecX
0x08039EC8	0x08039EC9	thumb	BeginBattleIntroDummy
0x08039ECC	0x08039EEF	thumb	BeginBattleIntro
0x08039EF0	0x08039F3F	thumb	BattleMainCB1
0x08039F40	0x0803A283	thumb	BattleStartClearSetData
0x0803A284	0x0803A75B	thumb	SwitchInClearSetData
0x0803A75C	0x0803ABBF	thumb	FaintClearSetData
0x0803ABC0	0x0803AC33	thumb	BattleIntroGetMonsData
0x0803AC34	0x0803AC83	thumb	BattleIntroPrepareBackgroundSlide
0x0803AC84	0x0803AF7F	thumb	BattleIntroDrawTrainersOrMonsSprites
0x0803AF80	0x0803B11F	thumb	BattleIntroDrawPartySummaryScreens
0x0803B120	0x0803B157	thumb	BattleIntroPrintTrainerWantsToBattle
0x0803B158	0x0803B17F	thumb	BattleIntroPrintWildMonAttacked
0x0803B180	0x0803B1DB	thumb	BattleIntroPrintOpponentSendsOut
0x0803B1DC	0x0803B25B	thumb	BattleIntroOpponent2SendsOutMonAnimation
0x0803B25C	0x0803B313	thumb	BattleIntroOpponent1SendsOutMonAnimation
0x0803B314	0x0803B3AB	thumb	BattleIntroRecordMonsToDex
0x0803B3AC	0x0803B3CB	thumb	BattleIntroSkipRecordMonsToDex
0x0803B3CC	0x0803B42B	thumb	BattleIntroPrintPlayerSendsOut
0x0803B42C	0x0803B4C7	thumb	BattleIntroPlayer2SendsOutMonAnimation
0x0803B4C8	0x0803B597	thumb	BattleIntroPlayer1SendsOutMonAnimation
0x0803B598	0x0803B627	thumb	BattleIntroSwitchInPlayerMons
0x0803B628	0x0803B903	thumb	TryDoEventsBeforeFirstTurn
0x0803B904	0x0803B9BB	thumb	HandleEndTurn_ContinueBattle
0x0803B9BC	0x0803BB87	thumb	BattleTurnPassed
0x0803BB88	0x0803BD9F	thumb	IsRunningFromBattleImpossible
0x0803BDA0	0x0803BE73	thumb	SwitchPartyOrder
0x0803BE74	0x0803CDB7	thumb	HandleTurnActionSelectionState
0x0803CDB8	0x0803CDF7	thumb	AllAtActionConfirmed
0x0803CDF8	0x0803CEDB	thumb	UpdateBattlerPartyOrdersOnSwitch
0x0803CEDC	0x0803CF0F	thumb	SwapTurnOrder
0x0803CF10	0x0803D2E7	thumb	GetWhoStrikesFirst
0x0803D2E8	0x0803D57F	thumb	SetActionsAndBattlersTurnOrder
0x0803D580	0x0803D69F	thumb	TurnValuesCleanUp
0x0803D6A0	0x0803D6EF	thumb	SpecialStatusesClear
0x0803D6F0	0x0803D817	thumb	CheckFocusPunch_ClearVarsBeforeTurnStarts
0x0803D818	0x0803D8BF	thumb	RunTurnActionsFunctions
0x0803D8C0	0x0803DABF	thumb	HandleEndTurn_BattleWon
0x0803DAC0	0x0803DB9F	thumb	HandleEndTurn_BattleLost
0x0803DBA0	0x0803DC83	thumb	HandleEndTurn_RanFromBattle
0x0803DC84	0x0803DCD7	thumb	HandleEndTurn_MonFled
0x0803DCD8	0x0803DE3F	thumb	HandleEndTurn_FinishBattle
0x0803DE40	0x0803DEB3	thumb	FreeResetData_ReturnToOvOrDoEvolutions
0x0803DEB4	0x0803DF47	thumb	TryEvolvePokemon
0x0803DF48	0x0803DF6F	thumb	WaitForEvoSceneToFinish
0x0803DF70	0x0803E017	thumb	ReturnFromBattleToOverworld
0x0803E018	0x0803E08B	thumb	RunBattleScriptCommands_PopCallbacksStack
0x0803E08C	0x0803E0B7	thumb	RunBattleScriptCommands
0x0803E0B8	0x0803E867	thumb	HandleAction_UseMove
0x0803E868	0x0803E90B	thumb	HandleAction_Switch
0x0803E90C	0x0803EC1F	thumb	HandleAction_UseItem
0x0803EC20	0x0803EE47	thumb	TryRunFromBattle
0x0803EE48	0x0803EFA7	thumb	HandleAction_Run
0x0803EFA8	0x0803EFEF	thumb	HandleAction_WatchesCarefully
0x0803EFF0	0x0803F04F	thumb	HandleAction_SafariZoneBallThrow
0x0803F050	0x0803F11F	thumb	HandleAction_ThrowPokeblock
0x0803F120	0x0803F1EF	thumb	HandleAction_GoNear
0x0803F1F0	0x0803F22B	thumb	HandleAction_SafariZoneRun
0x0803F22C	0x0803F2A3	thumb	HandleAction_WallyBallThrow
0x0803F2A4	0x0803F2CB	thumb	HandleAction_TryFinish
0x0803F2CC	0x0803F2FF	thumb	HandleAction_NothingIsFainted
0x0803F300	0x0803F3CB	thumb	HandleAction_ActionFinished
0x0803F3CC	0x0803F47D	thumb	GetBattlerForBattleScript
0x0803F480	0x0803F547	thumb	PressurePPLose
0x0803F548	0x0803F67B	thumb	PressurePPLoseOnUsingImprison
0x0803F67C	0x0803F78F	thumb	PressurePPLoseOnUsingPerishSong
0x0803F790	0x0803F7FF	thumb	MarkAllBattlersForControllerExec
0x0803F800	0x0803F84F	thumb	MarkBattlerForControllerExec
0x0803F850	0x0803F89F	thumb	MarkBattlerReceivedLinkData
0x0803F8A0	0x0803F90B	thumb	CancelMultiTurnMoves
0x0803F90C	0x0803F961	thumb	WasUnableToUseMove
0x0803F964	0x0803F987	thumb	PrepareStringBattle
0x0803F988	0x0803F9EB	thumb	ResetSentPokesToOpponentValue
0x0803F9EC	0x0803FA6F	thumb	OpponentSwitchInResetSentPokesToOpponentValue
0x0803FA70	0x0803FAD7	thumb	UpdateSentPokesToOpponentValue
0x0803FAD8	0x0803FAFB	thumb	BattleScriptPush
0x0803FAFC	0x0803FB23	thumb	BattleScriptPushCursor
0x0803FB24	0x0803FB4B	thumb	BattleScriptPop
0x0803FB4C	0x0803FECB	thumb	TrySetCantSelectMoveBattleScript
0x0803FECC	0x080400C7	thumb	CheckMoveLimitations
0x080400C8	0x0804012F	thumb	AreAllMovesUnusable
0x08040130	0x080401CF	thumb	GetImprisonedMovesCount
0x080401D0	0x08040923	thumb	DoFieldEndTurnEffects
0x08040924	0x08041363	thumb	DoBattlerEndTurnEffects
0x08041364	0x08041727	thumb	HandleWishPerishSongOnTurnEnd
0x08041728	0x08041A1B	thumb	HandleFaintedMonActions
0x08041A1C	0x08041A6B	thumb	TryClearRageStatuses
0x08041A6C	0x080423F3	thumb	AtkCanceler_UnableToUseMove
0x080423F4	0x080426BB	thumb	HasNoMonsToSwitch
0x080426BC	0x08042827	thumb	CastformDataTypeChange
0x08042828	0x08044457	thumb	AbilityBattleEffects
0x08044458	0x08044497	thumb	BattleScriptExecute
0x08044498	0x080444DB	thumb	BattleScriptPushCursorAndCallback
0x080444DC	0x08045867	thumb	ItemBattleEffects
0x08045868	0x080458B3	thumb	ClearFuryCutterDestinyBondGrudge
0x080458B4	0x080458DF	thumb	HandleAction_RunBattleScript
0x080458E0	0x08045C43	thumb	GetMoveTarget
0x08045C44	0x08045CBB	thumb	IsBattlerModernFatefulEncounter
0x08045CBC	0x08045FFB	thumb	IsMonDisobedient
0x08045FFC	0x080463AB	thumb	Cmd_attackcanceler
0x080463AC	0x0804643B	thumb	JumpIfMoveFailed
0x0804643C	0x080464AB	thumb	Cmd_jumpifaffectedbyprotect
0x080464AC	0x08046517	thumb	JumpIfMoveAffectedByProtect
0x08046518	0x0804665D	thumb	AccuracyCalcHelper
0x08046660	0x080469E7	thumb	Cmd_accuracycheck
0x080469E8	0x08046A3B	thumb	Cmd_attackstring
0x08046A3C	0x08046C17	thumb	Cmd_ppreduce
0x08046C18	0x08046D8B	thumb	Cmd_critcalc
0x08046D8C	0x08046E7B	thumb	Cmd_damagecalc
0x08046E7C	0x08046F5F	thumb	AI_CalcDmg
0x08046F60	0x08047037	thumb	ModulateDmgByType
0x08047038	0x080472A7	thumb	Cmd_typecalc
0x080472A8	0x0804752B	thumb	CheckWonderGuardAndLevitate
0x0804752C	0x080475E3	thumb	ModulateDmgByType2
0x080475E4	0x080477BB	thumb	TypeCalc
0x080477BC	0x080478B7	thumb	AI_TypeCalc
0x080478B8	0x080478F3	thumb	Unused_ApplyRandomDmgMultiplier
0x080478F4	0x08047AA3	thumb	Cmd_adjustnormaldamage
0x08047AA4	0x08047C2F	thumb	Cmd_adjustnormaldamage2
0x08047C30	0x08047DC7	thumb	Cmd_attackanimation
0x08047DC8	0x08047DE7	thumb	Cmd_waitanimation
0x08047DE8	0x08047EC3	thumb	Cmd_healthbarupdate
0x08047EC4	0x080482BB	thumb	Cmd_datahpupdate
0x080482BC	0x0804830F	thumb	Cmd_critmessage
0x08048310	0x080483DF	thumb	Cmd_effectivenesssound
0x080483E0	0x0804858F	thumb	Cmd_resultmessage
0x08048590	0x080485CF	thumb	Cmd_printstring
0x080485D0	0x08048613	thumb	Cmd_printselectionstring
0x08048614	0x0804866F	thumb	Cmd_waitmessage
0x08048670	0x080486C3	thumb	Cmd_printfromtable
0x080486C4	0x08048727	thumb	Cmd_printselectionstringfromtable
0x08048728	0x0804875F	thumb	GetBattlerTurnOrderNum
0x08048760	0x080499D3	thumb	SetMoveEffect
0x080499D4	0x08049ABF	thumb	Cmd_seteffectwithchance
0x08049AC0	0x08049ACD	thumb	Cmd_seteffectprimary
0x08049AD0	0x08049ADD	thumb	Cmd_seteffectsecondary
0x08049AE0	0x08049B5B	thumb	Cmd_clearstatusfromeffect
0x08049B5C	0x08049E3F	thumb	Cmd_tryfaintmon
0x08049E40	0x08049E7B	thumb	Cmd_dofaintanimation
0x08049E7C	0x08049F03	thumb	Cmd_cleareffectsonfaint
0x08049F04	0x08049F7B	thumb	Cmd_jumpifstatus
0x08049F7C	0x08049FF3	thumb	Cmd_jumpifstatus2
0x08049FF4	0x0804A0D9	thumb	Cmd_jumpifability
0x0804A0DC	0x0804A153	thumb	Cmd_jumpifsideaffecting
0x0804A154	0x0804A24B	thumb	Cmd_jumpifstat
0x0804A24C	0x0804A2CF	thumb	Cmd_jumpifstatus3condition
0x0804A2D0	0x0804A329	thumb	Cmd_jumpiftype
0x0804A32C	0x0804ACCF	thumb	Cmd_getexp
0x0804ACD0	0x0804AF2F	thumb	Cmd_checkteamslost
0x0804AF30	0x0804AF6F	thumb	MoveValuesCleanUp
0x0804AF70	0x0804AF87	thumb	Cmd_movevaluescleanup
0x0804AF88	0x0804AF9F	thumb	Cmd_setmultihit
0x0804AFA0	0x0804AFE7	thumb	Cmd_decrementmultihit
0x0804AFE8	0x0804B007	thumb	Cmd_goto
0x0804B008	0x0804B0A5	thumb	Cmd_jumpifbyte
0x0804B0A8	0x0804B14D	thumb	Cmd_jumpifhalfword
0x0804B150	0x0804B201	thumb	Cmd_jumpifword
0x0804B204	0x0804B289	thumb	Cmd_jumpifarrayequal
0x0804B28C	0x0804B30F	thumb	Cmd_jumpifarraynotequal
0x0804B310	0x0804B337	thumb	Cmd_setbyte
0x0804B338	0x0804B363	thumb	Cmd_addbyte
0x0804B364	0x0804B38F	thumb	Cmd_subbyte
0x0804B390	0x0804B3E3	thumb	Cmd_copyarray
0x0804B3E4	0x0804B44F	thumb	Cmd_copyarraywithindex
0x0804B450	0x0804B47B	thumb	Cmd_orbyte
0x0804B47C	0x0804B4B3	thumb	Cmd_orhalfword
0x0804B4B4	0x0804B4F7	thumb	Cmd_orword
0x0804B4F8	0x0804B523	thumb	Cmd_bicbyte
0x0804B524	0x0804B55B	thumb	Cmd_bichalfword
0x0804B55C	0x0804B59F	thumb	Cmd_bicword
0x0804B5A0	0x0804B5DF	thumb	Cmd_pause
0x0804B5E0	0x0804B5FF	thumb	Cmd_waitstate
0x0804B600	0x0804B657	thumb	Cmd_healthbar_update
0x0804B658	0x0804B661	thumb	Cmd_return
0x0804B664	0x0804B6A3	thumb	Cmd_end
0x0804B6A4	0x0804B6BB	thumb	Cmd_end2
0x0804B6BC	0x0804B6F7	thumb	Cmd_end3
0x0804B6F8	0x0804B727	thumb	Cmd_call
0x0804B728	0x0804B781	thumb	Cmd_jumpiftype2
0x0804B784	0x0804B7CD	thumb	Cmd_jumpifabilitypresent
0x0804B7D0	0x0804B7EB	thumb	Cmd_endselectionscript
0x0804B7EC	0x0804B8AF	thumb	Cmd_playanimation
0x0804B8B0	0x0804B97B	thumb	Cmd_playanimation_var
0x0804B97C	0x0804B9D7	thumb	Cmd_setgraphicalstatchangevalues
0x0804B9D8	0x0804BBCB	thumb	Cmd_playstatchangeanimation
0x0804BBCC	0x0804C5F3	thumb	Cmd_moveend
0x0804C5F4	0x0804C843	thumb	Cmd_typecalc2
0x0804C844	0x0804C893	thumb	Cmd_returnatktoball
0x0804C894	0x0804C903	thumb	Cmd_getswitchedmondata
0x0804C904	0x0804CAE7	thumb	Cmd_switchindataupdate
0x0804CAE8	0x0804CBAF	thumb	Cmd_switchinanim
0x0804CBB0	0x0804CF0F	thumb	Cmd_jumpifcantswitch
0x0804CF10	0x0804CF87	thumb	ChooseMonToSendOut
0x0804CF88	0x0804D81F	thumb	Cmd_openpartyscreen
0x0804D820	0x0804DAAB	thumb	Cmd_switchhandleorder
0x0804DAAC	0x0804DDA7	thumb	Cmd_switchineffects
0x0804DDA8	0x0804DDD7	thumb	Cmd_trainerslidein
0x0804DDD8	0x0804DE13	thumb	Cmd_playse
0x0804DE14	0x0804DE4F	thumb	Cmd_fanfare
0x0804DE50	0x0804DE7F	thumb	Cmd_playfaintcry
0x0804DE80	0x0804DEB7	thumb	Cmd_endlinkbattle
0x0804DEB8	0x0804DEEB	thumb	Cmd_returntoball
0x0804DEEC	0x0804E037	thumb	Cmd_handlelearnnewmove
0x0804E038	0x0804E3C7	thumb	Cmd_yesnoboxlearnmove
0x0804E3C8	0x0804E507	thumb	Cmd_yesnoboxstoplearningmove
0x0804E508	0x0804E597	thumb	Cmd_hitanimation
0x0804E598	0x0804E6D7	thumb	GetTrainerMoneyToGive
0x0804E6D8	0x0804E763	thumb	Cmd_getmoneyreward
0x0804E764	0x0804E817	thumb	Cmd_updatebattlermoves
0x0804E818	0x0804E867	thumb	Cmd_swapattackerwithtarget
0x0804E868	0x0804E897	thumb	Cmd_incrementgamestat
0x0804E898	0x0804E95F	thumb	Cmd_drawpartystatussummary
0x0804E960	0x0804E98F	thumb	Cmd_hidepartystatussummary
0x0804E990	0x0804E9F3	thumb	Cmd_jumptocalledmove
0x0804E9F4	0x0804EA83	thumb	Cmd_statusanimation
0x0804EA84	0x0804EB2B	thumb	Cmd_status2animation
0x0804EB2C	0x0804EBBF	thumb	Cmd_chosenstatusanimation
0x0804EBC0	0x0804ECA3	thumb	Cmd_yesnobox
0x0804ECA4	0x0804ECDB	thumb	Cmd_cancelallactions
0x0804ECDC	0x0804EE57	thumb	Cmd_adjustsetdamage
0x0804EE58	0x0804EEC7	thumb	Cmd_removeitem
0x0804EEC8	0x0804EF03	thumb	Cmd_atknameinbuff1
0x0804EF04	0x0804F0FF	thumb	Cmd_drawlvlupbox
0x0804F100	0x0804F143	thumb	DrawLevelUpWindow1
0x0804F144	0x0804F17B	thumb	DrawLevelUpWindow2
0x0804F17C	0x0804F1CB	thumb	InitLevelUpBanner
0x0804F1CC	0x0804F21F	thumb	SlideInLevelUpBanner
0x0804F220	0x0804F343	thumb	DrawLevelUpBannerText
0x0804F344	0x0804F383	thumb	SlideOutLevelUpBanner
0x0804F384	0x0804F44F	thumb	PutMonIconOnLvlUpBanner
0x0804F450	0x0804F497	thumb	SpriteCB_MonIconOnLvlUpBanner
0x0804F498	0x0804F4D1	thumb	IsMonGettingExpSentOut
0x0804F4D4	0x0804F4EB	thumb	Cmd_resetsentmonsvalue
0x0804F4EC	0x0804F50B	thumb	Cmd_setatktoplayer0
0x0804F50C	0x0804F53F	thumb	Cmd_makevisible
0x0804F540	0x0804F573	thumb	Cmd_recordlastability
0x0804F574	0x0804F59B	thumb	BufferMoveToLearnIntoBattleTextBuff2
0x0804F59C	0x0804F5B3	thumb	Cmd_buffermovetolearn
0x0804F5B4	0x0804F5F7	thumb	Cmd_jumpifplayerran
0x0804F5F8	0x0804F6A3	thumb	Cmd_hpthresholds
0x0804F6A4	0x0804F753	thumb	Cmd_hpthresholds2
0x0804F754	0x0804F7AB	thumb	Cmd_useitemonopponent
0x0804F7AC	0x0804FD8B	thumb	Cmd_various
0x0804FD8C	0x0804FEC7	thumb	Cmd_setprotectlike
0x0804FEC8	0x0804FFE3	thumb	Cmd_tryexplosion
0x0804FFE4	0x08050043	thumb	Cmd_setatkhptozero
0x08050044	0x080500E5	thumb	Cmd_jumpifnexttargetvalid
0x080500E8	0x08050163	thumb	Cmd_tryhealhalfhealth
0x08050164	0x080502C7	thumb	Cmd_trymirrormove
0x080502C8	0x0805031B	thumb	Cmd_setrain
0x0805031C	0x080503E7	thumb	Cmd_setreflect
0x080503E8	0x080504A7	thumb	Cmd_setseeded
0x080504A8	0x08050527	thumb	Cmd_manipulatedamage
0x08050528	0x080505F7	thumb	Cmd_trysetrest
0x080505F8	0x0805063F	thumb	Cmd_jumpifnotfirstturn
0x08050640	0x0805064F	thumb	Cmd_nop
0x08050650	0x080506EB	thumb	UproarWakeUpCheck
0x080506EC	0x08050767	thumb	Cmd_jumpifcantmakeasleep
0x08050768	0x080507E3	thumb	Cmd_stockpile
0x080507E4	0x08050903	thumb	Cmd_stockpiletobasedamage
0x08050904	0x080509E7	thumb	Cmd_stockpiletohpheal
0x080509E8	0x08050A1B	thumb	Cmd_negativedamage
0x08050A1C	0x08050E9F	thumb	ChangeStatBuffs
0x08050EA0	0x08050EEB	thumb	Cmd_statbuffchange
0x08050EEC	0x08050F3F	thumb	Cmd_normalisebuffs
0x08050F40	0x08050FAF	thumb	Cmd_setbide
0x08050FB0	0x08050FEF	thumb	Cmd_confuseifrepeatingattackends
0x08050FF0	0x0805103B	thumb	Cmd_setmultihitcounter
0x0805103C	0x08051063	thumb	Cmd_initmultihitstring
0x08051064	0x0805112B	thumb	TryDoForceSwitchOut
0x0805112C	0x08051423	thumb	Cmd_forcerandomswitch
0x08051424	0x080515C7	thumb	Cmd_tryconversiontypechange
0x080515C8	0x08051663	thumb	Cmd_givepaydaymoney
0x08051664	0x0805172F	thumb	Cmd_setlightscreen
0x08051730	0x08051A83	thumb	Cmd_tryKO
0x08051A84	0x08051ABF	thumb	Cmd_damagetohalftargethp
0x08051AC0	0x08051B17	thumb	Cmd_setsandstorm
0x08051B18	0x08051C8F	thumb	Cmd_weatherdamage
0x08051C90	0x08051E47	thumb	Cmd_tryinfatuating
0x08051E48	0x08051F57	thumb	Cmd_updatestatusicon
0x08051F58	0x08051FFF	thumb	Cmd_setmist
0x08052000	0x0805205B	thumb	Cmd_setfocusenergy
0x0805205C	0x080521FB	thumb	Cmd_transformdataexecution
0x080521FC	0x080522B7	thumb	Cmd_setsubstitute
0x080522B8	0x080522FF	thumb	IsMoveUncopyableByMimic
0x08052300	0x080524D9	thumb	Cmd_mimicattackcopy
0x080524DC	0x08052583	thumb	Cmd_metronome
0x08052584	0x080525B3	thumb	Cmd_dmgtolevel
0x080525B4	0x08052607	thumb	Cmd_psywavedamageeffect
0x08052608	0x080526FF	thumb	Cmd_counterdamagecalculator
0x08052700	0x080527F7	thumb	Cmd_mirrorcoatdamagecalculator
0x080527F8	0x0805293B	thumb	Cmd_disablelastusedattack
0x0805293C	0x08052A6F	thumb	Cmd_trysetencore
0x08052A70	0x08052B33	thumb	Cmd_painsplitdmgcalc
0x08052B34	0x08052D33	thumb	Cmd_settypetorandomresistance
0x08052D34	0x08052D8B	thumb	Cmd_setalwayshitflag
0x08052D8C	0x08052F47	thumb	Cmd_copymovepermanently
0x08052F48	0x08052F81	thumb	IsTwoTurnsMove
0x08052F84	0x08052FAB	thumb	IsInvalidForSleepTalkOrAssist
0x08052FAC	0x08053015	thumb	AttacksThisTurn
0x08053018	0x0805314F	thumb	Cmd_trychoosesleeptalkmove
0x08053150	0x0805317F	thumb	Cmd_setdestinybond
0x08053180	0x080531DF	thumb	TrySetDestinyBondToHappen
0x080531E0	0x080531F7	thumb	Cmd_trysetdestinybondtohappen
0x080531F8	0x0805325F	thumb	Cmd_remaininghptopower
0x08053260	0x08053437	thumb	Cmd_tryspiteppreduce
0x08053438	0x0805371B	thumb	Cmd_healpartystatus
0x0805371C	0x0805379F	thumb	Cmd_cursetarget
0x080537A0	0x0805382B	thumb	Cmd_trysetspikes
0x0805382C	0x0805385B	thumb	Cmd_setforesight
0x0805385C	0x08053913	thumb	Cmd_trysetperishsong
0x08053914	0x08053A8F	thumb	Cmd_rolloutdamagecalculation
0x08053A90	0x08053AF7	thumb	Cmd_jumpifconfusedandstatmaxed
0x08053AF8	0x08053BAB	thumb	Cmd_furycuttercalc
0x08053BAC	0x08053C2F	thumb	Cmd_friendshiptodamagecalculation
0x08053C30	0x08053CFB	thumb	Cmd_presentdamagecalculation
0x08053CFC	0x08053DA3	thumb	Cmd_setsafeguard
0x08053DA4	0x08053EC7	thumb	Cmd_magnitudedamagecalculation
0x08053EC8	0x0805405B	thumb	Cmd_jumpifnopursuitswitchdmg
0x0805405C	0x080540B3	thumb	Cmd_setsunny
0x080540B4	0x08054133	thumb	Cmd_maxattackhalvehp
0x08054134	0x0805417B	thumb	Cmd_copyfoestats
0x0805417C	0x080542C7	thumb	Cmd_rapidspinfree
0x080542C8	0x080542F7	thumb	Cmd_setdefensecurlbit
0x080542F8	0x080543FF	thumb	Cmd_recoverbasedonsunlight
0x08054400	0x08054523	thumb	Cmd_hiddenpowercalc
0x08054524	0x08054597	thumb	Cmd_selectfirstvalidtarget
0x08054598	0x080546E3	thumb	Cmd_trysetfutureattack
0x080546E4	0x080548F3	thumb	Cmd_trydobeatup
0x080548F4	0x08054977	thumb	Cmd_setsemiinvulnerablebit
0x08054978	0x08054A07	thumb	Cmd_clearsemiinvulnerablebit
0x08054A08	0x08054A47	thumb	Cmd_setminimize
0x08054A48	0x08054A9F	thumb	Cmd_sethail
0x08054AA0	0x08054B3B	thumb	Cmd_trymemento
0x08054B3C	0x08054B87	thumb	Cmd_setforcedtarget
0x08054B88	0x08054BEB	thumb	Cmd_setcharge
0x08054BEC	0x08054C5F	thumb	Cmd_callenvironmentattack
0x08054C60	0x08054CE3	thumb	Cmd_cureifburnedparalyzedorpoisoned
0x08054CE4	0x08054D3B	thumb	Cmd_settorment
0x08054D3C	0x08054D97	thumb	Cmd_jumpifnodamage
0x08054D98	0x08054E0B	thumb	Cmd_settaunt
0x08054E0C	0x08054EB3	thumb	Cmd_trysethelpinghand
0x08054EB4	0x08055147	thumb	Cmd_tryswapitems
0x08055148	0x080551BF	thumb	Cmd_trycopyability
0x080551C0	0x08055291	thumb	Cmd_trywish
0x08055294	0x080552EB	thumb	Cmd_trysetroots
0x080552EC	0x0805534B	thumb	Cmd_doubledamagedealtifdamaged
0x0805534C	0x080553BB	thumb	Cmd_setyawn
0x080553BC	0x08055427	thumb	Cmd_setdamagetohealthdifference
0x08055428	0x0805548B	thumb	Cmd_scaledamagebyhealthratio
0x0805548C	0x08055523	thumb	Cmd_tryswapabilities
0x08055524	0x0805562B	thumb	Cmd_tryimprison
0x0805562C	0x08055683	thumb	Cmd_trysetgrudge
0x08055684	0x0805571B	thumb	Cmd_weightdamagecalculation
0x0805571C	0x0805589B	thumb	Cmd_assistattackselect
0x0805589C	0x0805591F	thumb	Cmd_trysetmagiccoat
0x08055920	0x0805599B	thumb	Cmd_trysetsnatch
0x0805599C	0x08055A77	thumb	Cmd_trygetintimidatetarget
0x08055A78	0x08055AF3	thumb	Cmd_switchoutabilities
0x08055AF4	0x08055B47	thumb	Cmd_jumpifhasnohp
0x08055B48	0x08055BFF	thumb	Cmd_getsecretpowereffect
0x08055C00	0x08055DFB	thumb	Cmd_pickup
0x08055DFC	0x08055E63	thumb	Cmd_docastformchangeanimation
0x08055E64	0x08055EA3	thumb	Cmd_trycastformdatachange
0x08055EA4	0x08055F5B	thumb	Cmd_settypebasedhalvers
0x08055F5C	0x08056013	thumb	Cmd_setweatherballtype
0x08056014	0x080560BB	thumb	Cmd_tryrecycleitem
0x080560BC	0x0805616B	thumb	Cmd_settypetoenvironment
0x0805616C	0x0805622F	thumb	Cmd_pursuitdoubles
0x08056230	0x08056283	thumb	Cmd_snatchsetbattlers
0x08056284	0x080562FF	thumb	Cmd_removelightscreenreflect
0x08056300	0x080566A7	thumb	Cmd_handleballthrow
0x080566A8	0x0805684F	thumb	Cmd_givecaughtmon
0x08056850	0x080568CB	thumb	Cmd_trysetcaughtmondexflags
0x080568CC	0x08056A3B	thumb	Cmd_displaydexinfo
0x08056A3C	0x08056B71	thumb	HandleBattleWindow
0x08056B74	0x08056BAB	thumb	BattleCreateYesNoCursorAt
0x08056BAC	0x08056BEB	thumb	BattleDestroyYesNoCursorAt
0x08056BEC	0x08056E77	thumb	Cmd_trygivecaughtmonnick
0x08056E78	0x08056EA7	thumb	Cmd_subattackerhpbydmg
0x08056EA8	0x08056ECF	thumb	Cmd_removeattackerstatus1
0x08056ED0	0x08056EDB	thumb	Cmd_finishaction
0x08056EDC	0x08056EF7	thumb	Cmd_finishturn
0x08056EF8	0x08056F27	thumb	Cmd_trainerslideout
0x08056F28	0x08057027	thumb	AllocateBattleResources
0x08057028	0x080570F3	thumb	FreeBattleResources
0x080570F4	0x080571DB	thumb	AdjustFriendshipOnBattleFaint
0x080571DC	0x0805725B	thumb	SwitchPartyOrderInGameMulti
0x0805725C	0x08057457	thumb	BattlePalace_TryEscapeStatus
0x08057458	0x08057459	thumb	BattleControllerDummy
0x0805745C	0x0805748B	thumb	SetControllerToPlayer
0x0805748C	0x08057503	thumb	PlayerBufferExecCompleted
0x08057504	0x08057553	thumb	PlayerBufferRunCommand
0x08057554	0x08057587	thumb	CompleteOnBankSpritePosX_0
0x08057588	0x080577ED	thumb	HandleInputChooseAction
0x080577F0	0x08057823	thumb	UnusedEndBounceEffect
0x08057824	0x08057BFB	thumb	HandleInputChooseTarget
0x08057BFC	0x08057FBB	thumb	HandleInputChooseMove
0x08057FBC	0x08058137	thumb	HandleMoveInputUnused
0x08058138	0x080586F7	thumb	HandleMoveSwitching
0x080586F8	0x080587AF	thumb	SetLinkBattleEndCallbacks
0x080587B0	0x08058843	thumb	SetBattleEndCallbacks
0x08058844	0x0805887B	thumb	CompleteOnBattlerSpriteCallbackDummy
0x0805887C	0x080588B3	thumb	CompleteOnBankSpriteCallbackDummy2
0x080588B4	0x08058923	thumb	FreeTrainerSpriteAfterSlide
0x08058924	0x0805896B	thumb	Intro_DelayAndEnd
0x0805896C	0x08058B3F	thumb	Intro_WaitForShinyAnimAndHealthbox
0x08058B40	0x08058EDB	thumb	Intro_TryShinyAnimShowHealthbox
0x08058EDC	0x08058FBF	thumb	SwitchIn_CleanShinyAnimShowSubstitute
0x08058FC0	0x0805902B	thumb	SwitchIn_HandleSoundAndEnd
0x0805902C	0x080590FF	thumb	SwitchIn_TryShinyAnimShowHealthbox
0x08059100	0x0805912F	thumb	Task_PlayerController_RestoreBgmAfterCry
0x08059130	0x0805919F	thumb	CompleteOnHealthbarDone
0x080591A0	0x080591B5	thumb	CompleteOnInactiveTextPrinter
0x080591B8	0x0805932F	thumb	Task_GiveExpToMon
0x08059330	0x080593FF	thumb	Task_PrepareToGiveExpWithExpBar
0x08059400	0x08059543	thumb	Task_GiveExpWithExpBar
0x08059544	0x080595A3	thumb	Task_LaunchLvlUpAnim
0x080595A4	0x0805965B	thumb	Task_UpdateLvlInHealthbox
0x0805965C	0x080596A7	thumb	DestroyExpTaskAndCompleteOnInactiveTextPrinter
0x080596A8	0x08059743	thumb	FreeMonSpriteAfterFaintAnim
0x08059744	0x080597B3	thumb	FreeMonSpriteAfterSwitchOutAnim
0x080597B4	0x080597C9	thumb	CompleteOnInactiveTextPrinter2
0x080597CC	0x08059827	thumb	OpenPartyMenuToChooseMon
0x08059828	0x080598A3	thumb	WaitForMonSelection
0x080598A4	0x080598DF	thumb	OpenBagAndChooseItem
0x080598E0	0x0805991B	thumb	CompleteWhenChoseItem
0x0805991C	0x08059957	thumb	CompleteOnSpecialAnimDone
0x08059958	0x080599D3	thumb	DoHitAnimBlinkSpriteEffect
0x080599D4	0x08059AAB	thumb	PlayerHandleYesNoInput
0x08059AAC	0x08059B17	thumb	MoveSelectionDisplayMoveNames
0x08059B18	0x08059B3B	thumb	MoveSelectionDisplayPpString
0x08059B3C	0x08059BAF	thumb	MoveSelectionDisplayPpNumber
0x08059BB0	0x08059C27	thumb	MoveSelectionDisplayMoveType
0x08059C28	0x08059C6F	thumb	MoveSelectionCreateCursorAt
0x08059C70	0x08059CB3	thumb	MoveSelectionDestroyCursorAt
0x08059CB4	0x08059CF7	thumb	ActionSelectionCreateCursorAt
0x08059CF8	0x08059D3F	thumb	ActionSelectionDestroyCursorAt
0x08059D40	0x08059D4F	thumb	CB2_SetUpReshowBattleScreenAfterMenu
0x08059D50	0x08059D5F	thumb	CB2_SetUpReshowBattleScreenAfterMenu2
0x08059D60	0x08059D8F	thumb	CompleteOnFinishedStatusAnimation
0x08059D90	0x08059DBF	thumb	CompleteOnFinishedBattleAnimation
0x08059DC0	0x08059DF3	thumb	PrintLinkStandbyMsg
0x08059DF4	0x08059E65	thumb	PlayerHandleGetMonData
0x08059E68	0x0805A613	thumb	CopyPlayerMonData
0x0805A614	0x0805A69B	thumb	PlayerHandleGetRawMonData
0x0805A69C	0x0805A6F3	thumb	PlayerHandleSetMonData
0x0805A6F4	0x0805B0EF	thumb	SetPlayerMonData
0x0805B0F0	0x0805B163	thumb	PlayerHandleSetRawMonData
0x0805B164	0x0805B1CB	thumb	PlayerHandleLoadMonSprite
0x0805B1CC	0x0805B257	thumb	PlayerHandleSwitchInAnim
0x0805B258	0x0805B3D3	thumb	StartSendOutAnim
0x0805B3D4	0x0805B463	thumb	PlayerHandleReturnMonToBall
0x0805B464	0x0805B4EF	thumb	DoSwitchOutAnimation
0x0805B4F0	0x0805B863	thumb	PlayerHandleDrawTrainerPic
0x0805B864	0x0805B9F7	thumb	PlayerHandleTrainerSlide
0x0805B9F8	0x0805BAB7	thumb	PlayerHandleTrainerSlideBack
0x0805BAB8	0x0805BBA3	thumb	PlayerHandleFaintAnimation
0x0805BBA4	0x0805BBC3	thumb	PlayerHandlePaletteFade
0x0805BBC4	0x0805BC17	thumb	PlayerHandleSuccessBallThrowAnim
0x0805BC18	0x0805BC77	thumb	PlayerHandleBallThrowAnim
0x0805BC78	0x0805BCA7	thumb	PlayerHandlePause
0x0805BCA8	0x0805BDFB	thumb	PlayerHandleMoveAnimation
0x0805BDFC	0x0805BF7D	thumb	PlayerDoMoveAnimation
0x0805BF80	0x0805BFDF	thumb	PlayerHandlePrintString
0x0805BFE0	0x0805C003	thumb	PlayerHandlePrintSelectionString
0x0805C004	0x0805C043	thumb	HandleChooseActionAfterDma3
0x0805C044	0x0805C0AF	thumb	PlayerHandleChooseAction
0x0805C0B0	0x0805C113	thumb	PlayerHandleYesNoBox
0x0805C114	0x0805C157	thumb	HandleChooseMoveAfterDma3
0x0805C158	0x0805C1A7	thumb	PlayerChooseMoveInBattlePalace
0x0805C1A8	0x0805C20F	thumb	PlayerHandleChooseMove
0x0805C210	0x0805C247	thumb	InitMoveSelectionsVarsAndStrings
0x0805C248	0x0805C2AB	thumb	PlayerHandleChooseItem
0x0805C2AC	0x0805C3EB	thumb	PlayerHandleChoosePokemon
0x0805C3EC	0x0805C40F	thumb	PlayerHandleCmd23
0x0805C410	0x0805C527	thumb	PlayerHandleHealthBarUpdate
0x0805C528	0x0805C5C3	thumb	PlayerHandleExpUpdate
0x0805C5C4	0x0805C63B	thumb	PlayerHandleStatusIconUpdate
0x0805C63C	0x0805C6A3	thumb	PlayerHandleStatusAnimation
0x0805C6A4	0x0805C70F	thumb	PlayerHandleStatusXor
0x0805C710	0x0805C719	thumb	PlayerHandleDataTransfer
0x0805C71C	0x0805C7CF	thumb	PlayerHandleDMA3Transfer
0x0805C7D0	0x0805C7FF	thumb	PlayerHandlePlayBGM
0x0805C800	0x0805C809	thumb	PlayerHandleCmd32
0x0805C80C	0x0805C81F	thumb	PlayerHandleTwoReturnValues
0x0805C820	0x0805C833	thumb	PlayerHandleChosenMonReturnValue
0x0805C834	0x0805C845	thumb	PlayerHandleOneReturnValue
0x0805C848	0x0805C859	thumb	PlayerHandleOneReturnValue_Duplicate
0x0805C85C	0x0805C877	thumb	PlayerHandleClearUnkVar
0x0805C878	0x0805C8AF	thumb	PlayerHandleSetUnkVar
0x0805C8B0	0x0805C8C7	thumb	PlayerHandleClearUnkFlag
0x0805C8C8	0x0805C8EF	thumb	PlayerHandleToggleUnkFlag
0x0805C8F0	0x0805C95F	thumb	PlayerHandleHitAnimation
0x0805C960	0x0805C969	thumb	PlayerHandleCantSwitch
0x0805C96C	0x0805C9AF	thumb	PlayerHandlePlaySE
0x0805C9B0	0x0805CA09	thumb	PlayerHandlePlayFanfareOrBGM
0x0805CA0C	0x0805CA4B	thumb	PlayerHandleFaintingCry
0x0805CA4C	0x0805CA7F	thumb	PlayerHandleIntroSlide
0x0805CA80	0x0805CBFF	thumb	PlayerHandleIntroTrainerBallThrow
0x0805CC00	0x0805CC67	thumb	SpriteCB_FreePlayerSpriteLoadMonSprite
0x0805CC68	0x0805CD73	thumb	Task_StartSendOutAnim
0x0805CD74	0x0805CE37	thumb	PlayerHandleDrawPartyStatusSummary
0x0805CE38	0x0805CE7F	thumb	EndDrawPartyStatusSummary
0x0805CE80	0x0805CECF	thumb	PlayerHandleHidePartyStatusSummary
0x0805CED0	0x0805CEF3	thumb	PlayerHandleEndBounceEffect
0x0805CEF4	0x0805CF53	thumb	PlayerHandleSpriteInvisibility
0x0805CF54	0x0805CFC7	thumb	PlayerHandleBattleAnimation
0x0805CFC8	0x0805D029	thumb	PlayerHandleLinkStandbyMsg
0x0805D02C	0x0805D093	thumb	PlayerHandleResetActionMoveSelection
0x0805D094	0x0805D113	thumb	PlayerHandleEndLinkBattle
0x0805D114	0x0805D115	thumb	PlayerCmdEnd
0x0805D118	0x0805D157	thumb	AllocateBattleSpritesData
0x0805D158	0x0805D19B	thumb	FreeBattleSpritesData
0x0805D19C	0x0805D4A7	thumb	ChooseMoveAndTargetInBattlePalace
0x0805D4A8	0x0805D5F3	thumb	GetBattlePalaceMoveGroup
0x0805D5F4	0x0805D713	thumb	GetBattlePalaceTarget
0x0805D714	0x0805D76F	thumb	SpriteCB_WaitForBattlerBallReleaseAnim
0x0805D770	0x0805D7AB	thumb	UnusedDoBattleSpriteAffineAnim
0x0805D7AC	0x0805D7EB	thumb	SpriteCB_TrainerSlideIn
0x0805D7EC	0x0805D807	thumb	SpriteCB_TrainerSlideVertical
0x0805D808	0x0805D907	thumb	InitAndLaunchChosenStatusAnimation
0x0805D908	0x0805DA47	thumb	TryHandleLaunchBattleTableAnimation
0x0805DA48	0x0805DA9F	thumb	Task_ClearBitWhenBattleTableAnimDone
0x0805DAA0	0x0805DAC1	thumb	ShouldAnimBeDoneRegardlessOfSubstitute
0x0805DAC4	0x0805DB33	thumb	InitAndLaunchSpecialAnimation
0x0805DB34	0x0805DB8B	thumb	Task_ClearBitWhenSpecialAnimDone
0x0805DB8C	0x0805DB8F	thumb	IsMoveWithoutAnimation
0x0805DB90	0x0805DC0B	thumb	IsBattleSEPlaying
0x0805DC0C	0x0805DD7B	thumb	BattleLoadOpponentMonSpriteGfx
0x0805DD7C	0x0805DF2F	thumb	BattleLoadPlayerMonSpriteGfx
0x0805DF30	0x0805DF31	thumb	BattleGfxSfxDummy1
0x0805DF34	0x0805DF35	thumb	BattleGfxSfxDummy2
0x0805DF38	0x0805DF83	thumb	DecompressTrainerFrontPic
0x0805DF84	0x0805DFDF	thumb	DecompressTrainerBackPic
0x0805DFE0	0x0805DFE1	thumb	BattleGfxSfxDummy3
0x0805DFE4	0x0805DFFB	thumb	FreeTrainerFrontPicPalette
0x0805DFFC	0x0805E08B	thumb	BattleLoadAllHealthBoxesGfxAtOnce
0x0805E08C	0x0805E1B5	thumb	BattleLoadAllHealthBoxesGfx
0x0805E1B8	0x0805E1D7	thumb	LoadBattleBarGfx
0x0805E1D8	0x0805E34D	thumb	BattleInitAllSprites
0x0805E350	0x0805E377	thumb	ClearSpritesHealthboxAnimData
0x0805E378	0x0805E393	thumb	ClearSpritesBattlerHealthboxAnimData
0x0805E394	0x0805E407	thumb	CopyAllBattleSpritesInvisibilities
0x0805E408	0x0805E447	thumb	CopyBattleSpriteInvisibility
0x0805E448	0x0805E7DB	thumb	HandleSpeciesGfxDataChange
0x0805E7DC	0x0805E8F3	thumb	BattleLoadSubstituteOrMonSpriteGfx
0x0805E8F4	0x0805E949	thumb	LoadBattleMonGfxAndAnimate
0x0805E94C	0x0805E973	thumb	TrySetBehindSubstituteSpriteBit
0x0805E974	0x0805E98F	thumb	ClearBehindSubstituteBit
0x0805E990	0x0805EA5F	thumb	HandleLowHpMusicChange
0x0805EA60	0x0805EAB3	thumb	BattleStopLowHpSound
0x0805EAB4	0x0805EAE5	thumb	GetMonHPBarLevel
0x0805EAE8	0x0805EB9B	thumb	HandleBattleLowHpMusicChange
0x0805EB9C	0x0805EC83	thumb	SetBattlerSpriteAffineMode
0x0805EC84	0x0805ED6F	thumb	LoadAndCreateEnemyShadowSprites
0x0805ED70	0x0805EE47	thumb	SpriteCB_EnemyShadow
0x0805EE48	0x0805EE53	thumb	SpriteCB_SetInvisible
0x0805EE54	0x0805EEDF	thumb	SetBattlerShadowSpriteCallback
0x0805EEE0	0x0805EF13	thumb	HideBattlerShadowSprite
0x0805EF14	0x0805EF83	thumb	FillAroundBattleWindows
0x0805EF84	0x0805EFBB	thumb	ClearTemporarySpeciesSpriteData
0x0805EFBC	0x0805F093	thumb	AllocateMonSpritesGfx
0x0805F094	0x0805F10F	thumb	FreeMonSpritesGfx
0x0805F110	0x0805F15F	thumb	ShouldPlayNormalMonCry
0x0805F160	0x0805F161	thumb	OpponentDummy
0x0805F164	0x0805F17F	thumb	SetControllerToOpponent
0x0805F180	0x0805F1CF	thumb	OpponentBufferRunCommand
0x0805F1D0	0x0805F207	thumb	CompleteOnBattlerSpriteCallbackDummy
0x0805F208	0x0805F23F	thumb	CompleteOnBankSpriteCallbackDummy2
0x0805F240	0x0805F2A7	thumb	FreeTrainerSpriteAfterSlide
0x0805F2A8	0x0805F2EF	thumb	Intro_DelayAndEnd
0x0805F2F0	0x0805F55F	thumb	Intro_WaitForShinyAnimAndHealthbox
0x0805F560	0x0805F993	thumb	Intro_TryShinyAnimShowHealthbox
0x0805F994	0x0805FA6F	thumb	TryShinyAnimAfterMonAnim
0x0805FA70	0x0805FAC1	thumb	CompleteOnHealthbarDone
0x0805FAC4	0x0805FB07	thumb	HideHealthboxAfterMonFaint
0x0805FB08	0x0805FB7B	thumb	FreeMonSpriteAfterSwitchOutAnim
0x0805FB7C	0x0805FB91	thumb	CompleteOnInactiveTextPrinter
0x0805FB94	0x0805FC0F	thumb	DoHitAnimBlinkSpriteEffect
0x0805FC10	0x0805FC7F	thumb	SwitchIn_ShowSubstitute
0x0805FC80	0x0805FCFF	thumb	SwitchIn_HandleSoundAndEnd
0x0805FD00	0x0805FDEF	thumb	SwitchIn_ShowHealthbox
0x0805FDF0	0x0805FEB7	thumb	SwitchIn_TryShinyAnim
0x0805FEB8	0x0805FEE7	thumb	CompleteOnFinishedStatusAnimation
0x0805FEE8	0x0805FF17	thumb	CompleteOnFinishedBattleAnimation
0x0805FF18	0x0805FF8F	thumb	OpponentBufferExecCompleted
0x0805FF90	0x08060001	thumb	OpponentHandleGetMonData
0x08060004	0x080607AF	thumb	GetOpponentMonData
0x080607B0	0x08060837	thumb	OpponentHandleGetRawMonData
0x08060838	0x0806088F	thumb	OpponentHandleSetMonData
0x08060890	0x080611AF	thumb	SetOpponentMonData
0x080611B0	0x08061223	thumb	OpponentHandleSetRawMonData
0x08061224	0x0806137B	thumb	OpponentHandleLoadMonSprite
0x0806137C	0x080613DB	thumb	OpponentHandleSwitchInAnim
0x080613DC	0x0806156B	thumb	StartSendOutAnim
0x0806156C	0x08061603	thumb	OpponentHandleReturnMonToBall
0x08061604	0x0806168F	thumb	DoSwitchOutAnimation
0x08061690	0x080618D7	thumb	OpponentHandleDrawTrainerPic
0x080618D8	0x08061AEF	thumb	OpponentHandleTrainerSlide
0x08061AF0	0x08061B9B	thumb	OpponentHandleTrainerSlideBack
0x08061B9C	0x08061C47	thumb	OpponentHandleFaintAnimation
0x08061C48	0x08061C51	thumb	OpponentHandlePaletteFade
0x08061C54	0x08061C5D	thumb	OpponentHandleSuccessBallThrowAnim
0x08061C60	0x08061C69	thumb	OpponentHandleBallThrow
0x08061C6C	0x08061C75	thumb	OpponentHandlePause
0x08061C78	0x08061DAF	thumb	OpponentHandleMoveAnimation
0x08061DB0	0x08061F31	thumb	OpponentDoMoveAnimation
0x08061F34	0x08061F8F	thumb	OpponentHandlePrintString
0x08061F90	0x08061F99	thumb	OpponentHandlePrintSelectionString
0x08061F9C	0x08061FA9	thumb	OpponentHandleChooseAction
0x08061FAC	0x08061FB5	thumb	OpponentHandleYesNoBox
0x08061FB8	0x0806215B	thumb	OpponentHandleChooseMove
0x0806215C	0x08062187	thumb	OpponentHandleChooseItem
0x08062188	0x08062287	thumb	OpponentHandleChoosePokemon
0x08062288	0x08062291	thumb	OpponentHandleCmd23
0x08062294	0x08062383	thumb	OpponentHandleHealthBarUpdate
0x08062384	0x0806238D	thumb	OpponentHandleExpUpdate
0x08062390	0x08062407	thumb	OpponentHandleStatusIconUpdate
0x08062408	0x0806246F	thumb	OpponentHandleStatusAnimation
0x08062470	0x08062479	thumb	OpponentHandleStatusXor
0x0806247C	0x08062485	thumb	OpponentHandleDataTransfer
0x08062488	0x08062491	thumb	OpponentHandleDMA3Transfer
0x08062494	0x0806249D	thumb	OpponentHandlePlayBGM
0x080624A0	0x080624A9	thumb	OpponentHandleCmd32
0x080624AC	0x080624B5	thumb	OpponentHandleTwoReturnValues
0x080624B8	0x080624C1	thumb	OpponentHandleChosenMonReturnValue
0x080624C4	0x080624CD	thumb	OpponentHandleOneReturnValue
0x080624D0	0x080624D9	thumb	OpponentHandleOneReturnValue_Duplicate
0x080624DC	0x080624F7	thumb	OpponentHandleClearUnkVar
0x080624F8	0x0806252F	thumb	OpponentHandleSetUnkVar
0x08062530	0x08062547	thumb	OpponentHandleClearUnkFlag
0x08062548	0x0806256F	thumb	OpponentHandleToggleUnkFlag
0x08062570	0x080625DF	thumb	OpponentHandleHitAnimation
0x080625E0	0x080625E9	thumb	OpponentHandleCantSwitch
0x080625EC	0x0806262F	thumb	OpponentHandlePlaySE
0x08062630	0x08062689	thumb	OpponentHandlePlayFanfareOrBGM
0x0806268C	0x080626C7	thumb	OpponentHandleFaintingCry
0x080626C8	0x080626FB	thumb	OpponentHandleIntroSlide
0x080626FC	0x0806280B	thumb	OpponentHandleIntroTrainerBallThrow
0x0806280C	0x08062827	thumb	SpriteCB_FreeOpponentSprite
0x08062828	0x08062917	thumb	Task_StartSendOutAnim
0x08062918	0x08062A2B	thumb	OpponentHandleDrawPartyStatusSummary
0x08062A2C	0x08062A73	thumb	EndDrawPartyStatusSummary
0x08062A74	0x08062AC3	thumb	OpponentHandleHidePartyStatusSummary
0x08062AC4	0x08062ACD	thumb	OpponentHandleEndBounceEffect
0x08062AD0	0x08062B2F	thumb	OpponentHandleSpriteInvisibility
0x08062B30	0x08062B97	thumb	OpponentHandleBattleAnimation
0x08062B98	0x08062BA1	thumb	OpponentHandleLinkStandbyMsg
0x08062BA4	0x08062BAD	thumb	OpponentHandleResetActionMoveSelection
0x08062BB0	0x08062BF3	thumb	OpponentHandleEndLinkBattle
0x08062BF4	0x08062BF5	thumb	OpponentCmdEnd
0x08062BF8	0x08062C55	thumb	ShouldSwitchIfPerishSong
0x08062C58	0x08062E53	thumb	ShouldSwitchIfWonderGuard
0x08062E54	0x080630BD	thumb	FindMonThatAbsorbsOpponentsMove
0x080630C0	0x080631BB	thumb	ShouldSwitchIfNaturalCure
0x080631BC	0x0806331B	thumb	HasSuperEffectiveMoveAgainstOpponents
0x0806331C	0x08063363	thumb	AreStatsRaised
0x08063364	0x08063613	thumb	FindMonWithFlagsAndSuperEffective
0x08063614	0x0806387D	thumb	ShouldSwitch
0x08063880	0x08063A07	thumb	AI_TrySwitchOrUseItem
0x08063A08	0x08063A8F	thumb	ModulateByTypeEffectiveness
0x08063A90	0x08063E83	thumb	GetMostSuitableMonToSwitchInto
0x08063E84	0x08063EDF	thumb	GetAI_ItemType
0x08063EE0	0x0806438D	thumb	ShouldUseItem
0x08064390	0x08064391	thumb	LinkOpponentDummy
0x08064394	0x080643AF	thumb	SetControllerToLinkOpponent
0x080643B0	0x080643FF	thumb	LinkOpponentBufferRunCommand
0x08064400	0x08064437	thumb	CompleteOnBattlerSpriteCallbackDummy
0x08064438	0x0806446F	thumb	CompleteOnBankSpriteCallbackDummy2
0x08064470	0x080644D7	thumb	FreeTrainerSpriteAfterSlide
0x080644D8	0x0806451F	thumb	Intro_DelayAndEnd
0x08064520	0x08064733	thumb	Intro_WaitForShinyAnimAndHealthbox
0x08064734	0x08064B03	thumb	Intro_TryShinyAnimShowHealthbox
0x08064B04	0x08064BBF	thumb	TryShinyAnimAfterMonAnim
0x08064BC0	0x08064C11	thumb	CompleteOnHealthbarDone
0x08064C14	0x08064C57	thumb	HideHealthboxAfterMonFaint
0x08064C58	0x08064CCB	thumb	FreeMonSpriteAfterSwitchOutAnim
0x08064CCC	0x08064CE1	thumb	CompleteOnInactiveTextPrinter
0x08064CE4	0x08064D5F	thumb	DoHitAnimBlinkSpriteEffect
0x08064D60	0x08064DCF	thumb	SwitchIn_ShowSubstitute
0x08064DD0	0x08064E4F	thumb	SwitchIn_HandleSoundAndEnd
0x08064E50	0x08064F3F	thumb	SwitchIn_ShowHealthbox
0x08064F40	0x08065007	thumb	SwitchIn_TryShinyAnim
0x08065008	0x08065037	thumb	CompleteOnFinishedStatusAnimation
0x08065038	0x08065067	thumb	CompleteOnFinishedBattleAnimation
0x08065068	0x080650DF	thumb	LinkOpponentBufferExecCompleted
0x080650E0	0x08065151	thumb	LinkOpponentHandleGetMonData
0x08065154	0x080658FF	thumb	CopyLinkOpponentMonData
0x08065900	0x08065909	thumb	LinkOpponentHandleGetRawMonData
0x0806590C	0x08065963	thumb	LinkOpponentHandleSetMonData
0x08065964	0x08066283	thumb	SetLinkOpponentMonData
0x08066284	0x080662F7	thumb	LinkOpponentHandleSetRawMonData
0x080662F8	0x08066447	thumb	LinkOpponentHandleLoadMonSprite
0x08066448	0x08066493	thumb	LinkOpponentHandleSwitchInAnim
0x08066494	0x08066623	thumb	StartSendOutAnim
0x08066624	0x080666BB	thumb	LinkOpponentHandleReturnMonToBall
0x080666BC	0x08066747	thumb	DoSwitchOutAnimation
0x08066748	0x08066A57	thumb	LinkOpponentHandleDrawTrainerPic
0x08066A58	0x08066B93	thumb	LinkOpponentHandleTrainerSlide
0x08066B94	0x08066C3F	thumb	LinkOpponentHandleTrainerSlideBack
0x08066C40	0x08066CEB	thumb	LinkOpponentHandleFaintAnimation
0x08066CEC	0x08066CF5	thumb	LinkOpponentHandlePaletteFade
0x08066CF8	0x08066D01	thumb	LinkOpponentHandleSuccessBallThrowAnim
0x08066D04	0x08066D0D	thumb	LinkOpponentHandleBallThrowAnim
0x08066D10	0x08066D19	thumb	LinkOpponentHandlePause
0x08066D1C	0x08066E6F	thumb	LinkOpponentHandleMoveAnimation
0x08066E70	0x08066FF1	thumb	LinkOpponentDoMoveAnimation
0x08066FF4	0x0806704B	thumb	LinkOpponentHandlePrintString
0x0806704C	0x08067055	thumb	LinkOpponentHandlePrintSelectionString
0x08067058	0x08067061	thumb	LinkOpponentHandleChooseAction
0x08067064	0x0806706D	thumb	LinkOpponentHandleYesNoBox
0x08067070	0x08067079	thumb	LinkOpponentHandleChooseMove
0x0806707C	0x08067085	thumb	LinkOpponentHandleChooseItem
0x08067088	0x08067091	thumb	LinkOpponentHandleChoosePokemon
0x08067094	0x0806709D	thumb	LinkOpponentHandleCmd23
0x080670A0	0x0806718F	thumb	LinkOpponentHandleHealthBarUpdate
0x08067190	0x08067199	thumb	LinkOpponentHandleExpUpdate
0x0806719C	0x08067213	thumb	LinkOpponentHandleStatusIconUpdate
0x08067214	0x0806727B	thumb	LinkOpponentHandleStatusAnimation
0x0806727C	0x08067285	thumb	LinkOpponentHandleStatusXor
0x08067288	0x08067291	thumb	LinkOpponentHandleDataTransfer
0x08067294	0x0806729D	thumb	LinkOpponentHandleDMA3Transfer
0x080672A0	0x080672A9	thumb	LinkOpponentHandlePlayBGM
0x080672AC	0x080672B5	thumb	LinkOpponentHandleCmd32
0x080672B8	0x080672C1	thumb	LinkOpponentHandleTwoReturnValues
0x080672C4	0x080672CD	thumb	LinkOpponentHandleChosenMonReturnValue
0x080672D0	0x080672D9	thumb	LinkOpponentHandleOneReturnValue
0x080672DC	0x080672E5	thumb	LinkOpponentHandleOneReturnValue_Duplicate
0x080672E8	0x08067303	thumb	LinkOpponentHandleClearUnkVar
0x08067304	0x0806733B	thumb	LinkOpponentHandleSetUnkVar
0x0806733C	0x08067353	thumb	LinkOpponentHandleClearUnkFlag
0x08067354	0x0806737B	thumb	LinkOpponentHandleToggleUnkFlag
0x0806737C	0x080673EB	thumb	LinkOpponentHandleHitAnimation
0x080673EC	0x080673F5	thumb	LinkOpponentHandleCantSwitch
0x080673F8	0x0806743B	thumb	LinkOpponentHandlePlaySE
0x0806743C	0x08067495	thumb	LinkOpponentHandlePlayFanfareOrBGM
0x08067498	0x080674D3	thumb	LinkOpponentHandleFaintingCry
0x080674D4	0x08067507	thumb	LinkOpponentHandleIntroSlide
0x08067508	0x08067617	thumb	LinkOpponentHandleIntroTrainerBallThrow
0x08067618	0x080676FB	thumb	Task_StartSendOutAnim
0x080676FC	0x08067717	thumb	SpriteCB_FreeOpponentSprite
0x08067718	0x0806782B	thumb	LinkOpponentHandleDrawPartyStatusSummary
0x0806782C	0x08067873	thumb	EndDrawPartyStatusSummary
0x08067874	0x080678C3	thumb	LinkOpponentHandleHidePartyStatusSummary
0x080678C4	0x080678CD	thumb	LinkOpponentHandleEndBounceEffect
0x080678D0	0x0806792F	thumb	LinkOpponentHandleSpriteInvisibility
0x08067930	0x080679A3	thumb	LinkOpponentHandleBattleAnimation
0x080679A4	0x080679C3	thumb	LinkOpponentHandleLinkStandbyMsg
0x080679C4	0x080679CD	thumb	LinkOpponentHandleResetActionMoveSelection
0x080679D0	0x08067A6F	thumb	LinkOpponentHandleEndLinkBattle
0x08067A70	0x08067A71	thumb	LinkOpponentCmdEnd
0x08067A74	0x08067A89	thumb	ZeroBoxMonData
0x08067A8C	0x08067B09	thumb	ZeroMonData
0x08067B0C	0x08067B2B	thumb	ZeroPlayerPartyMons
0x08067B2C	0x08067B4B	thumb	ZeroEnemyPartyMons
0x08067B4C	0x08067BBB	thumb	CreateMon
0x08067BBC	0x08067E8F	thumb	CreateBoxMon
0x08067E90	0x08067EF5	thumb	CreateMonWithNature
0x08067EF8	0x08067FF5	thumb	CreateMonWithGenderNatureLetter
0x08067FF8	0x0806805D	thumb	CreateMaleMon
0x08068060	0x0806809D	thumb	CreateMonWithIVsPersonality
0x080680A0	0x08068111	thumb	CreateMonWithIVsOTID
0x08068114	0x0806819B	thumb	CreateMonWithEVSpread
0x0806819C	0x08068335	thumb	CreateBattleTowerMon
0x08068338	0x08068525	thumb	CreateBattleTowerMon_HandleLevel
0x08068528	0x08068633	thumb	CreateApprenticeMon
0x08068634	0x080686F9	thumb	CreateMonWithEVSpreadNatureOTID
0x080686FC	0x080688A7	thumb	ConvertPokemonToBattleTowerPokemon
0x080688A8	0x080688F5	thumb	CreateEventMon
0x080688F8	0x08068A0F	thumb	ShouldIgnoreDeoxysForm
0x08068A10	0x08068AA3	thumb	GetDeoxysStat
0x08068AA4	0x08068B47	thumb	SetDeoxysStats
0x08068B48	0x08068BAF	thumb	GetUnionRoomTrainerPic
0x08068BB0	0x08068C17	thumb	GetUnionRoomTrainerClass
0x08068C18	0x08068C77	thumb	CreateEnemyEventMon
0x08068C78	0x08068D09	thumb	CalculateBoxMonChecksum
0x08068D0C	0x08069003	thumb	CalculateMonStats
0x08069004	0x08069053	thumb	BoxMonToMon
0x08069054	0x080690BF	thumb	GetLevelFromMonExp
0x080690C0	0x0806912B	thumb	GetLevelFromBoxMonExp
0x0806912C	0x0806913D	thumb	GiveMoveToMon
0x08069140	0x080691AF	thumb	GiveMoveToBoxMon
0x080691B0	0x080691F3	thumb	GiveMoveToBattleMon
0x080691F4	0x08069233	thumb	SetMonMoveSlot
0x08069234	0x08069263	thumb	SetBattleMonMoveSlot
0x08069264	0x0806926D	thumb	GiveMonInitialMoveset
0x08069270	0x08069317	thumb	GiveBoxMonInitialMoveset
0x08069318	0x08069423	thumb	MonTryLearningNewMove
0x08069424	0x080694CF	thumb	DeleteFirstMoveAndGiveMoveToMon
0x080694D0	0x0806957B	thumb	DeleteFirstMoveAndGiveMoveToBoxMon
0x0806957C	0x08069DEB	thumb	CalculateBaseDamage
0x08069DEC	0x08069ED7	thumb	CountAliveMonsInBattle
0x08069ED8	0x08069F33	thumb	ShouldGetStatBadgeBoost
0x08069F34	0x08069FB3	thumb	GetDefaultMoveTarget
0x08069FB4	0x08069FC1	thumb	GetMonGender
0x08069FC4	0x0806A01F	thumb	GetBoxMonGender
0x0806A020	0x0806A065	thumb	GetGenderFromSpeciesAndPersonality
0x0806A068	0x0806A12B	thumb	SetMultiuseSpriteTemplateToPokemon
0x0806A12C	0x0806A1BF	thumb	SetMultiuseSpriteTemplateToTrainerBack
0x0806A1C0	0x0806A227	thumb	SetMultiuseSpriteTemplateToTrainerFront
0x0806A228	0x0806A24B	thumb	EncryptBoxMon
0x0806A24C	0x0806A26F	thumb	DecryptBoxMon
0x0806A270	0x0806A517	thumb	GetSubstruct
0x0806A518	0x0806A673	thumb	GetMonData2
0x0806A674	0x0806ACA9	thumb	GetBoxMonData2
0x0806ACAC	0x0806AD99	thumb	SetMonData
0x0806AD9C	0x0806B407	thumb	SetBoxMonData
0x0806B408	0x0806B411	thumb	CopyMon
0x0806B414	0x0806B48F	thumb	GiveMonToPlayer
0x0806B490	0x0806B539	thumb	CopyMonToPC
0x0806B53C	0x0806B57F	thumb	CalculatePlayerPartyCount
0x0806B580	0x0806B5C3	thumb	CalculateEnemyPartyCount
0x0806B5C4	0x0806B637	thumb	GetMonsStateToDoubles
0x0806B638	0x0806B691	thumb	GetMonsStateToDoubles_2
0x0806B694	0x0806B6D7	thumb	GetAbilityBySpecies
0x0806B6D8	0x0806B709	thumb	GetMonAbility
0x0806B70C	0x0806B82F	thumb	CreateSecretBaseEnemyParty
0x0806B830	0x0806B86F	thumb	GetSecretBaseTrainerPicIndex
0x0806B870	0x0806B8AF	thumb	GetSecretBaseTrainerClass
0x0806B8B0	0x0806B8E3	thumb	IsPlayerPartyAndPokemonStorageFull
0x0806B8E4	0x0806B913	thumb	IsPokemonStorageFull
0x0806B914	0x0806B95D	thumb	GetSpeciesName
0x0806B960	0x0806B9A7	thumb	CalculatePPWithBonus
0x0806B9A8	0x0806B9E3	thumb	RemoveMonPPBonus
0x0806B9E4	0x0806B9FB	thumb	RemoveBattleMonPPBonus
0x0806B9FC	0x0806BD03	thumb	CopyPlayerPartyMonToBattleData
0x0806BD04	0x0806BD27	thumb	ExecuteTableBasedItemEffect
0x0806BD28	0x0806CD6B	thumb	PokemonUseItemEffects
0x0806CD6C	0x0806CDD9	thumb	HealStatusConditions
0x0806CDDC	0x0806CF21	thumb	GetItemEffectParamOffset
0x0806CF24	0x0806CF77	thumb	BufferStatRoseMessage
0x0806CF78	0x0806D06F	thumb	UseStatIncreaseItem
0x0806D070	0x0806D087	thumb	GetNature
0x0806D088	0x0806D097	thumb	GetNatureFromPersonality
0x0806D098	0x0806D3BF	thumb	GetEvolutionTargetSpecies
0x0806D3C0	0x0806D40B	thumb	HoennPokedexNumToSpecies
0x0806D40C	0x0806D457	thumb	NationalPokedexNumToSpecies
0x0806D458	0x0806D4A3	thumb	NationalToHoennOrder
0x0806D4A4	0x0806D4C5	thumb	SpeciesToNationalPokedexNum
0x0806D4C8	0x0806D4E9	thumb	SpeciesToHoennPokedexNum
0x0806D4EC	0x0806D50D	thumb	HoennToNationalOrder
0x0806D510	0x0806D541	thumb	SpeciesToCryId
0x0806D544	0x0806D661	thumb	DrawSpindaSpotsUnused
0x0806D664	0x0806D775	thumb	DrawSpindaSpots
0x0806D778	0x0806D7EB	thumb	EvolutionRenameMon
0x0806D7EC	0x0806D829	thumb	GetPlayerFlankId
0x0806D82C	0x0806D863	thumb	GetLinkTrainerFlankId
0x0806D864	0x0806D887	thumb	GetBattlerMultiplayerId
0x0806D888	0x0806D8D3	thumb	GetTrainerEncounterMusicId
0x0806D8D4	0x0806D933	thumb	ModifyStatByNature
0x0806D934	0x0806DADB	thumb	AdjustFriendship
0x0806DADC	0x0806DC8B	thumb	MonGainEVs
0x0806DC8C	0x0806DCB3	thumb	GetMonEVCount
0x0806DCB4	0x0806DD7B	thumb	RandomlyGivePartyPokerus
0x0806DD7C	0x0806DDE1	thumb	CheckPartyPokerus
0x0806DDE4	0x0806DE41	thumb	CheckPartyHasHadPokerus
0x0806DE44	0x0806DEC3	thumb	UpdatePartyPokerusTime
0x0806DEC4	0x0806DF71	thumb	PartySpreadPokerus
0x0806DF74	0x0806E00B	thumb	TryIncrementMonLevel
0x0806E00C	0x0806E063	thumb	CanMonLearnTMHM
0x0806E064	0x0806E0B3	thumb	CanSpeciesLearnTMHM
0x0806E0B4	0x0806E203	thumb	GetMoveRelearnerMoves
0x0806E204	0x0806E25B	thumb	GetLevelUpMovesBySpecies
0x0806E25C	0x0806E3BF	thumb	GetNumberOfRelearnableMoves
0x0806E3C0	0x0806E3F7	thumb	SpeciesToPokedexNum
0x0806E3F8	0x0806E413	thumb	IsSpeciesInHoennDex
0x0806E414	0x0806E42B	thumb	ClearBattleMonForms
0x0806E42C	0x0806E649	thumb	GetBattleBGM
0x0806E64C	0x0806E665	thumb	PlayBattleBGM
0x0806E668	0x0806E693	thumb	PlayMapChosenOrBattleBGM
0x0806E694	0x0806E6CB	thumb	CreateTask_PlayMapChosenOrBattleBGM
0x0806E6CC	0x0806E707	thumb	Task_PlayMapChosenOrBattleBGM
0x0806E708	0x0806E73F	thumb	GetMonFrontSpritePal
0x0806E740	0x0806E793	thumb	GetMonSpritePalFromSpeciesAndPersonality
0x0806E794	0x0806E7CB	thumb	GetMonSpritePalStruct
0x0806E7CC	0x0806E803	thumb	GetMonSpritePalStructFromOtIdPersonality
0x0806E804	0x0806E83D	thumb	IsHMMove2
0x0806E840	0x0806E857	thumb	IsMonSpriteNotFlipped
0x0806E858	0x0806E87F	thumb	GetMonFlavorRelation
0x0806E880	0x0806E8A7	thumb	GetFlavorRelationByPersonality
0x0806E8A8	0x0806E8D1	thumb	IsTradedMon
0x0806E8D4	0x0806E923	thumb	IsOtherTrainer
0x0806E924	0x0806E92D	thumb	MonRestorePP
0x0806E930	0x0806E991	thumb	BoxMonRestorePP
0x0806E994	0x0806EA3F	thumb	SetMonPreventsSwitchingString
0x0806EA40	0x0806EA65	thumb	GetWildMonTableIdInAlteringCave
0x0806EA68	0x0806EBA3	thumb	SetWildMonHeldItem
0x0806EBA4	0x0806EBCD	thumb	IsMonShiny
0x0806EBD0	0x0806EBF7	thumb	IsShinyOtIdPersonality
0x0806EBF8	0x0806EC6F	thumb	GetTrainerPartnerName
0x0806EC70	0x0806ECAB	thumb	Task_AnimateAfterDelay
0x0806ECAC	0x0806ECEB	thumb	Task_PokemonSummaryAnimateAfterDelay
0x0806ECEC	0x0806ED3D	thumb	BattleAnimateFrontSprite
0x0806ED40	0x0806EE0B	thumb	DoMonFrontSpriteAnimation
0x0806EE0C	0x0806EE97	thumb	PokemonSummaryDoMonAnimation
0x0806EE98	0x0806EEB3	thumb	StopPokemonAnimationDelayTask
0x0806EEB4	0x0806EF07	thumb	BattleAnimateBackSprite
0x0806EF08	0x0806EF83	thumb	GetOwnOpposingLinkMultiBattlerId
0x0806EF84	0x0806EFEF	thumb	GetOpposingLinkMultiBattlerId
0x0806EFF0	0x0806EFFF	thumb	FacilityClassToPicIndex
0x0806F000	0x0806F019	thumb	PlayerGenderToFrontTrainerPicId
0x0806F01C	0x0806F07B	thumb	HandleSetPokedexFlag
0x0806F07C	0x0806F0AF	thumb	GetTrainerClassNameFromId
0x0806F0B0	0x0806F0D3	thumb	GetTrainerNameFromId
0x0806F0D4	0x0806F103	thumb	HasTwoFramesAnimation
0x0806F104	0x0806F15D	thumb	ShouldSkipFriendshipChange
0x0806F160	0x0806F1FB	thumb	InitMonSpritesGfx_Battle
0x0806F1FC	0x0806F2AB	thumb	InitMonSpritesGfx_FullParty
0x0806F2AC	0x0806F47B	thumb	CreateMonSpritesGfxManager
0x0806F47C	0x0806F4F5	thumb	DestroyMonSpritesGfxManager
0x0806F4F8	0x0806F533	thumb	MonSpritesGfxManager_GetSpritePtr
0x0806F534	0x0806F54F	thumb	Sin
0x0806F550	0x0806F56F	thumb	Cos
0x0806F570	0x0806F5B3	thumb	Sin2
0x0806F5B4	0x0806F5CB	thumb	Cos2
0x0806F5CC	0x0806F5F7	thumb	Random
0x0806F5F8	0x0806F60F	thumb	SeedRng
0x0806F610	0x0806F61F	thumb	SeedRng2
0x0806F620	0x0806F63F	thumb	Random2
0x0806F640	0x0806F67B	thumb	CreateInvisibleSpriteWithCallback
0x0806F67C	0x0806F683	thumb	StoreWordInTwoHalfwords
0x0806F684	0x0806F691	thumb	LoadWordFromTwoHalfwords
0x0806F694	0x0806F6BD	thumb	SetBgAffineStruct
0x0806F6C0	0x0806F709	thumb	DoBgAffineSet
0x0806F70C	0x0806F8A7	thumb	CopySpriteTiles
0x0806F8A8	0x0806F8CD	thumb	CountTrailingZeroBits
0x0806F8D0	0x0806F927	thumb	CalcCRC16
0x0806F928	0x0806F96B	thumb	CalcCRC16WithTable
0x0806F96C	0x0806F98B	thumb	CalcByteArraySum
0x0806F98C	0x0806FA2B	thumb	BlendPalette
0x0806FA2C	0x0806FA49	thumb	GetMonNickname2
0x0806FA4C	0x0806FA69	thumb	GetBoxMonNickname
0x0806FA6C	0x0806FA9B	thumb	CountPokemonInDaycare
0x0806FA9C	0x0806FB07	thumb	InitDaycareMailRecordMixing
0x0806FB08	0x0806FB37	thumb	Daycare_FindEmptySpot
0x0806FB38	0x0806FBF3	thumb	StorePokemonInDaycare
0x0806FBF4	0x0806FC17	thumb	StorePokemonInEmptyDaycareSlot
0x0806FC18	0x0806FC47	thumb	StoreSelectedPokemonInDaycare
0x0806FC48	0x0806FCA3	thumb	ShiftDaycareSlots
0x0806FCA4	0x0806FCF7	thumb	ApplyDaycareExperience
0x0806FCF8	0x0806FD9B	thumb	TakeSelectedPokemonFromDaycare
0x0806FD9C	0x0806FDC1	thumb	TakeSelectedPokemonMonFromDaycareShiftSlots
0x0806FDC4	0x0806FDEB	thumb	TakePokemonFromDaycare
0x0806FDEC	0x0806FE25	thumb	GetLevelAfterDaycareSteps
0x0806FE28	0x0806FE51	thumb	GetNumLevelsGainedFromSteps
0x0806FE54	0x0806FE87	thumb	GetNumLevelsGainedForDaycareMon
0x0806FE88	0x0806FEBF	thumb	PrepareDaycareCostStringForSelectedMon
0x0806FEC0	0x0806FED7	thumb	PrepareDaycareCostStringForMon
0x0806FED8	0x0806FF03	thumb	GetDaycareCostAndPrepareString
0x0806FF04	0x0806FF2F	thumb	Debug_AddDaycareSteps
0x0806FF30	0x0806FF7F	thumb	GetNumLevelsGainedFromDaycare
0x0806FF80	0x0806FFAD	thumb	ClearDaycareMonMail
0x0806FFB0	0x0806FFCD	thumb	ClearDaycareMon
0x0806FFD0	0x08070003	thumb	ClearAllDaycareData
0x08070004	0x08070083	thumb	GetEggSpecies
0x08070084	0x08070111	thumb	GetParentToInheritNature
0x08070114	0x080701B7	thumb	_TriggerPendingDaycareEgg
0x080701B8	0x080701DF	thumb	_TriggerPendingDaycareMaleEgg
0x080701E0	0x080701FB	thumb	TriggerPendingDaycareEgg
0x080701FC	0x08070217	thumb	TriggerPendingDaycareMaleEgg
0x08070218	0x0807025D	thumb	RemoveIVIndexFromList
0x08070260	0x080703C5	thumb	InheritIVs
0x080703C8	0x0807046F	thumb	GetEggMoves
0x08070470	0x0807070F	thumb	BuildEggMoveset
0x08070710	0x08070725	thumb	RemoveEggFromDayCare
0x08070728	0x08070743	thumb	RejectEggFromDayCare
0x08070744	0x080707A3	thumb	AlterEggSpeciesWithIncenseItem
0x080707A4	0x080707EB	thumb	GiveVoltTackleIfLightBall
0x080707EC	0x080708C7	thumb	DetermineEggSpeciesAndParentSlots
0x080708C8	0x08070953	thumb	_GiveEggFromDaycare
0x08070954	0x08070A0B	thumb	CreateEgg
0x08070A0C	0x08070AA7	thumb	SetInitialEggData
0x08070AA8	0x08070AC3	thumb	GiveEggFromDaycare
0x08070AC4	0x08070BCF	thumb	TryProduceOrHatchEgg
0x08070BD0	0x08070BEF	thumb	ShouldEggHatch
0x08070BF0	0x08070C03	thumb	IsEggPending
0x08070C04	0x08070C57	thumb	_GetDaycareMonNicknames
0x08070C58	0x08070C93	thumb	GetSelectedMonNicknameAndSpecies
0x08070C94	0x08070CAF	thumb	GetDaycareMonNicknames
0x08070CB0	0x08070CF7	thumb	GetDaycareState
0x08070CF8	0x08070D1B	thumb	GetDaycarePokemonCount
0x08070D1C	0x08070D4B	thumb	EggGroupsOverlap
0x08070D4C	0x08070E6B	thumb	GetDaycareCompatibilityScore
0x08070E6C	0x08070E8B	thumb	GetDaycareCompatibilityScoreFromSave
0x08070E8C	0x08070ECB	thumb	SetDaycareCompatibilityString
0x08070ECC	0x08070F45	thumb	NameHasGenderSymbol
0x08070F48	0x08070F97	thumb	AppendGenderSymbol
0x08070F98	0x08070FB3	thumb	AppendMonGenderSymbol
0x08070FB4	0x08071037	thumb	GetDaycareLevelMenuText
0x08071038	0x0807109B	thumb	GetDaycareLevelMenuLevelText
0x0807109C	0x0807110F	thumb	DaycareAddTextPrinter
0x08071110	0x08071147	thumb	DaycarePrintMonNickname
0x08071148	0x080711B7	thumb	DaycarePrintMonLvl
0x080711B8	0x08071203	thumb	DaycarePrintMonInfo
0x08071204	0x080712BF	thumb	Task_HandleDaycareLevelMenuInput
0x080712C0	0x0807132F	thumb	ShowDaycareLevelMenu
0x08071330	0x08071347	thumb	ChooseSendDaycareMon
0x08071348	0x080714B5	thumb	CreateHatchedMon
0x080714B8	0x08071577	thumb	AddHatchedMonToParty
0x08071578	0x0807158B	thumb	ScriptHatchMon
0x0807158C	0x08071611	thumb	_CheckDaycareMonReceivedMail
0x08071614	0x0807163B	thumb	CheckDaycareMonReceivedMail
0x0807163C	0x0807172B	thumb	EggHatchCreateMonSprite
0x0807172C	0x0807173D	thumb	VBlankCB_EggHatch
0x08071740	0x0807175F	thumb	EggHatch
0x08071760	0x0807179F	thumb	Task_EggHatch
0x080717A0	0x080719FB	thumb	CB2_LoadEggHatch
0x080719FC	0x08071A3B	thumb	EggHatchSetMonNickname
0x08071A3C	0x08071A93	thumb	Task_EggHatchPlayBGM
0x08071A94	0x08071E33	thumb	CB2_EggHatch
0x08071E34	0x08071E89	thumb	SpriteCB_Egg_Shake1
0x08071E8C	0x08071EED	thumb	SpriteCB_Egg_Shake2
0x08071EF0	0x08071FA3	thumb	SpriteCB_Egg_Shake3
0x08071FA4	0x08071FC7	thumb	SpriteCB_Egg_WaitHatch
0x08071FC8	0x08072047	thumb	SpriteCB_Egg_Hatch
0x08072048	0x080720E7	thumb	SpriteCB_Egg_Reveal
0x080720E8	0x0807213F	thumb	SpriteCB_EggShard
0x08072140	0x08072193	thumb	CreateRandomEggShardSprite
0x08072194	0x08072213	thumb	CreateEggShardSprite
0x08072214	0x0807228B	thumb	EggHatchPrintMessage
0x0807228C	0x080722DD	thumb	GetEggCyclesToSubtract
0x080722E0	0x08072303	thumb	CountPartyAliveNonEggMons
0x08072304	0x08072307	thumb	DummiedOutFunction
0x08072308	0x080724A5	thumb	Debug_DrawNumber
0x080724A8	0x080724D9	thumb	Debug_DrawNumberPair
0x080724DC	0x08072803	thumb	CreateBattlerHealthboxSprites
0x08072804	0x080728A3	thumb	CreateSafariPlayerHealthboxSprites
0x080728A4	0x080728B3	thumb	GetHealthboxElementGfxPtr
0x080728B4	0x08072923	thumb	SpriteCB_HealthBar
0x08072924	0x0807294B	thumb	SpriteCB_HealthBoxOther
0x0807294C	0x08072983	thumb	SetBattleBarStruct
0x08072984	0x080729CF	thumb	SetHealthboxSpriteInvisible
0x080729D0	0x08072A23	thumb	SetHealthboxSpriteVisible
0x08072A24	0x08072A43	thumb	UpdateSpritePos
0x08072A44	0x08072A83	thumb	DestoryHealthboxSprite
0x08072A84	0x08072A85	thumb	DummyBattleInterfaceFunc
0x08072A88	0x08072B17	thumb	UpdateOamPriorityInAllHealthboxes
0x08072B18	0x08072B93	thumb	InitBattlerHealthboxCoords
0x08072B94	0x08072C37	thumb	UpdateLvlInHealthbox
0x08072C38	0x08072E0B	thumb	UpdateHpTextInHealthbox
0x08072E0C	0x080730D3	thumb	UpdateHpTextInHealthboxInDoubles
0x080730D4	0x08073313	thumb	PrintSafariMonInfo
0x08073314	0x080735DB	thumb	SwapHpBarsWithHpText
0x080735DC	0x08073C2F	thumb	CreatePartyStatusSummarySprites
0x08073C30	0x08073E07	thumb	Task_HidePartyStatusSummary
0x08073E08	0x08073E63	thumb	Task_HidePartyStatusSummary_BattleStart_1
0x08073E64	0x08073F97	thumb	Task_HidePartyStatusSummary_BattleStart_2
0x08073F98	0x08074077	thumb	Task_HidePartyStatusSummary_DuringBattle
0x08074078	0x0807408F	thumb	SpriteCB_StatusSummaryBar_Enter
0x08074090	0x080740C3	thumb	SpriteCB_StatusSummaryBar_Exit
0x080740C4	0x08074157	thumb	SpriteCB_StatusSummaryBalls_Enter
0x08074158	0x080741C7	thumb	SpriteCB_StatusSummaryBalls_Exit
0x080741C8	0x080741E7	thumb	SpriteCB_StatusSummaryBalls_OnSwitchout
0x080741E8	0x0807430F	thumb	UpdateNickInHealthbox
0x08074310	0x080743F7	thumb	TryAddPokeballIconToHealthbox
0x080743F8	0x080746A7	thumb	UpdateStatusIconInHealthbox
0x080746A8	0x0807476D	thumb	GetStatusIconForBattlerId
0x08074770	0x080747D7	thumb	UpdateSafariBallsTextOnHealthbox
0x080747D8	0x0807485F	thumb	UpdateLeftNoOfBallsTextOnHealthbox
0x08074860	0x08074A9D	thumb	UpdateHealthboxAttribute
0x08074AA0	0x08074B9B	thumb	MoveBattleBar
0x08074B9C	0x08074DB7	thumb	MoveBattleBarGraphically
0x08074DB8	0x08074E89	thumb	CalcNewBarValue
0x08074E8C	0x08074F25	thumb	CalcBarFilledPixels
0x08074F28	0x08074F87	thumb	Debug_TestHealthBar
0x08074F88	0x08074FE7	thumb	Debug_TestHealthBar_Helper
0x08074FE8	0x08075031	thumb	GetScaledExpFraction
0x08075034	0x0807505D	thumb	GetScaledHPFraction
0x08075060	0x08075091	thumb	GetHPBarLevel
0x08075094	0x0807512B	thumb	AddTextPrinterAndCreateWindowOnHealthbox
0x0807512C	0x08075139	thumb	RemoveWindowOnHealthbox
0x0807513C	0x0807516F	thumb	FillHealthboxObject
0x08075170	0x08075197	thumb	HpTextIntoHealthboxObject
0x08075198	0x080751E3	thumb	TextIntoHealthboxObject
0x080751E4	0x0807521B	thumb	SafariTextIntoHealthboxObject
0x0807521C	0x0807536F	thumb	SmokescreenImpact
0x08075370	0x080753B3	thumb	SpriteCB_SmokescreenImpactMain
0x080753B4	0x080753E7	thumb	SpriteCB_SmokescreenImpact
0x080753E8	0x0807544F	thumb	DoPokeballSendOutAnimation
0x08075450	0x0807561F	thumb	Task_DoPokeballSendOutAnim
0x08075620	0x080756D3	thumb	SpriteCB_BallThrow
0x080756D4	0x080756DF	thumb	SpriteCB_BallThrow_ReachMon
0x080756E0	0x0807574B	thumb	SpriteCB_BallThrow_StartShrinkMon
0x0807574C	0x080757E1	thumb	SpriteCB_BallThrow_ShrinkMon
0x080757E4	0x08075837	thumb	SpriteCB_BallThrow_Close
0x08075838	0x0807592F	thumb	SpriteCB_BallThrow_FallToGround
0x08075930	0x0807596F	thumb	SpriteCB_BallThrow_StartShakes
0x08075970	0x08075ABB	thumb	SpriteCB_BallThrow_Shake
0x08075ABC	0x08075D13	thumb	Task_PlayCryWhenReleasedFromBall
0x08075D14	0x08075FB3	thumb	SpriteCB_ReleaseMonFromBall
0x08075FB4	0x08075FD3	thumb	SpriteCB_BallThrow_StartCaptureMon
0x08075FD4	0x080760F7	thumb	HandleBallAnimEnd
0x080760F8	0x080761B3	thumb	SpriteCB_BallThrow_CaptureMon
0x080761B4	0x08076203	thumb	SpriteCB_PlayerMonSendOut_1
0x08076204	0x08076373	thumb	SpriteCB_PlayerMonSendOut_2
0x08076374	0x08076397	thumb	SpriteCB_ReleaseMon2FromBall
0x08076398	0x080763F7	thumb	SpriteCB_OpponentMonSendOut
0x080763F8	0x0807641F	thumb	AnimateBallOpenParticlesForPokeball
0x08076420	0x08076437	thumb	LaunchBallFadeMonTaskForPokeball
0x08076438	0x08076523	thumb	CreatePokeballSpriteToReleaseMon
0x08076524	0x080765DD	thumb	SpriteCB_PokeballReleaseMon
0x080765E0	0x08076719	thumb	SpriteCB_ReleasedMonFlyOut
0x0807671C	0x080767D3	thumb	CreateTradePokeballSprite
0x080767D4	0x08076879	thumb	SpriteCB_TradePokeball
0x0807687C	0x080768ED	thumb	SpriteCB_TradePokeballSendOff
0x080768F0	0x0807690B	thumb	SpriteCB_TradePokeballEnd
0x0807690C	0x08076915	thumb	DestroySpriteAndFreeResources_Ball
0x08076918	0x080769A7	thumb	StartHealthboxSlideIn
0x080769A8	0x080769CB	thumb	SpriteCB_HealthboxSlideInDelayed
0x080769CC	0x080769F3	thumb	SpriteCB_HealthboxSlideIn
0x080769F4	0x08076A37	thumb	DoHitAnimHealthboxEffect
0x08076A38	0x08076A77	thumb	SpriteCB_HitAnimHealthoxEffect
0x08076A78	0x08076AE7	thumb	LoadBallGfx
0x08076AE8	0x08076B13	thumb	FreeBallGfx
0x08076B14	0x08076B67	thumb	GetBattlerPokeballItemId
0x08076B68	0x08076B93	thumb	CheckForFlashMemory
0x08076B94	0x08076BB7	thumb	ClearSav2
0x08076BB8	0x08076BDB	thumb	ClearSav1
0x08076BDC	0x08076C2B	thumb	SetSaveBlocksPointers
0x08076C2C	0x08076D23	thumb	MoveSaveBlocks_ResetHeap
0x08076D24	0x08076D33	thumb	UseContinueGameWarp
0x08076D34	0x08076D47	thumb	ClearContinueGameWarpStatus
0x08076D48	0x08076D5B	thumb	SetContinueGameWarpStatus
0x08076D5C	0x08076D77	thumb	SetContinueGameWarpStatusToDynamicWarp
0x08076D78	0x08076D8B	thumb	ClearContinueGameWarpStatus2
0x08076D8C	0x08076DD3	thumb	SavePlayerParty
0x08076DD4	0x08076E1B	thumb	LoadPlayerParty
0x08076E1C	0x08076E63	thumb	SaveObjectEvents
0x08076E64	0x08076EAB	thumb	LoadObjectEvents
0x08076EAC	0x08076EB9	thumb	CopyPartyAndObjectsToSave
0x08076EBC	0x08076EC9	thumb	CopyPartyAndObjectsFromSave
0x08076ECC	0x08076FDF	thumb	LoadPlayerBag
0x08076FE0	0x080770FF	thumb	SavePlayerBag
0x08077100	0x08077117	thumb	ApplyNewEncryptionKeyToHword
0x08077118	0x0807712F	thumb	ApplyNewEncryptionKeyToWord
0x08077130	0x0807716F	thumb	ApplyNewEncryptionKeyToAllEncryptedData
0x08077170	0x080771AB	thumb	SendLinkData
0x080771AC	0x080771B9	thumb	RequestLinkData
0x080771BC	0x080771FD	thumb	IsLinkTradeTaskFinished
0x08077200	0x0807720D	thumb	_GetBlockReceivedStatus
0x08077210	0x08077233	thumb	TradeResetReceivedFlags
0x08077234	0x0807725D	thumb	TradeResetReceivedFlag
0x08077260	0x08077285	thumb	IsWirelessTrade
0x08077288	0x08077291	thumb	SetTradeLinkStandbyCallback
0x08077294	0x080772A1	thumb	_IsLinkTaskFinished
0x080772A4	0x080773AB	thumb	InitTradeMenu
0x080773AC	0x080773CF	thumb	CB2_StartCreateTradeMenu
0x080773D0	0x08077B73	thumb	CB2_CreateTradeMenu
0x08077B74	0x0807811B	thumb	CB2_ReturnToTradeMenu
0x0807811C	0x0807812D	thumb	VBlankCB_TradeMenu
0x08078130	0x0807816B	thumb	CB_FadeToStartTrade
0x0807816C	0x080781C7	thumb	CB_WaitToStartTrade
0x080781C8	0x0807825B	thumb	CB_StartLinkTrade
0x0807825C	0x080782B7	thumb	CB2_TradeMenu
0x080782B8	0x08078385	thumb	LoadTradeBgGfx
0x08078388	0x08078437	thumb	SetActiveMenuOptions
0x08078438	0x08078457	thumb	Trade_Memcpy
0x08078458	0x080787B7	thumb	BufferTradeParties
0x080787B8	0x080787DF	thumb	PrintIsThisTradeOkay
0x080787E0	0x080788FF	thumb	Leader_ReadLinkBuffer
0x08078900	0x080789FB	thumb	Follower_ReadLinkBuffer
0x080789FC	0x08078BFB	thumb	Leader_HandleCommunication
0x08078BFC	0x08078C0D	thumb	_SetLinkData
0x08078C10	0x08078C33	thumb	SetLinkData
0x08078C34	0x08078C69	thumb	CB1_UpdateLink
0x08078C6C	0x08078CB7	thumb	GetNewCursorPosition
0x08078CB8	0x08078D77	thumb	TradeMenuMoveCursor
0x08078D78	0x08078DB9	thumb	SetReadyToTrade
0x08078DBC	0x08078EF7	thumb	CB_ProcessMenuInput
0x08078EF8	0x08078F4F	thumb	RedrawChooseAPokemonWindow
0x08078F50	0x08079033	thumb	CB_ProcessSelectedMonInput
0x08079034	0x0807905B	thumb	CB_ChooseMonAfterButtonPress
0x0807905C	0x080790D3	thumb	CB_ShowTradeMonSummaryScreen
0x080790D4	0x08079171	thumb	CheckValidityOfTradeMons
0x08079174	0x08079215	thumb	CheckMonsBeforeTrade
0x08079218	0x0807929B	thumb	CB_ProcessConfirmTradeInput
0x0807929C	0x080792E3	thumb	RestoreNicknamesCoveredByYesNo
0x080792E4	0x08079359	thumb	CB_ProcessCancelTradeInput
0x0807935C	0x08079397	thumb	CB_SetSelectedMons
0x08079398	0x080793C3	thumb	CB_PrintIsThisTradeOkay
0x080793C4	0x08079407	thumb	CB_InitConfirmTradePrompt
0x08079408	0x0807948F	thumb	CB_HandleTradeCanceled
0x08079490	0x080794CB	thumb	CB_InitExitCanceledTrade
0x080794CC	0x0807954F	thumb	CB_ExitCanceledTrade
0x08079550	0x0807957B	thumb	CB_WaitToStartRfuTrade
0x0807957C	0x080795AB	thumb	CB_PartnersMonWasInvalid
0x080795AC	0x0807967B	thumb	RunTradeMenuCallback
0x0807967C	0x080796B3	thumb	SetSelectedMon
0x080796B4	0x08079A3B	thumb	DrawSelectedMonScreen
0x08079A3C	0x08079AA3	thumb	GetMonNicknameWidth
0x08079AA4	0x08079B83	thumb	BufferMovesString
0x08079B84	0x08079BDF	thumb	PrintPartyMonNickname
0x08079BE0	0x08079C4B	thumb	PrintPartyNicknames
0x08079C4C	0x08079E43	thumb	PrintLevelAndGender
0x08079E44	0x08079EA7	thumb	PrintPartyLevelsAndGenders
0x08079EA8	0x08079F73	thumb	ShowTradePartyMonIcons
0x08079F74	0x08079F85	thumb	PrintTradePartnerPartyNicknames
0x08079F88	0x08079FFF	thumb	RedrawPartyWindow
0x0807A000	0x0807A023	thumb	Task_DrawSelectionSummary
0x0807A024	0x0807A047	thumb	Task_DrawSelectionTrade
0x0807A048	0x0807A09B	thumb	QueueAction
0x0807A09C	0x0807A0C3	thumb	GetNumQueuedActions
0x0807A0C4	0x0807A19B	thumb	DoQueuedActions
0x0807A19C	0x0807A1EF	thumb	PrintTradeMessage
0x0807A1F0	0x0807A305	thumb	LoadUISpriteGfx
0x0807A308	0x0807A31D	thumb	DrawBottomRowText
0x0807A320	0x0807A467	thumb	ComputePartyTradeableFlags
0x0807A468	0x0807A53B	thumb	ComputePartyHPBarLevels
0x0807A53C	0x0807A5AF	thumb	SetTradePartyHPBarSprites
0x0807A5B0	0x0807A5F3	thumb	SaveTradeGiftRibbons
0x0807A5F4	0x0807A725	thumb	CanTradeSelectedMon
0x0807A728	0x0807A7BB	thumb	GetGameProgressForLinkTrade
0x0807A7BC	0x0807A7DF	thumb	IsDeoxysOrMewUntradable
0x0807A7E0	0x0807A8CD	thumb	GetUnionRoomTradeMessageId
0x0807A8D0	0x0807A915	thumb	CanRegisterMonForTradingBoard
0x0807A918	0x0807AA25	thumb	CanSpinTradeMon
0x0807AA28	0x0807AA49	thumb	SpriteCB_LinkMonGlow
0x0807AA4C	0x0807AA7B	thumb	SpriteCB_LinkMonGlowWireless
0x0807AA7C	0x0807AABB	thumb	SpriteCB_LinkMonShadow
0x0807AABC	0x0807AADD	thumb	SpriteCB_CableEndSending
0x0807AAE0	0x0807AB01	thumb	SpriteCB_CableEndReceiving
0x0807AB04	0x0807AB25	thumb	SpriteCB_GbaScreen
0x0807AB28	0x0807ABCB	thumb	SetTradeBGAffine
0x0807ABCC	0x0807AC21	thumb	SetTradeGpuRegs
0x0807AC24	0x0807AC39	thumb	VBlankCB_TradeAnim
0x0807AC3C	0x0807AC63	thumb	ClearLinkTimeoutTimer
0x0807AC64	0x0807ACDB	thumb	CheckForLinkTimeout
0x0807ACDC	0x0807ACFB	thumb	TradeGetMultiplayerId
0x0807ACFC	0x0807AE4F	thumb	LoadTradeMonPic
0x0807AE50	0x0807B13F	thumb	CB2_LinkTrade
0x0807B140	0x0807B151	thumb	InitTradeSequenceBgGpuRegs
0x0807B154	0x0807B16F	thumb	LinkTradeDrawWindow
0x0807B170	0x0807B26F	thumb	TradeAnimInit_LoadGfx
0x0807B270	0x0807B463	thumb	CB2_InitInGameTrade
0x0807B464	0x0807B4C3	thumb	UpdatePokedexForReceivedMon
0x0807B4C4	0x0807B4CD	thumb	TryEnableNationalDexFromLinkPartner
0x0807B4D0	0x0807B5B7	thumb	TradeMons
0x0807B5B8	0x0807B60B	thumb	HandleLinkDataSend
0x0807B60C	0x0807B629	thumb	CB2_InGameTrade
0x0807B62C	0x0807BA93	thumb	SetTradeSequenceBgGpuRegs
0x0807BA94	0x0807BAD7	thumb	LoadTradeSequenceSpriteSheetsAndPalettes
0x0807BAD8	0x0807BBC7	thumb	BufferTradeSceneStrings
0x0807BBC8	0x0807BBEB	thumb	DoTradeAnim
0x0807BBEC	0x0807CFC7	thumb	DoTradeAnim_Cable
0x0807CFC8	0x0807E413	thumb	DoTradeAnim_Wireless
0x0807E414	0x0807E4DB	thumb	CB2_TryLinkTradeEvolution
0x0807E4DC	0x0807E55B	thumb	HandleLinkDataReceive
0x0807E55C	0x0807E5D7	thumb	SpriteCB_BouncingPokeball
0x0807E5D8	0x0807E64B	thumb	SpriteCB_BouncingPokeballDepart
0x0807E64C	0x0807E6AB	thumb	SpriteCB_BouncingPokeballDepartEnd
0x0807E6AC	0x0807E73B	thumb	SpriteCB_BouncingPokeballArrive
0x0807E73C	0x0807E783	thumb	GetInGameTradeSpeciesInfo
0x0807E784	0x0807E7E7	thumb	BufferInGameTradeMonName
0x0807E7E8	0x0807E973	thumb	CreateInGameTradePokemonInternal
0x0807E974	0x0807E9D3	thumb	GetInGameTradeMail
0x0807E9D4	0x0807EA0F	thumb	GetTradeSpecies
0x0807EA10	0x0807EA2B	thumb	CreateInGameTradePokemon
0x0807EA2C	0x0807EACB	thumb	CB2_UpdateLinkTrade
0x0807EACC	0x0807EB4F	thumb	CB2_WaitTradeComplete
0x0807EB50	0x0807F067	thumb	CB2_SaveAndEndTrade
0x0807F068	0x0807F0E3	thumb	CB2_FreeTradeAnim
0x0807F0E4	0x0807F10F	thumb	DoInGameTradeScene
0x0807F110	0x0807F14B	thumb	Task_InGameTrade
0x0807F14C	0x0807F19B	thumb	CheckPartnersMonForRibbons
0x0807F19C	0x0807F1A5	thumb	LoadTradeAnimGfx
0x0807F1A8	0x0807F20F	thumb	DrawTextOnTradeWindow
0x0807F210	0x0807F2E3	thumb	Task_AnimateWirelessSignal
0x0807F2E4	0x0807F39B	thumb	Task_OpenCenterWhiteColumn
0x0807F39C	0x0807F461	thumb	Task_CloseCenterWhiteColumn
0x0807F464	0x0807F737	thumb	CB2_SaveAndEndWirelessTrade
0x0807F738	0x0807F763	thumb	UpdateHitPitch
0x0807F764	0x0807F7D7	thumb	VBlankCB_BerryBlender
0x0807F7D8	0x0807F9CF	thumb	LoadBerryBlenderGfx
0x0807F9D0	0x0807FA31	thumb	DrawBlenderBg
0x0807FA34	0x0807FA7F	thumb	InitBerryBlenderWindows
0x0807FA80	0x0807FAC7	thumb	DoBerryBlending
0x0807FAC8	0x0807FD07	thumb	CB2_LoadBerryBlender
0x0807FD08	0x0807FD63	thumb	SpriteCB_Berry
0x0807FD64	0x0807FD8F	thumb	SetBerrySpriteData
0x0807FD90	0x0807FE13	thumb	CreateBerrySprite
0x0807FE14	0x0807FE51	thumb	ConvertItemToBlenderBerry
0x0807FE54	0x0807FFA3	thumb	InitLocalPlayers
0x0807FFA4	0x08080017	thumb	StartBlender
0x08080018	0x08080587	thumb	CB2_StartBlenderLink
0x08080588	0x08080623	thumb	InitBlenderBgs
0x08080624	0x08080671	thumb	GetArrowProximity
0x08080674	0x0808074B	thumb	SetOpponentsBerryData
0x0808074C	0x080807BB	thumb	SetPlayerIdMaps
0x080807BC	0x080808D1	thumb	PrintPlayerNames
0x080808D4	0x08080DF7	thumb	CB2_StartBlenderLocal
0x08080DF8	0x08080E1F	thumb	ResetLinkCmds
0x08080E20	0x08080E6B	thumb	Task_OpponentMiss
0x08080E6C	0x08080EA3	thumb	CreateOpponentMissTask
0x08080EA4	0x08080FCF	thumb	Task_HandleOpponent1
0x08080FD0	0x080810F7	thumb	Task_HandleOpponent2
0x080810F8	0x08081223	thumb	Task_HandleOpponent3
0x08081224	0x08081287	thumb	Task_HandleBerryMaster
0x08081288	0x0808136F	thumb	CreateScoreSymbolSprite
0x08081370	0x080814AF	thumb	UpdateSpeedFromHit
0x080814B0	0x080814F1	thumb	CheckRecvCmdMatches
0x080814F4	0x08081743	thumb	UpdateOpponentScores
0x08081744	0x08081897	thumb	HandlePlayerInput
0x08081898	0x0808195F	thumb	CB2_PlayBlender
0x08081960	0x08081961	thumb	Blender_DummiedOutFunc
0x08081964	0x080819B7	thumb	AreBlenderBerriesSame
0x080819B8	0x08081BAD	thumb	CalculatePokeblockColor
0x08081BB0	0x08081BBB	thumb	Debug_SetMaxRPMStage
0x08081BBC	0x08081BC7	thumb	Debug_GetMaxRPMStage
0x08081BC8	0x08081BD3	thumb	Debug_SetGameTimeStage
0x08081BD4	0x08081BDF	thumb	Debug_GetGameTimeStage
0x08081BE0	0x08081E03	thumb	CalculatePokeblock
0x08081E04	0x08081E1F	thumb	Debug_CalculatePokeblock
0x08081E20	0x08081F93	thumb	Debug_SetStageVars
0x08081F94	0x08081FC7	thumb	SendContinuePromptResponse
0x08081FC8	0x080824FB	thumb	CB2_EndBlenderGame
0x080824FC	0x08082643	thumb	LinkPlayAgainHandleSaving
0x08082644	0x08082923	thumb	CB2_CheckPlayAgainLink
0x08082924	0x08082AD3	thumb	CB2_CheckPlayAgainLocal
0x08082AD4	0x08082CB3	thumb	ProcessLinkPlayerCmds
0x08082CB4	0x08082D17	thumb	DrawBlenderCenter
0x08082D18	0x08082D27	thumb	GetBlenderArrowPosition
0x08082D28	0x08082DF3	thumb	UpdateBlenderCenter
0x08082DF4	0x08082E3B	thumb	SetBgPos
0x08082E3C	0x08082E83	thumb	SpriteCB_Particle
0x08082E84	0x08082F67	thumb	CreateParticleSprites
0x08082F68	0x08082F99	thumb	SpriteCB_ScoreSymbol
0x08082F9C	0x08082FDB	thumb	SpriteCB_ScoreSymbolBest
0x08082FDC	0x0808300F	thumb	SetPlayerBerryData
0x08083010	0x080830BF	thumb	SpriteCB_CountdownNumber
0x080830C0	0x0808313F	thumb	SpriteCB_Start
0x08083140	0x0808316F	thumb	TryUpdateProgressBar
0x08083170	0x0808320F	thumb	UpdateProgressBar
0x08083210	0x0808322F	thumb	ArrowSpeedToRPM
0x08083230	0x080832BB	thumb	UpdateRPM
0x080832BC	0x080832E5	thumb	ShakeBgCoordForHit
0x080832E8	0x0808330B	thumb	RestoreBgCoord
0x0808330C	0x08083333	thumb	RestoreBgCoords
0x08083334	0x0808337D	thumb	BlenderLandShakeBgCoord
0x08083380	0x080833F5	thumb	UpdateBlenderLandScreenShake
0x080833F8	0x08083417	thumb	SpriteCB_PlayerArrow
0x08083418	0x0808344F	thumb	TryUpdateBerryBlenderRecord
0x08083450	0x080838A9	thumb	PrintBlendingResults
0x080838AC	0x0808395B	thumb	PrintMadePokeblockString
0x0808395C	0x080839B3	thumb	SortBasedOnPoints
0x080839B4	0x08083B07	thumb	SortScores
0x08083B08	0x08083E23	thumb	PrintBlendingRanking
0x08083E24	0x08083F3B	thumb	ShowBerryBlenderRecordWindow
0x08083F3C	0x08083F93	thumb	Task_PlayPokeblockFanfare
0x08083F94	0x080840D3	thumb	TryAddContestLinkTvShow
0x080840D4	0x08084179	thumb	Blender_AddTextPrinter
0x0808417C	0x080841E3	thumb	PrintMessage
0x080841E4	0x08084207	thumb	PlayTimeCounter_Reset
0x08084208	0x0808422F	thumb	PlayTimeCounter_Start
0x08084230	0x0808423B	thumb	PlayTimeCounter_Stop
0x0808423C	0x080842A3	thumb	PlayTimeCounter_Update
0x080842A4	0x080842CB	thumb	PlayTimeCounter_SetToMax
0x080842CC	0x080842DB	thumb	SetTrainerId
0x080842DC	0x080842F3	thumb	GetTrainerId
0x080842F4	0x0808430F	thumb	CopyTrainerId
0x08084310	0x0808433B	thumb	InitPlayerTrainerId
0x0808433C	0x0808438F	thumb	SetDefaultOptions
0x08084390	0x080843BF	thumb	ClearPokedexFlags
0x080843C0	0x080843FF	thumb	ClearAllContestWinnerPics
0x08084400	0x0808444B	thumb	ClearFrontierRecord
0x0808444C	0x08084469	thumb	WarpToTruck
0x0808446C	0x08084479	thumb	Sav2_ClearSetDefault
0x0808447C	0x0808449F	thumb	ResetMenuAndMonGlobals
0x080844A0	0x080845CB	thumb	NewGameInitData
0x080845CC	0x0808461F	thumb	ResetMiniGamesRecords
0x08084620	0x0808465F	thumb	DoWhiteOut
0x08084660	0x0808469B	thumb	Overworld_ResetStateAfterFly
0x0808469C	0x080846E3	thumb	Overworld_ResetStateAfterTeleport
0x080846E4	0x0808471F	thumb	Overworld_ResetStateAfterDigEscRope
0x08084720	0x08084787	thumb	Overworld_ResetStateAfterWhiteOut
0x08084788	0x080847A7	thumb	UpdateMiscOverworldStates
0x080847A8	0x080847C1	thumb	ResetGameStats
0x080847C4	0x080847F7	thumb	IncrementGameStat
0x080847F8	0x0808482D	thumb	GetGameStat
0x08084830	0x08084863	thumb	SetGameStat
0x08084864	0x08084893	thumb	ApplyNewEncryptionKeyToGameStats
0x08084894	0x080848DF	thumb	LoadObjEventTemplatesFromHeader
0x080848E0	0x0808490F	thumb	LoadSaveblockObjEventScripts
0x08084910	0x08084949	thumb	SetObjEventTemplateCoords
0x0808494C	0x0808497D	thumb	SetObjEventTemplateMovementType
0x08084980	0x080849A7	thumb	InitMapView
0x080849A8	0x080849CF	thumb	GetMapLayout
0x080849D0	0x08084A13	thumb	ApplyCurrentWarp
0x08084A14	0x08084A33	thumb	ClearDiveAndHoleWarps
0x08084A34	0x08084A51	thumb	SetWarpData
0x08084A54	0x08084A8D	thumb	IsDummyWarp
0x08084A90	0x08084AA7	thumb	Overworld_GetMapHeaderByGroupAndId
0x08084AA8	0x08084ACB	thumb	GetDestinationWarpMapHeader
0x08084ACC	0x08084B1B	thumb	LoadCurrentMapData
0x08084B1C	0x08084B5B	thumb	LoadSaveblockMapHeader
0x08084B5C	0x08084BD7	thumb	SetPlayerCoordsFromWarp
0x08084BD8	0x08084BE9	thumb	WarpIntoMap
0x08084BEC	0x08084C27	thumb	SetWarpDestination
0x08084C28	0x08084C47	thumb	SetWarpDestinationToMapWarp
0x08084C48	0x08084C7B	thumb	SetDynamicWarp
0x08084C7C	0x08084CB3	thumb	SetDynamicWarpWithCoords
0x08084CB4	0x08084CCB	thumb	SetWarpDestinationToDynamicWarp
0x08084CCC	0x08084D01	thumb	SetWarpDestinationToHealLocation
0x08084D04	0x08084D1B	thumb	SetWarpDestinationToLastHealLocation
0x08084D1C	0x08084D5B	thumb	SetLastHealLocationWarp
0x08084D5C	0x08084DD3	thumb	UpdateEscapeWarp
0x08084DD4	0x08084E13	thumb	SetEscapeWarp
0x08084E14	0x08084E2B	thumb	SetWarpDestinationToEscapeWarp
0x08084E2C	0x08084E67	thumb	SetFixedDiveWarp
0x08084E68	0x08084E7F	thumb	SetWarpDestinationToDiveWarp
0x08084E80	0x08084EBB	thumb	SetFixedHoleWarp
0x08084EBC	0x08084F11	thumb	SetWarpDestinationToFixedHoleWarp
0x08084F14	0x08084F2B	thumb	SetWarpDestinationToContinueGameWarp
0x08084F2C	0x08084F6B	thumb	SetContinueGameWarp
0x08084F6C	0x08084FAB	thumb	SetContinueGameWarpToHealLocation
0x08084FAC	0x08084FBF	thumb	SetContinueGameWarpToDynamicWarp
0x08084FC0	0x08084FF7	thumb	GetMapConnection
0x08084FF8	0x08085055	thumb	SetDiveWarp
0x08085058	0x08085075	thumb	SetDiveWarpEmerge
0x08085078	0x08085095	thumb	SetDiveWarpDive
0x08085098	0x0808515F	thumb	LoadMapFromCameraTransition
0x08085160	0x08085267	thumb	LoadMapFromWarp
0x08085268	0x08085277	thumb	ResetInitialPlayerAvatarState
0x08085278	0x080852D1	thumb	StoreInitialPlayerAvatarState
0x080852D4	0x0808532B	thumb	GetInitialPlayerAvatarState
0x0808532C	0x08085389	thumb	GetAdjustedInitialTransitionFlags
0x0808538C	0x0808544D	thumb	GetAdjustedInitialDirection
0x08085450	0x08085473	thumb	GetCenterScreenMetatileBehavior
0x08085474	0x08085491	thumb	Overworld_IsBikingAllowed
0x08085494	0x080854EB	thumb	SetDefaultFlashLevel
0x080854EC	0x08085513	thumb	SetFlashLevel
0x08085514	0x08085523	thumb	GetFlashLevel
0x08085524	0x0808553F	thumb	SetCurrentMapLayout
0x08085540	0x0808554B	thumb	SetObjectEventLoadFlag
0x0808554C	0x08085557	thumb	GetObjectEventLoadFlag
0x08085558	0x080855B3	thumb	ShouldLegendaryMusicPlayAtLocation
0x080855B4	0x080855E7	thumb	NoMusicInSootopolisWithLegendaries
0x080855E8	0x08085617	thumb	IsInfiltratedWeatherInstitute
0x08085618	0x0808565B	thumb	IsInfiltratedSpaceCenter
0x0808565C	0x080856D3	thumb	GetLocationMusic
0x080856D4	0x08085735	thumb	GetCurrLocationDefaultMusic
0x08085738	0x08085777	thumb	GetWarpDestinationMusic
0x08085778	0x08085781	thumb	Overworld_ResetMapMusic
0x08085784	0x080857F3	thumb	Overworld_PlaySpecialMapMusic
0x080857F4	0x080857FF	thumb	Overworld_SetSavedMusic
0x08085800	0x0808580F	thumb	Overworld_ClearSavedMusic
0x08085810	0x08085895	thumb	TransitionMapMusic
0x08085898	0x080858C3	thumb	Overworld_ChangeMusicToDefault
0x080858C4	0x080858EF	thumb	Overworld_ChangeMusicTo
0x080858F0	0x0808590D	thumb	GetMapMusicFadeoutSpeed
0x08085910	0x0808599F	thumb	TryFadeOutOldMapMusic
0x080859A0	0x080859AD	thumb	BGMusicStopped
0x080859B0	0x080859BB	thumb	Overworld_FadeOutMapMusic
0x080859BC	0x08085A3B	thumb	PlayAmbientCry
0x08085A3C	0x08085B2B	thumb	UpdateAmbientCry
0x08085B2C	0x08085B73	thumb	ChooseAmbientCrySpecies
0x08085B74	0x08085B8B	thumb	GetMapTypeByGroupAndId
0x08085B8C	0x08085BA3	thumb	GetMapTypeByWarpData
0x08085BA4	0x08085BBB	thumb	GetCurrentMapType
0x08085BBC	0x08085BCF	thumb	GetLastUsedWarpMapType
0x08085BD0	0x08085BF3	thumb	IsMapTypeOutdoors
0x08085BF4	0x08085C13	thumb	Overworld_MapTypeAllowsTeleportAndFly
0x08085C14	0x08085C2D	thumb	IsMapTypeIndoors
0x08085C30	0x08085C57	thumb	GetSavedWarpRegionMapSectionId
0x08085C58	0x08085C7F	thumb	GetCurrentRegionMapSectionId
0x08085C80	0x08085CA7	thumb	GetCurrentMapBattleScene
0x08085CA8	0x08085D33	thumb	InitOverworldBgs
0x08085D34	0x08085D7F	thumb	CleanupOverworldWindowsAndTilemaps
0x08085D80	0x08085D89	thumb	ResetSafariZoneFlag_
0x08085D8C	0x08085DA9	thumb	IsOverworldLinkActive
0x08085DAC	0x08085E01	thumb	DoCB1_Overworld
0x08085E04	0x08085E23	thumb	CB1_Overworld
0x08085E24	0x08085E4D	thumb	OverworldBasic
0x08085E50	0x08085E59	thumb	CB2_OverworldBasic
0x08085E5C	0x08085E87	thumb	CB2_Overworld
0x08085E88	0x08085E93	thumb	SetMainCallback1
0x08085E94	0x08085E9F	thumb	SetUnusedCallback
0x08085EA0	0x08085EF7	thumb	RunFieldCallback
0x08085EF8	0x08085F57	thumb	CB2_NewGame
0x08085F58	0x08085FCB	thumb	CB2_WhiteOut
0x08085FCC	0x08085FFB	thumb	CB2_LoadMap
0x08085FFC	0x08086023	thumb	CB2_LoadMap2
0x08086024	0x08086073	thumb	CB2_ReturnToFieldContestHall
0x08086074	0x08086097	thumb	CB2_ReturnToFieldCableClub
0x08086098	0x080860C7	thumb	CB2_LoadMapOnReturnToFieldCableClub
0x080860C8	0x080860F3	thumb	CB2_ReturnToField
0x080860F4	0x08086117	thumb	CB2_ReturnToFieldLocal
0x08086118	0x0808613F	thumb	CB2_ReturnToFieldLink
0x08086140	0x08086193	thumb	CB2_ReturnToFieldFromMultiplayer
0x08086194	0x080861AF	thumb	CB2_ReturnToFieldWithOpenMenu
0x080861B0	0x080861CB	thumb	CB2_ReturnToFieldContinueScript
0x080861CC	0x080861E7	thumb	CB2_ReturnToFieldContinueScriptPlayMapMusic
0x080861E8	0x08086203	thumb	CB2_ReturnToFieldFadeFromBlack
0x08086204	0x0808622F	thumb	FieldCB_FadeTryShowMapPopup
0x08086230	0x0808631B	thumb	CB2_ContinueSavedGame
0x0808631C	0x0808637F	thumb	FieldClearVBlankHBlankCallbacks
0x08086380	0x0808638F	thumb	SetFieldVBlankCallback
0x08086390	0x080863AD	thumb	VBlankCB_Field
0x080863B0	0x080863F7	thumb	InitCurrentFlashLevelScanlineEffect
0x080863F8	0x08086519	thumb	LoadMapInStepsLink
0x0808651C	0x08086635	thumb	LoadMapInStepsLocal
0x08086638	0x08086695	thumb	ReturnToFieldLocal
0x08086698	0x080867AF	thumb	ReturnToFieldLink
0x080867B0	0x080867C5	thumb	DoMapLoadLoop
0x080867C8	0x080867D5	thumb	ResetMirageTowerAndSaveBlockPtrs
0x080867D8	0x0808685F	thumb	ResetScreenForMapLoad
0x08086860	0x08086875	thumb	InitViewGraphics
0x08086878	0x08086987	thumb	InitOverworldGraphicsRegisters
0x08086988	0x080869DB	thumb	ResumeMap
0x080869DC	0x08086A03	thumb	InitObjectEventsLink
0x08086A04	0x08086A67	thumb	InitObjectEventsLocal
0x08086A68	0x08086A7D	thumb	InitObjectEventsReturnToField
0x08086A80	0x08086AAB	thumb	SetCameraToTrackPlayer
0x08086AAC	0x08086AC7	thumb	SetCameraToTrackGuestPlayer
0x08086AC8	0x08086AE3	thumb	SetCameraToTrackGuestPlayer_2
0x08086AE4	0x08086B13	thumb	OffsetCameraFocusByLinkPlayerId
0x08086B14	0x08086B9B	thumb	SpawnLinkPlayers
0x08086B9C	0x08086BD7	thumb	CreateLinkPlayerSprites
0x08086BD8	0x08086C2B	thumb	CB1_OverworldLink
0x08086C2C	0x08086C3F	thumb	ResetAllMultiplayerState
0x08086C40	0x08086C4F	thumb	ClearAllPlayerKeys
0x08086C50	0x08086C63	thumb	SetKeyInterceptCallback
0x08086C64	0x08086C8F	thumb	CheckRfuKeepAliveTimer
0x08086C90	0x08086CA7	thumb	ResetAllPlayerLinkStates
0x08086CA8	0x08086CDD	thumb	AreAllPlayersInLinkState
0x08086CE0	0x08086D15	thumb	IsAnyPlayerInLinkState
0x08086D18	0x08086F37	thumb	HandleLinkPlayerKeyInput
0x08086F38	0x08086F9F	thumb	UpdateAllLinkPlayers
0x08086FA0	0x0808700B	thumb	UpdateHeldKeyCode
0x0808700C	0x08087067	thumb	KeyInterCB_ReadButtons
0x08087068	0x0808709B	thumb	GetDirectionForDpadKey
0x0808709C	0x080870AD	thumb	ResetPlayerHeldKeys
0x080870B0	0x080870EB	thumb	KeyInterCB_SelfIdle
0x080870EC	0x080870F7	thumb	KeyInterCB_Idle
0x080870F8	0x0808711B	thumb	KeyInterCB_DeferToEventScript
0x0808711C	0x0808713F	thumb	KeyInterCB_DeferToRecvQueue
0x08087140	0x08087163	thumb	KeyInterCB_DeferToSendQueue
0x08087164	0x0808716F	thumb	KeyInterCB_ExitingSeat
0x08087170	0x080871A9	thumb	KeyInterCB_Ready
0x080871AC	0x080871BF	thumb	KeyInterCB_SetReady
0x080871C0	0x080871C3	thumb	KeyInterCB_SendNothing
0x080871C4	0x080871FB	thumb	KeyInterCB_WaitForPlayersToExit
0x080871FC	0x0808720F	thumb	KeyInterCB_SendExitRoomKey
0x08087210	0x08087213	thumb	KeyInterCB_InLinkActivity
0x08087214	0x0808727B	thumb	GetCableClubPartnersReady
0x0808727C	0x08087287	thumb	IsAnyPlayerExitingCableClub
0x08087288	0x0808729B	thumb	SetInCableClubSeat
0x0808729C	0x080872AF	thumb	SetLinkWaitingForScript
0x080872B0	0x080872C3	thumb	QueueExitLinkRoomKey
0x080872C4	0x080872D7	thumb	SetStartedCableClubActivity
0x080872D8	0x0808733F	thumb	LoadCableClubPlayer
0x08087340	0x08087355	thumb	IsCableClubPlayerUnfrozen
0x08087358	0x0808736D	thumb	CanCableClubPlayerPressStart
0x08087370	0x08087387	thumb	TryGetTileEventScript
0x08087388	0x080873B3	thumb	PlayerIsAtSouthExit
0x080873B4	0x0808747D	thumb	TryInteractWithPlayer
0x08087480	0x0808750D	thumb	GetDirectionForEventScript
0x08087510	0x08087519	thumb	InitLinkPlayerQueueScript
0x0808751C	0x0808752F	thumb	InitLinkRoomStartMenuScript
0x08087530	0x08087549	thumb	RunInteractLocalPlayerScript
0x0808754C	0x08087567	thumb	RunConfirmLeaveCableClubScript
0x08087568	0x08087581	thumb	InitMenuBasedScript
0x08087584	0x08087597	thumb	RunTerminateLinkScript
0x08087598	0x080875C7	thumb	Overworld_IsRecvQueueAtMax
0x080875C8	0x08087631	thumb	Overworld_RecvKeysFromLinkIsRunning
0x08087634	0x08087669	thumb	Overworld_SendKeysToLinkIsRunning
0x0808766C	0x0808768D	thumb	IsSendingKeysOverCable
0x08087690	0x080876C3	thumb	GetLinkSendQueueLength
0x080876C4	0x080876C9	thumb	ZeroLinkPlayerObjectEvent
0x080876CC	0x080876DF	thumb	ClearLinkPlayerObjectEvents
0x080876E0	0x080876ED	thumb	ZeroObjectEvent
0x080876F0	0x0808779B	thumb	SpawnLinkPlayerObjectEvent
0x0808779C	0x080877D9	thumb	InitLinkPlayerObjectEventPos
0x080877DC	0x0808780B	thumb	SetLinkPlayerObjectRange
0x0808780C	0x08087857	thumb	DestroyLinkPlayerObject
0x08087858	0x08087877	thumb	GetSpriteForLinkedPlayer
0x08087878	0x0808789F	thumb	GetLinkPlayerCoords
0x080878A0	0x080878BF	thumb	GetLinkPlayerFacingDirection
0x080878C0	0x080878E3	thumb	GetLinkPlayerElevation
0x080878E4	0x0808790B	thumb	GetLinkPlayerObjectStepTimer
0x0808790C	0x08087969	thumb	GetLinkPlayerIdAt
0x0808796C	0x080879D7	thumb	SetPlayerFacingDirection
0x080879D8	0x080879F7	thumb	MovementEventModeCB_Normal
0x080879F8	0x080879FB	thumb	MovementEventModeCB_Ignored
0x080879FC	0x08087A1B	thumb	MovementEventModeCB_Scripted
0x08087A1C	0x08087A1F	thumb	FacingHandler_DoNothing
0x08087A20	0x08087A87	thumb	FacingHandler_DpadMovement
0x08087A88	0x08087A9F	thumb	FacingHandler_ForcedFacingChange
0x08087AA0	0x08087AA5	thumb	MovementStatusHandler_EnterFreeMode
0x08087AA8	0x08087ADD	thumb	MovementStatusHandler_TryAdvanceScript
0x08087AE0	0x08087B3D	thumb	FlipVerticalAndClearForced
0x08087B40	0x08087BCB	thumb	LinkPlayerGetCollision
0x08087BCC	0x08087C8B	thumb	CreateLinkPlayerSprite
0x08087C8C	0x08087D41	thumb	SpriteCB_LinkPlayer
0x08087D44	0x08087D53	thumb	GetMapHeaderFromConnection
0x08087D54	0x08087D73	thumb	InitMap
0x08087D74	0x08087DAB	thumb	InitMapFromSavedGame
0x08087DAC	0x08087DE3	thumb	InitBattlePyramidMap
0x08087DE4	0x08087E13	thumb	InitTrainerHillMap
0x08087E14	0x08087E6F	thumb	InitMapLayoutData
0x08087E70	0x08087EC7	thumb	InitBackupMapLayoutData
0x08087EC8	0x08087F51	thumb	InitBackupMapLayoutConnections
0x08087F54	0x08087FB7	thumb	FillConnection
0x08087FB8	0x0808801F	thumb	FillSouthConnection
0x08088020	0x0808807F	thumb	FillNorthConnection
0x08088080	0x080880DF	thumb	FillWestConnection
0x080880E0	0x08088143	thumb	FillEastConnection
0x08088144	0x080881AF	thumb	MapGridGetElevationAt
0x080881B0	0x08088223	thumb	MapGridGetCollisionAt
0x08088224	0x080882BB	thumb	MapGridGetMetatileIdAt
0x080882BC	0x080882D3	thumb	MapGridGetMetatileBehaviorAt
0x080882D4	0x080882EF	thumb	MapGridGetMetatileLayerTypeAt
0x080882F0	0x08088337	thumb	MapGridSetMetatileIdAt
0x08088338	0x0808836F	thumb	MapGridSetMetatileEntryAt
0x08088370	0x080883C3	thumb	GetMetatileAttributesById
0x080883C4	0x08088437	thumb	SaveMapView
0x08088438	0x08088473	thumb	SavedMapViewIsEmpty
0x08088474	0x0808849B	thumb	ClearSavedMapView
0x0808849C	0x080885C3	thumb	LoadSavedMapView
0x080885C4	0x0808869B	thumb	MoveMapViewToBackup
0x0808869C	0x08088787	thumb	GetMapBorderIdAt
0x08088788	0x080887AF	thumb	GetPostCameraMoveMapBorderId
0x080887B0	0x080887F7	thumb	CanCameraMoveInDirection
0x080887F8	0x0808887B	thumb	SetPositionFromConnection
0x0808887C	0x0808894F	thumb	CameraMove
0x08088950	0x080889A5	thumb	GetIncomingConnection
0x080889A8	0x08088A0B	thumb	IsPosInIncomingConnectingMap
0x08088A0C	0x08088A35	thumb	IsCoordInIncomingConnectingMap
0x08088A38	0x08088A4B	thumb	IsCoordInConnectingMap
0x08088A4C	0x08088A8B	thumb	IsPosInConnectingMap
0x08088A8C	0x08088B39	thumb	GetMapConnectionAtPos
0x08088B3C	0x08088B57	thumb	SetCameraFocusCoords
0x08088B58	0x08088B6F	thumb	GetCameraFocusCoords
0x08088B70	0x08088B7F	thumb	SetCameraCoords
0x08088B80	0x08088B93	thumb	GetCameraCoords
0x08088B94	0x08088BEF	thumb	MapGridSetMetatileImpassabilityAt
0x08088BF0	0x08088C31	thumb	SkipCopyingMetatileFromSavedMap
0x08088C34	0x08088C77	thumb	CopyTilesetToVram
0x08088C78	0x08088CBB	thumb	CopyTilesetToVramUsingHeap
0x08088CBC	0x08088CBD	thumb	ApplyGlobalTintToPaletteEntries
0x08088CC0	0x08088CC1	thumb	ApplyGlobalTintToPaletteSlot
0x08088CC4	0x08088D4D	thumb	LoadTilesetPalette
0x08088D50	0x08088D61	thumb	CopyPrimaryTilesetToVram
0x08088D64	0x08088D75	thumb	CopySecondaryTilesetToVram
0x08088D78	0x08088D89	thumb	CopySecondaryTilesetToVramUsingHeap
0x08088D8C	0x08088D9B	thumb	LoadPrimaryTilesetPalette
0x08088D9C	0x08088DAB	thumb	LoadSecondaryTilesetPalette
0x08088DAC	0x08088DD1	thumb	CopyMapTilesetsToVram
0x08088DD4	0x08088DEB	thumb	LoadMapTilesetPalettes
0x08088DEC	0x08088DEF	thumb	MetatileBehavior_IsATile
0x08088DF0	0x08088E11	thumb	MetatileBehavior_IsEncounterTile
0x08088E14	0x08088E27	thumb	MetatileBehavior_IsJumpEast
0x08088E28	0x08088E3B	thumb	MetatileBehavior_IsJumpWest
0x08088E3C	0x08088E4F	thumb	MetatileBehavior_IsJumpNorth
0x08088E50	0x08088E63	thumb	MetatileBehavior_IsJumpSouth
0x08088E64	0x08088E7D	thumb	MetatileBehavior_IsPokeGrass
0x08088E80	0x08088E97	thumb	MetatileBehavior_IsSandOrDeepSand
0x08088E98	0x08088EAB	thumb	MetatileBehavior_IsDeepSand
0x08088EAC	0x08088ED3	thumb	MetatileBehavior_IsReflective
0x08088ED4	0x08088EE7	thumb	MetatileBehavior_IsIce
0x08088EE8	0x08088EFB	thumb	MetatileBehavior_IsWarpDoor
0x08088EFC	0x08088F13	thumb	MetatileBehavior_IsDoor
0x08088F14	0x08088F2D	thumb	MetatileBehavior_IsEscalator
0x08088F30	0x08088F43	thumb	Unref_MetatileBehavior_IsUnused04
0x08088F44	0x08088F57	thumb	MetatileBehavior_IsLadder
0x08088F58	0x08088F73	thumb	MetatileBehavior_IsNonAnimDoor
0x08088F74	0x08088F87	thumb	MetatileBehavior_IsDeepSouthWarp
0x08088F88	0x08088FA9	thumb	MetatileBehavior_IsSurfableWaterOrUnderwater
0x08088FAC	0x08088FBF	thumb	MetatileBehavior_IsEastArrowWarp
0x08088FC0	0x08088FD3	thumb	MetatileBehavior_IsWestArrowWarp
0x08088FD4	0x08088FEB	thumb	MetatileBehavior_IsNorthArrowWarp
0x08088FEC	0x08089007	thumb	MetatileBehavior_IsSouthArrowWarp
0x08089008	0x08089049	thumb	Unref_MetatileBehavior_IsArrowWarp
0x0808904C	0x0808908B	thumb	MetatileBehavior_IsForcedMovementTile
0x0808908C	0x0808909F	thumb	MetatileBehavior_IsIce_2
0x080890A0	0x080890B3	thumb	MetatileBehavior_IsTrickHouseSlipperyFloor
0x080890B4	0x080890C7	thumb	Unref_MetatileBehavior_IsUnused05
0x080890C8	0x080890DB	thumb	MetatileBehavior_IsWalkNorth
0x080890DC	0x080890EF	thumb	MetatileBehavior_IsWalkSouth
0x080890F0	0x08089103	thumb	MetatileBehavior_IsWalkWest
0x08089104	0x08089117	thumb	MetatileBehavior_IsWalkEast
0x08089118	0x0808912B	thumb	MetatileBehavior_IsNorthwardCurrent
0x0808912C	0x0808913F	thumb	MetatileBehavior_IsSouthwardCurrent
0x08089140	0x08089153	thumb	MetatileBehavior_IsWestwardCurrent
0x08089154	0x08089167	thumb	MetatileBehavior_IsEastwardCurrent
0x08089168	0x0808917B	thumb	MetatileBehavior_IsSlideNorth
0x0808917C	0x0808918F	thumb	MetatileBehavior_IsSlideSouth
0x08089190	0x080891A3	thumb	MetatileBehavior_IsSlideWest
0x080891A4	0x080891B7	thumb	MetatileBehavior_IsSlideEast
0x080891B8	0x080891CB	thumb	MetatileBehavior_IsCounter
0x080891CC	0x080891E7	thumb	MetatileBehavior_IsPlayerFacingTVScreen
0x080891E8	0x080891FB	thumb	MetatileBehavior_IsPC
0x080891FC	0x0808920F	thumb	MetatileBehavior_IsCableBoxResults1
0x08089210	0x0808923B	thumb	MetatileBehavior_IsOpenSecretBaseDoor
0x0808923C	0x0808925B	thumb	MetatileBehavior_IsSecretBaseCave
0x0808925C	0x08089273	thumb	MetatileBehavior_IsSecretBaseTree
0x08089274	0x08089287	thumb	MetatileBehavior_IsSecretBaseShrub
0x08089288	0x0808929B	thumb	MetatileBehavior_IsSecretBasePC
0x0808929C	0x080892AF	thumb	MetatileBehavior_IsRecordMixingSecretBasePC
0x080892B0	0x080892C3	thumb	MetatileBehavior_IsSecretBaseScenery1
0x080892C4	0x080892D7	thumb	MetatileBehavior_IsSecretBaseTrainerSpot
0x080892D8	0x080892EB	thumb	MetatileBehavior_IsSecretBaseImpassable
0x080892EC	0x080892FF	thumb	MetatileBehavior_IsSecretBaseDecorationBase
0x08089300	0x08089313	thumb	MetatileBehavior_IsSecretBasePoster
0x08089314	0x08089325	thumb	MetatileBehavior_IsNormal
0x08089328	0x0808933B	thumb	MetatileBehavior_IsSecretBaseNorthWall
0x0808933C	0x0808934F	thumb	MetatileBehavior_IsSecretBaseScenery2
0x08089350	0x08089363	thumb	MetatileBehavior_HoldsSmallDecoration
0x08089364	0x08089377	thumb	MetatileBehavior_HoldsLargeDecoration
0x08089378	0x0808938B	thumb	MetatileBehavior_IsSecretBaseHole
0x0808938C	0x0808939F	thumb	MetatileBehavior_IsSecretBaseBalloon
0x080893A0	0x080893B3	thumb	MetatileBehavior_IsSecretBaseBreakableDoor
0x080893B4	0x080893C7	thumb	MetatileBehavior_IsSecretBaseSoundMat
0x080893C8	0x080893DB	thumb	MetatileBehavior_IsSecretBaseGlitterMat
0x080893DC	0x080893EF	thumb	MetatileBehavior_IsSecretBaseSandOrnament
0x080893F0	0x08089403	thumb	MetatileBehavior_IsSecretBaseShieldOrToyTV
0x08089404	0x08089417	thumb	MetatileBehavior_IsPlayerRoomPCOn
0x08089418	0x08089433	thumb	MetatileBehavior_HasRipples
0x08089434	0x08089447	thumb	MetatileBehavior_IsPuddle
0x08089448	0x0808945B	thumb	MetatileBehavior_IsTallGrass
0x0808945C	0x0808946F	thumb	MetatileBehavior_IsLongGrass
0x08089470	0x08089483	thumb	MetatileBehavior_IsBerryTreeSoil
0x08089484	0x08089497	thumb	MetatileBehavior_IsAshGrass
0x08089498	0x080894AB	thumb	MetatileBehavior_IsFootprints
0x080894AC	0x080894D3	thumb	MetatileBehavior_IsBridgeOverWater
0x080894D4	0x0808950D	thumb	MetatileBehavior_GetBridgeType
0x08089510	0x08089529	thumb	MetatileBehavior_IsBridgeOverWaterNoEdge
0x0808952C	0x08089557	thumb	MetatileBehavior_IsLandWildEncounter
0x08089558	0x08089585	thumb	MetatileBehavior_IsWaterWildEncounter
0x08089588	0x0808959B	thumb	MetatileBehavior_IsIndoorEncounter
0x0808959C	0x080895AF	thumb	MetatileBehavior_IsMountain
0x080895B0	0x080895CF	thumb	MetatileBehavior_IsDiveable
0x080895D0	0x080895E7	thumb	MetatileBehavior_IsUnableToEmerge
0x080895E8	0x08089603	thumb	MetatileBehavior_IsShallowFlowingWater
0x08089604	0x08089617	thumb	MetatileBehavior_IsThinIce
0x08089618	0x0808962B	thumb	MetatileBehavior_IsCrackedIce
0x0808962C	0x08089647	thumb	MetatileBehavior_IsDeepOrOceanWater
0x08089648	0x0808965F	thumb	Unref_MetatileBehavior_IsUnusedSootopolisWater
0x08089660	0x08089689	thumb	MetatileBehavior_IsSurfableAndNotWaterfall
0x0808968C	0x080896AF	thumb	MetatileBehavior_IsEastBlocked
0x080896B0	0x080896D3	thumb	MetatileBehavior_IsWestBlocked
0x080896D4	0x080896F3	thumb	MetatileBehavior_IsNorthBlocked
0x080896F4	0x08089713	thumb	MetatileBehavior_IsSouthBlocked
0x08089714	0x08089727	thumb	MetatileBehavior_IsShortGrass
0x08089728	0x0808973B	thumb	MetatileBehavior_IsHotSprings
0x0808973C	0x0808974F	thumb	MetatileBehavior_IsWaterfall
0x08089750	0x08089763	thumb	MetatileBehavior_IsFortreeBridge
0x08089764	0x08089777	thumb	MetatileBehavior_IsPacifidlogVerticalLogTop
0x08089778	0x0808978B	thumb	MetatileBehavior_IsPacifidlogVerticalLogBottom
0x0808978C	0x0808979F	thumb	MetatileBehavior_IsPacifidlogHorizontalLogLeft
0x080897A0	0x080897B3	thumb	MetatileBehavior_IsPacifidlogHorizontalLogRight
0x080897B4	0x080897CD	thumb	MetatileBehavior_IsPacifidlogLog
0x080897D0	0x080897E3	thumb	MetatileBehavior_IsTrickHousePuzzleDoor
0x080897E4	0x080897F7	thumb	MetatileBehavior_IsRegionMap
0x080897F8	0x0808980B	thumb	MetatileBehavior_IsClosedSootopolisDoor
0x0808980C	0x0808981F	thumb	MetatileBehavior_IsSkyPillarClosedDoor
0x08089820	0x08089833	thumb	MetatileBehavior_IsRoulette
0x08089834	0x08089847	thumb	MetatileBehavior_IsPokeblockFeeder
0x08089848	0x0808985B	thumb	MetatileBehavior_IsSecretBaseJumpMat
0x0808985C	0x0808986F	thumb	MetatileBehavior_IsSecretBaseSpinMat
0x08089870	0x08089883	thumb	MetatileBehavior_IsLavaridgeB1FWarp
0x08089884	0x08089897	thumb	MetatileBehavior_IsLavaridge1FWarp
0x08089898	0x080898AB	thumb	MetatileBehavior_IsAquaHideoutWarp
0x080898AC	0x080898BF	thumb	MetatileBehavior_IsUnionRoomWarp
0x080898C0	0x080898D3	thumb	MetatileBehavior_IsMossdeepGymWarp
0x080898D4	0x08089901	thumb	MetatileBehavior_IsSurfableFishableWater
0x08089904	0x08089917	thumb	MetatileBehavior_IsMtPyreHole
0x08089918	0x0808992B	thumb	MetatileBehavior_IsCrackedFloorHole
0x0808992C	0x0808993F	thumb	MetatileBehavior_IsCrackedFloor
0x08089940	0x08089953	thumb	MetatileBehavior_IsMuddySlope
0x08089954	0x08089967	thumb	MetatileBehavior_IsBumpySlope
0x08089968	0x0808997B	thumb	MetatileBehavior_IsIsolatedVerticalRail
0x0808997C	0x0808998F	thumb	MetatileBehavior_IsIsolatedHorizontalRail
0x08089990	0x080899A3	thumb	MetatileBehavior_IsVerticalRail
0x080899A4	0x080899B7	thumb	MetatileBehavior_IsHorizontalRail
0x080899B8	0x080899CF	thumb	MetatileBehavior_IsSeaweed
0x080899D0	0x080899F5	thumb	MetatileBehavior_IsRunningDisallowed
0x080899F8	0x08089A1B	thumb	MetatileBehavior_IsCuttableGrass
0x08089A1C	0x08089A2F	thumb	MetatileBehavior_IsRunningShoesManual
0x08089A30	0x08089A43	thumb	MetatileBehavior_IsPictureBookShelf
0x08089A44	0x08089A57	thumb	MetatileBehavior_IsBookShelf
0x08089A58	0x08089A6B	thumb	MetatileBehavior_IsPokeCenterBookShelf
0x08089A6C	0x08089A7F	thumb	MetatileBehavior_IsVase
0x08089A80	0x08089A93	thumb	MetatileBehavior_IsTrashCan
0x08089A94	0x08089AA7	thumb	MetatileBehavior_IsShopShelf
0x08089AA8	0x08089ABB	thumb	MetatileBehavior_IsBlueprint
0x08089ABC	0x08089ACF	thumb	MetatileBehavior_IsBattlePyramidWarp
0x08089AD0	0x08089AEB	thumb	MetatileBehavior_IsPlayerFacingWirelessBoxResults
0x08089AEC	0x08089B07	thumb	MetatileBehavior_IsCableBoxResults2
0x08089B08	0x08089B1B	thumb	MetatileBehavior_IsQuestionnaire
0x08089B1C	0x08089B2F	thumb	MetatileBehavior_IsLongGrass_Duplicate
0x08089B30	0x08089B43	thumb	MetatileBehavior_IsLongGrassSouthEdge
0x08089B44	0x08089B57	thumb	MetatileBehavior_IsTrainerHillTimer
0x08089B58	0x08089B67	thumb	ResetCameraOffset
0x08089B68	0x08089B83	thumb	AddCameraTileOffset
0x08089B84	0x08089B91	thumb	AddCameraPixelOffset
0x08089B94	0x08089BA3	thumb	ResetFieldCamera
0x08089BA4	0x08089C07	thumb	FieldUpdateBgTilemapScroll
0x08089C08	0x08089C33	thumb	GetCameraOffsetWithPan
0x08089C34	0x08089C5F	thumb	DrawWholeMapView
0x08089C60	0x08089CE3	thumb	DrawWholeMapViewInternal
0x08089CE4	0x08089D2F	thumb	RedrawMapSlicesForCameraUpdate
0x08089D30	0x08089D8F	thumb	RedrawMapSliceNorth
0x08089D90	0x08089DDB	thumb	RedrawMapSliceSouth
0x08089DDC	0x08089E33	thumb	RedrawMapSliceEast
0x08089E34	0x08089E9F	thumb	RedrawMapSliceWest
0x08089EA0	0x08089EDB	thumb	CurrentMapDrawMetatileAt
0x08089EDC	0x08089F0F	thumb	DrawDoorMetatileAt
0x08089F10	0x08089F77	thumb	DrawMetatileAt
0x08089F78	0x0808A0AB	thumb	DrawMetatile
0x0808A0AC	0x0808A0F3	thumb	MapPosToBgTilemapOffset
0x0808A0F4	0x0808A11B	thumb	CameraUpdateCallback
0x0808A11C	0x0808A133	thumb	ResetCameraUpdateInfo
0x0808A134	0x0808A173	thumb	InitCameraUpdateCallback
0x0808A174	0x0808A283	thumb	CameraUpdate
0x0808A284	0x0808A2BF	thumb	MoveCameraAndRedrawMap
0x0808A2C0	0x0808A2CB	thumb	SetCameraPanningCallback
0x0808A2CC	0x0808A2E3	thumb	SetCameraPanning
0x0808A2E4	0x0808A313	thumb	InstallCameraPanAheadCallback
0x0808A314	0x0808A35F	thumb	UpdateCameraPanning
0x0808A360	0x0808A3FF	thumb	CameraPanningCB_PanAhead
0x0808A400	0x0808A437	thumb	CopyDoorTilesToVram
0x0808A438	0x0808A477	thumb	BuildDoorTiles
0x0808A478	0x0808A52F	thumb	DrawCurrentDoorAnimFrame
0x0808A530	0x0808A567	thumb	DrawClosedDoorTiles
0x0808A568	0x0808A5EF	thumb	DrawDoor
0x0808A5F0	0x0808A651	thumb	AnimateDoorFrame
0x0808A654	0x0808A68B	thumb	Task_AnimateDoor
0x0808A68C	0x0808A69F	thumb	GetLastDoorFrame
0x0808A6A0	0x0808A6C1	thumb	GetDoorGraphics
0x0808A6C4	0x0808A725	thumb	StartDoorAnimationTask
0x0808A728	0x0808A731	thumb	DrawClosedDoor
0x0808A734	0x0808A773	thumb	DrawOpenedDoor
0x0808A774	0x0808A7CB	thumb	StartDoorOpenAnimation
0x0808A7CC	0x0808A809	thumb	StartDoorCloseAnimation
0x0808A80C	0x0808A839	thumb	GetDoorSoundType
0x0808A83C	0x0808A853	thumb	Debug_FieldAnimateDoorOpen
0x0808A854	0x0808A87F	thumb	FieldSetDoorOpened
0x0808A880	0x0808A8AB	thumb	FieldSetDoorClosed
0x0808A8AC	0x0808A8E1	thumb	FieldAnimateDoorClose
0x0808A8E4	0x0808A919	thumb	FieldAnimateDoorOpen
0x0808A91C	0x0808A92F	thumb	FieldIsDoorAnimationRunning
0x0808A930	0x0808A961	thumb	GetDoorSoundEffect
0x0808A964	0x0808A995	thumb	ShouldUseMultiCorridorDoor
0x0808A998	0x0808A9BB	thumb	MovementType_Player
0x0808A9BC	0x0808A9BF	thumb	ObjectEventCB2_NoMovement2
0x0808A9C0	0x0808AA37	thumb	PlayerStep
0x0808AA38	0x0808AA99	thumb	TryInterruptObjectEventSpecialAnim
0x0808AA9C	0x0808AABF	thumb	npc_clear_strange_bits
0x0808AAC0	0x0808AAF5	thumb	MovePlayerAvatarUsingKeypadInput
0x0808AAF8	0x0808AB13	thumb	PlayerAllowForcedMovementIfMovingSameDirection
0x0808AB14	0x0808AB37	thumb	TryDoMetatileBehaviorForcedMovement
0x0808AB38	0x0808AB91	thumb	GetForcedMovementByMetatileBehavior
0x0808AB94	0x0808ABDF	thumb	ForcedMovement_None
0x0808ABE0	0x0808AC55	thumb	DoForcedMovement
0x0808AC58	0x0808AC8B	thumb	DoForcedMovementInCurrentDirection
0x0808AC8C	0x0808AC9F	thumb	ForcedMovement_Slip
0x0808ACA0	0x0808ACB7	thumb	ForcedMovement_WalkSouth
0x0808ACB8	0x0808ACCF	thumb	ForcedMovement_WalkNorth
0x0808ACD0	0x0808ACE7	thumb	ForcedMovement_WalkWest
0x0808ACE8	0x0808ACFF	thumb	ForcedMovement_WalkEast
0x0808AD00	0x0808AD17	thumb	ForcedMovement_PushedSouthByCurrent
0x0808AD18	0x0808AD2F	thumb	ForcedMovement_PushedNorthByCurrent
0x0808AD30	0x0808AD47	thumb	ForcedMovement_PushedWestByCurrent
0x0808AD48	0x0808AD5F	thumb	ForcedMovement_PushedEastByCurrent
0x0808AD60	0x0808AD97	thumb	ForcedMovement_Slide
0x0808AD98	0x0808ADAF	thumb	ForcedMovement_SlideSouth
0x0808ADB0	0x0808ADC7	thumb	ForcedMovement_SlideNorth
0x0808ADC8	0x0808ADDF	thumb	ForcedMovement_SlideWest
0x0808ADE0	0x0808ADF7	thumb	ForcedMovement_SlideEast
0x0808ADF8	0x0808AE03	thumb	ForcedMovement_MatJump
0x0808AE04	0x0808AE0F	thumb	ForcedMovement_MatSpin
0x0808AE10	0x0808AE67	thumb	ForcedMovement_MuddySlope
0x0808AE68	0x0808AE97	thumb	MovePlayerNotOnBike
0x0808AE98	0x0808AEDB	thumb	CheckMovementInputNotOnBike
0x0808AEDC	0x0808AEED	thumb	PlayerNotOnBikeNotMoving
0x0808AEF0	0x0808AEFD	thumb	PlayerNotOnBikeTurningInPlace
0x0808AF00	0x0808AFBB	thumb	PlayerNotOnBikeMoving
0x0808AFBC	0x0808B027	thumb	CheckForPlayerAvatarCollision
0x0808B028	0x0808B093	thumb	CheckForPlayerAvatarStaticCollision
0x0808B094	0x0808B161	thumb	CheckForObjectEventCollision
0x0808B164	0x0808B1B9	thumb	CheckForObjectEventStaticCollision
0x0808B1BC	0x0808B213	thumb	CanStopSurfing
0x0808B214	0x0808B235	thumb	ShouldJumpLedge
0x0808B238	0x0808B2E1	thumb	TryPushBoulder
0x0808B2E4	0x0808B323	thumb	CheckAcroBikeCollision
0x0808B324	0x0808B3C9	thumb	IsPlayerCollidingWithFarawayIslandMew
0x0808B3CC	0x0808B3E7	thumb	SetPlayerAvatarTransitionFlags
0x0808B3E8	0x0808B43B	thumb	DoPlayerAvatarTransition
0x0808B43C	0x0808B43D	thumb	PlayerAvatarTransition_Dummy
0x0808B440	0x0808B46B	thumb	PlayerAvatarTransition_Normal
0x0808B46C	0x0808B49F	thumb	PlayerAvatarTransition_MachBike
0x0808B4A0	0x0808B4D7	thumb	PlayerAvatarTransition_AcroBike
0x0808B4D8	0x0808B533	thumb	PlayerAvatarTransition_Surfing
0x0808B534	0x0808B567	thumb	PlayerAvatarTransition_Underwater
0x0808B568	0x0808B577	thumb	PlayerAvatarTransition_ReturnToField
0x0808B578	0x0808B5BB	thumb	UpdatePlayerAvatarTransitionState
0x0808B5BC	0x0808B615	thumb	PlayerAnimIsMultiFrameStationary
0x0808B618	0x0808B639	thumb	PlayerAnimIsMultiFrameStationaryAndStateNotTurning
0x0808B63C	0x0808B65F	thumb	PlayerIsAnimActive
0x0808B660	0x0808B683	thumb	PlayerCheckIfAnimFinishedOrInactive
0x0808B684	0x0808B69F	thumb	PlayerSetCopyableMovement
0x0808B6A0	0x0808B6BB	thumb	PlayerGetCopyableMovement
0x0808B6BC	0x0808B6E3	thumb	PlayerForceSetHeldMovement
0x0808B6E4	0x0808B71F	thumb	PlayerSetAnimId
0x0808B720	0x0808B737	thumb	PlayerWalkNormal
0x0808B738	0x0808B74F	thumb	PlayerWalkFast
0x0808B750	0x0808B767	thumb	PlayerRideWaterCurrent
0x0808B768	0x0808B77F	thumb	PlayerWalkFaster
0x0808B780	0x0808B797	thumb	PlayerRun
0x0808B798	0x0808B7BB	thumb	PlayerOnBikeCollide
0x0808B7BC	0x0808B7D3	thumb	PlayerOnBikeCollideWithFarawayIslandMew
0x0808B7D4	0x0808B7F7	thumb	PlayerNotOnBikeCollide
0x0808B7F8	0x0808B80F	thumb	PlayerNotOnBikeCollideWithFarawayIslandMew
0x0808B810	0x0808B827	thumb	PlayerFaceDirection
0x0808B828	0x0808B83F	thumb	PlayerTurnInPlace
0x0808B840	0x0808B863	thumb	PlayerJumpLedge
0x0808B864	0x0808B8A7	thumb	PlayerFreeze
0x0808B8A8	0x0808B8BF	thumb	PlayerIdleWheelie
0x0808B8C0	0x0808B8D7	thumb	PlayerStartWheelie
0x0808B8D8	0x0808B8EF	thumb	PlayerEndWheelie
0x0808B8F0	0x0808B913	thumb	PlayerStandingHoppingWheelie
0x0808B914	0x0808B937	thumb	PlayerMovingHoppingWheelie
0x0808B938	0x0808B95B	thumb	PlayerLedgeHoppingWheelie
0x0808B95C	0x0808B97F	thumb	PlayerAcroTurnJump
0x0808B980	0x0808B9A3	thumb	PlayerWheelieInPlace
0x0808B9A4	0x0808B9BB	thumb	PlayerPopWheelieWhileMoving
0x0808B9BC	0x0808B9D3	thumb	PlayerWheelieMove
0x0808B9D4	0x0808B9EB	thumb	PlayerEndWheelieWhileMoving
0x0808B9EC	0x0808BA67	thumb	PlayCollisionSoundIfNotFacingWarp
0x0808BA68	0x0808BAAB	thumb	GetXYCoordsOneStepInFrontOfPlayer
0x0808BAAC	0x0808BADB	thumb	PlayerGetDestCoords
0x0808BADC	0x0808BC35	thumb	player_get_pos_including_state_based_drift
0x0808BC38	0x0808BC57	thumb	GetPlayerFacingDirection
0x0808BC58	0x0808BC73	thumb	GetPlayerMovementDirection
0x0808BC74	0x0808BC8F	thumb	PlayerGetElevation
0x0808BC90	0x0808BCBF	thumb	MovePlayerToMapCoords
0x0808BCC0	0x0808BCCF	thumb	TestPlayerAvatarFlags
0x0808BCD0	0x0808BCDB	thumb	GetPlayerAvatarFlags
0x0808BCDC	0x0808BCE7	thumb	GetPlayerAvatarSpriteId
0x0808BCE8	0x0808BCF1	thumb	CancelPlayerForcedMovement
0x0808BCF4	0x0808BD3B	thumb	StopPlayerAvatar
0x0808BD3C	0x0808BD53	thumb	GetRivalAvatarGraphicsIdByStateIdAndGender
0x0808BD54	0x0808BD6B	thumb	GetPlayerAvatarGraphicsIdByStateIdAndGender
0x0808BD6C	0x0808BD7B	thumb	GetFRLGAvatarGraphicsIdByGender
0x0808BD7C	0x0808BD8B	thumb	GetRSAvatarGraphicsIdByGender
0x0808BD8C	0x0808BDA7	thumb	GetPlayerAvatarGraphicsIdByStateId
0x0808BDA8	0x0808BDD3	thumb	unref_GetRivalAvatarGenderByGraphicsId
0x0808BDD4	0x0808BDFF	thumb	GetPlayerAvatarGenderByGraphicsId
0x0808BE00	0x0808BE4F	thumb	PartyHasMonWithSurf
0x0808BE50	0x0808BE73	thumb	IsPlayerSurfingNorth
0x0808BE74	0x0808BEFD	thumb	IsPlayerFacingSurfableFishableWater
0x0808BF00	0x0808BF13	thumb	ClearPlayerAvatarInfo
0x0808BF14	0x0808BF2B	thumb	SetPlayerAvatarStateMask
0x0808BF2C	0x0808BF69	thumb	GetPlayerAvatarStateTransitionByGraphicsId
0x0808BF6C	0x0808BFAD	thumb	GetPlayerAvatarGraphicsIdByCurrentState
0x0808BFB0	0x0808BFDF	thumb	SetPlayerAvatarExtraStateTransition
0x0808BFE0	0x0808C0A7	thumb	InitPlayerAvatar
0x0808C0A8	0x0808C113	thumb	SetPlayerInvisibility
0x0808C114	0x0808C15B	thumb	SetPlayerAvatarFieldMove
0x0808C15C	0x0808C1B3	thumb	SetPlayerAvatarFishing
0x0808C1B4	0x0808C227	thumb	PlayerUseAcroBikeOnBumpySlope
0x0808C228	0x0808C27F	thumb	SetPlayerAvatarWatering
0x0808C280	0x0808C30F	thumb	HideShowWarpArrow
0x0808C310	0x0808C34B	thumb	StartStrengthAnim
0x0808C34C	0x0808C3A3	thumb	Task_PushBoulder
0x0808C3A4	0x0808C3C3	thumb	PushBoulder_Start
0x0808C3C4	0x0808C483	thumb	PushBoulder_Move
0x0808C484	0x0808C4D7	thumb	PushBoulder_End
0x0808C4D8	0x0808C4F7	thumb	DoPlayerMatJump
0x0808C4F8	0x0808C543	thumb	DoPlayerAvatarSecretBaseMatJump
0x0808C544	0x0808C5AF	thumb	PlayerAvatar_DoSecretBaseMatJump
0x0808C5B0	0x0808C5CF	thumb	DoPlayerMatSpin
0x0808C5D0	0x0808C61B	thumb	PlayerAvatar_DoSecretBaseMatSpin
0x0808C61C	0x0808C643	thumb	PlayerAvatar_SecretBaseMatSpinStep0
0x0808C644	0x0808C6BB	thumb	PlayerAvatar_SecretBaseMatSpinStep1
0x0808C6BC	0x0808C6FB	thumb	PlayerAvatar_SecretBaseMatSpinStep2
0x0808C6FC	0x0808C74F	thumb	PlayerAvatar_SecretBaseMatSpinStep3
0x0808C750	0x0808C7A7	thumb	CreateStopSurfingTask
0x0808C7A8	0x0808C813	thumb	Task_StopSurfingInit
0x0808C814	0x0808C88B	thumb	Task_WaitStopSurfing
0x0808C88C	0x0808C8BF	thumb	StartFishing
0x0808C8C0	0x0808C8F7	thumb	Task_Fishing
0x0808C8F8	0x0808C917	thumb	Fishing_Init
0x0808C918	0x0808C9AF	thumb	Fishing_GetRodOut
0x0808C9B0	0x0808C9D3	thumb	Fishing_WaitBeforeDots
0x0808C9D4	0x0808CA1F	thumb	Fishing_InitDots
0x0808CA20	0x0808CABB	thumb	Fishing_ShowDots
0x0808CABC	0x0808CB6B	thumb	Fishing_CheckForBite
0x0808CB6C	0x0808CBA3	thumb	Fishing_GotBite
0x0808CBA4	0x0808CBFB	thumb	Fishing_WaitForA
0x0808CBFC	0x0808CC63	thumb	Fishing_CheckMoreDots
0x0808CC64	0x0808CCA7	thumb	Fishing_MonOnHook
0x0808CCA8	0x0808CD93	thumb	Fishing_StartEncounter
0x0808CD94	0x0808CE03	thumb	Fishing_NotEvenNibble
0x0808CE04	0x0808CE73	thumb	Fishing_GotAway
0x0808CE74	0x0808CE89	thumb	Fishing_NoMon
0x0808CE8C	0x0808CF2B	thumb	Fishing_PutRodAway
0x0808CF2C	0x0808CF77	thumb	Fishing_EndNoMon
0x0808CF78	0x0808D073	thumb	AlignFishingAnimationFrames
0x0808D074	0x0808D07F	thumb	SetSpinStartFacingDir
0x0808D080	0x0808D093	thumb	GetSpinStartFacingDir
0x0808D094	0x0808D193	thumb	Task_DoPlayerSpinExit
0x0808D194	0x0808D1B3	thumb	DoPlayerSpinEntrance
0x0808D1B4	0x0808D1C7	thumb	IsPlayerSpinEntranceActive
0x0808D1C8	0x0808D1E7	thumb	DoPlayerSpinExit
0x0808D1E8	0x0808D1FB	thumb	IsPlayerSpinExitActive
0x0808D1FC	0x0808D389	thumb	Task_DoPlayerSpinEntrance
0x0808D38C	0x0808D3EF	thumb	TrySpinPlayerForWarp
0x0808D3F0	0x0808D40F	thumb	ClearObjectEvent
0x0808D410	0x0808D437	thumb	ClearAllObjectEvents
0x0808D438	0x0808D44D	thumb	ResetObjectEvents
0x0808D450	0x0808D4F3	thumb	CreateReflectionEffectSprites
0x0808D4F4	0x0808D523	thumb	GetFirstInactiveObjectEventId
0x0808D524	0x0808D547	thumb	GetObjectEventIdByLocalIdAndMap
0x0808D548	0x0808D571	thumb	TryGetObjectEventIdByLocalIdAndMap
0x0808D574	0x0808D5B7	thumb	GetObjectEventIdByXY
0x0808D5B8	0x0808D605	thumb	GetObjectEventIdByLocalIdAndMapInternal
0x0808D608	0x0808D641	thumb	GetObjectEventIdByLocalId
0x0808D644	0x0808D77B	thumb	InitObjectEventStateFromTemplate
0x0808D77C	0x0808D80F	thumb	Unref_TryInitLocalObjectEvent
0x0808D810	0x0808D8AF	thumb	GetAvailableObjectEventId
0x0808D8B0	0x0808D8C3	thumb	RemoveObjectEvent
0x0808D8C4	0x0808D90B	thumb	RemoveObjectEventByLocalIdAndMap
0x0808D90C	0x0808D957	thumb	RemoveObjectEventInternal
0x0808D958	0x0808D98B	thumb	RemoveAllObjectEventsExceptPlayer
0x0808D98C	0x0808DB3F	thumb	TrySetupObjectEventSprite
0x0808DB40	0x0808DC07	thumb	TrySpawnObjectEventTemplate
0x0808DC08	0x0808DC43	thumb	SpawnSpecialObjectEvent
0x0808DC44	0x0808DCAB	thumb	SpawnSpecialObjectEventParameterized
0x0808DCAC	0x0808DCFB	thumb	TrySpawnObjectEvent
0x0808DCFC	0x0808DD2F	thumb	CopyObjectGraphicsInfoToSpriteTemplate
0x0808DD30	0x0808DD4F	thumb	CopyObjectGraphicsInfoToSpriteTemplate_WithMovementType
0x0808DD50	0x0808DD67	thumb	MakeSpriteTemplateFromObjectEventTemplate
0x0808DD68	0x0808DE0B	thumb	CreateObjectGraphicsSprite
0x0808DE0C	0x0808DF7D	thumb	CreateVirtualObject
0x0808DF80	0x0808E08B	thumb	TrySpawnObjectEvents
0x0808E08C	0x0808E0EB	thumb	RemoveObjectEventsOutsideView
0x0808E0EC	0x0808E16B	thumb	RemoveObjectEventIfOutsideView
0x0808E16C	0x0808E1B7	thumb	SpawnObjectEventsOnReturnToField
0x0808E1B8	0x0808E38B	thumb	SpawnObjectEventOnReturnToField
0x0808E38C	0x0808E3C3	thumb	ResetObjectEventFldEffData
0x0808E3C4	0x0808E3F7	thumb	SetPlayerAvatarObjectEventIdAndObjectId
0x0808E3F8	0x0808E501	thumb	ObjectEventSetGraphicsId
0x0808E504	0x0808E543	thumb	ObjectEventSetGraphicsIdByLocalIdAndMap
0x0808E544	0x0808E593	thumb	ObjectEventTurn
0x0808E594	0x0808E5D3	thumb	ObjectEventTurnByLocalIdAndMap
0x0808E5D4	0x0808E5F3	thumb	PlayerObjectTurn
0x0808E5F4	0x0808E693	thumb	SetBerryTreeGraphics
0x0808E694	0x0808E6DB	thumb	GetObjectEventGraphicsInfo
0x0808E6DC	0x0808E6F7	thumb	SetObjectEventDynamicGraphicsId
0x0808E6F8	0x0808E747	thumb	SetObjectInvisibility
0x0808E748	0x0808E75B	thumb	ObjectEventGetLocalIdAndMap
0x0808E75C	0x0808E78B	thumb	AllowObjectAtPosTriggerGroundEffects
0x0808E78C	0x0808E7E3	thumb	SetObjectSubpriority
0x0808E7E4	0x0808E82B	thumb	ResetObjectSubpriority
0x0808E82C	0x0808E87F	thumb	SetObjectEventSpritePosByLocalIdAndMap
0x0808E880	0x0808E893	thumb	FreeAndReserveObjectSpritePalettes
0x0808E894	0x0808E8BF	thumb	LoadObjectEventPalette
0x0808E8C0	0x0808E8F3	thumb	LoadObjectEventPaletteSet
0x0808E8F4	0x0808E919	thumb	LoadSpritePaletteIfTagExists
0x0808E91C	0x0808E953	thumb	PatchObjectPalette
0x0808E954	0x0808E97D	thumb	PatchObjectPaletteRange
0x0808E980	0x0808E9C7	thumb	FindObjectEventPaletteIndexByTag
0x0808E9C8	0x0808EA35	thumb	LoadPlayerObjectReflectionPalette
0x0808EA38	0x0808EAAD	thumb	LoadSpecialObjectReflectionPalette
0x0808EAB0	0x0808EAC1	thumb	_PatchObjectPalette
0x0808EAC4	0x0808EAE3	thumb	IncrementObjectEventCoords
0x0808EAE4	0x0808EAF1	thumb	ShiftObjectEventCoords
0x0808EAF4	0x0808EB05	thumb	SetObjectEventCoords
0x0808EB08	0x0808EBA7	thumb	MoveObjectEventToMapCoords
0x0808EBA8	0x0808EBFB	thumb	TryMoveObjectEventToMapCoords
0x0808EBFC	0x0808EC0D	thumb	ShiftStillObjectEventCoords
0x0808EC10	0x0808EC77	thumb	UpdateObjectEventCoordsForCameraUpdate
0x0808EC78	0x0808ECDD	thumb	GetObjectEventIdByPosition
0x0808ECE0	0x0808ED05	thumb	ObjectEventDoesElevationMatch
0x0808ED08	0x0808ED33	thumb	UpdateObjectEventsForCameraUpdate
0x0808ED34	0x0808ED77	thumb	AddCameraObject
0x0808ED78	0x0808ED9F	thumb	SpriteCB_CameraObject
0x0808EDA0	0x0808EDDB	thumb	CameraObject_Init
0x0808EDDC	0x0808EE13	thumb	CameraObject_UpdateMove
0x0808EE14	0x0808EE43	thumb	CameraObject_UpdateFrozen
0x0808EE44	0x0808EE89	thumb	FindCameraSprite
0x0808EE8C	0x0808EEA7	thumb	CameraObjectReset
0x0808EEA8	0x0808EEC1	thumb	CameraObjectSetFollowedSpriteId
0x0808EEC4	0x0808EEDB	thumb	CameraObjectGetFollowedSpriteId
0x0808EEDC	0x0808EEE9	thumb	CameraObjectFreeze
0x0808EEEC	0x0808EF4D	thumb	CopySprite
0x0808EF50	0x0808EFBF	thumb	CreateCopySpriteAt
0x0808EFC0	0x0808F001	thumb	SetObjectEventDirection
0x0808F004	0x0808F01B	thumb	GetObjectEventScriptPointerByLocalIdAndMap
0x0808F01C	0x0808F03F	thumb	GetObjectEventScriptPointerByObjectEventId
0x0808F040	0x0808F057	thumb	GetObjectEventFlagIdByLocalIdAndMap
0x0808F058	0x0808F07F	thumb	GetObjectEventFlagIdByObjectEventId
0x0808F080	0x0808F0BB	thumb	GetObjectTrainerTypeByLocalIdAndMap
0x0808F0BC	0x0808F0D3	thumb	GetObjectTrainerTypeByObjectEventId
0x0808F0D4	0x0808F10F	thumb	GetObjectEventBerryTreeIdByLocalIdAndMap
0x0808F110	0x0808F127	thumb	GetObjectEventBerryTreeId
0x0808F128	0x0808F179	thumb	GetObjectEventTemplateByLocalIdAndMap
0x0808F17C	0x0808F1B1	thumb	FindObjectEventTemplateByLocalId
0x0808F1B4	0x0808F207	thumb	GetBaseTemplateForObjectEvent
0x0808F208	0x0808F227	thumb	OverrideTemplateCoordsForObjectEvent
0x0808F228	0x0808F23B	thumb	OverrideObjectEventTemplateScript
0x0808F23C	0x0808F251	thumb	TryOverrideTemplateCoordsForObjectEvent
0x0808F254	0x0808F28B	thumb	TryOverrideObjectEventTemplateCoords
0x0808F28C	0x0808F2F7	thumb	OverrideSecretBaseDecorationSpriteScript
0x0808F2F8	0x0808F35F	thumb	InitObjectEventPalettes
0x0808F360	0x0808F3DF	thumb	GetObjectPaletteTag
0x0808F3E0	0x0808F403	thumb	MovementType_None
0x0808F404	0x0808F407	thumb	MovementType_None_callback
0x0808F408	0x0808F42B	thumb	MovementType_WanderAround
0x0808F42C	0x0808F44B	thumb	MovementType_WanderAround_callback
0x0808F44C	0x0808F45D	thumb	MovementType_WanderAround_Step0
0x0808F460	0x0808F489	thumb	MovementType_WanderAround_Step1
0x0808F48C	0x0808F4C7	thumb	MovementType_WanderAround_Step2
0x0808F4C8	0x0808F4E7	thumb	MovementType_WanderAround_Step3
0x0808F4E8	0x0808F533	thumb	MovementType_WanderAround_Step4
0x0808F534	0x0808F563	thumb	MovementType_WanderAround_Step5
0x0808F564	0x0808F589	thumb	MovementType_WanderAround_Step6
0x0808F58C	0x0808F605	thumb	ObjectEventIsTrainerAndCloseToPlayer
0x0808F608	0x0808F637	thumb	GetVectorDirection
0x0808F638	0x0808F647	thumb	GetLimitedVectorDirection_SouthNorth
0x0808F648	0x0808F659	thumb	GetLimitedVectorDirection_WestEast
0x0808F65C	0x0808F6B7	thumb	GetLimitedVectorDirection_WestNorth
0x0808F6B8	0x0808F713	thumb	GetLimitedVectorDirection_EastNorth
0x0808F714	0x0808F76F	thumb	GetLimitedVectorDirection_WestSouth
0x0808F770	0x0808F7CB	thumb	GetLimitedVectorDirection_EastSouth
0x0808F7CC	0x0808F807	thumb	GetLimitedVectorDirection_SouthNorthWest
0x0808F808	0x0808F843	thumb	GetLimitedVectorDirection_SouthNorthEast
0x0808F844	0x0808F87F	thumb	GetLimitedVectorDirection_NorthWestEast
0x0808F880	0x0808F8BB	thumb	GetLimitedVectorDirection_SouthWestEast
0x0808F8BC	0x0808F943	thumb	TryGetTrainerEncounterDirection
0x0808F944	0x0808F967	thumb	MovementType_LookAround
0x0808F968	0x0808F987	thumb	MovementType_LookAround_callback
0x0808F988	0x0808F999	thumb	MovementType_LookAround_Step0
0x0808F99C	0x0808F9C5	thumb	MovementType_LookAround_Step1
0x0808F9C8	0x0808FA0B	thumb	MovementType_LookAround_Step2
0x0808FA0C	0x0808FA39	thumb	MovementType_LookAround_Step3
0x0808FA3C	0x0808FA83	thumb	MovementType_LookAround_Step4
0x0808FA84	0x0808FAA7	thumb	MovementType_WanderUpAndDown
0x0808FAA8	0x0808FAC7	thumb	MovementType_WanderUpAndDown_callback
0x0808FAC8	0x0808FAD9	thumb	MovementType_WanderUpAndDown_Step0
0x0808FADC	0x0808FB05	thumb	MovementType_WanderUpAndDown_Step1
0x0808FB08	0x0808FB43	thumb	MovementType_WanderUpAndDown_Step2
0x0808FB44	0x0808FB63	thumb	MovementType_WanderUpAndDown_Step3
0x0808FB64	0x0808FBAF	thumb	MovementType_WanderUpAndDown_Step4
0x0808FBB0	0x0808FBDF	thumb	MovementType_WanderUpAndDown_Step5
0x0808FBE0	0x0808FC05	thumb	MovementType_WanderUpAndDown_Step6
0x0808FC08	0x0808FC2B	thumb	MovementType_WanderLeftAndRight
0x0808FC2C	0x0808FC4B	thumb	MovementType_WanderLeftAndRight_callback
0x0808FC4C	0x0808FC5D	thumb	MovementType_WanderLeftAndRight_Step0
0x0808FC60	0x0808FC89	thumb	MovementType_WanderLeftAndRight_Step1
0x0808FC8C	0x0808FCC7	thumb	MovementType_WanderLeftAndRight_Step2
0x0808FCC8	0x0808FCE7	thumb	MovementType_WanderLeftAndRight_Step3
0x0808FCE8	0x0808FD33	thumb	MovementType_WanderLeftAndRight_Step4
0x0808FD34	0x0808FD63	thumb	MovementType_WanderLeftAndRight_Step5
0x0808FD64	0x0808FD89	thumb	MovementType_WanderLeftAndRight_Step6
0x0808FD8C	0x0808FDAF	thumb	MovementType_FaceDirection
0x0808FDB0	0x0808FDCF	thumb	MovementType_FaceDirection_callback
0x0808FDD0	0x0808FDFB	thumb	MovementType_FaceDirection_Step0
0x0808FDFC	0x0808FE19	thumb	MovementType_FaceDirection_Step1
0x0808FE1C	0x0808FE29	thumb	MovementType_FaceDirection_Step2
0x0808FE2C	0x0808FE6F	thumb	MovementType_BerryTreeGrowth
0x0808FE70	0x0808FE8F	thumb	ObjectEventCB2_BerryTree
0x0808FE90	0x0808FF47	thumb	MovementType_BerryTreeGrowth_Normal
0x0808FF48	0x0808FF65	thumb	MovementType_BerryTreeGrowth_Move
0x0808FF68	0x0808FFB3	thumb	MovementType_BerryTreeGrowth_SparkleStart
0x0808FFB4	0x08090003	thumb	MovementType_BerryTreeGrowth_Sparkle
0x08090004	0x0809004D	thumb	MovementType_BerryTreeGrowth_SparkleEnd
0x08090050	0x08090073	thumb	MovementType_FaceDownAndUp
0x08090074	0x08090093	thumb	MovementType_FaceDownAndUp_callback
0x08090094	0x080900A5	thumb	MovementType_FaceDownAndUp_Step0
0x080900A8	0x080900D1	thumb	MovementType_FaceDownAndUp_Step1
0x080900D4	0x08090117	thumb	MovementType_FaceDownAndUp_Step2
0x08090118	0x08090145	thumb	MovementType_FaceDownAndUp_Step3
0x08090148	0x0809018F	thumb	MovementType_FaceDownAndUp_Step4
0x08090190	0x080901B3	thumb	MovementType_FaceLeftAndRight
0x080901B4	0x080901D3	thumb	MovementType_FaceLeftAndRight_callback
0x080901D4	0x080901E5	thumb	MovementType_FaceLeftAndRight_Step0
0x080901E8	0x08090211	thumb	MovementType_FaceLeftAndRight_Step1
0x08090214	0x08090257	thumb	MovementType_FaceLeftAndRight_Step2
0x08090258	0x08090285	thumb	MovementType_FaceLeftAndRight_Step3
0x08090288	0x080902CF	thumb	MovementType_FaceLeftAndRight_Step4
0x080902D0	0x080902F3	thumb	MovementType_FaceUpAndLeft
0x080902F4	0x08090313	thumb	MovementType_FaceUpAndLeft_callback
0x08090314	0x08090325	thumb	MovementType_FaceUpAndLeft_Step0
0x08090328	0x08090351	thumb	MovementType_FaceUpAndLeft_Step1
0x08090354	0x08090397	thumb	MovementType_FaceUpAndLeft_Step2
0x08090398	0x080903C5	thumb	MovementType_FaceUpAndLeft_Step3
0x080903C8	0x0809040F	thumb	MovementType_FaceUpAndLeft_Step4
0x08090410	0x08090433	thumb	MovementType_FaceUpAndRight
0x08090434	0x08090453	thumb	MovementType_FaceUpAndRight_callback
0x08090454	0x08090465	thumb	MovementType_FaceUpAndRight_Step0
0x08090468	0x08090491	thumb	MovementType_FaceUpAndRight_Step1
0x08090494	0x080904D7	thumb	MovementType_FaceUpAndRight_Step2
0x080904D8	0x08090505	thumb	MovementType_FaceUpAndRight_Step3
0x08090508	0x0809054F	thumb	MovementType_FaceUpAndRight_Step4
0x08090550	0x08090573	thumb	MovementType_FaceDownAndLeft
0x08090574	0x08090593	thumb	MovementType_FaceDownAndLeft_callback
0x08090594	0x080905A5	thumb	MovementType_FaceDownAndLeft_Step0
0x080905A8	0x080905D1	thumb	MovementType_FaceDownAndLeft_Step1
0x080905D4	0x08090617	thumb	MovementType_FaceDownAndLeft_Step2
0x08090618	0x08090645	thumb	MovementType_FaceDownAndLeft_Step3
0x08090648	0x0809068F	thumb	MovementType_FaceDownAndLeft_Step4
0x08090690	0x080906B3	thumb	MovementType_FaceDownAndRight
0x080906B4	0x080906D3	thumb	MovementType_FaceDownAndRight_callback
0x080906D4	0x080906E5	thumb	MovementType_FaceDownAndRight_Step0
0x080906E8	0x08090711	thumb	MovementType_FaceDownAndRight_Step1
0x08090714	0x08090757	thumb	MovementType_FaceDownAndRight_Step2
0x08090758	0x08090785	thumb	MovementType_FaceDownAndRight_Step3
0x08090788	0x080907CF	thumb	MovementType_FaceDownAndRight_Step4
0x080907D0	0x080907F3	thumb	MovementType_FaceDownUpAndLeft
0x080907F4	0x08090813	thumb	MovementType_FaceDownUpAndLeft_callback
0x08090814	0x08090825	thumb	MovementType_FaceDownUpAndLeft_Step0
0x08090828	0x08090851	thumb	MovementType_FaceDownUpAndLeft_Step1
0x08090854	0x08090897	thumb	MovementType_FaceDownUpAndLeft_Step2
0x08090898	0x080908C5	thumb	MovementType_FaceDownUpAndLeft_Step3
0x080908C8	0x0809090F	thumb	MovementType_FaceDownUpAndLeft_Step4
0x08090910	0x08090933	thumb	MovementType_FaceDownUpAndRight
0x08090934	0x08090953	thumb	MovementType_FaceDownUpAndRight_callback
0x08090954	0x08090965	thumb	MovementType_FaceDownUpAndRight_Step0
0x08090968	0x08090991	thumb	MovementType_FaceDownUpAndRight_Step1
0x08090994	0x080909D7	thumb	MovementType_FaceDownUpAndRight_Step2
0x080909D8	0x08090A05	thumb	MovementType_FaceDownUpAndRight_Step3
0x08090A08	0x08090A4F	thumb	MovementType_FaceDownUpAndRight_Step4
0x08090A50	0x08090A73	thumb	MovementType_FaceUpRightAndLeft
0x08090A74	0x08090A93	thumb	MovementType_FaceUpRightAndLeft_callback
0x08090A94	0x08090AA5	thumb	MovementType_FaceUpLeftAndRight_Step0
0x08090AA8	0x08090AD1	thumb	MovementType_FaceUpLeftAndRight_Step1
0x08090AD4	0x08090B17	thumb	MovementType_FaceUpLeftAndRight_Step2
0x08090B18	0x08090B45	thumb	MovementType_FaceUpLeftAndRight_Step3
0x08090B48	0x08090B8F	thumb	MovementType_FaceUpLeftAndRight_Step4
0x08090B90	0x08090BB3	thumb	MovementType_FaceDownRightAndLeft
0x08090BB4	0x08090BD3	thumb	MovementType_FaceDownRightAndLeft_callback
0x08090BD4	0x08090BE5	thumb	MovementType_FaceDownLeftAndRight_Step0
0x08090BE8	0x08090C11	thumb	MovementType_FaceDownLeftAndRight_Step1
0x08090C14	0x08090C57	thumb	MovementType_FaceDownLeftAndRight_Step2
0x08090C58	0x08090C85	thumb	MovementType_FaceDownLeftAndRight_Step3
0x08090C88	0x08090CCF	thumb	MovementType_FaceDownLeftAndRight_Step4
0x08090CD0	0x08090CF3	thumb	MovementType_RotateCounterclockwise
0x08090CF4	0x08090D13	thumb	MovementType_RotateCounterclockwise_callback
0x08090D14	0x08090D3F	thumb	MovementType_RotateCounterclockwise_Step0
0x08090D40	0x08090D61	thumb	MovementType_RotateCounterclockwise_Step1
0x08090D64	0x08090D8D	thumb	MovementType_RotateCounterclockwise_Step2
0x08090D90	0x08090DD3	thumb	MovementType_RotateCounterclockwise_Step3
0x08090DD4	0x08090DF7	thumb	MovementType_RotateClockwise
0x08090DF8	0x08090E17	thumb	MovementType_RotateClockwise_callback
0x08090E18	0x08090E43	thumb	MovementType_RotateClockwise_Step0
0x08090E44	0x08090E65	thumb	MovementType_RotateClockwise_Step1
0x08090E68	0x08090E91	thumb	MovementType_RotateClockwise_Step2
0x08090E94	0x08090ED7	thumb	MovementType_RotateClockwise_Step3
0x08090ED8	0x08090EFB	thumb	MovementType_WalkBackAndForth
0x08090EFC	0x08090F1B	thumb	MovementType_WalkBackAndForth_callback
0x08090F1C	0x08090F2D	thumb	MovementType_WalkBackAndForth_Step0
0x08090F30	0x08090F67	thumb	MovementType_WalkBackAndForth_Step1
0x08090F68	0x0809101D	thumb	MovementType_WalkBackAndForth_Step2
0x08091020	0x08091045	thumb	MovementType_WalkBackAndForth_Step3
0x08091048	0x08091059	thumb	MovementType_WalkSequence_Step0
0x0809105C	0x0809110D	thumb	MoveNextDirectionInSequence
0x08091110	0x08091135	thumb	MovementType_WalkSequence_Step2
0x08091138	0x0809115B	thumb	MovementType_WalkSequenceUpRightLeftDown
0x0809115C	0x0809117B	thumb	MovementType_WalkSequenceUpRightLeftDown_callback
0x0809117C	0x080911C3	thumb	MovementType_WalkSequenceUpRightLeftDown_Step1
0x080911C4	0x080911E7	thumb	MovementType_WalkSequenceRightLeftDownUp
0x080911E8	0x08091207	thumb	MovementType_WalkSequenceRightLeftDownUp_callback
0x08091208	0x0809124F	thumb	MovementType_WalkSequenceRightLeftDownUp_Step1
0x08091250	0x08091273	thumb	MovementType_WalkSequenceDownUpRightLeft
0x08091274	0x08091293	thumb	MovementType_WalkSequenceDownUpRightLeft_callback
0x08091294	0x080912DB	thumb	MovementType_WalkSequenceDownUpRightLeft_Step1
0x080912DC	0x080912FF	thumb	MovementType_WalkSequenceLeftDownUpRight
0x08091300	0x0809131F	thumb	MovementType_WalkSequenceLeftDownUpRight_callback
0x08091320	0x08091367	thumb	MovementType_WalkSequenceLeftDownUpRight_Step1
0x08091368	0x0809138B	thumb	MovementType_WalkSequenceUpLeftRightDown
0x0809138C	0x080913AB	thumb	MovementType_WalkSequenceUpLeftRightDown_callback
0x080913AC	0x080913F3	thumb	MovementType_WalkSequenceUpLeftRightDown_Step1
0x080913F4	0x08091417	thumb	MovementType_WalkSequenceLeftRightDownUp
0x08091418	0x08091437	thumb	MovementType_WalkSequenceLeftRightDownUp_callback
0x08091438	0x0809147F	thumb	MovementType_WalkSequenceLeftRightDownUp_Step1
0x08091480	0x080914A3	thumb	MovementType_WalkSequenceDownUpLeftRight
0x080914A4	0x080914C3	thumb	MovementType_WalkSequenceDownUpLeftRight_callback
0x080914C4	0x0809150B	thumb	MovementType_WalkSequenceDownUpLeftRight_Step1
0x0809150C	0x0809152F	thumb	MovementType_WalkSequenceRightDownUpLeft
0x08091530	0x0809154F	thumb	MovementType_WalkSequenceRightDownUpLeft_callback
0x08091550	0x08091597	thumb	MovementType_WalkSequenceRightDownUpLeft_Step1
0x08091598	0x080915BB	thumb	MovementType_WalkSequenceLeftUpDownRight
0x080915BC	0x080915DB	thumb	MovementType_WalkSequenceLeftUpDownRight_callback
0x080915DC	0x08091623	thumb	MovementType_WalkSequenceLeftUpDownRight_Step1
0x08091624	0x08091647	thumb	MovementType_WalkSequenceUpDownRightLeft
0x08091648	0x08091667	thumb	MovementType_WalkSequenceUpDownRightLeft_callback
0x08091668	0x080916AF	thumb	MovementType_WalkSequenceUpDownRightLeft_Step1
0x080916B0	0x080916D3	thumb	MovementType_WalkSequenceRightLeftUpDown
0x080916D4	0x080916F3	thumb	MovementType_WalkSequenceRightLeftUpDown_callback
0x080916F4	0x0809173B	thumb	MovementType_WalkSequenceRightLeftUpDown_Step1
0x0809173C	0x0809175F	thumb	MovementType_WalkSequenceDownRightLeftUp
0x08091760	0x0809177F	thumb	MovementType_WalkSequenceDownRightLeftUp_callback
0x08091780	0x080917C7	thumb	MovementType_WalkSequenceDownRightLeftUp_Step1
0x080917C8	0x080917EB	thumb	MovementType_WalkSequenceRightUpDownLeft
0x080917EC	0x0809180B	thumb	MovementType_WalkSequenceRightUpDownLeft_callback
0x0809180C	0x08091853	thumb	MovementType_WalkSequenceRightUpDownLeft_Step1
0x08091854	0x08091877	thumb	MovementType_WalkSequenceUpDownLeftRight
0x08091878	0x08091897	thumb	MovementType_WalkSequenceUpDownLeftRight_callback
0x08091898	0x080918DF	thumb	MovementType_WalkSequenceUpDownLeftRight_Step1
0x080918E0	0x08091903	thumb	MovementType_WalkSequenceLeftRightUpDown
0x08091904	0x08091923	thumb	MovementType_WalkSequenceLeftRightUpDown_callback
0x08091924	0x0809196B	thumb	MovementType_WalkSequenceLeftRightUpDown_Step1
0x0809196C	0x0809198F	thumb	MovementType_WalkSequenceDownLeftRightUp
0x08091990	0x080919AF	thumb	MovementType_WalkSequenceDownLeftRightUp_callback
0x080919B0	0x080919F7	thumb	MovementType_WalkSequenceDownLeftRightUp_Step1
0x080919F8	0x08091A1B	thumb	MovementType_WalkSequenceUpLeftDownRight
0x08091A1C	0x08091A3B	thumb	MovementType_WalkSequenceUpLeftDownRight_callback
0x08091A3C	0x08091A83	thumb	MovementType_WalkSequenceUpLeftDownRight_Step1
0x08091A84	0x08091AA7	thumb	MovementType_WalkSequenceDownRightUpLeft
0x08091AA8	0x08091AC7	thumb	MovementType_WalkSequenceDownRightUpLeft_callback
0x08091AC8	0x08091B0F	thumb	MovementType_WalkSequenceDownRightUpLeft_Step1
0x08091B10	0x08091B33	thumb	MovementType_WalkSequenceLeftDownRightUp
0x08091B34	0x08091B53	thumb	MovementType_WalkSequenceLeftDownRightUp_callback
0x08091B54	0x08091B9B	thumb	MovementType_WalkSequenceLeftDownRightUp_Step1
0x08091B9C	0x08091BBF	thumb	MovementType_WalkSequenceRightUpLeftDown
0x08091BC0	0x08091BDF	thumb	MovementType_WalkSequenceRightUpLeftDown_callback
0x08091BE0	0x08091C27	thumb	MovementType_WalkSequenceRightUpLeftDown_Step1
0x08091C28	0x08091C4B	thumb	MovementType_WalkSequenceUpRightDownLeft
0x08091C4C	0x08091C6B	thumb	MovementType_WalkSequenceUpRightDownLeft_callback
0x08091C6C	0x08091CB3	thumb	MovementType_WalkSequenceUpRightDownLeft_Step1
0x08091CB4	0x08091CD7	thumb	MovementType_WalkSequenceDownLeftUpRight
0x08091CD8	0x08091CF7	thumb	MovementType_WalkSequenceDownLeftUpRight_callback
0x08091CF8	0x08091D3F	thumb	MovementType_WalkSequenceDownLeftUpRight_Step1
0x08091D40	0x08091D63	thumb	MovementType_WalkSequenceLeftUpRightDown
0x08091D64	0x08091D83	thumb	MovementType_WalkSequenceLeftUpRightDown_callback
0x08091D84	0x08091DCB	thumb	MovementType_WalkSequenceLeftUpRightDown_Step1
0x08091DCC	0x08091DEF	thumb	MovementType_WalkSequenceRightDownLeftUp
0x08091DF0	0x08091E0F	thumb	MovementType_WalkSequenceRightDownLeftUp_callback
0x08091E10	0x08091E57	thumb	MovementType_WalkSequenceRightDownLeftUp_Step1
0x08091E58	0x08091E7B	thumb	MovementType_CopyPlayer
0x08091E7C	0x08091E9B	thumb	MovementType_CopyPlayer_callback
0x08091E9C	0x08091EBD	thumb	MovementType_CopyPlayer_Step0
0x08091EC0	0x08091F1F	thumb	MovementType_CopyPlayer_Step1
0x08091F20	0x08091F45	thumb	MovementType_CopyPlayer_Step2
0x08091F48	0x08091F4B	thumb	CopyablePlayerMovement_None
0x08091F4C	0x08091F93	thumb	CopyablePlayerMovement_FaceDirection
0x08091F94	0x080920A3	thumb	CopyablePlayerMovement_WalkNormal
0x080920A4	0x0809215B	thumb	CopyablePlayerMovement_WalkFast
0x0809215C	0x08092213	thumb	CopyablePlayerMovement_WalkFaster
0x08092214	0x080922CB	thumb	CopyablePlayerMovement_Slide
0x080922CC	0x08092313	thumb	CopyablePlayerMovement_JumpInPlace
0x08092314	0x080923CB	thumb	CopyablePlayerMovement_Jump
0x080923CC	0x08092493	thumb	CopyablePlayerMovement_Jump2
0x08092494	0x080924B7	thumb	MovementType_CopyPlayerInGrass
0x080924B8	0x080924D7	thumb	MovementType_CopyPlayerInGrass_callback
0x080924D8	0x0809253B	thumb	MovementType_CopyPlayerInGrass_Step1
0x0809253C	0x080925AB	thumb	MovementType_TreeDisguise
0x080925AC	0x080925B7	thumb	MovementType_Disguise_Callback
0x080925B8	0x08092627	thumb	MovementType_MountainDisguise
0x08092628	0x0809268B	thumb	MovementType_Buried
0x0809268C	0x080926AB	thumb	MovementType_Buried_Callback
0x080926AC	0x080926B7	thumb	MovementType_Buried_Step0
0x080926B8	0x080926D1	thumb	MovementType_MoveInPlace_Step1
0x080926D4	0x080926F7	thumb	MovementType_WalkInPlace
0x080926F8	0x08092717	thumb	MovementType_WalkInPlace_callback
0x08092718	0x08092743	thumb	MovementType_WalkInPlace_Step0
0x08092744	0x08092767	thumb	MovementType_WalkSlowlyInPlace
0x08092768	0x08092787	thumb	MovementType_WalkSlowlyInPlace_callback
0x08092788	0x080927B3	thumb	MovementType_WalkSlowlyInPlace_Step0
0x080927B4	0x080927D7	thumb	MovementType_JogInPlace
0x080927D8	0x080927F7	thumb	MovementType_JogInPlace_callback
0x080927F8	0x08092823	thumb	MovementType_JogInPlace_Step0
0x08092824	0x08092847	thumb	MovementType_RunInPlace
0x08092848	0x08092867	thumb	MovementType_RunInPlace_callback
0x08092868	0x08092893	thumb	MovementType_RunInPlace_Step0
0x08092894	0x080928B7	thumb	MovementType_Invisible
0x080928B8	0x080928D7	thumb	MovementType_Invisible_callback
0x080928D8	0x0809290B	thumb	MovementType_Invisible_Step0
0x0809290C	0x08092929	thumb	MovementType_Invisible_Step1
0x0809292C	0x08092939	thumb	MovementType_Invisible_Step2
0x0809293C	0x08092959	thumb	ClearObjectEventMovement
0x0809295C	0x0809296B	thumb	GetFaceDirectionAnimNum
0x0809296C	0x0809297B	thumb	GetMoveDirectionAnimNum
0x0809297C	0x0809298B	thumb	GetMoveDirectionFastAnimNum
0x0809298C	0x0809299B	thumb	GetMoveDirectionFasterAnimNum
0x0809299C	0x080929AB	thumb	GetMoveDirectionFastestAnimNum
0x080929AC	0x080929BB	thumb	GetJumpSpecialDirectionAnimNum
0x080929BC	0x080929CB	thumb	GetAcroWheelieDirectionAnimNum
0x080929CC	0x080929DB	thumb	GetAcroUnusedDirectionAnimNum
0x080929DC	0x080929EB	thumb	GetAcroEndWheelieDirectionAnimNum
0x080929EC	0x080929FB	thumb	GetAcroUnusedActionDirectionAnimNum
0x080929FC	0x08092A0B	thumb	GetAcroWheeliePedalDirectionAnimNum
0x08092A0C	0x08092A1B	thumb	GetFishingDirectionAnimNum
0x08092A1C	0x08092A2B	thumb	GetFishingNoCatchDirectionAnimNum
0x08092A2C	0x08092A3B	thumb	GetFishingBiteDirectionAnimNum
0x08092A3C	0x08092A4B	thumb	GetRunningDirectionAnimNum
0x08092A4C	0x08092A6F	thumb	GetStepAnimTable
0x08092A70	0x08092AB7	thumb	SetStepAnimHandleAlternation
0x08092AB8	0x08092AF5	thumb	SetStepAnim
0x08092AF8	0x08092B2B	thumb	GetDirectionToFace
0x08092B2C	0x08092B77	thumb	SetTrainerMovementType
0x08092B78	0x08092B87	thumb	GetTrainerFacingDirectionMovementType
0x08092B88	0x08092BC7	thumb	GetCollisionInDirection
0x08092BC8	0x08092C8B	thumb	GetCollisionAtCoords
0x08092C8C	0x08092D57	thumb	GetCollisionFlagsAtCoords
0x08092D58	0x08092DC7	thumb	IsCoordOutsideObjectEventMovementRange
0x08092DC8	0x08092E1F	thumb	IsMetatileDirectionallyImpassable
0x08092E20	0x08092E99	thumb	DoesObjectCollideWithObjectAt
0x08092E9C	0x08092EEF	thumb	IsBerryTreeSparkling
0x08092EF0	0x08092F3B	thumb	SetBerryTreeJustPicked
0x08092F3C	0x08092F5F	thumb	MoveCoords
0x08092F60	0x08092F87	thumb	MoveCoordsInMapCoordIncrement
0x08092F88	0x08092FEF	thumb	MoveCoordsInDirection
0x08092FF0	0x08093037	thumb	GetMapCoordsFromSpritePos
0x08093038	0x080930DF	thumb	SetSpritePosToMapCoords
0x080930E0	0x08093129	thumb	SetSpritePosToOffsetMapCoords
0x0809312C	0x0809316B	thumb	GetObjectEventMovingCameraOffset
0x0809316C	0x08093189	thumb	ObjectEventMoveDestCoords
0x0809318C	0x080931A1	thumb	ObjectEventIsMovementOverridden
0x080931A4	0x080931BF	thumb	ObjectEventIsHeldMovementActive
0x080931C0	0x08093207	thumb	ObjectEventSetHeldMovement
0x08093208	0x08093221	thumb	ObjectEventForceSetHeldMovement
0x08093224	0x08093239	thumb	ObjectEventClearHeldMovementIfActive
0x0809323C	0x0809326F	thumb	ObjectEventClearHeldMovement
0x08093270	0x08093283	thumb	ObjectEventCheckHeldMovementStatus
0x08093284	0x080932A5	thumb	ObjectEventClearHeldMovementIfFinished
0x080932A8	0x080932BD	thumb	ObjectEventGetHeldMovementActionId
0x080932C0	0x0809332D	thumb	UpdateObjectEventCurrentMovement
0x08093330	0x0809335B	thumb	GetFaceDirectionMovementAction
0x0809335C	0x08093387	thumb	GetWalkSlowMovementAction
0x08093388	0x080933B3	thumb	GetWalkNormalMovementAction
0x080933B4	0x080933DF	thumb	GetWalkFastMovementAction
0x080933E0	0x0809340B	thumb	GetRideWaterCurrentMovementAction
0x0809340C	0x08093437	thumb	GetWalkFasterMovementAction
0x08093438	0x08093463	thumb	GetSlideMovementAction
0x08093464	0x0809348F	thumb	GetPlayerRunMovementAction
0x08093490	0x080934BB	thumb	GetJump2MovementAction
0x080934BC	0x080934E7	thumb	GetJumpInPlaceMovementAction
0x080934E8	0x08093513	thumb	GetJumpInPlaceTurnAroundMovementAction
0x08093514	0x0809353F	thumb	GetJumpMovementAction
0x08093540	0x0809356B	thumb	GetJumpSpecialMovementAction
0x0809356C	0x08093597	thumb	GetWalkInPlaceSlowMovementAction
0x08093598	0x080935C3	thumb	GetWalkInPlaceNormalMovementAction
0x080935C4	0x080935EF	thumb	GetWalkInPlaceFastMovementAction
0x080935F0	0x0809361B	thumb	GetWalkInPlaceFasterMovementAction
0x0809361C	0x08093645	thumb	ObjectEventFaceOppositeDirection
0x08093648	0x08093673	thumb	GetAcroWheelieFaceDirectionMovementAction
0x08093674	0x0809369F	thumb	GetAcroPopWheelieFaceDirectionMovementAction
0x080936A0	0x080936CB	thumb	GetAcroEndWheelieFaceDirectionMovementAction
0x080936CC	0x080936F7	thumb	GetAcroWheelieHopFaceDirectionMovementAction
0x080936F8	0x08093723	thumb	GetAcroWheelieHopDirectionMovementAction
0x08093724	0x0809374F	thumb	GetAcroWheelieJumpDirectionMovementAction
0x08093750	0x0809377B	thumb	GetAcroWheelieInPlaceDirectionMovementAction
0x0809377C	0x080937A7	thumb	GetAcroPopWheelieMoveDirectionMovementAction
0x080937A8	0x080937D3	thumb	GetAcroWheelieMoveDirectionMovementAction
0x080937D4	0x080937FF	thumb	GetAcroEndWheelieMoveDirectionMovementAction
0x08093800	0x08093831	thumb	GetOppositeDirection
0x08093834	0x0809384B	thumb	GetPlayerDirectionForCopy
0x0809384C	0x0809388B	thumb	GetCopyDirection
0x0809388C	0x080938C3	thumb	ObjectEventExecHeldMovementAction
0x080938C4	0x08093903	thumb	ObjectEventExecSingleMovementAction
0x08093904	0x0809390B	thumb	ObjectEventSetSingleMovement
0x0809390C	0x0809394D	thumb	FaceDirection
0x08093950	0x0809395D	thumb	MovementAction_FaceDown_Step0
0x08093960	0x0809396D	thumb	MovementAction_FaceUp_Step0
0x08093970	0x0809397D	thumb	MovementAction_FaceLeft_Step0
0x08093980	0x0809398D	thumb	MovementAction_FaceRight_Step0
0x08093990	0x08093A2B	thumb	InitNpcForMovement
0x08093A2C	0x08093A87	thumb	InitMovementNormal
0x08093A88	0x08093AB5	thumb	StartRunningAnim
0x08093AB8	0x08093AEF	thumb	UpdateMovementNormal
0x08093AF0	0x08093B5F	thumb	InitNpcForWalkSlow
0x08093B60	0x08093B8B	thumb	InitWalkSlow
0x08093B8C	0x08093BC3	thumb	UpdateWalkSlow
0x08093BC4	0x08093BE1	thumb	MovementAction_WalkSlowDiagonalUpLeft_Step0
0x08093BE4	0x08093C01	thumb	MovementAction_WalkSlowDiagonalUpLeft_Step1
0x08093C04	0x08093C21	thumb	MovementAction_WalkSlowDiagonalUpRight_Step0
0x08093C24	0x08093C41	thumb	MovementAction_WalkSlowDiagonalUpRight_Step1
0x08093C44	0x08093C61	thumb	MovementAction_WalkSlowDiagonalDownLeft_Step0
0x08093C64	0x08093C81	thumb	MovementAction_WalkSlowDiagonalDownLeft_Step1
0x08093C84	0x08093CA1	thumb	MovementAction_WalkSlowDiagonalDownRight_Step0
0x08093CA4	0x08093CC1	thumb	MovementAction_WalkSlowDiagonalDownRight_Step1
0x08093CC4	0x08093CE1	thumb	MovementAction_WalkSlowDown_Step0
0x08093CE4	0x08093D01	thumb	MovementAction_WalkSlowDown_Step1
0x08093D04	0x08093D21	thumb	MovementAction_WalkSlowUp_Step0
0x08093D24	0x08093D41	thumb	MovementAction_WalkSlowUp_Step1
0x08093D44	0x08093D61	thumb	MovementAction_WalkSlowLeft_Step0
0x08093D64	0x08093D81	thumb	MovementAction_WalkSlowLeft_Step1
0x08093D84	0x08093DA1	thumb	MovementAction_WalkSlowRight_Step0
0x08093DA4	0x08093DC1	thumb	MovementAction_WalkSlowRight_Step1
0x08093DC4	0x08093DE3	thumb	MovementAction_WalkNormalDiagonalUpLeft_Step0
0x08093DE4	0x08093E01	thumb	MovementAction_WalkNormalDiagonalUpLeft_Step1
0x08093E04	0x08093E23	thumb	MovementAction_WalkNormalDiagonalUpRight_Step0
0x08093E24	0x08093E41	thumb	MovementAction_WalkNormalDiagonalUpRight_Step1
0x08093E44	0x08093E63	thumb	MovementAction_WalkNormalDiagonalDownLeft_Step0
0x08093E64	0x08093E81	thumb	MovementAction_WalkNormalDiagonalDownLeft_Step1
0x08093E84	0x08093EA3	thumb	MovementAction_WalkNormalDiagonalDownRight_Step0
0x08093EA4	0x08093EC1	thumb	MovementAction_WalkNormalDiagonalDownRight_Step1
0x08093EC4	0x08093EE3	thumb	MovementAction_WalkNormalDown_Step0
0x08093EE4	0x08093F01	thumb	MovementAction_WalkNormalDown_Step1
0x08093F04	0x08093F23	thumb	MovementAction_WalkNormalUp_Step0
0x08093F24	0x08093F41	thumb	MovementAction_WalkNormalUp_Step1
0x08093F44	0x08093F63	thumb	MovementAction_WalkNormalLeft_Step0
0x08093F64	0x08093F81	thumb	MovementAction_WalkNormalLeft_Step1
0x08093F84	0x08093FA3	thumb	MovementAction_WalkNormalRight_Step0
0x08093FA4	0x08093FC1	thumb	MovementAction_WalkNormalRight_Step1
0x08093FC4	0x0809407F	thumb	InitJump
0x08094080	0x080940C3	thumb	InitJumpRegular
0x080940C4	0x08094185	thumb	UpdateJumpAnim
0x08094188	0x0809419B	thumb	DoJumpAnimStep
0x0809419C	0x080941AF	thumb	DoJumpSpecialAnimStep
0x080941B0	0x080941C7	thumb	DoJumpAnim
0x080941C8	0x080941DF	thumb	DoJumpSpecialAnim
0x080941E0	0x0809422D	thumb	DoJumpInPlaceAnim
0x08094230	0x08094259	thumb	MovementAction_Jump2Down_Step0
0x0809425C	0x08094285	thumb	MovementAction_Jump2Down_Step1
0x08094288	0x080942B1	thumb	MovementAction_Jump2Up_Step0
0x080942B4	0x080942DD	thumb	MovementAction_Jump2Up_Step1
0x080942E0	0x08094309	thumb	MovementAction_Jump2Left_Step0
0x0809430C	0x08094335	thumb	MovementAction_Jump2Left_Step1
0x08094338	0x08094361	thumb	MovementAction_Jump2Right_Step0
0x08094364	0x0809438D	thumb	MovementAction_Jump2Right_Step1
0x08094390	0x08094397	thumb	InitMovementDelay
0x08094398	0x080943B3	thumb	MovementAction_Delay_Step1
0x080943B4	0x080943D3	thumb	MovementAction_Delay1_Step0
0x080943D4	0x080943F3	thumb	MovementAction_Delay2_Step0
0x080943F4	0x08094413	thumb	MovementAction_Delay4_Step0
0x08094414	0x08094433	thumb	MovementAction_Delay8_Step0
0x08094434	0x08094453	thumb	MovementAction_Delay16_Step0
0x08094454	0x08094473	thumb	MovementAction_WalkFastDown_Step0
0x08094474	0x08094491	thumb	MovementAction_WalkFastDown_Step1
0x08094494	0x080944B3	thumb	MovementAction_WalkFastUp_Step0
0x080944B4	0x080944D1	thumb	MovementAction_WalkFastUp_Step1
0x080944D4	0x080944F3	thumb	MovementAction_WalkFastLeft_Step0
0x080944F4	0x08094511	thumb	MovementAction_WalkFastLeft_Step1
0x08094514	0x08094533	thumb	MovementAction_WalkFastRight_Step0
0x08094534	0x08094551	thumb	MovementAction_WalkFastRight_Step1
0x08094554	0x0809459B	thumb	InitMoveInPlace
0x0809459C	0x080945C3	thumb	MovementAction_WalkInPlace_Step1
0x080945C4	0x080945FF	thumb	MovementAction_WalkInPlaceSlow_Step1
0x08094600	0x08094635	thumb	MovementAction_WalkInPlaceSlowDown_Step0
0x08094638	0x0809466D	thumb	MovementAction_WalkInPlaceSlowUp_Step0
0x08094670	0x080946A5	thumb	MovementAction_WalkInPlaceSlowLeft_Step0
0x080946A8	0x080946DD	thumb	MovementAction_WalkInPlaceSlowRight_Step0
0x080946E0	0x08094715	thumb	MovementAction_WalkInPlaceNormalDown_Step0
0x08094718	0x0809474D	thumb	MovementAction_WalkInPlaceNormalUp_Step0
0x08094750	0x08094785	thumb	MovementAction_WalkInPlaceNormalLeft_Step0
0x08094788	0x080947BD	thumb	MovementAction_WalkInPlaceNormalRight_Step0
0x080947C0	0x080947F5	thumb	MovementAction_WalkInPlaceFastDown_Step0
0x080947F8	0x0809482D	thumb	MovementAction_WalkInPlaceFastUp_Step0
0x08094830	0x08094865	thumb	MovementAction_WalkInPlaceFastLeft_Step0
0x08094868	0x0809489D	thumb	MovementAction_WalkInPlaceFastRight_Step0
0x080948A0	0x080948D5	thumb	MovementAction_WalkInPlaceFasterDown_Step0
0x080948D8	0x0809490D	thumb	MovementAction_WalkInPlaceFasterUp_Step0
0x08094910	0x08094945	thumb	MovementAction_WalkInPlaceFasterLeft_Step0
0x08094948	0x0809497D	thumb	MovementAction_WalkInPlaceFasterRight_Step0
0x08094980	0x0809499F	thumb	MovementAction_RideWaterCurrentDown_Step0
0x080949A0	0x080949BD	thumb	MovementAction_RideWaterCurrentDown_Step1
0x080949C0	0x080949DF	thumb	MovementAction_RideWaterCurrentUp_Step0
0x080949E0	0x080949FD	thumb	MovementAction_RideWaterCurrentUp_Step1
0x08094A00	0x08094A1F	thumb	MovementAction_RideWaterCurrentLeft_Step0
0x08094A20	0x08094A3D	thumb	MovementAction_RideWaterCurrentLeft_Step1
0x08094A40	0x08094A5F	thumb	MovementAction_RideWaterCurrentRight_Step0
0x08094A60	0x08094A7D	thumb	MovementAction_RideWaterCurrentRight_Step1
0x08094A80	0x08094A9F	thumb	MovementAction_WalkFasterDown_Step0
0x08094AA0	0x08094ABD	thumb	MovementAction_WalkFasterDown_Step1
0x08094AC0	0x08094ADF	thumb	MovementAction_WalkFasterUp_Step0
0x08094AE0	0x08094AFD	thumb	MovementAction_WalkFasterUp_Step1
0x08094B00	0x08094B1F	thumb	MovementAction_WalkFasterLeft_Step0
0x08094B20	0x08094B3D	thumb	MovementAction_WalkFasterLeft_Step1
0x08094B40	0x08094B5F	thumb	MovementAction_WalkFasterRight_Step0
0x08094B60	0x08094B7D	thumb	MovementAction_WalkFasterRight_Step1
0x08094B80	0x08094B9F	thumb	MovementAction_SlideDown_Step0
0x08094BA0	0x08094BBD	thumb	MovementAction_SlideDown_Step1
0x08094BC0	0x08094BDF	thumb	MovementAction_SlideUp_Step0
0x08094BE0	0x08094BFD	thumb	MovementAction_SlideUp_Step1
0x08094C00	0x08094C1F	thumb	MovementAction_SlideLeft_Step0
0x08094C20	0x08094C3D	thumb	MovementAction_SlideLeft_Step1
0x08094C40	0x08094C5F	thumb	MovementAction_SlideRight_Step0
0x08094C60	0x08094C7D	thumb	MovementAction_SlideRight_Step1
0x08094C80	0x08094C9D	thumb	MovementAction_PlayerRunDown_Step0
0x08094CA0	0x08094CBD	thumb	MovementAction_PlayerRunDown_Step1
0x08094CC0	0x08094CDD	thumb	MovementAction_PlayerRunUp_Step0
0x08094CE0	0x08094CFD	thumb	MovementAction_PlayerRunUp_Step1
0x08094D00	0x08094D1D	thumb	MovementAction_PlayerRunLeft_Step0
0x08094D20	0x08094D3D	thumb	MovementAction_PlayerRunLeft_Step1
0x08094D40	0x08094D5D	thumb	MovementAction_PlayerRunRight_Step0
0x08094D60	0x08094D7D	thumb	MovementAction_PlayerRunRight_Step1
0x08094D80	0x08094DAB	thumb	StartSpriteAnimInDirection
0x08094DAC	0x08094DC1	thumb	MovementAction_StartAnimInDirection_Step0
0x08094DC4	0x08094DE3	thumb	MovementAction_WaitSpriteAnim
0x08094DE4	0x08094E15	thumb	InitJumpSpecial
0x08094E18	0x08094E35	thumb	MovementAction_JumpSpecialDown_Step0
0x08094E38	0x08094E5F	thumb	MovementAction_JumpSpecialDown_Step1
0x08094E60	0x08094E7D	thumb	MovementAction_JumpSpecialUp_Step0
0x08094E80	0x08094EA7	thumb	MovementAction_JumpSpecialUp_Step1
0x08094EA8	0x08094EC5	thumb	MovementAction_JumpSpecialLeft_Step0
0x08094EC8	0x08094EEF	thumb	MovementAction_JumpSpecialLeft_Step1
0x08094EF0	0x08094F0D	thumb	MovementAction_JumpSpecialRight_Step0
0x08094F10	0x08094F37	thumb	MovementAction_JumpSpecialRight_Step1
0x08094F38	0x08094F93	thumb	MovementAction_FacePlayer_Step0
0x08094F94	0x08094FF7	thumb	MovementAction_FaceAwayPlayer_Step0
0x08094FF8	0x08095005	thumb	MovementAction_LockFacingDirection_Step0
0x08095008	0x08095017	thumb	MovementAction_UnlockFacingDirection_Step0
0x08095018	0x08095041	thumb	MovementAction_JumpDown_Step0
0x08095044	0x0809506D	thumb	MovementAction_JumpDown_Step1
0x08095070	0x08095099	thumb	MovementAction_JumpUp_Step0
0x0809509C	0x080950C5	thumb	MovementAction_JumpUp_Step1
0x080950C8	0x080950F1	thumb	MovementAction_JumpLeft_Step0
0x080950F4	0x0809511D	thumb	MovementAction_JumpLeft_Step1
0x08095120	0x08095149	thumb	MovementAction_JumpRight_Step0
0x0809514C	0x08095175	thumb	MovementAction_JumpRight_Step1
0x08095178	0x080951A1	thumb	MovementAction_JumpInPlaceDown_Step0
0x080951A4	0x080951CD	thumb	MovementAction_JumpInPlaceDown_Step1
0x080951D0	0x080951F9	thumb	MovementAction_JumpInPlaceUp_Step0
0x080951FC	0x08095225	thumb	MovementAction_JumpInPlaceUp_Step1
0x08095228	0x08095251	thumb	MovementAction_JumpInPlaceLeft_Step0
0x08095254	0x0809527D	thumb	MovementAction_JumpInPlaceLeft_Step1
0x08095280	0x080952A9	thumb	MovementAction_JumpInPlaceRight_Step0
0x080952AC	0x080952D5	thumb	MovementAction_JumpInPlaceRight_Step1
0x080952D8	0x08095301	thumb	MovementAction_JumpInPlaceDownUp_Step0
0x08095304	0x0809532D	thumb	MovementAction_JumpInPlaceDownUp_Step1
0x08095330	0x08095359	thumb	MovementAction_JumpInPlaceUpDown_Step0
0x0809535C	0x08095385	thumb	MovementAction_JumpInPlaceUpDown_Step1
0x08095388	0x080953B1	thumb	MovementAction_JumpInPlaceLeftRight_Step0
0x080953B4	0x080953DD	thumb	MovementAction_JumpInPlaceLeftRight_Step1
0x080953E0	0x08095409	thumb	MovementAction_JumpInPlaceRightLeft_Step0
0x0809540C	0x08095435	thumb	MovementAction_JumpInPlaceRightLeft_Step1
0x08095438	0x0809544F	thumb	MovementAction_FaceOriginalDirection_Step0
0x08095450	0x0809545F	thumb	MovementAction_NurseJoyBowDown_Step0
0x08095460	0x0809546F	thumb	MovementAction_EnableJumpLandingGroundEffect_Step0
0x08095470	0x0809547D	thumb	MovementAction_DisableJumpLandingGroundEffect_Step0
0x08095480	0x0809548D	thumb	MovementAction_DisableAnimation_Step0
0x08095490	0x080954B9	thumb	MovementAction_RestoreAnimation_Step0
0x080954BC	0x080954C9	thumb	MovementAction_SetInvisible_Step0
0x080954CC	0x080954DB	thumb	MovementAction_SetVisible_Step0
0x080954DC	0x080954FF	thumb	MovementAction_EmoteExclamationMark_Step0
0x08095500	0x08095523	thumb	MovementAction_EmoteQuestionMark_Step0
0x08095524	0x08095547	thumb	MovementAction_EmoteHeart_Step0
0x08095548	0x0809558B	thumb	MovementAction_RevealTrainer_Step0
0x0809558C	0x080955A9	thumb	MovementAction_RevealTrainer_Step1
0x080955AC	0x080955C5	thumb	MovementAction_RockSmashBreak_Step0
0x080955C8	0x080955EB	thumb	MovementAction_RockSmashBreak_Step1
0x080955EC	0x08095625	thumb	MovementAction_RockSmashBreak_Step2
0x08095628	0x08095641	thumb	MovementAction_CutTree_Step0
0x08095644	0x08095667	thumb	MovementAction_CutTree_Step1
0x08095668	0x080956A1	thumb	MovementAction_CutTree_Step2
0x080956A4	0x080956B1	thumb	MovementAction_SetFixedPriority_Step0
0x080956B4	0x080956C3	thumb	MovementAction_ClearFixedPriority_Step0
0x080956C4	0x080956F3	thumb	MovementAction_InitAffineAnim_Step0
0x080956F4	0x08095721	thumb	MovementAction_ClearAffineAnim_Step0
0x08095724	0x0809572F	thumb	MovementAction_HideReflection_Step0
0x08095730	0x0809573D	thumb	MovementAction_ShowReflection_Step0
0x08095740	0x08095771	thumb	MovementAction_WalkDownStartAffine_Step0
0x08095774	0x0809579D	thumb	MovementAction_WalkDownStartAffine_Step1
0x080957A0	0x080957D1	thumb	MovementAction_WalkDownAffine_Step0
0x080957D4	0x080957FD	thumb	MovementAction_WalkDownAffine_Step1
0x08095800	0x08095833	thumb	MovementAction_WalkLeftAffine_Step0
0x08095834	0x0809585D	thumb	MovementAction_WalkLeftAffine_Step1
0x08095860	0x08095893	thumb	MovementAction_WalkRightAffine_Step0
0x08095894	0x080958BD	thumb	MovementAction_WalkRightAffine_Step1
0x080958C0	0x080958FF	thumb	AcroWheelieFaceDirection
0x08095900	0x0809590D	thumb	MovementAction_AcroWheelieFaceDown_Step0
0x08095910	0x0809591D	thumb	MovementAction_AcroWheelieFaceUp_Step0
0x08095920	0x0809592D	thumb	MovementAction_AcroWheelieFaceLeft_Step0
0x08095930	0x0809593D	thumb	MovementAction_AcroWheelieFaceRight_Step0
0x08095940	0x08095963	thumb	MovementAction_AcroPopWheelieDown_Step0
0x08095964	0x08095987	thumb	MovementAction_AcroPopWheelieUp_Step0
0x08095988	0x080959AB	thumb	MovementAction_AcroPopWheelieLeft_Step0
0x080959AC	0x080959CF	thumb	MovementAction_AcroPopWheelieRight_Step0
0x080959D0	0x080959F3	thumb	MovementAction_AcroEndWheelieFaceDown_Step0
0x080959F4	0x08095A17	thumb	MovementAction_AcroEndWheelieFaceUp_Step0
0x08095A18	0x08095A3B	thumb	MovementAction_AcroEndWheelieFaceLeft_Step0
0x08095A3C	0x08095A5F	thumb	MovementAction_AcroEndWheelieFaceRight_Step0
0x08095A60	0x08095A83	thumb	MovementAction_UnusedAcroActionDown_Step0
0x08095A84	0x08095AA7	thumb	MovementAction_UnusedAcroActionUp_Step0
0x08095AA8	0x08095ACB	thumb	MovementAction_UnusedAcroActionLeft_Step0
0x08095ACC	0x08095AEF	thumb	MovementAction_UnusedAcroActionRight_Step0
0x08095AF0	0x08095B0B	thumb	InitFigure8Anim
0x08095B0C	0x08095B43	thumb	DoFigure8Anim
0x08095B44	0x08095B63	thumb	MovementAction_Figure8_Step0
0x08095B64	0x08095B81	thumb	MovementAction_Figure8_Step1
0x08095B84	0x08095BC5	thumb	InitAcroWheelieJump
0x08095BC8	0x08095BF1	thumb	MovementAction_AcroWheelieHopFaceDown_Step0
0x08095BF4	0x08095C1D	thumb	MovementAction_AcroWheelieHopFaceDown_Step1
0x08095C20	0x08095C49	thumb	MovementAction_AcroWheelieHopFaceUp_Step0
0x08095C4C	0x08095C75	thumb	MovementAction_AcroWheelieHopFaceUp_Step1
0x08095C78	0x08095CA1	thumb	MovementAction_AcroWheelieHopFaceLeft_Step0
0x08095CA4	0x08095CCD	thumb	MovementAction_AcroWheelieHopFaceLeft_Step1
0x08095CD0	0x08095CF9	thumb	MovementAction_AcroWheelieHopFaceRight_Step0
0x08095CFC	0x08095D25	thumb	MovementAction_AcroWheelieHopFaceRight_Step1
0x08095D28	0x08095D51	thumb	MovementAction_AcroWheelieHopDown_Step0
0x08095D54	0x08095D7D	thumb	MovementAction_AcroWheelieHopDown_Step1
0x08095D80	0x08095DA9	thumb	MovementAction_AcroWheelieHopUp_Step0
0x08095DAC	0x08095DD5	thumb	MovementAction_AcroWheelieHopUp_Step1
0x08095DD8	0x08095E01	thumb	MovementAction_AcroWheelieHopLeft_Step0
0x08095E04	0x08095E2D	thumb	MovementAction_AcroWheelieHopLeft_Step1
0x08095E30	0x08095E59	thumb	MovementAction_AcroWheelieHopRight_Step0
0x08095E5C	0x08095E85	thumb	MovementAction_AcroWheelieHopRight_Step1
0x08095E88	0x08095EB1	thumb	MovementAction_AcroWheelieJumpDown_Step0
0x08095EB4	0x08095EDD	thumb	MovementAction_AcroWheelieJumpDown_Step1
0x08095EE0	0x08095F09	thumb	MovementAction_AcroWheelieJumpUp_Step0
0x08095F0C	0x08095F35	thumb	MovementAction_AcroWheelieJumpUp_Step1
0x08095F38	0x08095F61	thumb	MovementAction_AcroWheelieJumpLeft_Step0
0x08095F64	0x08095F8D	thumb	MovementAction_AcroWheelieJumpLeft_Step1
0x08095F90	0x08095FB9	thumb	MovementAction_AcroWheelieJumpRight_Step0
0x08095FBC	0x08095FE5	thumb	MovementAction_AcroWheelieJumpRight_Step1
0x08095FE8	0x0809601D	thumb	MovementAction_AcroWheelieInPlaceDown_Step0
0x08096020	0x08096055	thumb	MovementAction_AcroWheelieInPlaceUp_Step0
0x08096058	0x0809608D	thumb	MovementAction_AcroWheelieInPlaceLeft_Step0
0x08096090	0x080960C5	thumb	MovementAction_AcroWheelieInPlaceRight_Step0
0x080960C8	0x080960FD	thumb	InitAcroPopWheelie
0x08096100	0x0809611F	thumb	MovementAction_AcroPopWheelieMoveDown_Step0
0x08096120	0x0809613D	thumb	MovementAction_AcroPopWheelieMoveDown_Step1
0x08096140	0x0809615F	thumb	MovementAction_AcroPopWheelieMoveUp_Step0
0x08096160	0x0809617D	thumb	MovementAction_AcroPopWheelieMoveUp_Step1
0x08096180	0x0809619F	thumb	MovementAction_AcroPopWheelieMoveLeft_Step0
0x080961A0	0x080961BD	thumb	MovementAction_AcroPopWheelieMoveLeft_Step1
0x080961C0	0x080961DF	thumb	MovementAction_AcroPopWheelieMoveRight_Step0
0x080961E0	0x080961FD	thumb	MovementAction_AcroPopWheelieMoveRight_Step1
0x08096200	0x0809622F	thumb	InitAcroWheelieMove
0x08096230	0x0809624F	thumb	MovementAction_AcroWheelieMoveDown_Step0
0x08096250	0x0809626D	thumb	MovementAction_AcroWheelieMoveDown_Step1
0x08096270	0x0809628F	thumb	MovementAction_AcroWheelieMoveUp_Step0
0x08096290	0x080962AD	thumb	MovementAction_AcroWheelieMoveUp_Step1
0x080962B0	0x080962CF	thumb	MovementAction_AcroWheelieMoveLeft_Step0
0x080962D0	0x080962ED	thumb	MovementAction_AcroWheelieMoveLeft_Step1
0x080962F0	0x0809630F	thumb	MovementAction_AcroWheelieMoveRight_Step0
0x08096310	0x0809632D	thumb	MovementAction_AcroWheelieMoveRight_Step1
0x08096330	0x08096365	thumb	InitAcroEndWheelie
0x08096368	0x08096387	thumb	MovementAction_AcroEndWheelieMoveDown_Step0
0x08096388	0x080963A5	thumb	MovementAction_AcroEndWheelieMoveDown_Step1
0x080963A8	0x080963C7	thumb	MovementAction_AcroEndWheelieMoveUp_Step0
0x080963C8	0x080963E5	thumb	MovementAction_AcroEndWheelieMoveUp_Step1
0x080963E8	0x08096407	thumb	MovementAction_AcroEndWheelieMoveLeft_Step0
0x08096408	0x08096425	thumb	MovementAction_AcroEndWheelieMoveLeft_Step1
0x08096428	0x08096447	thumb	MovementAction_AcroEndWheelieMoveRight_Step0
0x08096448	0x08096465	thumb	MovementAction_AcroEndWheelieMoveRight_Step1
0x08096468	0x08096479	thumb	MovementAction_Levitate_Step0
0x0809647C	0x08096493	thumb	MovementAction_StopLevitate_Step0
0x08096494	0x080964B5	thumb	MovementAction_StopLevitateAtTop_Step0
0x080964B8	0x080964BB	thumb	MovementAction_Finish
0x080964BC	0x080964C9	thumb	MovementAction_PauseSpriteAnim
0x080964CC	0x080964E5	thumb	UpdateObjectEventSpriteAnimPause
0x080964E8	0x08096515	thumb	TryEnableObjectEventAnim
0x08096518	0x0809652F	thumb	UpdateObjectEventVisibility
0x08096530	0x0809660D	thumb	UpdateObjectEventOffscreen
0x08096610	0x08096635	thumb	UpdateObjectEventSpriteVisibility
0x08096638	0x0809667F	thumb	GetAllGroundEffectFlags_OnSpawn
0x08096680	0x080966D7	thumb	GetAllGroundEffectFlags_OnBeginStep
0x080966D8	0x08096727	thumb	GetAllGroundEffectFlags_OnFinishStep
0x08096728	0x0809674D	thumb	ObjectEventUpdateMetatileBehaviors
0x08096750	0x080967A9	thumb	GetGroundEffectFlags_Reflection
0x080967AC	0x080967C9	thumb	GetGroundEffectFlags_TallGrassOnSpawn
0x080967CC	0x080967E9	thumb	GetGroundEffectFlags_TallGrassOnBeginStep
0x080967EC	0x08096809	thumb	GetGroundEffectFlags_LongGrassOnSpawn
0x0809680C	0x08096829	thumb	GetGroundEffectFlags_LongGrassOnBeginStep
0x0809682C	0x0809686B	thumb	GetGroundEffectFlags_Tracks
0x0809686C	0x080968B9	thumb	GetGroundEffectFlags_SandHeap
0x080968BC	0x0809691F	thumb	GetGroundEffectFlags_ShallowFlowingWater
0x08096920	0x0809694D	thumb	GetGroundEffectFlags_Puddle
0x08096950	0x0809696F	thumb	GetGroundEffectFlags_Ripple
0x08096970	0x080969BD	thumb	GetGroundEffectFlags_ShortGrass
0x080969C0	0x08096A0D	thumb	GetGroundEffectFlags_HotSprings
0x08096A10	0x08096A2F	thumb	GetGroundEffectFlags_Seaweed
0x08096A30	0x08096A8B	thumb	GetGroundEffectFlags_JumpLanding
0x08096A8C	0x08096BD9	thumb	ObjectEventGetNearbyReflectionType
0x08096BDC	0x08096C09	thumb	GetReflectionTypeByMetatileBehavior
0x08096C0C	0x08096C67	thumb	GetLedgeJumpDirection
0x08096C68	0x08096CC1	thumb	SetObjectEventSpriteOamTableForLongGrass
0x08096CC4	0x08096CFD	thumb	IsElevationMismatchAt
0x08096D00	0x08096D5B	thumb	UpdateObjectEventElevationAndPriority
0x08096D5C	0x08096DA7	thumb	InitObjectPriorityByElevation
0x08096DA8	0x08096DB7	thumb	ElevationToPriority
0x08096DB8	0x08096E0B	thumb	ObjectEventUpdateElevation
0x08096E0C	0x08096E53	thumb	SetObjectSubpriorityByElevation
0x08096E54	0x08096E6D	thumb	ObjectEventUpdateSubpriority
0x08096E70	0x08096E8F	thumb	AreElevationsCompatible
0x08096E90	0x08096EDB	thumb	GroundEffect_SpawnOnTallGrass
0x08096EDC	0x08096F27	thumb	GroundEffect_StepOnTallGrass
0x08096F28	0x08096F73	thumb	GroundEffect_SpawnOnLongGrass
0x08096F74	0x08096FBF	thumb	GroundEffect_StepOnLongGrass
0x08096FC0	0x08096FCB	thumb	GroundEffect_WaterReflection
0x08096FCC	0x08096FD7	thumb	GroundEffect_IceReflection
0x08096FD8	0x08096FE5	thumb	GroundEffect_FlowingWater
0x08096FE8	0x08097013	thumb	GroundEffect_SandTracks
0x08097014	0x0809703F	thumb	GroundEffect_DeepSandTracks
0x08097040	0x08097041	thumb	DoTracksGroundEffect_None
0x08097044	0x08097093	thumb	DoTracksGroundEffect_Footprints
0x08097094	0x080970E3	thumb	DoTracksGroundEffect_BikeTireTracks
0x080970E4	0x080970ED	thumb	GroundEffect_Ripple
0x080970F0	0x080970FD	thumb	GroundEffect_StepOnPuddle
0x08097100	0x0809710D	thumb	GroundEffect_SandHeap
0x08097110	0x08097167	thumb	GroundEffect_JumpOnTallGrass
0x08097168	0x0809718F	thumb	GroundEffect_JumpOnLongGrass
0x08097190	0x080971BF	thumb	GroundEffect_JumpOnShallowWater
0x080971C0	0x080971EF	thumb	GroundEffect_JumpOnWater
0x080971F0	0x0809721F	thumb	GroundEffect_JumpLandingDust
0x08097220	0x0809722D	thumb	GroundEffect_ShortGrass
0x08097230	0x0809723D	thumb	GroundEffect_HotSprings
0x08097240	0x0809725F	thumb	GroundEffect_Seaweed
0x08097260	0x080972BB	thumb	DoFlaggedGroundEffects
0x080972BC	0x080972F3	thumb	filters_out_some_ground_effects
0x080972F4	0x0809730F	thumb	FilterOutStepOnPuddleGroundEffectIfJumping
0x08097310	0x0809735B	thumb	DoGroundEffects_OnSpawn
0x0809735C	0x080973AF	thumb	DoGroundEffects_OnBeginStep
0x080973B0	0x08097403	thumb	DoGroundEffects_OnFinishStep
0x08097404	0x08097493	thumb	FreezeObjectEvent
0x08097494	0x080974CF	thumb	FreezeObjectEvents
0x080974D0	0x08097513	thumb	FreezeObjectEventsExceptOne
0x08097514	0x0809757B	thumb	UnfreezeObjectEvent
0x0809757C	0x080975AB	thumb	UnfreezeObjectEvents
0x080975AC	0x080975CB	thumb	Step1
0x080975CC	0x080975EF	thumb	Step2
0x080975F0	0x08097617	thumb	Step3
0x08097618	0x0809763B	thumb	Step4
0x0809763C	0x0809765F	thumb	Step8
0x08097660	0x08097671	thumb	SetSpriteDataForNormalStep
0x08097674	0x080976DB	thumb	NpcTakeStep
0x080976DC	0x080976E9	thumb	SetWalkSlowSpriteData
0x080976EC	0x08097725	thumb	UpdateWalkSlowAnim
0x08097728	0x0809773B	thumb	GetFigure8YOffset
0x0809773C	0x0809774F	thumb	GetFigure8XOffset
0x08097750	0x08097757	thumb	InitSpriteForFigure8Anim
0x08097758	0x0809781F	thumb	AnimateSpriteInFigure8
0x08097820	0x0809783B	thumb	GetJumpY
0x0809783C	0x08097859	thumb	SetJumpSpriteData
0x0809785C	0x080978E3	thumb	DoJumpSpriteMovement
0x080978E4	0x08097977	thumb	DoJumpSpecialSpriteMovement
0x08097978	0x0809797B	thumb	SetMovementDelay
0x0809797C	0x08097993	thumb	WaitForMovementDelay
0x08097994	0x080979B9	thumb	SetAndStartSpriteAnim
0x080979BC	0x080979D3	thumb	SpriteAnimEnded
0x080979D4	0x08097AC7	thumb	UpdateObjectEventSpriteInvisibility
0x08097AC8	0x08097AEF	thumb	SpriteCB_VirtualObject
0x08097AF0	0x08097B2B	thumb	DestroyVirtualObjects
0x08097B2C	0x08097B77	thumb	GetVirtualObjectSpriteId
0x08097B78	0x08097BB3	thumb	TurnVirtualObject
0x08097BB4	0x08097C43	thumb	SetVirtualObjectGraphics
0x08097C44	0x08097C8B	thumb	SetVirtualObjectInvisibility
0x08097C8C	0x08097CC3	thumb	IsVirtualObjectInvisible
0x08097CC4	0x08097CF3	thumb	SetVirtualObjectSpriteAnim
0x08097CF4	0x08097D2F	thumb	MoveUnionRoomObjectUp
0x08097D30	0x08097D67	thumb	MoveUnionRoomObjectDown
0x08097D68	0x08097D9B	thumb	VirtualObject_UpdateAnim
0x08097D9C	0x08097DCD	thumb	IsVirtualObjectAnimating
0x08097DD0	0x08097DF7	thumb	StartFieldEffectForObjectEvent
0x08097DF8	0x08097E13	thumb	DoShadowFieldEffect
0x08097E14	0x08097E4F	thumb	DoRippleFieldEffect
0x08097E50	0x08097EEF	thumb	MovementAction_LockAnim_Step0
0x08097EF0	0x08097F77	thumb	MovementAction_UnlockAnim_Step0
0x08097F78	0x08097FA3	thumb	FindLockedObjectEventIndex
0x08097FA4	0x08097FE3	thumb	CreateLevitateMovementTask
0x08097FE4	0x08098043	thumb	ApplyLevitateMovement
0x08098044	0x08098073	thumb	DestroyLevitateMovementTask
0x08098074	0x080980BF	thumb	FreezeObjectEventsExceptTwo
0x080980C0	0x080980CD	thumb	MovementAction_FlyUp_Step0
0x080980D0	0x080980F1	thumb	MovementAction_FlyUp_Step1
0x080980F4	0x08098107	thumb	MovementAction_FlyDown_Step0
0x08098108	0x08098121	thumb	MovementAction_FlyDown_Step1
0x08098124	0x08098127	thumb	MovementAction_Fly_Finish
0x08098128	0x08098153	thumb	InitFieldMessageBox
0x08098154	0x080981BB	thumb	Task_DrawFieldMessage
0x080981BC	0x080981CF	thumb	CreateTask_DrawFieldMessage
0x080981D0	0x080981EB	thumb	DestroyTask_DrawFieldMessage
0x080981EC	0x08098213	thumb	ShowFieldMessage
0x08098214	0x08098237	thumb	Task_HidePokenavMessageWhenDone
0x08098238	0x08098277	thumb	ShowPokenavFieldMessage
0x08098278	0x0809829D	thumb	ShowFieldAutoScrollMessage
0x080982A0	0x080982B7	thumb	ForceShowFieldAutoScrollMessage
0x080982B8	0x080982D9	thumb	ShowFieldMessageFromBuffer
0x080982DC	0x08098303	thumb	ExpandStringAndStartDrawFieldMessage
0x08098304	0x08098313	thumb	StartDrawFieldMessage
0x08098314	0x0809832F	thumb	HideFieldMessageBox
0x08098330	0x0809833B	thumb	GetFieldMessageBoxMode
0x0809833C	0x08098355	thumb	IsFieldMessageBoxHidden
0x08098358	0x08098373	thumb	ReplaceFieldMessageWithFrame
0x08098374	0x08098387	thumb	StopFieldMessage
0x08098388	0x080983A1	thumb	IsPlayerStandingStill
0x080983A4	0x080983C3	thumb	Task_FreezePlayer
0x080983C4	0x080983E5	thumb	IsFreezePlayerFinished
0x080983E8	0x080983FF	thumb	FreezeObjects_WaitForPlayer
0x08098400	0x0809847B	thumb	Task_FreezeSelectedObjectAndPlayer
0x0809847C	0x0809849D	thumb	IsFreezeSelectedObjectAndPlayerFinished
0x080984A0	0x080984F3	thumb	FreezeObjects_WaitForPlayerAndSelected
0x080984F4	0x08098523	thumb	ScriptUnfreezeObjectEvents
0x08098524	0x08098573	thumb	UnionRoom_UnlockPlayerAndChatPartner
0x08098574	0x0809859B	thumb	Script_FacePlayer
0x0809859C	0x080985BB	thumb	Script_ClearHeldMovement
0x080985BC	0x0809862F	thumb	Task_FreezeObjectAndPlayer
0x08098630	0x08098733	thumb	FreezeForApproachingTrainers
0x08098734	0x08098755	thumb	IsFreezeObjectAndPlayerFinished
0x08098758	0x0809877B	thumb	GetWindowFrameTilesPal
0x0809877C	0x080987BB	thumb	LoadMessageBoxGfx
0x080987BC	0x080987D1	thumb	LoadUserWindowBorderGfx_
0x080987D4	0x0809882B	thumb	LoadWindowGfx
0x0809882C	0x08098857	thumb	LoadUserWindowBorderGfx
0x08098858	0x080989DF	thumb	DrawTextBorderOuter
0x080989E0	0x08098B7B	thumb	DrawTextBorderInner
0x08098B7C	0x08098C17	thumb	rbox_fill_rectangle
0x08098C18	0x08098C63	thumb	GetTextWindowPalette
0x08098C64	0x08098C6B	thumb	GetOverworldTextboxPalettePtr
0x08098C6C	0x08098CB7	thumb	LoadUserWindowBorderGfxOnBg
0x08098CB8	0x08098CF1	thumb	InitScriptContext
0x08098CF4	0x08098CFD	thumb	SetupBytecodeScript
0x08098D00	0x08098D07	thumb	SetupNativeScript
0x08098D08	0x08098D0F	thumb	StopScript
0x08098D10	0x08098D95	thumb	RunScriptCommand
0x08098D98	0x08098DBF	thumb	ScriptPush
0x08098DC0	0x08098DE1	thumb	ScriptPop
0x08098DE4	0x08098DE7	thumb	ScriptJump
0x08098DE8	0x08098DFB	thumb	ScriptCall
0x08098DFC	0x08098E0B	thumb	ScriptReturn
0x08098E0C	0x08098E21	thumb	ScriptReadHalfword
0x08098E24	0x08098E53	thumb	ScriptReadWord
0x08098E54	0x08098E5F	thumb	LockPlayerFieldControls
0x08098E60	0x08098E6B	thumb	UnlockPlayerFieldControls
0x08098E6C	0x08098E77	thumb	ArePlayerFieldControlsLocked
0x08098E78	0x08098E91	thumb	ScriptContext_IsEnabled
0x08098E94	0x08098EBB	thumb	ScriptContext_Init
0x08098EBC	0x08098EF7	thumb	ScriptContext_RunScript
0x08098EF8	0x08098F2F	thumb	ScriptContext_SetupScript
0x08098F30	0x08098F3B	thumb	ScriptContext_Stop
0x08098F3C	0x08098F4F	thumb	ScriptContext_Enable
0x08098F50	0x08098F87	thumb	RunScriptImmediately
0x08098F88	0x08098FC5	thumb	MapHeaderGetScriptTable
0x08098FC8	0x08098FDD	thumb	MapHeaderRunScriptType
0x08098FE0	0x0809903F	thumb	MapHeaderCheckScriptTable
0x08099040	0x0809904B	thumb	RunOnLoadMapScript
0x0809904C	0x08099057	thumb	RunOnTransitionMapScript
0x08099058	0x08099063	thumb	RunOnResumeMapScript
0x08099064	0x0809906F	thumb	RunOnReturnToFieldMapScript
0x08099070	0x0809907B	thumb	RunOnDiveWarpMapScript
0x0809907C	0x08099095	thumb	TryRunOnFrameMapScript
0x08099098	0x080990AB	thumb	TryRunOnWarpIntoMapScript
0x080990AC	0x080990CF	thumb	CalculateRamScriptChecksum
0x080990D0	0x080990FB	thumb	ClearRamScript
0x080990FC	0x08099185	thumb	InitRamScript
0x08099188	0x080991F7	thumb	GetRamScript
0x080991F8	0x08099243	thumb	ValidateSavedRamScript
0x08099244	0x0809929F	thumb	GetSavedRamScriptIfValid
0x080992A0	0x080992CB	thumb	InitRamScript_NoObjectEvent
0x080992CC	0x080992CF	thumb	ScrCmd_nop
0x080992D0	0x080992D3	thumb	ScrCmd_nop1
0x080992D4	0x080992DF	thumb	ScrCmd_end
0x080992E0	0x080992F7	thumb	ScrCmd_gotonative
0x080992F8	0x08099317	thumb	ScrCmd_special
0x08099318	0x0809934B	thumb	ScrCmd_specialvar
0x0809934C	0x0809935B	thumb	ScrCmd_callnative
0x0809935C	0x08099367	thumb	ScrCmd_waitstate
0x08099368	0x0809937F	thumb	ScrCmd_goto
0x08099380	0x0809938B	thumb	ScrCmd_return
0x0809938C	0x080993A3	thumb	ScrCmd_call
0x080993A4	0x080993DF	thumb	ScrCmd_goto_if
0x080993E0	0x0809941B	thumb	ScrCmd_call_if
0x0809941C	0x08099437	thumb	ScrCmd_setvaddress
0x08099438	0x0809945B	thumb	ScrCmd_vgoto
0x0809945C	0x0809947F	thumb	ScrCmd_vcall
0x08099480	0x080994C3	thumb	ScrCmd_vgoto_if
0x080994C4	0x08099507	thumb	ScrCmd_vcall_if
0x08099508	0x08099537	thumb	ScrCmd_gotostd
0x08099538	0x08099567	thumb	ScrCmd_callstd
0x08099568	0x080995B3	thumb	ScrCmd_gotostd_if
0x080995B4	0x080995FF	thumb	ScrCmd_callstd_if
0x08099600	0x08099613	thumb	ScrCmd_returnram
0x08099614	0x08099629	thumb	ScrCmd_endram
0x0809962C	0x08099641	thumb	ScrCmd_setmysteryeventstatus
0x08099644	0x08099665	thumb	ScrCmd_loadword
0x08099668	0x0809968B	thumb	ScrCmd_loadbytefromptr
0x0809968C	0x080996A3	thumb	ScrCmd_setptr
0x080996A4	0x080996BF	thumb	ScrCmd_loadbyte
0x080996C0	0x080996E3	thumb	ScrCmd_setptrbyte
0x080996E4	0x08099703	thumb	ScrCmd_copylocal
0x08099704	0x0809971F	thumb	ScrCmd_copybyte
0x08099720	0x08099741	thumb	ScrCmd_setvar
0x08099744	0x0809976F	thumb	ScrCmd_copyvar
0x08099770	0x08099799	thumb	ScrCmd_setorcopyvar
0x0809979C	0x080997BB	thumb	Compare
0x080997BC	0x080997EB	thumb	ScrCmd_compare_local_to_local
0x080997EC	0x08099813	thumb	ScrCmd_compare_local_to_value
0x08099814	0x0809983F	thumb	ScrCmd_compare_local_to_ptr
0x08099840	0x08099869	thumb	ScrCmd_compare_ptr_to_local
0x0809986C	0x0809988B	thumb	ScrCmd_compare_ptr_to_value
0x0809988C	0x080998AD	thumb	ScrCmd_compare_ptr_to_ptr
0x080998B0	0x080998DD	thumb	ScrCmd_compare_var_to_value
0x080998E0	0x08099913	thumb	ScrCmd_compare_var_to_var
0x08099914	0x08099939	thumb	ScrCmd_addvar
0x0809993C	0x08099969	thumb	ScrCmd_subvar
0x0809996C	0x0809999F	thumb	ScrCmd_random
0x080999A0	0x080999E3	thumb	ScrCmd_additem
0x080999E4	0x08099A27	thumb	ScrCmd_removeitem
0x08099A28	0x08099A6B	thumb	ScrCmd_checkitemspace
0x08099A6C	0x08099AAF	thumb	ScrCmd_checkitem
0x08099AB0	0x08099ADB	thumb	ScrCmd_checkitemtype
0x08099ADC	0x08099B1F	thumb	ScrCmd_addpcitem
0x08099B20	0x08099B63	thumb	ScrCmd_checkpcitem
0x08099B64	0x08099B8F	thumb	ScrCmd_adddecoration
0x08099B90	0x08099BBB	thumb	ScrCmd_removedecoration
0x08099BBC	0x08099BE7	thumb	ScrCmd_checkdecorspace
0x08099BE8	0x08099C13	thumb	ScrCmd_checkdecor
0x08099C14	0x08099C27	thumb	ScrCmd_setflag
0x08099C28	0x08099C3B	thumb	ScrCmd_clearflag
0x08099C3C	0x08099C55	thumb	ScrCmd_checkflag
0x08099C58	0x08099C6D	thumb	ScrCmd_incrementgamestat
0x08099C70	0x08099C89	thumb	ScrCmd_animateflash
0x08099C8C	0x08099CA7	thumb	ScrCmd_setflashlevel
0x08099CA8	0x08099CC5	thumb	IsPaletteNotActive
0x08099CC8	0x08099CEF	thumb	ScrCmd_fadescreen
0x08099CF0	0x08099D1F	thumb	ScrCmd_fadescreenspeed
0x08099D20	0x08099D93	thumb	ScrCmd_fadescreenswapbuffers
0x08099D94	0x08099DB1	thumb	RunPauseTimer
0x08099DB4	0x08099DD7	thumb	ScrCmd_delay
0x08099DD8	0x08099E0F	thumb	ScrCmd_initclock
0x08099E10	0x08099E1B	thumb	ScrCmd_dotimebasedevents
0x08099E1C	0x08099E53	thumb	ScrCmd_gettime
0x08099E54	0x08099E6F	thumb	ScrCmd_setweather
0x08099E70	0x08099E7B	thumb	ScrCmd_resetweather
0x08099E7C	0x08099E87	thumb	ScrCmd_doweather
0x08099E88	0x08099E9D	thumb	ScrCmd_setstepcallback
0x08099EA0	0x08099EBB	thumb	ScrCmd_setmaplayoutindex
0x08099EBC	0x08099F41	thumb	ScrCmd_warp
0x08099F44	0x08099FC9	thumb	ScrCmd_warpsilent
0x08099FCC	0x0809A051	thumb	ScrCmd_warpdoor
0x0809A054	0x0809A0C7	thumb	ScrCmd_warphole
0x0809A0C8	0x0809A14D	thumb	ScrCmd_warpteleport
0x0809A150	0x0809A1D5	thumb	ScrCmd_warpmossdeepgym
0x0809A1D8	0x0809A255	thumb	ScrCmd_setwarp
0x0809A258	0x0809A2D9	thumb	ScrCmd_setdynamicwarp
0x0809A2DC	0x0809A359	thumb	ScrCmd_setdivewarp
0x0809A35C	0x0809A3D9	thumb	ScrCmd_setholewarp
0x0809A3DC	0x0809A459	thumb	ScrCmd_setescapewarp
0x0809A45C	0x0809A497	thumb	ScrCmd_getplayerxy
0x0809A498	0x0809A4B3	thumb	ScrCmd_getpartysize
0x0809A4B4	0x0809A4C7	thumb	ScrCmd_playse
0x0809A4C8	0x0809A4DD	thumb	WaitForSoundEffectFinish
0x0809A4E0	0x0809A4F3	thumb	ScrCmd_waitse
0x0809A4F4	0x0809A507	thumb	ScrCmd_playfanfare
0x0809A508	0x0809A515	thumb	WaitForFanfareFinish
0x0809A518	0x0809A52B	thumb	ScrCmd_waitfanfare
0x0809A52C	0x0809A559	thumb	ScrCmd_playbgm
0x0809A55C	0x0809A56F	thumb	ScrCmd_savebgm
0x0809A570	0x0809A57B	thumb	ScrCmd_fadedefaultbgm
0x0809A57C	0x0809A58F	thumb	ScrCmd_fadenewbgm
0x0809A590	0x0809A5C3	thumb	ScrCmd_fadeoutbgm
0x0809A5C4	0x0809A5E7	thumb	ScrCmd_fadeinbgm
0x0809A5E8	0x0809A62B	thumb	ScrCmd_applymovement
0x0809A62C	0x0809A66F	thumb	ScrCmd_applymovementat
0x0809A670	0x0809A697	thumb	WaitForMovementFinish
0x0809A698	0x0809A6EB	thumb	ScrCmd_waitmovement
0x0809A6EC	0x0809A73F	thumb	ScrCmd_waitmovementat
0x0809A740	0x0809A767	thumb	ScrCmd_removeobject
0x0809A768	0x0809A795	thumb	ScrCmd_removeobjectat
0x0809A798	0x0809A7BF	thumb	ScrCmd_addobject
0x0809A7C0	0x0809A7ED	thumb	ScrCmd_addobjectat
0x0809A7F0	0x0809A857	thumb	ScrCmd_setobjectxy
0x0809A858	0x0809A8AD	thumb	ScrCmd_setobjectxyperm
0x0809A8B0	0x0809A8D7	thumb	ScrCmd_copyobjectxytoperm
0x0809A8D8	0x0809A907	thumb	ScrCmd_showobjectat
0x0809A908	0x0809A937	thumb	ScrCmd_hideobjectat
0x0809A938	0x0809A971	thumb	ScrCmd_setobjectsubpriority
0x0809A974	0x0809A9A1	thumb	ScrCmd_resetobjectsubpriority
0x0809A9A4	0x0809A9DB	thumb	ScrCmd_faceplayer
0x0809A9DC	0x0809AA0F	thumb	ScrCmd_turnobject
0x0809AA10	0x0809AA37	thumb	ScrCmd_setobjectmovementtype
0x0809AA38	0x0809AAA7	thumb	ScrCmd_createvobject
0x0809AAA8	0x0809AAC3	thumb	ScrCmd_turnvobject
0x0809AAC4	0x0809AAEB	thumb	ScrCmd_lockall
0x0809AAEC	0x0809AB43	thumb	ScrCmd_lock
0x0809AB44	0x0809AB7B	thumb	ScrCmd_releaseall
0x0809AB7C	0x0809ABD3	thumb	ScrCmd_release
0x0809ABD4	0x0809ABED	thumb	ScrCmd_message
0x0809ABF0	0x0809AC09	thumb	ScrCmd_pokenavcall
0x0809AC0C	0x0809AC3B	thumb	ScrCmd_messageautoscroll
0x0809AC3C	0x0809AC77	thumb	ScrCmd_messageinstant
0x0809AC78	0x0809AC8B	thumb	ScrCmd_waitmessage
0x0809AC8C	0x0809AC97	thumb	ScrCmd_closemessage
0x0809AC98	0x0809ACBD	thumb	WaitForAorBPress
0x0809ACC0	0x0809ACD3	thumb	ScrCmd_waitbuttonpress
0x0809ACD4	0x0809ACFF	thumb	ScrCmd_yesnobox
0x0809AD00	0x0809AD39	thumb	ScrCmd_multichoice
0x0809AD3C	0x0809AD8B	thumb	ScrCmd_multichoicedefault
0x0809AD8C	0x0809AD8F	thumb	ScrCmd_drawbox
0x0809AD90	0x0809ADDF	thumb	ScrCmd_multichoicegrid
0x0809ADE0	0x0809ADE9	thumb	ScrCmd_erasebox
0x0809ADEC	0x0809ADF5	thumb	ScrCmd_drawboxtext
0x0809ADF8	0x0809AE25	thumb	ScrCmd_showmonpic
0x0809AE28	0x0809AE47	thumb	ScrCmd_hidemonpic
0x0809AE48	0x0809AE69	thumb	ScrCmd_showcontestpainting
0x0809AE6C	0x0809AF93	thumb	ScrCmd_braillemessage
0x0809AF94	0x0809AF9F	thumb	ScrCmd_closebraillemessage
0x0809AFA0	0x0809AFBB	thumb	ScrCmd_vmessage
0x0809AFBC	0x0809AFFB	thumb	ScrCmd_bufferspeciesname
0x0809AFFC	0x0809B047	thumb	ScrCmd_bufferleadmonspeciesname
0x0809B048	0x0809B08F	thumb	ScrCmd_bufferpartymonnick
0x0809B090	0x0809B0C3	thumb	ScrCmd_bufferitemname
0x0809B0C4	0x0809B113	thumb	ScrCmd_bufferitemnameplural
0x0809B114	0x0809B14F	thumb	ScrCmd_bufferdecorationname
0x0809B150	0x0809B18F	thumb	ScrCmd_buffermovename
0x0809B190	0x0809B1D3	thumb	ScrCmd_buffernumberstring
0x0809B1D4	0x0809B213	thumb	ScrCmd_bufferstdstring
0x0809B214	0x0809B247	thumb	ScrCmd_buffercontestname
0x0809B248	0x0809B26F	thumb	ScrCmd_bufferstring
0x0809B270	0x0809B293	thumb	ScrCmd_vbuffermessage
0x0809B294	0x0809B2C7	thumb	ScrCmd_vbufferstring
0x0809B2C8	0x0809B303	thumb	ScrCmd_bufferboxname
0x0809B304	0x0809B383	thumb	ScrCmd_givemon
0x0809B384	0x0809B3AF	thumb	ScrCmd_giveegg
0x0809B3B0	0x0809B3D9	thumb	ScrCmd_setmonmove
0x0809B3DC	0x0809B457	thumb	ScrCmd_checkpartymove
0x0809B458	0x0809B48B	thumb	ScrCmd_addmoney
0x0809B48C	0x0809B4BF	thumb	ScrCmd_removemoney
0x0809B4C0	0x0809B4FF	thumb	ScrCmd_checkmoney
0x0809B500	0x0809B53B	thumb	ScrCmd_showmoneybox
0x0809B53C	0x0809B547	thumb	ScrCmd_hidemoneybox
0x0809B548	0x0809B577	thumb	ScrCmd_updatemoneybox
0x0809B578	0x0809B59F	thumb	ScrCmd_showcoinsbox
0x0809B5A0	0x0809B5B1	thumb	ScrCmd_hidecoinsbox
0x0809B5B4	0x0809B5CD	thumb	ScrCmd_updatecoinsbox
0x0809B5D0	0x0809B5E3	thumb	ScrCmd_trainerbattle
0x0809B5E4	0x0809B5EF	thumb	ScrCmd_dotrainerbattle
0x0809B5F0	0x0809B601	thumb	ScrCmd_gotopostbattlescript
0x0809B604	0x0809B615	thumb	ScrCmd_gotobeatenscript
0x0809B618	0x0809B639	thumb	ScrCmd_checktrainerflag
0x0809B63C	0x0809B657	thumb	ScrCmd_settrainerflag
0x0809B658	0x0809B673	thumb	ScrCmd_cleartrainerflag
0x0809B674	0x0809B6A5	thumb	ScrCmd_setwildbattle
0x0809B6A8	0x0809B6B7	thumb	ScrCmd_dowildbattle
0x0809B6B8	0x0809B6CB	thumb	ScrCmd_pokemart
0x0809B6CC	0x0809B6DF	thumb	ScrCmd_pokemartdecoration
0x0809B6E0	0x0809B6F3	thumb	ScrCmd_pokemartdecoration2
0x0809B6F4	0x0809B71B	thumb	ScrCmd_playslotmachine
0x0809B71C	0x0809B757	thumb	ScrCmd_setberrytree
0x0809B758	0x0809B783	thumb	ScrCmd_getpokenewsactive
0x0809B784	0x0809B793	thumb	ScrCmd_choosecontestmon
0x0809B794	0x0809B7A3	thumb	ScrCmd_startcontest
0x0809B7A4	0x0809B7B3	thumb	ScrCmd_showcontestresults
0x0809B7B4	0x0809B7CB	thumb	ScrCmd_contestlinktransfer
0x0809B7CC	0x0809B7F3	thumb	ScrCmd_dofieldeffect
0x0809B7F4	0x0809B823	thumb	ScrCmd_setfieldeffectargument
0x0809B824	0x0809B841	thumb	WaitForFieldEffectFinish
0x0809B844	0x0809B86F	thumb	ScrCmd_waitfieldeffect
0x0809B870	0x0809B88B	thumb	ScrCmd_setrespawn
0x0809B88C	0x0809B8A3	thumb	ScrCmd_checkplayergender
0x0809B8A4	0x0809B8DB	thumb	ScrCmd_playmoncry
0x0809B8DC	0x0809B8EF	thumb	ScrCmd_waitmoncry
0x0809B8F0	0x0809B96D	thumb	ScrCmd_setmetatile
0x0809B970	0x0809B9C5	thumb	ScrCmd_opendoor
0x0809B9C8	0x0809BA0B	thumb	ScrCmd_closedoor
0x0809BA0C	0x0809BA21	thumb	IsDoorAnimationStopped
0x0809BA24	0x0809BA37	thumb	ScrCmd_waitdooranim
0x0809BA38	0x0809BA7B	thumb	ScrCmd_setdooropen
0x0809BA7C	0x0809BABF	thumb	ScrCmd_setdoorclosed
0x0809BAC0	0x0809BAFB	thumb	ScrCmd_addelevmenuitem
0x0809BAFC	0x0809BAFF	thumb	ScrCmd_showelevmenu
0x0809BB00	0x0809BB1D	thumb	ScrCmd_checkcoins
0x0809BB20	0x0809BB57	thumb	ScrCmd_addcoins
0x0809BB58	0x0809BB8F	thumb	ScrCmd_removecoins
0x0809BB90	0x0809BBB3	thumb	ScrCmd_moverotatingtileobjects
0x0809BBB4	0x0809BBBF	thumb	ScrCmd_turnrotatingtileobjects
0x0809BBC0	0x0809BBDB	thumb	ScrCmd_initrotatingtilepuzzle
0x0809BBDC	0x0809BBE7	thumb	ScrCmd_freerotatingtilepuzzle
0x0809BBE8	0x0809BBFB	thumb	ScrCmd_selectapproachingtrainer
0x0809BBFC	0x0809BC43	thumb	ScrCmd_lockfortrainer
0x0809BC44	0x0809BC7B	thumb	ScrCmd_setmodernfatefulencounter
0x0809BC7C	0x0809BCB3	thumb	ScrCmd_checkmodernfatefulencounter
0x0809BCB4	0x0809BCDB	thumb	ScrCmd_trywondercardscript
0x0809BCDC	0x0809BD6D	thumb	ScrCmd_warpspinenter
0x0809BD70	0x0809BDB3	thumb	ScrCmd_setmonmetlocation
0x0809BDB4	0x0809BDCF	thumb	CloseBrailleWindow
0x0809BDD0	0x0809BE0B	thumb	ScrCmd_buffertrainerclassname
0x0809BE0C	0x0809BE47	thumb	ScrCmd_buffertrainername
0x0809BE48	0x0809BE53	thumb	SetMovingNpcId
0x0809BE54	0x0809BED9	thumb	ScrCmd_warpwhitefade
0x0809BEDC	0x0809BF07	thumb	FieldClearPlayerInput
0x0809BF08	0x0809C011	thumb	FieldGetPlayerInput
0x0809C014	0x0809C179	thumb	ProcessPlayerFieldInput
0x0809C17C	0x0809C191	thumb	GetPlayerPosition
0x0809C194	0x0809C1CF	thumb	GetInFrontOfPlayerPosition
0x0809C1D0	0x0809C1F9	thumb	GetPlayerCurMetatileBehavior
0x0809C1FC	0x0809C26F	thumb	TryStartInteractionScript
0x0809C270	0x0809C2C5	thumb	GetInteractionScript
0x0809C2C8	0x0809C383	thumb	GetInteractedLinkPlayerScript
0x0809C384	0x0809C457	thumb	GetInteractedObjectEventScript
0x0809C458	0x0809C537	thumb	GetInteractedBackgroundEventScript
0x0809C538	0x0809C7E9	thumb	GetInteractedMetatileScript
0x0809C7EC	0x0809C867	thumb	GetInteractedWaterScript
0x0809C868	0x0809C899	thumb	TrySetupDiveDownScript
0x0809C89C	0x0809C8D9	thumb	TrySetupDiveEmergeScript
0x0809C8DC	0x0809C935	thumb	TryStartStepBasedScript
0x0809C938	0x0809C96B	thumb	TryStartCoordEventScript
0x0809C96C	0x0809C9F1	thumb	TryStartMiscWalkingScripts
0x0809C9F4	0x0809CB2F	thumb	TryStartStepCountScript
0x0809CB30	0x0809CB43	thumb	ClearFriendshipStepCounter
0x0809CB44	0x0809CB7F	thumb	UpdateFriendshipStepCounter
0x0809CB80	0x0809CB93	thumb	ClearPoisonStepCounter
0x0809CB94	0x0809CBD9	thumb	UpdatePoisonStepCounter
0x0809CBDC	0x0809CBE7	thumb	RestartWildEncounterImmunitySteps
0x0809CBE8	0x0809CC35	thumb	CheckStandardWildEncounter
0x0809CC38	0x0809CC9B	thumb	TryArrowWarp
0x0809CC9C	0x0809CD91	thumb	TryStartWarpEventScript
0x0809CD94	0x0809CE31	thumb	IsWarpMetatileBehavior
0x0809CE34	0x0809CE89	thumb	IsArrowWarpMetatileBehavior
0x0809CE8C	0x0809CEAD	thumb	GetWarpEventAtMapPosition
0x0809CEB0	0x0809CF77	thumb	SetupWarp
0x0809CF78	0x0809D003	thumb	TryDoorWarp
0x0809D004	0x0809D04B	thumb	GetWarpEventAtPosition
0x0809D04C	0x0809D089	thumb	TryRunCoordEventScript
0x0809D08C	0x0809D0F1	thumb	GetCoordEventScriptAtPosition
0x0809D0F4	0x0809D11B	thumb	GetCoordEventScriptAtMapPosition
0x0809D11C	0x0809D169	thumb	GetBackgroundEventAtPosition
0x0809D16C	0x0809D1E7	thumb	TryDoDiveWarp
0x0809D1E8	0x0809D27D	thumb	TrySetDiveWarp
0x0809D280	0x0809D2B9	thumb	GetObjectEventScriptPointerPlayerFacing
0x0809D2BC	0x0809D2FF	thumb	SetCableClubWarp
0x0809D300	0x0809D343	thumb	InitEventData
0x0809D344	0x0809D39F	thumb	ClearTempFieldEventData
0x0809D3A0	0x0809D3BF	thumb	ClearDailyFlags
0x0809D3C0	0x0809D3E7	thumb	DisableNationalPokedex
0x0809D3E8	0x0809D42B	thumb	EnableNationalPokedex
0x0809D42C	0x0809D46D	thumb	IsNationalPokedexEnabled
0x0809D470	0x0809D47F	thumb	DisableMysteryEvent
0x0809D480	0x0809D48F	thumb	EnableMysteryEvent
0x0809D490	0x0809D4A3	thumb	IsMysteryEventEnabled
0x0809D4A4	0x0809D4B3	thumb	DisableMysteryGift
0x0809D4B4	0x0809D4C3	thumb	EnableMysteryGift
0x0809D4C4	0x0809D4D7	thumb	IsMysteryGiftEnabled
0x0809D4D8	0x0809D56F	thumb	ClearMysteryGiftFlags
0x0809D570	0x0809D5D7	thumb	ClearMysteryGiftVars
0x0809D5D8	0x0809D5F3	thumb	DisableResetRTC
0x0809D5F4	0x0809D613	thumb	EnableResetRTC
0x0809D614	0x0809D645	thumb	CanResetRTC
0x0809D648	0x0809D693	thumb	GetVarPointer
0x0809D694	0x0809D6AF	thumb	VarGet
0x0809D6B0	0x0809D6CF	thumb	VarSet
0x0809D6D0	0x0809D6EB	thumb	VarGetObjectEventGraphicsId
0x0809D6EC	0x0809D73F	thumb	GetFlagPointer
0x0809D740	0x0809D767	thumb	FlagSet
0x0809D768	0x0809D78F	thumb	FlagClear
0x0809D790	0x0809D7BB	thumb	FlagGet
0x0809D7BC	0x0809D7C7	thumb	CoordEventWeather_Clouds
0x0809D7C8	0x0809D7D3	thumb	CoordEventWeather_Sunny
0x0809D7D4	0x0809D7DF	thumb	CoordEventWeather_Rain
0x0809D7E0	0x0809D7EB	thumb	CoordEventWeather_Snow
0x0809D7EC	0x0809D7F7	thumb	CoordEventWeather_Thunderstorm
0x0809D7F8	0x0809D803	thumb	CoordEventWeather_HorizontalFog
0x0809D804	0x0809D80F	thumb	CoordEventWeather_DiagonalFog
0x0809D810	0x0809D81B	thumb	CoordEventWeather_Ash
0x0809D81C	0x0809D827	thumb	CoordEventWeather_Sandstorm
0x0809D828	0x0809D833	thumb	CoordEventWeather_Shade
0x0809D834	0x0809D83F	thumb	CoordEventWeather_Drought
0x0809D840	0x0809D84B	thumb	CoordEventWeather_Route119Cycle
0x0809D84C	0x0809D857	thumb	CoordEventWeather_Route123Cycle
0x0809D858	0x0809D88B	thumb	DoCoordEventWeather
0x0809D88C	0x0809D8B7	thumb	Task_RunPerStepCallback
0x0809D8B8	0x0809D907	thumb	RunTimeBasedEvents
0x0809D908	0x0809D93B	thumb	Task_RunTimeBasedEvents
0x0809D93C	0x0809D9A7	thumb	SetUpFieldTasks
0x0809D9A8	0x0809D9EF	thumb	ActivatePerStepCallback
0x0809D9F0	0x0809DA2B	thumb	ResetFieldTasksArgs
0x0809DA2C	0x0809DA2D	thumb	DummyPerStepCallback
0x0809DA30	0x0809DA85	thumb	GetPacifidlogBridgeMetatileOffsets
0x0809DA88	0x0809DB0F	thumb	TrySetPacifidlogBridgeMetatiles
0x0809DB10	0x0809DB33	thumb	TrySetLogBridgeHalfSubmerged
0x0809DB34	0x0809DB57	thumb	TrySetLogBridgeFullySubmerged
0x0809DB58	0x0809DB7B	thumb	TrySetLogBridgeFloating
0x0809DB7C	0x0809DC15	thumb	ShouldRaisePacifidlogLogs
0x0809DC18	0x0809DCB1	thumb	ShouldSinkPacifidlogLogs
0x0809DCB4	0x0809DE25	thumb	PacifidlogBridgePerStepCallback
0x0809DE28	0x0809DE8B	thumb	TryLowerFortreeBridge
0x0809DE8C	0x0809DEEF	thumb	TryRaiseFortreeBridge
0x0809DEF0	0x0809E105	thumb	FortreeBridgePerStepCallback
0x0809E108	0x0809E149	thumb	CoordInIcePuzzleRegion
0x0809E14C	0x0809E183	thumb	MarkIcePuzzleCoordVisited
0x0809E184	0x0809E1C7	thumb	IsIcePuzzleCoordVisited
0x0809E1C8	0x0809E223	thumb	SetSootopolisGymCrackedIceMetatiles
0x0809E224	0x0809E3B3	thumb	SootopolisGymIcePerStepCallback
0x0809E3B4	0x0809E48F	thumb	AshGrassPerStepCallback
0x0809E490	0x0809E4CB	thumb	SetCrackedFloorHoleMetatile
0x0809E4CC	0x0809E5D9	thumb	CrackedFloorPerStepCallback
0x0809E5DC	0x0809E637	thumb	SetMuddySlopeMetatile
0x0809E638	0x0809E777	thumb	Task_MuddySlope
0x0809E778	0x0809E7AF	thumb	InitTimeBasedEvents
0x0809E7B0	0x0809E7E7	thumb	DoTimeBasedEvents
0x0809E7E8	0x0809E857	thumb	UpdatePerDay
0x0809E858	0x0809E8B3	thumb	UpdatePerMinute
0x0809E8B4	0x0809E8C7	thumb	ReturnFromStartWallClock
0x0809E8C8	0x0809E8E7	thumb	StartWallClock
0x0809E8E8	0x0809EA01	thumb	SpriteCB_Cursor_UpOrRight
0x0809EA04	0x0809EB01	thumb	SpriteCB_Cursor_Down
0x0809EB04	0x0809EB8B	thumb	CreateCursor
0x0809EB8C	0x0809EB9F	thumb	FreeCursorPalette
0x0809EBA0	0x0809EBC1	thumb	HideChooseTimeWindow
0x0809EBC4	0x0809ECB3	thumb	PrintTime
0x0809ECB4	0x0809ED37	thumb	ShowChooseTimeWindow
0x0809ED38	0x0809ED9D	thumb	MoveTimeUpDown
0x0809EDA0	0x0809EDB7	thumb	Task_ResetRtc_SetFinished
0x0809EDB8	0x0809EDE7	thumb	Task_ResetRtc_Exit
0x0809EDE8	0x0809EEFF	thumb	Task_ResetRtc_HandleInput
0x0809EF00	0x0809EF87	thumb	Task_ResetRtc_Init
0x0809EF88	0x0809F047	thumb	CB2_InitResetRtcScreen
0x0809F048	0x0809F08F	thumb	InitResetRtcScreenBgAndWindows
0x0809F090	0x0809F0A9	thumb	CB2_ResetRtcScreen
0x0809F0AC	0x0809F0BD	thumb	VBlankCB
0x0809F0C0	0x0809F0F7	thumb	ShowMessage
0x0809F0F8	0x0809F1FF	thumb	Task_ShowResetRtcPrompt
0x0809F200	0x0809F41B	thumb	Task_ResetRtcScreen
0x0809F41C	0x0809F43F	thumb	SetDexPokemonPokenavFlags
0x0809F440	0x0809F4AF	thumb	BuildStartMenuActions
0x0809F4B0	0x0809F4CB	thumb	AddStartMenuAction
0x0809F4CC	0x0809F537	thumb	BuildNormalStartMenu
0x0809F538	0x0809F567	thumb	BuildSafariZoneStartMenu
0x0809F568	0x0809F5A3	thumb	BuildLinkModeStartMenu
0x0809F5A4	0x0809F5DF	thumb	BuildUnionRoomStartMenu
0x0809F5E0	0x0809F603	thumb	BuildBattlePikeStartMenu
0x0809F604	0x0809F633	thumb	BuildBattlePyramidStartMenu
0x0809F634	0x0809F651	thumb	BuildMultiPartnerRoomStartMenu
0x0809F654	0x0809F6C7	thumb	ShowSafariBallsWindow
0x0809F6C8	0x0809F773	thumb	ShowPyramidFloorWindow
0x0809F774	0x0809F7BF	thumb	RemoveExtraStartMenuWindows
0x0809F7C0	0x0809F891	thumb	PrintStartMenuActions
0x0809F894	0x0809F995	thumb	InitStartMenuStep
0x0809F998	0x0809F9B3	thumb	InitStartMenu
0x0809F9B4	0x0809F9CD	thumb	StartMenuTask
0x0809F9D0	0x0809F9FF	thumb	CreateStartMenuTask
0x0809FA00	0x0809FA17	thumb	FieldCB_ReturnToFieldStartMenu
0x0809FA18	0x0809FA33	thumb	ShowReturnToFieldStartMenu
0x0809FA34	0x0809FA9B	thumb	Task_ShowStartMenu
0x0809FA9C	0x0809FAC3	thumb	ShowStartMenu
0x0809FAC4	0x0809FBB3	thumb	HandleStartMenuInput
0x0809FBB4	0x0809FBEF	thumb	StartMenuPokedexCallback
0x0809FBF0	0x0809FC23	thumb	StartMenuPokemonCallback
0x0809FC24	0x0809FC57	thumb	StartMenuBagCallback
0x0809FC58	0x0809FC8B	thumb	StartMenuPokeNavCallback
0x0809FC8C	0x0809FCF9	thumb	StartMenuPlayerNameCallback
0x0809FCFC	0x0809FD1F	thumb	StartMenuSaveCallback
0x0809FD20	0x0809FD63	thumb	StartMenuOptionCallback
0x0809FD64	0x0809FD73	thumb	StartMenuExitCallback
0x0809FD74	0x0809FD87	thumb	StartMenuSafariZoneRetireCallback
0x0809FD88	0x0809FDBF	thumb	StartMenuLinkModePlayerNameCallback
0x0809FDC0	0x0809FDD3	thumb	StartMenuBattlePyramidRetireCallback
0x0809FDD4	0x0809FDF3	thumb	ShowBattlePyramidStartMenu
0x0809FDF4	0x0809FE27	thumb	StartMenuBattlePyramidBagCallback
0x0809FE28	0x0809FE43	thumb	SaveStartCallback
0x0809FE44	0x0809FE99	thumb	SaveCallback
0x0809FE9C	0x0809FEB7	thumb	BattlePyramidRetireStartCallback
0x0809FEB8	0x0809FED3	thumb	BattlePyramidRetireReturnCallback
0x0809FED4	0x0809FF25	thumb	BattlePyramidRetireCallback
0x0809FF28	0x0809FF4B	thumb	InitSave
0x0809FF4C	0x0809FF7D	thumb	RunSaveCallback
0x0809FF80	0x0809FF97	thumb	SaveGame
0x0809FF98	0x0809FFCF	thumb	ShowSaveMessage
0x0809FFD0	0x080A0013	thumb	SaveGameTask
0x080A0014	0x080A0021	thumb	HideSaveMessageWindow
0x080A0024	0x080A002D	thumb	HideSaveInfoWindow
0x080A0030	0x080A003B	thumb	SaveStartTimer
0x080A003C	0x080A006F	thumb	SaveSuccesTimer
0x080A0070	0x080A009D	thumb	SaveErrorTimer
0x080A00A0	0x080A00EB	thumb	SaveConfirmSaveCallback
0x080A00EC	0x080A0107	thumb	SaveYesNoCallback
0x080A0108	0x080A0179	thumb	SaveConfirmInputCallback
0x080A017C	0x080A01B3	thumb	SaveFileExistsCallback
0x080A01B4	0x080A01CF	thumb	SaveConfirmOverwriteDefaultNoCallback
0x080A01D0	0x080A01EB	thumb	SaveConfirmOverwriteCallback
0x080A01EC	0x080A0231	thumb	SaveOverwriteInputCallback
0x080A0234	0x080A024B	thumb	SaveSavingMessageCallback
0x080A024C	0x080A02AF	thumb	SaveDoSaveCallback
0x080A02B0	0x080A02D7	thumb	SaveSuccessCallback
0x080A02D8	0x080A02FB	thumb	SaveReturnSuccessCallback
0x080A02FC	0x080A0323	thumb	SaveErrorCallback
0x080A0324	0x080A033D	thumb	SaveReturnErrorCallback
0x080A0340	0x080A035B	thumb	InitBattlePyramidRetire
0x080A035C	0x080A0387	thumb	BattlePyramidConfirmRetireCallback
0x080A0388	0x080A03A3	thumb	BattlePyramidRetireYesNoCallback
0x080A03A4	0x080A03D7	thumb	BattlePyramidRetireInputCallback
0x080A03D8	0x080A03E1	thumb	VBlankCB_LinkBattleSave
0x080A03E4	0x080A0511	thumb	InitSaveWindowAfterLinkBattle
0x080A0514	0x080A053F	thumb	CB2_SetUpSaveAfterLinkBattle
0x080A0540	0x080A054D	thumb	CB2_SaveAfterLinkBattle
0x080A0550	0x080A06B3	thumb	Task_SaveAfterLinkBattle
0x080A06B4	0x080A0887	thumb	ShowSaveInfoWindow
0x080A0888	0x080A08A3	thumb	RemoveSaveInfoWindow
0x080A08A4	0x080A08CB	thumb	Task_WaitForBattleTowerLinkSave
0x080A08CC	0x080A0913	thumb	SaveForBattleTowerLink
0x080A0914	0x080A0933	thumb	HideStartMenuWindow
0x080A0934	0x080A0943	thumb	HideStartMenu
0x080A0944	0x080A0951	thumb	AppendToList
0x080A0954	0x080A097F	thumb	ResetTilesetAnimBuffer
0x080A0980	0x080A09CF	thumb	AppendTilesetAnimToBuffer
0x080A09D0	0x080A0A17	thumb	TransferTilesetAnimsBuffer
0x080A0A18	0x080A0A29	thumb	InitTilesetAnimations
0x080A0A2C	0x080A0A35	thumb	InitSecondaryTilesetAnimation
0x080A0A38	0x080A0AA7	thumb	UpdateTilesetAnimations
0x080A0AA8	0x080A0AE3	thumb	_InitPrimaryTilesetAnimation
0x080A0AE4	0x080A0B1F	thumb	_InitSecondaryTilesetAnimation
0x080A0B20	0x080A0B47	thumb	InitTilesetAnim_General
0x080A0B48	0x080A0B6F	thumb	InitTilesetAnim_Building
0x080A0B70	0x080A0BB3	thumb	TilesetAnim_General
0x080A0BB4	0x080A0BCB	thumb	TilesetAnim_Building
0x080A0BCC	0x080A0BF3	thumb	QueueAnimTiles_General_Flower
0x080A0BF4	0x080A0C1B	thumb	QueueAnimTiles_General_Water
0x080A0C1C	0x080A0C43	thumb	QueueAnimTiles_General_SandWaterEdge
0x080A0C44	0x080A0C6B	thumb	QueueAnimTiles_General_Waterfall
0x080A0C6C	0x080A0C93	thumb	InitTilesetAnim_Petalburg
0x080A0C94	0x080A0CBF	thumb	InitTilesetAnim_Rustboro
0x080A0CC0	0x080A0CEB	thumb	InitTilesetAnim_Dewford
0x080A0CEC	0x080A0D17	thumb	InitTilesetAnim_Slateport
0x080A0D18	0x080A0D47	thumb	InitTilesetAnim_Mauville
0x080A0D48	0x080A0D73	thumb	InitTilesetAnim_Lavaridge
0x080A0D74	0x080A0D9B	thumb	InitTilesetAnim_Fallarbor
0x080A0D9C	0x080A0DC3	thumb	InitTilesetAnim_Fortree
0x080A0DC4	0x080A0DEB	thumb	InitTilesetAnim_Lilycove
0x080A0DEC	0x080A0E13	thumb	InitTilesetAnim_Mossdeep
0x080A0E14	0x080A0E3F	thumb	InitTilesetAnim_EverGrande
0x080A0E40	0x080A0E6F	thumb	InitTilesetAnim_Pacifidlog
0x080A0E70	0x080A0E9B	thumb	InitTilesetAnim_Sootopolis
0x080A0E9C	0x080A0EC7	thumb	InitTilesetAnim_BattleFrontierOutsideWest
0x080A0EC8	0x080A0EF3	thumb	InitTilesetAnim_BattleFrontierOutsideEast
0x080A0EF4	0x080A0F17	thumb	InitTilesetAnim_Underwater
0x080A0F18	0x080A0F3B	thumb	InitTilesetAnim_SootopolisGym
0x080A0F3C	0x080A0F67	thumb	InitTilesetAnim_Cave
0x080A0F68	0x080A0F8B	thumb	InitTilesetAnim_EliteFour
0x080A0F8C	0x080A0FB7	thumb	InitTilesetAnim_MauvilleGym
0x080A0FB8	0x080A0FE3	thumb	InitTilesetAnim_BikeShop
0x080A0FE4	0x080A100F	thumb	InitTilesetAnim_BattlePyramid
0x080A1010	0x080A103B	thumb	InitTilesetAnim_BattleDome
0x080A103C	0x080A10B5	thumb	TilesetAnim_Rustboro
0x080A10B8	0x080A10CF	thumb	TilesetAnim_Dewford
0x080A10D0	0x080A10E7	thumb	TilesetAnim_Slateport
0x080A10E8	0x080A1159	thumb	TilesetAnim_Mauville
0x080A115C	0x080A1185	thumb	TilesetAnim_Lavaridge
0x080A1188	0x080A11F9	thumb	TilesetAnim_EverGrande
0x080A11FC	0x080A1229	thumb	TilesetAnim_Pacifidlog
0x080A122C	0x080A1243	thumb	TilesetAnim_Sootopolis
0x080A1244	0x080A125F	thumb	TilesetAnim_Underwater
0x080A1260	0x080A1279	thumb	TilesetAnim_Cave
0x080A127C	0x080A1293	thumb	TilesetAnim_BattleFrontierOutsideWest
0x080A1294	0x080A12AB	thumb	TilesetAnim_BattleFrontierOutsideEast
0x080A12AC	0x080A12D3	thumb	QueueAnimTiles_General_LandWaterEdge
0x080A12D4	0x080A131B	thumb	QueueAnimTiles_Lavaridge_Steam
0x080A131C	0x080A1343	thumb	QueueAnimTiles_Pacifidlog_LogBridges
0x080A1344	0x080A136B	thumb	QueueAnimTiles_Underwater_Seaweed
0x080A136C	0x080A1393	thumb	QueueAnimTiles_Pacifidlog_WaterCurrents
0x080A1394	0x080A1433	thumb	QueueAnimTiles_Mauville_Flowers
0x080A1434	0x080A146F	thumb	QueueAnimTiles_Rustboro_WindyWater
0x080A1470	0x080A1497	thumb	QueueAnimTiles_Rustboro_Fountain
0x080A1498	0x080A14BF	thumb	QueueAnimTiles_Lavaridge_Lava
0x080A14C0	0x080A14F7	thumb	QueueAnimTiles_EverGrande_Flowers
0x080A14F8	0x080A151F	thumb	QueueAnimTiles_Cave_Lava
0x080A1520	0x080A1547	thumb	QueueAnimTiles_Dewford_Flag
0x080A1548	0x080A156F	thumb	QueueAnimTiles_BattleFrontierOutsideWest_Flag
0x080A1570	0x080A1597	thumb	QueueAnimTiles_BattleFrontierOutsideEast_Flag
0x080A1598	0x080A15BF	thumb	QueueAnimTiles_Slateport_Balloons
0x080A15C0	0x080A15D7	thumb	TilesetAnim_MauvilleGym
0x080A15D8	0x080A15EF	thumb	TilesetAnim_SootopolisGym
0x080A15F0	0x080A1619	thumb	TilesetAnim_EliteFour
0x080A161C	0x080A1633	thumb	TilesetAnim_BikeShop
0x080A1634	0x080A1655	thumb	TilesetAnim_BattlePyramid
0x080A1658	0x080A166F	thumb	TilesetAnim_BattleDome
0x080A1670	0x080A1687	thumb	TilesetAnim_BattleDome2
0x080A1688	0x080A16AF	thumb	QueueAnimTiles_Building_TVTurnedOn
0x080A16B0	0x080A16F7	thumb	QueueAnimTiles_SootopolisGym_Waterfalls
0x080A16F8	0x080A171F	thumb	QueueAnimTiles_EliteFour_WallLights
0x080A1720	0x080A1747	thumb	QueueAnimTiles_EliteFour_GroundLights
0x080A1748	0x080A176F	thumb	QueueAnimTiles_MauvilleGym_ElectricGates
0x080A1770	0x080A1797	thumb	QueueAnimTiles_BikeShop_BlinkingLights
0x080A1798	0x080A17BF	thumb	QueueAnimTiles_Sootopolis_StormyWater
0x080A17C0	0x080A17EB	thumb	QueueAnimTiles_BattlePyramid_Torch
0x080A17EC	0x080A1817	thumb	QueueAnimTiles_BattlePyramid_StatueShadow
0x080A1818	0x080A1883	thumb	BlendAnimPalette_BattleDome_FloorLights
0x080A1884	0x080A18F3	thumb	BlendAnimPalette_BattleDome_FloorLightsNoBlend
0x080A18F4	0x080A1937	thumb	LoadCompressedPalette
0x080A1938	0x080A196F	thumb	LoadPalette
0x080A1970	0x080A19BF	thumb	FillPalette
0x080A19C0	0x080A1A1B	thumb	TransferPlttBuffer
0x080A1A1C	0x080A1A73	thumb	UpdatePaletteFade
0x080A1A74	0x080A1A91	thumb	ResetPaletteFade
0x080A1A94	0x080A1AD3	thumb	ReadPlttIntoBuffers
0x080A1AD4	0x080A1C1B	thumb	BeginNormalPaletteFade
0x080A1C1C	0x080A1C63	thumb	BeginPlttFade
0x080A1C64	0x080A1CDB	thumb	PaletteStruct_Run
0x080A1CDC	0x080A1E3F	thumb	PaletteStruct_Copy
0x080A1E40	0x080A1EFF	thumb	PaletteStruct_Blend
0x080A1F00	0x080A1F57	thumb	PaletteStruct_TryEnd
0x080A1F58	0x080A1F71	thumb	PaletteStruct_ResetById
0x080A1F74	0x080A1FCF	thumb	PaletteStruct_Reset
0x080A1FD0	0x080A2047	thumb	ResetPaletteFadeControl
0x080A2048	0x080A2073	thumb	PaletteStruct_SetUnusedFlag
0x080A2074	0x080A20A3	thumb	PaletteStruct_ClearUnusedFlag
0x080A20A4	0x080A20D7	thumb	PaletteStruct_GetPalNum
0x080A20D8	0x080A2217	thumb	UpdateNormalPaletteFade
0x080A2218	0x080A225F	thumb	InvertPlttBuffer
0x080A2260	0x080A2333	thumb	TintPlttBuffer
0x080A2334	0x080A238F	thumb	UnfadePlttBuffer
0x080A2390	0x080A23B3	thumb	BeginFastPaletteFade
0x080A23B4	0x080A2437	thumb	BeginFastPaletteFadeInternal
0x080A2438	0x080A27AF	thumb	UpdateFastPaletteFade
0x080A27B0	0x080A284B	thumb	BeginHardwarePaletteFade
0x080A284C	0x080A2967	thumb	UpdateHardwarePaletteFade
0x080A2968	0x080A29BB	thumb	UpdateBlendRegisters
0x080A29BC	0x080A2A1F	thumb	IsSoftwarePaletteFadeFinishing
0x080A2A20	0x080A2A59	thumb	BlendPalettes
0x080A2A5C	0x080A2A8F	thumb	BlendPalettesUnfaded
0x080A2A90	0x080A2ADD	thumb	TintPalette_GrayScale
0x080A2AE0	0x080A2B3F	thumb	TintPalette_GrayScale2
0x080A2B40	0x080A2BAB	thumb	TintPalette_SepiaTone
0x080A2BAC	0x080A2C43	thumb	TintPalette_CustomTone
0x080A2C44	0x080A2CF7	thumb	BlendPalettesGradually
0x080A2CF8	0x080A2D33	thumb	IsBlendPalettesGraduallyTaskActive
0x080A2D34	0x080A2D53	thumb	DestroyBlendPalettesGraduallyTask
0x080A2D54	0x080A2DD1	thumb	Task_BlendPalettesGradually
0x080A2DD4	0x080A2DE7	thumb	InitMapMusic
0x080A2DE8	0x080A2EDF	thumb	MapMusicMain
0x080A2EE0	0x080A2F03	thumb	ResetMapMusic
0x080A2F04	0x080A2F0F	thumb	GetCurrentMapMusic
0x080A2F10	0x080A2F2F	thumb	PlayNewMapMusic
0x080A2F30	0x080A2F4F	thumb	StopMapMusic
0x080A2F50	0x080A2F87	thumb	FadeOutMapMusic
0x080A2F88	0x080A2FBB	thumb	FadeOutAndPlayNewMapMusic
0x080A2FBC	0x080A2FFF	thumb	FadeOutAndFadeInNewMapMusic
0x080A3000	0x080A303B	thumb	FadeInNewMapMusic
0x080A303C	0x080A305D	thumb	IsNotWaitingForBGMStop
0x080A3060	0x080A3093	thumb	PlayFanfareByFanfareNum
0x080A3094	0x080A30CB	thumb	WaitFanfare
0x080A30CC	0x080A30E3	thumb	StopFanfareByFanfareNum
0x080A30E4	0x080A311D	thumb	PlayFanfare
0x080A3120	0x080A313D	thumb	IsFanfareTaskInactive
0x080A3140	0x080A316F	thumb	Task_Fanfare
0x080A3170	0x080A3193	thumb	CreateFanfareTask
0x080A3194	0x080A31E7	thumb	FadeInNewBGM
0x080A31E8	0x080A31FF	thumb	FadeOutBGMTemporarily
0x080A3200	0x080A3225	thumb	IsBGMPausedOrStopped
0x080A3228	0x080A323F	thumb	FadeInBGM
0x080A3240	0x080A3257	thumb	FadeOutBGM
0x080A3258	0x080A3271	thumb	IsBGMStopped
0x080A3274	0x080A32BF	thumb	PlayCry_Normal
0x080A32C0	0x080A32E3	thumb	PlayCry_NormalNoDucking
0x080A32E4	0x080A3343	thumb	PlayCry_ByMode
0x080A3344	0x080A33A7	thumb	PlayCry_ReleaseDouble
0x080A33A8	0x080A3403	thumb	PlayCry_DuckNoRestore
0x080A3404	0x080A344B	thumb	PlayCry_Script
0x080A344C	0x080A3677	thumb	PlayCryInternal
0x080A3678	0x080A3699	thumb	IsCryFinished
0x080A369C	0x080A36B3	thumb	StopCryAndClearCrySongs
0x080A36B4	0x080A36C7	thumb	StopCry
0x080A36C8	0x080A36E9	thumb	IsCryPlayingOrClearCrySongs
0x080A36EC	0x080A3709	thumb	IsCryPlaying
0x080A370C	0x080A3753	thumb	Task_DuckBGMForPokemonCry
0x080A3754	0x080A3777	thumb	RestoreBGMVolumeAfterPokemonCry
0x080A3778	0x080A37A3	thumb	PlayBGM
0x080A37A4	0x080A37B1	thumb	PlaySE
0x080A37B4	0x080A3807	thumb	PlaySE12WithPanning
0x080A3808	0x080A383B	thumb	PlaySE1WithPanning
0x080A383C	0x080A386F	thumb	PlaySE2WithPanning
0x080A3870	0x080A389F	thumb	SE12PanpotControl
0x080A38A0	0x080A38E1	thumb	IsSEPlaying
0x080A38E4	0x080A3909	thumb	IsBGMPlaying
0x080A390C	0x080A3931	thumb	IsSpecialSEPlaying
0x080A3934	0x080A3A0F	thumb	ClearBattleAnimationVars
0x080A3A10	0x080A3A47	thumb	DoMoveAnim
0x080A3A48	0x080A3BFB	thumb	LaunchBattleAnimation
0x080A3BFC	0x080A3C1B	thumb	DestroyAnimSprite
0x080A3C1C	0x080A3C37	thumb	DestroyAnimVisualTask
0x080A3C38	0x080A3C53	thumb	DestroyAnimSoundTask
0x080A3C54	0x080A3C81	thumb	AddSpriteIndex
0x080A3C84	0x080A3CB5	thumb	ClearSpriteIndex
0x080A3CB8	0x080A3CE3	thumb	WaitAnimFrameCount
0x080A3CE4	0x080A3D23	thumb	RunAnimScriptCommand
0x080A3D24	0x080A3D8B	thumb	Cmd_loadspritegfx
0x080A3D8C	0x080A3DD7	thumb	Cmd_unloadspritegfx
0x080A3DD8	0x080A3ECB	thumb	Cmd_createsprite
0x080A3ECC	0x080A3F47	thumb	Cmd_createvisualtask
0x080A3F48	0x080A3F87	thumb	Cmd_delay
0x080A3F88	0x080A3FBB	thumb	Cmd_waitforvisualfinish
0x080A3FBC	0x080A3FBD	thumb	Cmd_nop
0x080A3FC0	0x080A3FC1	thumb	Cmd_nop2
0x080A3FC4	0x080A40CB	thumb	Cmd_end
0x080A40CC	0x080A40F3	thumb	Cmd_playse
0x080A40F4	0x080A41D7	thumb	Task_InitUpdateMonBg
0x080A41D8	0x080A430F	thumb	Cmd_monbg
0x080A4310	0x080A438B	thumb	IsBattlerSpriteVisible
0x080A438C	0x080A469F	thumb	MoveBattlerSpriteToBG
0x080A46A0	0x080A471F	thumb	FlipBattlerBgTiles
0x080A4720	0x080A477B	thumb	RelocateBattleBgPal
0x080A477C	0x080A47D7	thumb	ResetBattleAnimBg
0x080A47D8	0x080A48AF	thumb	Task_UpdateMonBg
0x080A48B0	0x080A497F	thumb	Cmd_clearmonbg
0x080A4980	0x080A4A17	thumb	Task_ClearMonBg
0x080A4A18	0x080A4ADB	thumb	Cmd_monbg_static
0x080A4ADC	0x080A4BAF	thumb	Cmd_clearmonbg_static
0x080A4BB0	0x080A4C47	thumb	Task_ClearMonBgStatic
0x080A4C48	0x080A4C7F	thumb	Cmd_setalpha
0x080A4C80	0x080A4CA7	thumb	Cmd_setbldcnt
0x080A4CA8	0x080A4CCB	thumb	Cmd_blendoff
0x080A4CCC	0x080A4CFF	thumb	Cmd_call
0x080A4D00	0x080A4D13	thumb	Cmd_return
0x080A4D14	0x080A4D47	thumb	Cmd_setarg
0x080A4D48	0x080A4D87	thumb	Cmd_choosetwoturnanim
0x080A4D88	0x080A4DC9	thumb	Cmd_jumpifmoveturn
0x080A4DCC	0x080A4DEF	thumb	Cmd_goto
0x080A4DF0	0x080A4E15	thumb	IsContest
0x080A4E18	0x080A4E5B	thumb	Cmd_fadetobg
0x080A4E5C	0x080A4EF3	thumb	Cmd_fadetobgfromset
0x080A4EF4	0x080A4FC7	thumb	Task_FadeToBg
0x080A4FC8	0x080A508F	thumb	LoadMoveBg
0x080A5090	0x080A50A9	thumb	LoadDefaultBg
0x080A50AC	0x080A50EF	thumb	Cmd_restorebg
0x080A50F0	0x080A5123	thumb	Cmd_waitbgfadeout
0x080A5124	0x080A5157	thumb	Cmd_waitbgfadein
0x080A5158	0x080A5177	thumb	Cmd_changebg
0x080A5178	0x080A5275	thumb	BattleAnimAdjustPanning
0x080A5278	0x080A52EB	thumb	BattleAnimAdjustPanning2
0x080A52EC	0x080A5313	thumb	KeepPanInRange
0x080A5314	0x080A5351	thumb	CalculatePanIncrement
0x080A5354	0x080A538B	thumb	Cmd_playsewithpan
0x080A538C	0x080A53B7	thumb	Cmd_setpan
0x080A53B8	0x080A5477	thumb	Cmd_panse
0x080A5478	0x080A5507	thumb	Task_PanFromInitialToTarget
0x080A5508	0x080A559B	thumb	Cmd_panse_adjustnone
0x080A559C	0x080A565B	thumb	Cmd_panse_adjustall
0x080A565C	0x080A56E3	thumb	Cmd_loopsewithpan
0x080A56E4	0x080A573F	thumb	Task_LoopAndPlaySE
0x080A5740	0x080A57B3	thumb	Cmd_waitplaysewithpan
0x080A57B4	0x080A57F7	thumb	Task_WaitAndPlaySE
0x080A57F8	0x080A586B	thumb	Cmd_createsoundtask
0x080A586C	0x080A58EF	thumb	Cmd_waitsound
0x080A58F0	0x080A5943	thumb	Cmd_jumpargeq
0x080A5944	0x080A5983	thumb	Cmd_jumpifcontest
0x080A5984	0x080A59DB	thumb	Cmd_splitbgprio
0x080A59DC	0x080A5A0B	thumb	Cmd_splitbgprio_all
0x080A5A0C	0x080A5A7D	thumb	Cmd_splitbgprio_foes
0x080A5A80	0x080A5ABB	thumb	Cmd_invisible
0x080A5ABC	0x080A5AFB	thumb	Cmd_visible
0x080A5AFC	0x080A5BAB	thumb	Cmd_teamattack_moveback
0x080A5BAC	0x080A5C43	thumb	Cmd_teamattack_movefwd
0x080A5C44	0x080A5C6B	thumb	Cmd_stopsound
0x080A5C6C	0x080A5DB5	thumb	GetBattlerSpriteCoord
0x080A5DB8	0x080A5F9F	thumb	GetBattlerYDelta
0x080A5FA0	0x080A600B	thumb	GetBattlerElevation
0x080A600C	0x080A60AB	thumb	GetBattlerSpriteFinal_Y
0x080A60AC	0x080A6137	thumb	GetBattlerSpriteCoord2
0x080A6138	0x080A614B	thumb	GetBattlerSpriteDefault_Y
0x080A614C	0x080A618D	thumb	GetSubstituteSpriteDefault_Y
0x080A6190	0x080A623F	thumb	GetBattlerYCoordWithElevation
0x080A6240	0x080A62D3	thumb	GetAnimBattlerSpriteId
0x080A62D4	0x080A62DB	thumb	StoreSpriteCallbackInData6
0x080A62DC	0x080A62E9	thumb	SetCallbackToStoredInData6
0x080A62EC	0x080A634B	thumb	TranslateSpriteInCircle
0x080A634C	0x080A63C7	thumb	TranslateSpriteInGrowingCircle
0x080A63C8	0x080A644F	thumb	TranslateSpriteInLissajousCurve
0x080A6450	0x080A64AF	thumb	TranslateSpriteInEllipse
0x080A64B0	0x080A64CD	thumb	WaitAnimForDuration
0x080A64D0	0x080A64EB	thumb	AnimPosToTranslateLinear
0x080A64EC	0x080A6539	thumb	ConvertPosDataToTranslateLinearData
0x080A653C	0x080A6569	thumb	TranslateSpriteLinear
0x080A656C	0x080A65A5	thumb	TranslateSpriteLinearFixedPoint
0x080A65A8	0x080A65E9	thumb	TranslateSpriteLinearFixedPointIconFrame
0x080A65EC	0x080A662F	thumb	TranslateSpriteToBattleTargetPos
0x080A6630	0x080A667F	thumb	TranslateSpriteLinearById
0x080A6680	0x080A66DB	thumb	TranslateSpriteLinearByIdFixedPoint
0x080A66DC	0x080A6749	thumb	TranslateSpriteLinearAndFlicker
0x080A674C	0x080A675F	thumb	DestroySpriteAndMatrix
0x080A6760	0x080A67A3	thumb	TranslateSpriteToBattleAttackerPos
0x080A67A4	0x080A67B9	thumb	EndUnkPaletteAnim
0x080A67BC	0x080A67D5	thumb	RunStoredCallbackWhenAffineAnimEnds
0x080A67D8	0x080A67F1	thumb	RunStoredCallbackWhenAnimEnds
0x080A67F4	0x080A6813	thumb	DestroyAnimSpriteAndDisableBlend
0x080A6814	0x080A6837	thumb	DestroyAnimVisualTaskAndDisableBlend
0x080A6838	0x080A6863	thumb	SetSpriteCoordsToAnimAttackerCoords
0x080A6864	0x080A68D1	thumb	SetAnimSpriteInitialXOffset
0x080A68D4	0x080A68FD	thumb	InitAnimArcTranslation
0x080A6900	0x080A6933	thumb	TranslateAnimHorizontalArc
0x080A6934	0x080A6967	thumb	TranslateAnimVerticalArc
0x080A6968	0x080A697F	thumb	SetSpritePrimaryCoordsFromSecondaryCoords
0x080A6980	0x080A69CB	thumb	InitSpritePosToAnimTarget
0x080A69CC	0x080A6A2F	thumb	InitSpritePosToAnimAttacker
0x080A6A30	0x080A6A43	thumb	GetBattlerSide
0x080A6A44	0x080A6A53	thumb	GetBattlerPosition
0x080A6A54	0x080A6A8F	thumb	GetBattlerAtPosition
0x080A6A90	0x080A6B1F	thumb	IsBattlerSpritePresent
0x080A6B20	0x080A6B2F	thumb	IsDoubleBattle
0x080A6B30	0x080A6B8F	thumb	GetBattleAnimBg1Data
0x080A6B90	0x080A6BFB	thumb	GetBattleAnimBgData
0x080A6BFC	0x080A6C65	thumb	GetBgDataForTransform
0x080A6C68	0x080A6CBF	thumb	ClearBattleAnimBg
0x080A6CC0	0x080A6D0F	thumb	AnimLoadCompressedBgGfx
0x080A6D10	0x080A6D47	thumb	InitAnimBgTilemapBuffer
0x080A6D48	0x080A6D5F	thumb	AnimLoadCompressedBgTilemap
0x080A6D60	0x080A6D91	thumb	AnimLoadCompressedBgTilemapHandleContest
0x080A6D94	0x080A6DA9	thumb	GetBattleBgPaletteNum
0x080A6DAC	0x080A6DEB	thumb	UpdateAnimBg3ScreenSize
0x080A6DEC	0x080A6E13	thumb	Trade_MoveSelectedMonToTarget
0x080A6E14	0x080A6E51	thumb	InitSpriteDataForLinearTranslation
0x080A6E54	0x080A6EEB	thumb	InitAnimLinearTranslation
0x080A6EEC	0x080A6F13	thumb	StartAnimLinearTranslation
0x080A6F14	0x080A6F3B	thumb	StartAnimLinearTranslation_SetCornerVecX
0x080A6F3C	0x080A6F95	thumb	AnimTranslateLinear
0x080A6F98	0x080A6FB1	thumb	AnimTranslateLinear_WithFollowup
0x080A6FB4	0x080A6FD3	thumb	AnimTranslateLinear_WithFollowup_SetCornerVecX
0x080A6FD4	0x080A6FFF	thumb	InitAnimLinearTranslationWithSpeed
0x080A7000	0x080A7027	thumb	InitAnimLinearTranslationWithSpeedAndPos
0x080A7028	0x080A70BF	thumb	InitAnimFastLinearTranslation
0x080A70C0	0x080A70E7	thumb	InitAndRunAnimFastLinearTranslation
0x080A70E8	0x080A7141	thumb	AnimFastTranslateLinear
0x080A7144	0x080A715D	thumb	AnimFastTranslateLinearWaitEnd
0x080A7160	0x080A718B	thumb	InitAnimFastLinearTranslationWithSpeed
0x080A718C	0x080A71B3	thumb	InitAnimFastLinearTranslationWithSpeedAndPos
0x080A71B4	0x080A7237	thumb	SetSpriteRotScale
0x080A7238	0x080A726F	thumb	ShouldRotScaleSpeciesBeFlipped
0x080A7270	0x080A7343	thumb	PrepareBattlerSpriteForRotScale
0x080A7344	0x080A739F	thumb	ResetSpriteRotScale
0x080A73A0	0x080A73DF	thumb	SetBattlerSpriteYOffsetFromRotation
0x080A73E0	0x080A749B	thumb	TrySetSpriteRotScale
0x080A749C	0x080A74D9	thumb	ResetSpriteRotScale_PreserveAffine
0x080A74DC	0x080A74F1	thumb	ArcTan2_
0x080A74F4	0x080A750B	thumb	ArcTan2Neg
0x080A750C	0x080A75AB	thumb	SetGrayscaleOrOriginalPalette
0x080A75AC	0x080A76C1	thumb	GetBattlePalettesMask
0x080A76C4	0x080A77AB	thumb	GetBattleMonSpritePalettesMask
0x080A77AC	0x080A77B1	thumb	GetSpritePalIdxByBattler
0x080A77B4	0x080A77C5	thumb	GetSpritePalIdxByPosition
0x080A77C8	0x080A781F	thumb	AnimSpriteOnMonPos
0x080A7820	0x080A78AB	thumb	TranslateAnimSpriteToTargetMonLocation
0x080A78AC	0x080A791B	thumb	AnimThrowProjectile
0x080A791C	0x080A7935	thumb	AnimThrowProjectile_Step
0x080A7938	0x080A79E7	thumb	AnimTravelDiagonally
0x080A79E8	0x080A7A5B	thumb	CloneBattlerSpriteWithBlend
0x080A7A5C	0x080A7A71	thumb	DestroySpriteWithActiveSheet
0x080A7A74	0x080A7AFB	thumb	AnimTask_AlphaFadeIn
0x080A7AFC	0x080A7B95	thumb	AnimTask_AlphaFadeIn_Step
0x080A7B98	0x080A7BF3	thumb	AnimTask_BlendMonInAndOut
0x080A7BF4	0x080A7C1B	thumb	AnimTask_BlendPalInAndOutSetup
0x080A7C1C	0x080A7CB1	thumb	AnimTask_BlendMonInAndOut_Step
0x080A7CB4	0x080A7CFB	thumb	AnimTask_BlendPalInAndOutByTag
0x080A7CFC	0x080A7D33	thumb	PrepareAffineAnimInTaskData
0x080A7D34	0x080A7E69	thumb	RunAffineAnimFromTaskData
0x080A7E6C	0x080A7EBF	thumb	SetBattlerSpriteYOffsetFromYScale
0x080A7EC0	0x080A7F17	thumb	SetBattlerSpriteYOffsetFromOtherYScale
0x080A7F18	0x080A8047	thumb	GetBattlerYDeltaFromSpriteId
0x080A8048	0x080A804F	thumb	StorePointerInVars
0x080A8050	0x080A8059	thumb	LoadPointerFromVars
0x080A805C	0x080A80C5	thumb	PrepareEruptAnimTaskData
0x080A80C8	0x080A813F	thumb	UpdateEruptAnimTask
0x080A8140	0x080A8173	thumb	AnimTask_GetFrustrationPowerLevel
0x080A8174	0x080A8277	thumb	SetPriorityForVisibleBattlers
0x080A8278	0x080A82E3	thumb	InitPrioritiesForVisibleBattlers
0x080A82E4	0x080A8325	thumb	GetBattlerSpriteSubpriority
0x080A8328	0x080A8361	thumb	GetBattlerSpriteBGPriority
0x080A8364	0x080A8391	thumb	GetBattlerSpriteBGPriorityRank
0x080A8394	0x080A860F	thumb	CreateAdditionalMonSpriteForMoveAnim
0x080A8610	0x080A8619	thumb	DestroySpriteAndFreeResources_
0x080A861C	0x080A8923	thumb	GetBattlerSpriteCoordAttr
0x080A8924	0x080A89C5	thumb	SetAverageBattlerPositions
0x080A89C8	0x080A8A6B	thumb	CreateInvisibleSpriteCopy
0x080A8A6C	0x080A8AEB	thumb	AnimTranslateLinearAndFlicker_Flipped
0x080A8AEC	0x080A8B63	thumb	AnimTranslateLinearAndFlicker
0x080A8B64	0x080A8BC3	thumb	AnimSpinningSparkle
0x080A8BC4	0x080A8CAB	thumb	AnimTask_AttackerPunchWithTrace
0x080A8CAC	0x080A8D77	thumb	AnimTask_AttackerPunchWithTrace_Step
0x080A8D78	0x080A8DFB	thumb	CreateBattlerTrace
0x080A8DFC	0x080A8E2F	thumb	AnimBattlerTrace
0x080A8E30	0x080A8E87	thumb	AnimWeatherBallUp
0x080A8E88	0x080A8EE1	thumb	AnimWeatherBallUp_Step
0x080A8EE4	0x080A8F4F	thumb	AnimWeatherBallDown
0x080A8F50	0x080A8FAF	thumb	ResetTasks
0x080A8FB0	0x080A9001	thumb	CreateTask
0x080A9004	0x080A9099	thumb	InsertTask
0x080A909C	0x080A910B	thumb	DestroyTask
0x080A910C	0x080A913B	thumb	RunTasks
0x080A913C	0x080A9177	thumb	FindFirstActiveTask
0x080A9178	0x080A9179	thumb	TaskDummy
0x080A917C	0x080A91AF	thumb	SetTaskFuncWithFollowupFunc
0x080A91B0	0x080A91E3	thumb	SwitchTaskToFollowupFunc
0x080A91E4	0x080A9219	thumb	FuncIsActiveTask
0x080A921C	0x080A9249	thumb	FindTaskIdByFunc
0x080A924C	0x080A927B	thumb	GetTaskCount
0x080A927C	0x080A92B3	thumb	SetWordTaskArg
0x080A92B4	0x080A92F3	thumb	GetWordTaskArg
0x080A92F4	0x080A92F5	thumb	ReshowBattleScreenDummy
0x080A92F8	0x080A933B	thumb	ReshowBattleScreenAfterMenu
0x080A933C	0x080A95F3	thumb	CB2_ReshowBattleScreenAfterMenu
0x080A95F4	0x080A9613	thumb	ClearBattleBgCntBaseBlocks
0x080A9614	0x080A9707	thumb	LoadBattlerSpriteGfx
0x080A9708	0x080A9ADB	thumb	CreateBattlerSprite
0x080A9ADC	0x080A9C6F	thumb	CreateHealthboxSprite
0x080A9C70	0x080A9DB3	thumb	Task_FlashingCircleImpacts
0x080A9DB4	0x080A9E43	thumb	Task_UpdateFlashingCircleImpacts
0x080A9E44	0x080A9E77	thumb	AnimFlashingCircleImpact
0x080A9E78	0x080A9EF1	thumb	AnimFlashingCircleImpact_Step
0x080A9EF4	0x080A9FCF	thumb	AnimTask_FrozenIceCube
0x080A9FD0	0x080AA01D	thumb	AnimTask_FrozenIceCube_Step1
0x080AA020	0x080AA0CF	thumb	AnimTask_FrozenIceCube_Step2
0x080AA0D0	0x080AA121	thumb	AnimTask_FrozenIceCube_Step3
0x080AA124	0x080AA18B	thumb	AnimTask_FrozenIceCube_Step4
0x080AA18C	0x080AA363	thumb	AnimTask_StatsChange
0x080AA364	0x080AA3B3	thumb	LaunchStatusAnimation
0x080AA3B4	0x080AA40B	thumb	Task_DoStatusAnimation
0x080AA40C	0x080AA473	thumb	SpriteCB_VersionBannerLeft
0x080AA474	0x080AA4B1	thumb	SpriteCB_VersionBannerRight
0x080AA4B4	0x080AA4EB	thumb	SpriteCB_PressStartCopyrightBanner
0x080AA4EC	0x080AA547	thumb	CreatePressStartBanner
0x080AA548	0x080AA5A3	thumb	CreateCopyrightBanner
0x080AA5A4	0x080AA653	thumb	SpriteCB_PokemonLogoShine
0x080AA654	0x080AA679	thumb	SpriteCB_PokemonLogoShine_Fast
0x080AA67C	0x080AA77F	thumb	StartPokemonLogoShine
0x080AA780	0x080AA7A3	thumb	VBlankCB
0x080AA7A4	0x080AAB2B	thumb	CB2_InitTitleScreen
0x080AAB2C	0x080AAB41	thumb	MainCB2
0x080AAB44	0x080AAC4F	thumb	Task_TitleScreenPhase1
0x080AAC50	0x080AAD63	thumb	Task_TitleScreenPhase2
0x080AAD64	0x080AAEB7	thumb	Task_TitleScreenPhase3
0x080AAEB8	0x080AAED3	thumb	CB2_GoToMainMenu
0x080AAED4	0x080AAEEF	thumb	CB2_GoToCopyrightScreen
0x080AAEF0	0x080AAF0B	thumb	CB2_GoToClearSaveDataScreen
0x080AAF0C	0x080AAF27	thumb	CB2_GoToResetRtcScreen
0x080AAF28	0x080AAF47	thumb	CB2_GoToBerryFixScreen
0x080AAF48	0x080AAFA1	thumb	UpdateLegendaryMarkingColor
0x080AAFA4	0x080AB097	thumb	StartWeather
0x080AB098	0x080AB103	thumb	SetNextWeather
0x080AB104	0x080AB12F	thumb	SetCurrentAndNextWeather
0x080AB130	0x080AB15F	thumb	SetCurrentAndNextWeatherNoDelay
0x080AB160	0x080AB1AF	thumb	Task_WeatherInit
0x080AB1B0	0x080AB26B	thumb	Task_WeatherMain
0x080AB26C	0x080AB28B	thumb	None_Init
0x080AB28C	0x080AB28D	thumb	None_Main
0x080AB290	0x080AB293	thumb	None_Finish
0x080AB294	0x080AB3A7	thumb	BuildColorMaps
0x080AB3A8	0x080AB431	thumb	UpdateWeatherColorMap
0x080AB434	0x080AB54B	thumb	FadeInScreenWithWeather
0x080AB54C	0x080AB5AB	thumb	FadeInScreen_RainShowShade
0x080AB5AC	0x080AB603	thumb	FadeInScreen_Drought
0x080AB604	0x080AB63D	thumb	FadeInScreen_FogHorizontal
0x080AB640	0x080AB641	thumb	DoNothing
0x080AB644	0x080AB847	thumb	ApplyColorMap
0x080AB848	0x080AB98F	thumb	ApplyColorMapWithBlend
0x080AB990	0x080ABAAF	thumb	ApplyDroughtColorMapWithBlend
0x080ABAB0	0x080ABBC9	thumb	ApplyFogBlend
0x080ABBCC	0x080ABBFF	thumb	MarkFogSpritePalToLighten
0x080ABC00	0x080ABC45	thumb	LightenSpritePaletteInFog
0x080ABC48	0x080ABC7B	thumb	ApplyWeatherColorMapIfIdle
0x080ABC7C	0x080ABCCF	thumb	ApplyWeatherColorMapIfIdle_Gradual
0x080ABCD0	0x080ABDFB	thumb	FadeScreen
0x080ABDFC	0x080ABE17	thumb	IsWeatherNotFadingIn
0x080ABE18	0x080ABEFF	thumb	UpdateSpritePaletteWithWeather
0x080ABF00	0x080ABF1F	thumb	ApplyWeatherColorMapToPal
0x080ABF20	0x080ABF4B	thumb	IsFirstFrameOfWeatherFadeIn
0x080ABF4C	0x080ABF7B	thumb	LoadCustomWeatherSpritePalette
0x080ABF7C	0x080ABF83	thumb	LoadDroughtWeatherPalette
0x080ABF84	0x080ABFA3	thumb	ResetDroughtWeatherPaletteLoading
0x080ABFA4	0x080ABFDF	thumb	LoadDroughtWeatherPalettes
0x080ABFE0	0x080ABFEF	thumb	SetDroughtColorMap
0x080ABFF0	0x080AC01B	thumb	DroughtStateInit
0x080AC01C	0x080AC123	thumb	DroughtStateRun
0x080AC124	0x080AC163	thumb	Weather_SetBlendCoeffs
0x080AC164	0x080AC1A7	thumb	Weather_SetTargetBlendCoeffs
0x080AC1A8	0x080AC273	thumb	Weather_UpdateBlend
0x080AC274	0x080AC309	thumb	SetFieldWeather
0x080AC30C	0x080AC31B	thumb	GetCurrentWeather
0x080AC31C	0x080AC377	thumb	SetRainStrengthFromSoundEffect
0x080AC378	0x080AC3B9	thumb	PlayRainStoppingSoundEffect
0x080AC3BC	0x080AC3CF	thumb	IsWeatherChangeComplete
0x080AC3D0	0x080AC3E3	thumb	SetWeatherScreenFadeOut
0x080AC3E4	0x080AC3F7	thumb	SetWeatherPalStateIdle
0x080AC3F8	0x080AC427	thumb	PreservePaletteInWeather
0x080AC428	0x080AC437	thumb	ResetPreservedPalettesInWeather
0x080AC438	0x080AC483	thumb	Clouds_InitVars
0x080AC484	0x080AC4B3	thumb	Clouds_InitAll
0x080AC4B4	0x080AC513	thumb	Clouds_Main
0x080AC514	0x080AC55B	thumb	Clouds_Finish
0x080AC55C	0x080AC57F	thumb	Sunny_InitVars
0x080AC580	0x080AC589	thumb	Sunny_InitAll
0x080AC58C	0x080AC58D	thumb	Sunny_Main
0x080AC590	0x080AC593	thumb	Sunny_Finish
0x080AC594	0x080AC65F	thumb	CreateCloudSprites
0x080AC660	0x080AC6B3	thumb	DestroyCloudSprites
0x080AC6B4	0x080AC6CF	thumb	UpdateCloudSprite
0x080AC6D0	0x080AC703	thumb	Drought_InitVars
0x080AC704	0x080AC733	thumb	Drought_InitAll
0x080AC734	0x080AC817	thumb	Drought_Main
0x080AC818	0x080AC81B	thumb	Drought_Finish
0x080AC81C	0x080AC82F	thumb	StartDroughtWeatherBlend
0x080AC830	0x080AC927	thumb	UpdateDroughtBlend
0x080AC928	0x080AC993	thumb	Rain_InitVars
0x080AC994	0x080AC9C3	thumb	Rain_InitAll
0x080AC9C4	0x080ACA23	thumb	Rain_Main
0x080ACA24	0x080ACAAF	thumb	Rain_Finish
0x080ACAB0	0x080ACB83	thumb	StartRainSpriteFall
0x080ACB84	0x080ACC85	thumb	UpdateRainSprite
0x080ACC88	0x080ACCB1	thumb	WaitRainSprite
0x080ACCB4	0x080ACD67	thumb	InitRainSpriteMovement
0x080ACD68	0x080ACD77	thumb	LoadRainSpriteSheet
0x080ACD78	0x080ACEAB	thumb	CreateRainSprite
0x080ACEAC	0x080ACF37	thumb	UpdateVisibleRainSprites
0x080ACF38	0x080ACF8B	thumb	DestroyRainSprites
0x080ACF8C	0x080ACFDB	thumb	Snow_InitVars
0x080ACFDC	0x080AD047	thumb	Snow_InitAll
0x080AD048	0x080AD083	thumb	Snow_Main
0x080AD084	0x080AD0E7	thumb	Snow_Finish
0x080AD0E8	0x080AD163	thumb	UpdateVisibleSnowflakeSprites
0x080AD164	0x080AD1CF	thumb	CreateSnowflakeSprite
0x080AD1D0	0x080AD203	thumb	DestroySnowflakeSprite
0x080AD204	0x080AD2AF	thumb	InitSnowflakeSpriteMovement
0x080AD2B0	0x080AD30B	thumb	WaitSnowflakeSprite
0x080AD30C	0x080AD443	thumb	UpdateSnowflakeSprite
0x080AD444	0x080AD4B7	thumb	Thunderstorm_InitVars
0x080AD4B8	0x080AD4E7	thumb	Thunderstorm_InitAll
0x080AD4E8	0x080AD553	thumb	Downpour_InitVars
0x080AD554	0x080AD583	thumb	Downpour_InitAll
0x080AD584	0x080AD90F	thumb	Thunderstorm_Main
0x080AD910	0x080AD9BB	thumb	Thunderstorm_Finish
0x080AD9BC	0x080AD9F7	thumb	EnqueueThunder
0x080AD9F8	0x080ADA5D	thumb	UpdateThunderSound
0x080ADA60	0x080ADABF	thumb	FogHorizontal_InitVars
0x080ADAC0	0x080ADAEF	thumb	FogHorizontal_InitAll
0x080ADAF0	0x080ADBAF	thumb	FogHorizontal_Main
0x080ADBB0	0x080ADC49	thumb	FogHorizontal_Finish
0x080ADC4C	0x080ADCAB	thumb	FogHorizontalSpriteCallback
0x080ADCAC	0x080ADD67	thumb	CreateFogHorizontalSprites
0x080ADD68	0x080ADDBB	thumb	DestroyFogHorizontalSprites
0x080ADDBC	0x080ADE17	thumb	Ash_InitVars
0x080ADE18	0x080ADE47	thumb	Ash_InitAll
0x080ADE48	0x080ADEF1	thumb	Ash_Main
0x080ADEF4	0x080ADF59	thumb	Ash_Finish
0x080ADF5C	0x080ADF6B	thumb	LoadAshSpriteSheet
0x080ADF6C	0x080AE013	thumb	CreateAshSprites
0x080AE014	0x080AE067	thumb	DestroyAshSprites
0x080AE068	0x080AE0E3	thumb	UpdateAshSprite
0x080AE0E4	0x080AE167	thumb	FogDiagonal_InitVars
0x080AE168	0x080AE197	thumb	FogDiagonal_InitAll
0x080AE198	0x080AE1FB	thumb	FogDiagonal_Main
0x080AE1FC	0x080AE259	thumb	FogDiagonal_Finish
0x080AE25C	0x080AE2EF	thumb	UpdateFogDiagonalMovement
0x080AE2F0	0x080AE3A7	thumb	CreateFogDiagonalSprites
0x080AE3A8	0x080AE3FB	thumb	DestroyFogDiagonalSprites
0x080AE3FC	0x080AE45B	thumb	UpdateFogDiagonalSprite
0x080AE45C	0x080AE4DB	thumb	Sandstorm_InitVars
0x080AE4DC	0x080AE50B	thumb	Sandstorm_InitAll
0x080AE50C	0x080AE587	thumb	Sandstorm_Main
0x080AE588	0x080AE5E9	thumb	Sandstorm_Finish
0x080AE5EC	0x080AE623	thumb	UpdateSandstormWaveIndex
0x080AE624	0x080AE6A3	thumb	UpdateSandstormMovement
0x080AE6A4	0x080AE737	thumb	DestroySandstormSprites
0x080AE738	0x080AE7F7	thumb	CreateSandstormSprites
0x080AE7F8	0x080AE8F7	thumb	CreateSwirlSandstormSprites
0x080AE8F8	0x080AE957	thumb	UpdateSandstormSprite
0x080AE958	0x080AE97B	thumb	WaitSandSwirlSpriteEntrance
0x080AE97C	0x080AE9EF	thumb	UpdateSandstormSwirlSprite
0x080AE9F0	0x080AEA1F	thumb	Shade_InitVars
0x080AEA20	0x080AEA29	thumb	Shade_InitAll
0x080AEA2C	0x080AEA2D	thumb	Shade_Main
0x080AEA30	0x080AEA33	thumb	Shade_Finish
0x080AEA34	0x080AEA87	thumb	Bubbles_InitVars
0x080AEA88	0x080AEAB7	thumb	Bubbles_InitAll
0x080AEAB8	0x080AEB2B	thumb	Bubbles_Main
0x080AEB2C	0x080AEB45	thumb	Bubbles_Finish
0x080AEB48	0x080AEBCF	thumb	CreateBubbleSprite
0x080AEBD0	0x080AEC33	thumb	DestroyBubbleSprites
0x080AEC34	0x080AEC91	thumb	UpdateBubbleSprite
0x080AEC94	0x080AECA7	thumb	UnusedSetCurrentAbnormalWeather
0x080AECA8	0x080AED27	thumb	Task_DoAbnormalWeather
0x080AED28	0x080AED7B	thumb	CreateAbnormalWeatherTask
0x080AED7C	0x080AEDAB	thumb	SetSavedWeather
0x080AEDAC	0x080AEDBB	thumb	GetSavedWeather
0x080AEDBC	0x080AEDEF	thumb	SetSavedWeatherFromCurrMapHeader
0x080AEDF0	0x080AEE05	thumb	SetWeather
0x080AEE08	0x080AEE1D	thumb	SetWeather_Unused
0x080AEE20	0x080AEE83	thumb	DoCurrentWeather
0x080AEE84	0x080AEEE7	thumb	ResumePausedWeather
0x080AEEE8	0x080AEFB9	thumb	TranslateWeatherNum
0x080AEFBC	0x080AEFDB	thumb	UpdateWeatherPerDay
0x080AEFDC	0x080AEFF9	thumb	UpdateRainCounter
0x080AEFFC	0x080AF01F	thumb	FillPalBufferWhite
0x080AF020	0x080AF03F	thumb	FillPalBufferBlack
0x080AF040	0x080AF089	thumb	WarpFadeInScreen
0x080AF08C	0x080AF09D	thumb	FadeInFromWhite
0x080AF0A0	0x080AF0B1	thumb	FadeInFromBlack
0x080AF0B4	0x080AF0F1	thumb	WarpFadeOutScreen
0x080AF0F4	0x080AF109	thumb	SetPlayerVisibility
0x080AF10C	0x080AF125	thumb	Task_WaitForUnionRoomFade
0x080AF128	0x080AF147	thumb	FieldCB_ContinueScriptUnionRoom
0x080AF148	0x080AF165	thumb	Task_WaitForFadeAndEnableScriptCtx
0x080AF168	0x080AF187	thumb	FieldCB_ContinueScriptHandleMusic
0x080AF188	0x080AF1A3	thumb	FieldCB_ContinueScript
0x080AF1A4	0x080AF213	thumb	Task_ReturnToFieldCableLink
0x080AF214	0x080AF233	thumb	FieldCB_ReturnToFieldCableLink
0x080AF234	0x080AF2B3	thumb	Task_ReturnToFieldWirelessLink
0x080AF2B4	0x080AF311	thumb	Task_ReturnToFieldRecordMixing
0x080AF314	0x080AF333	thumb	FieldCB_ReturnToFieldWirelessLink
0x080AF334	0x080AF397	thumb	SetUpWarpExitTask
0x080AF398	0x080AF3AD	thumb	FieldCB_DefaultWarpExit
0x080AF3B0	0x080AF3C5	thumb	FieldCB_WarpExitFadeFromWhite
0x080AF3C8	0x080AF3E5	thumb	FieldCB_WarpExitFadeFromBlack
0x080AF3E8	0x080AF40B	thumb	FieldCB_SpinEnterWarp
0x080AF40C	0x080AF437	thumb	FieldCB_MossdeepGymWarpExit
0x080AF438	0x080AF54F	thumb	Task_ExitDoor
0x080AF550	0x080AF60F	thumb	Task_ExitNonAnimDoor
0x080AF610	0x080AF65F	thumb	Task_ExitNonDoor
0x080AF660	0x080AF687	thumb	Task_WaitForFadeShowStartMenu
0x080AF688	0x080AF6A3	thumb	ReturnToFieldOpenStartMenu
0x080AF6A4	0x080AF6AF	thumb	FieldCB_ReturnToFieldOpenStartMenu
0x080AF6B0	0x080AF6D1	thumb	Task_ReturnToFieldNoScript
0x080AF6D4	0x080AF6EF	thumb	FieldCB_ReturnToFieldNoScript
0x080AF6F0	0x080AF70F	thumb	FieldCB_ReturnToFieldNoScriptCheckMusic
0x080AF710	0x080AF71B	thumb	PaletteFadeActive
0x080AF71C	0x080AF733	thumb	WaitForWeatherFadeIn
0x080AF734	0x080AF76B	thumb	DoWarp
0x080AF76C	0x080AF79B	thumb	DoDiveWarp
0x080AF79C	0x080AF7CF	thumb	DoWhiteFadeWarp
0x080AF7D0	0x080AF7F3	thumb	DoDoorWarp
0x080AF7F4	0x080AF80B	thumb	DoFallWarp
0x080AF80C	0x080AF825	thumb	DoEscalatorWarp
0x080AF828	0x080AF837	thumb	DoLavaridgeGymB1FWarp
0x080AF838	0x080AF847	thumb	DoLavaridgeGym1FWarp
0x080AF848	0x080AF87B	thumb	DoTeleportTileWarp
0x080AF87C	0x080AF8B7	thumb	DoMossdeepGymWarp
0x080AF8B8	0x080AF8DF	thumb	DoPortholeWarp
0x080AF8E0	0x080AF947	thumb	Task_DoCableClubWarp
0x080AF948	0x080AF96B	thumb	DoCableClubWarp
0x080AF96C	0x080AF9F7	thumb	Task_ReturnToWorldFromLinkRoom
0x080AF9F8	0x080AFA0B	thumb	ReturnFromLinkRoom
0x080AFA0C	0x080AFA87	thumb	Task_WarpAndLoadMap
0x080AFA88	0x080AFBF3	thumb	Task_DoDoorWarp
0x080AFBF4	0x080AFC5F	thumb	Task_DoContestHallWarp
0x080AFC60	0x080AFC97	thumb	DoContestHallWarp
0x080AFC98	0x080AFCC3	thumb	SetFlashScanlineEffectWindowBoundary
0x080AFCC4	0x080AFD4F	thumb	SetFlashScanlineEffectWindowBoundaries
0x080AFD50	0x080AFD7B	thumb	SetOrbFlashScanlineEffectWindowBoundary
0x080AFD7C	0x080AFE07	thumb	SetOrbFlashScanlineEffectWindowBoundaries
0x080AFE08	0x080AFECB	thumb	UpdateFlashLevelEffect
0x080AFECC	0x080AFF8F	thumb	UpdateOrbFlashEffect
0x080AFF90	0x080AFFB7	thumb	Task_WaitForFlashUpdate
0x080AFFB8	0x080AFFDB	thumb	StartWaitForFlashUpdate
0x080AFFDC	0x080B0039	thumb	StartUpdateFlashLevelEffect
0x080B003C	0x080B0099	thumb	StartUpdateOrbFlashEffect
0x080B009C	0x080B00E7	thumb	AnimateFlash
0x080B00E8	0x080B0123	thumb	WriteFlashScanlineEffectBuffer
0x080B0124	0x080B015F	thumb	WriteBattlePyramidViewScanlineEffectBuffer
0x080B0160	0x080B01BB	thumb	Task_SpinEnterWarp
0x080B01BC	0x080B0243	thumb	Task_SpinExitWarp
0x080B0244	0x080B0267	thumb	DoSpinEnterWarp
0x080B0268	0x080B028B	thumb	DoSpinExitWarp
0x080B028C	0x080B02C7	thumb	LoadOrbEffectPalette
0x080B02C8	0x080B0317	thumb	UpdateOrbEffectBlend
0x080B0318	0x080B0533	thumb	Task_OrbEffect
0x080B0534	0x080B0589	thumb	DoOrbEffect
0x080B058C	0x080B05B3	thumb	FadeOutOrbEffect
0x080B05B4	0x080B05CB	thumb	Script_FadeOutMapMusic
0x080B05CC	0x080B05ED	thumb	Task_EnableScriptAfterMusicFade
0x080B05F0	0x080B065B	thumb	Task_BattleStart
0x080B065C	0x080B0697	thumb	CreateBattleStartTask
0x080B0698	0x080B06AF	thumb	BattleSetup_StartWildBattle
0x080B06B0	0x080B06B9	thumb	BattleSetup_StartBattlePikeWildBattle
0x080B06BC	0x080B072B	thumb	DoStandardWildBattle
0x080B072C	0x080B077B	thumb	BattleSetup_StartRoamerBattle
0x080B077C	0x080B07B3	thumb	DoSafariBattle
0x080B07B4	0x080B0803	thumb	DoBattlePikeWildBattle
0x080B0804	0x080B0827	thumb	DoTrainerBattle
0x080B0828	0x080B0869	thumb	DoBattlePyramidTrainerHillBattle
0x080B086C	0x080B08A7	thumb	StartWallyTutorialBattle
0x080B08A8	0x080B08EB	thumb	BattleSetup_StartScriptedWildBattle
0x080B08EC	0x080B0933	thumb	BattleSetup_StartLatiBattle
0x080B0934	0x080B0A17	thumb	BattleSetup_StartLegendaryBattle
0x080B0A18	0x080B0A71	thumb	StartGroudonKyogreBattle
0x080B0A74	0x080B0AF7	thumb	StartRegiBattle
0x080B0AF8	0x080B0B6B	thumb	CB2_EndWildBattle
0x080B0B6C	0x080B0BCF	thumb	CB2_EndScriptedWildBattle
0x080B0BD0	0x080B0D21	thumb	BattleSetup_GetEnvironmentId
0x080B0D24	0x080B0D85	thumb	GetBattleTransitionTypeByMap
0x080B0D88	0x080B0DE7	thumb	GetSumOfPlayerPartyLevel
0x080B0DE8	0x080B0EC7	thumb	GetSumOfEnemyPartyLevel
0x080B0EC8	0x080B0F33	thumb	GetWildBattleTransition
0x080B0F34	0x080B100B	thumb	GetTrainerBattleTransition
0x080B100C	0x080B1137	thumb	GetSpecialBattleTransition
0x080B1138	0x080B1157	thumb	ChooseStarter
0x080B1158	0x080B11A7	thumb	CB2_GiveStarter
0x080B11A8	0x080B1203	thumb	CB2_StartFirstBattle
0x080B1204	0x080B1217	thumb	CB2_EndFirstBattle
0x080B1218	0x080B1231	thumb	TryUpdateGymLeaderRematchFromWild
0x080B1234	0x080B124D	thumb	TryUpdateGymLeaderRematchFromTrainer
0x080B1250	0x080B1267	thumb	TrainerBattleLoadArg32
0x080B1268	0x080B1273	thumb	TrainerBattleLoadArg16
0x080B1274	0x080B1277	thumb	TrainerBattleLoadArg8
0x080B1278	0x080B128F	thumb	GetTrainerAFlag
0x080B1290	0x080B12A7	thumb	GetTrainerBFlag
0x080B12A8	0x080B12E5	thumb	IsPlayerDefeated
0x080B12E8	0x080B12FB	thumb	ResetTrainerOpponentIds
0x080B12FC	0x080B136F	thumb	InitTrainerBattleVariables
0x080B1370	0x080B13F5	thumb	TrainerBattleLoadArgs
0x080B13F8	0x080B142F	thumb	SetMapVarsToTrainer
0x080B1430	0x080B162B	thumb	BattleSetup_ConfigureTrainerBattle
0x080B162C	0x080B166F	thumb	ConfigureAndSetUpOneTrainerBattle
0x080B1670	0x080B16A3	thumb	ConfigureTwoTrainersBattle
0x080B16A4	0x080B16B7	thumb	SetUpTwoTrainersBattle
0x080B16B8	0x080B16D5	thumb	GetTrainerFlagFromScriptPointer
0x080B16D8	0x080B170B	thumb	SetTrainerFacingDirection
0x080B170C	0x080B1717	thumb	GetTrainerBattleMode
0x080B1718	0x080B175F	thumb	GetTrainerFlag
0x080B1760	0x080B178B	thumb	SetBattledTrainersFlags
0x080B178C	0x080B179D	thumb	SetBattledTrainerFlag
0x080B17A0	0x080B17B7	thumb	HasTrainerBeenFought
0x080B17B8	0x080B17CB	thumb	SetTrainerFlag
0x080B17CC	0x080B17DF	thumb	ClearTrainerFlag
0x080B17E0	0x080B1915	thumb	BattleSetup_StartTrainerBattle
0x080B1918	0x080B1993	thumb	CB2_EndTrainerBattle
0x080B1994	0x080B19EB	thumb	CB2_EndRematchBattle
0x080B19EC	0x080B1A13	thumb	BattleSetup_StartRematchBattle
0x080B1A14	0x080B1AF7	thumb	ShowTrainerIntroSpeech
0x080B1AF8	0x080B1B0F	thumb	BattleSetup_GetScriptAddrAfterBattle
0x080B1B10	0x080B1B5F	thumb	BattleSetup_GetTrainerPostBattleScript
0x080B1B60	0x080B1B6D	thumb	ShowTrainerCantBattleSpeech
0x080B1B70	0x080B1C6B	thumb	PlayTrainerEncounterMusic
0x080B1C6C	0x080B1C7B	thumb	ReturnEmptyStringIfNull
0x080B1C7C	0x080B1CA3	thumb	GetIntroSpeechOfApproachingTrainer
0x080B1CA4	0x080B1CDF	thumb	GetTrainerALoseText
0x080B1CE0	0x080B1D03	thumb	GetTrainerBLoseText
0x080B1D04	0x080B1D17	thumb	GetTrainerWonSpeech
0x080B1D18	0x080B1D2B	thumb	GetTrainerCantBattleSpeech
0x080B1D2C	0x080B1D4F	thumb	FirstBattleTrainerIdToRematchTableId
0x080B1D50	0x080B1D91	thumb	TrainerIdToRematchTableId
0x080B1D94	0x080B1DBB	thumb	IsRematchForbidden
0x080B1DBC	0x080B1DFB	thumb	SetRematchIdForTrainer
0x080B1DFC	0x080B1E93	thumb	UpdateRandomTrainerRematches
0x080B1E94	0x080B1EBF	thumb	UpdateRematchIfDefeated
0x080B1EC0	0x080B1F07	thumb	DoesSomeoneWantRematchIn_
0x080B1F08	0x080B1F37	thumb	IsRematchTrainerIn_
0x080B1F38	0x080B1F71	thumb	IsFirstTrainerIdReadyForRematch
0x080B1F74	0x080B1FAD	thumb	IsTrainerReadyForRematch_
0x080B1FB0	0x080B2003	thumb	GetRematchTrainerIdFromTable
0x080B2004	0x080B2059	thumb	GetLastBeatenRematchTrainerIdFromTable
0x080B205C	0x080B208B	thumb	ClearTrainerWantRematchState
0x080B208C	0x080B20BB	thumb	GetTrainerMatchCallFlag
0x080B20BC	0x080B20F3	thumb	RegisterTrainerInMatchCall
0x080B20F4	0x080B2125	thumb	WasSecondRematchWon
0x080B2128	0x080B215B	thumb	HasAtLeastFiveBadges
0x080B215C	0x080B2187	thumb	IncrementRematchStepCounter
0x080B2188	0x080B21B1	thumb	IsRematchStepCounterMaxed
0x080B21B4	0x080B21F3	thumb	TryUpdateRandomTrainerRematches
0x080B21F4	0x080B2213	thumb	DoesSomeoneWantRematchIn
0x080B2214	0x080B2233	thumb	IsRematchTrainerIn
0x080B2234	0x080B224F	thumb	GetRematchTrainerId
0x080B2250	0x080B226B	thumb	GetLastBeatenRematchTrainerId
0x080B226C	0x080B229F	thumb	ShouldTryRematchBattle
0x080B22A0	0x080B22BB	thumb	IsTrainerReadyForRematch
0x080B22BC	0x080B22D7	thumb	HandleRematchVarsOnBattleEnd
0x080B22D8	0x080B2317	thumb	ShouldTryGetTrainerScript
0x080B2318	0x080B2369	thumb	CountBattledRematchTeams
0x080B236C	0x080B23AF	thumb	CreateLinkupTask
0x080B23B0	0x080B241B	thumb	PrintNumPlayersInLink
0x080B241C	0x080B2439	thumb	ClearLinkPlayerCountWindow
0x080B243C	0x080B2477	thumb	UpdateLinkPlayerCountDisplay
0x080B2478	0x080B24F7	thumb	ExchangeDataAndGetLinkupStatus
0x080B24F8	0x080B252B	thumb	CheckLinkErrored
0x080B252C	0x080B2577	thumb	CheckLinkCanceledBeforeConnection
0x080B2578	0x080B25CB	thumb	CheckLinkCanceled
0x080B25CC	0x080B25FF	thumb	CheckSioErrored
0x080B2600	0x080B2633	thumb	Task_DelayedBlockRequest
0x080B2634	0x080B2687	thumb	Task_LinkupStart
0x080B2688	0x080B270B	thumb	Task_LinkupAwaitConnection
0x080B270C	0x080B275B	thumb	Task_LinkupConfirmWhenReady
0x080B275C	0x080B2803	thumb	Task_LinkupAwaitConfirmation
0x080B2804	0x080B28A7	thumb	Task_LinkupTryConfirmation
0x080B28A8	0x080B2917	thumb	Task_LinkupConfirm
0x080B2918	0x080B2A07	thumb	Task_LinkupExchangeDataWithLeader
0x080B2A08	0x080B2AF3	thumb	Task_LinkupCheckStatusAfterConfirm
0x080B2AF4	0x080B2B93	thumb	AreBattleTowerLinkSpeciesSame
0x080B2B94	0x080B2C2F	thumb	FinishLinkup
0x080B2C30	0x080B2CAF	thumb	Task_LinkupAwaitTrainerCardData
0x080B2CB0	0x080B2CEB	thumb	Task_StopLinkup
0x080B2CEC	0x080B2D2B	thumb	Task_LinkupFailed
0x080B2D2C	0x080B2D6B	thumb	Task_LinkupConnectionError
0x080B2D6C	0x080B2DA3	thumb	TryLinkTimeout
0x080B2DA4	0x080B2E4B	thumb	TryBattleLinkup
0x080B2E4C	0x080B2E73	thumb	TryTradeLinkup
0x080B2E74	0x080B2EA7	thumb	TryRecordMixLinkup
0x080B2EA8	0x080B2EE3	thumb	ValidateMixingGameLanguage
0x080B2EE4	0x080B2FD7	thumb	Task_ValidateMixingGameLanguage
0x080B2FD8	0x080B2FFF	thumb	TryBerryBlenderLinkup
0x080B3000	0x080B3027	thumb	TryContestGModeLinkup
0x080B3028	0x080B304F	thumb	TryContestEModeLinkup
0x080B3050	0x080B3143	thumb	CreateTask_ReestablishCableClubLink
0x080B3144	0x080B3193	thumb	Task_ReestablishLink
0x080B3194	0x080B31E7	thumb	Task_ReestablishLinkAwaitConnection
0x080B31E8	0x080B321F	thumb	Task_ReestablishLinkLeader
0x080B3220	0x080B3253	thumb	Task_ReestablishLinkAwaitConfirmation
0x080B3254	0x080B325D	thumb	CableClubSaveGame
0x080B3260	0x080B32B3	thumb	SetLinkBattleTypeFlags
0x080B32B4	0x080B33BB	thumb	Task_StartWiredCableClubBattle
0x080B33BC	0x080B3553	thumb	Task_StartWirelessCableClubBattle
0x080B3554	0x080B360B	thumb	CB2_ReturnFromUnionRoomBattle
0x080B360C	0x080B36EB	thumb	CB2_ReturnFromCableClubBattle
0x080B36EC	0x080B371B	thumb	CleanupLinkRoomState
0x080B371C	0x080B3725	thumb	ExitLinkRoom
0x080B3728	0x080B37D1	thumb	Task_EnterCableClubSeat
0x080B37D4	0x080B37FB	thumb	CreateTask_EnterCableClubSeat
0x080B37FC	0x080B3893	thumb	Task_StartWiredTrade
0x080B3894	0x080B3921	thumb	Task_StartWirelessTrade
0x080B3924	0x080B394F	thumb	PlayerEnteredTradeSeat
0x080B3950	0x080B3963	thumb	CreateTask_StartWiredTrade
0x080B3964	0x080B3965	thumb	Script_StartWiredTrade
0x080B3968	0x080B39A3	thumb	ColosseumPlayerSpotTriggered
0x080B39A4	0x080B39BB	thumb	CreateTask_EnterCableClubSeatNoFollowup
0x080B39BC	0x080B39D3	thumb	Script_ShowLinkTrainerCard
0x080B39D4	0x080B3A2F	thumb	GetLinkTrainerCardColor
0x080B3A30	0x080B3AAB	thumb	Task_WaitForLinkPlayerConnection
0x080B3AAC	0x080B3ACF	thumb	Task_WaitExitToScript
0x080B3AD0	0x080B3AF7	thumb	ExitLinkToScript
0x080B3AF8	0x080B3BC3	thumb	Task_ReconnectWithLinkPlayers
0x080B3BC4	0x080B3BE7	thumb	TrySetBattleTowerLinkType
0x080B3BE8	0x080B3CFF	thumb	CheckForTrainersWantingBattle
0x080B3D00	0x080B3DED	thumb	CheckTrainer
0x080B3DF0	0x080B3E9F	thumb	GetTrainerApproachDistance
0x080B3EA0	0x080B3EE1	thumb	GetTrainerApproachDistanceSouth
0x080B3EE4	0x080B3F25	thumb	GetTrainerApproachDistanceNorth
0x080B3F28	0x080B3F69	thumb	GetTrainerApproachDistanceWest
0x080B3F6C	0x080B3FAD	thumb	GetTrainerApproachDistanceEast
0x080B3FB0	0x080B4069	thumb	CheckPathBetweenTrainerAndPlayer
0x080B406C	0x080B40C7	thumb	InitTrainerApproachTask
0x080B40C8	0x080B4117	thumb	StartTrainerApproach
0x080B4118	0x080B4177	thumb	Task_RunTrainerSeeFuncList
0x080B4178	0x080B417B	thumb	TrainerSeeIdle
0x080B417C	0x080B41BF	thumb	TrainerExclamationMark
0x080B41C0	0x080B41FD	thumb	WaitTrainerExclamationMark
0x080B4200	0x080B4259	thumb	TrainerMoveToPlayer
0x080B425C	0x080B4317	thumb	PlayerFaceApproachingTrainer
0x080B4318	0x080B435B	thumb	WaitPlayerFaceApproachingTrainer
0x080B435C	0x080B438F	thumb	RevealDisguisedTrainer
0x080B4390	0x080B43AB	thumb	WaitRevealDisguisedTrainer
0x080B43AC	0x080B43DF	thumb	RevealBuriedTrainer
0x080B43E0	0x080B4437	thumb	PopOutOfAshBuriedTrainer
0x080B4438	0x080B44AB	thumb	JumpInPlaceBuriedTrainer
0x080B44AC	0x080B44C7	thumb	WaitRevealBuriedTrainer
0x080B44C8	0x080B4575	thumb	Task_SetBuriedTrainerMovement
0x080B4578	0x080B45AB	thumb	SetBuriedTrainerMovement
0x080B45AC	0x080B45BB	thumb	DoTrainerApproach
0x080B45BC	0x080B45CD	thumb	Task_EndTrainerApproach
0x080B45D0	0x080B461F	thumb	TryPrepareSecondApproachingTrainer
0x080B4620	0x080B4657	thumb	FldEff_ExclamationMarkIcon
0x080B4658	0x080B468F	thumb	FldEff_QuestionMarkIcon
0x080B4690	0x080B46D7	thumb	FldEff_HeartIcon
0x080B46D8	0x080B4723	thumb	SetIconSpriteData
0x080B4724	0x080B47B9	thumb	SpriteCB_TrainerIcons
0x080B47BC	0x080B47DF	thumb	GetCurrentApproachingTrainerObjectEventId
0x080B47E0	0x080B4807	thumb	GetChosenApproachingTrainerObjectEventId
0x080B4808	0x080B48B7	thumb	PlayerFaceTrainerAfterBattle
0x080B48B8	0x080B48C3	thumb	DisableWildEncounters
0x080B48C4	0x080B4983	thumb	GetFeebasFishingSpotId
0x080B4984	0x080B4A97	thumb	CheckFeebas
0x080B4A98	0x080B4AB7	thumb	FeebasRandom
0x080B4AB8	0x080B4AC7	thumb	FeebasSeedRng
0x080B4AC8	0x080B4B81	thumb	ChooseWildMonIndex_Land
0x080B4B84	0x080B4BD7	thumb	ChooseWildMonIndex_WaterRock
0x080B4BD8	0x080B4C73	thumb	ChooseWildMonIndex_Fishing
0x080B4C74	0x080B4CF5	thumb	ChooseWildMonLevel
0x080B4CF8	0x080B4D77	thumb	GetCurrentMapWildMonHeaderId
0x080B4D78	0x080B4E65	thumb	PickWildMonNature
0x080B4E68	0x080B4F4B	thumb	CreateWildMon
0x080B4F4C	0x080B5023	thumb	TryGenerateWildMon
0x080B5024	0x080B5059	thumb	GenerateFishingWildMon
0x080B505C	0x080B50DB	thumb	SetUpMassOutbreakEncounter
0x080B50DC	0x080B5143	thumb	DoMassOutbreakEncounterTest
0x080B5144	0x080B516F	thumb	EncounterOddsCheck
0x080B5170	0x080B523B	thumb	WildEncounterCheck
0x080B523C	0x080B525D	thumb	AllowWildCheckOnNewMetatile
0x080B5260	0x080B5285	thumb	AreLegendariesInSootopolisPreventingEncounters
0x080B5288	0x080B550B	thumb	StandardWildEncounter
0x080B550C	0x080B5577	thumb	RockSmashWildEncounter
0x080B5578	0x080B56FB	thumb	SweetScentWildEncounter
0x080B56FC	0x080B5731	thumb	DoesCurrentMapHaveFishingMons
0x080B5734	0x080B579F	thumb	FishingWildEncounter
0x080B57A0	0x080B582B	thumb	GetLocalWildMon
0x080B582C	0x080B586F	thumb	GetLocalWaterMon
0x080B5870	0x080B58CB	thumb	UpdateRepelCounter
0x080B58CC	0x080B5931	thumb	IsWildLevelAllowedByRepel
0x080B5934	0x080B598F	thumb	IsAbilityAllowingEncounter
0x080B5990	0x080B5A4D	thumb	TryGetRandomWildMonIndexByType
0x080B5A50	0x080B5AAF	thumb	TryGetAbilityInfluencedWildMonIndex
0x080B5AB0	0x080B5AEF	thumb	ApplyFluteEncounterRateMod
0x080B5AF0	0x080B5B17	thumb	ApplyCleanseTagEncounterRateMod
0x080B5B18	0x080B5B5F	thumb	FieldEffectStart
0x080B5B60	0x080B5B71	thumb	FieldEffectCmd_loadtiles
0x080B5B74	0x080B5B85	thumb	FieldEffectCmd_loadfadedpal
0x080B5B88	0x080B5B99	thumb	FieldEffectCmd_loadpal
0x080B5B9C	0x080B5BAD	thumb	FieldEffectCmd_callnative
0x080B5BB0	0x080B5BB3	thumb	FieldEffectCmd_end
0x080B5BB4	0x080B5BDB	thumb	FieldEffectCmd_loadgfx_callnative
0x080B5BDC	0x080B5BFD	thumb	FieldEffectCmd_loadtiles_callnative
0x080B5C00	0x080B5C21	thumb	FieldEffectCmd_loadfadedpal_callnative
0x080B5C24	0x080B5C3B	thumb	FieldEffectScript_ReadWord
0x080B5C3C	0x080B5C6B	thumb	FieldEffectScript_LoadTiles
0x080B5C6C	0x080B5C93	thumb	FieldEffectScript_LoadFadedPalette
0x080B5C94	0x080B5CAB	thumb	FieldEffectScript_LoadPalette
0x080B5CAC	0x080B5CC7	thumb	FieldEffectScript_CallNative
0x080B5CC8	0x080B5CE9	thumb	FieldEffectFreeGraphicsResources
0x080B5CEC	0x080B5D01	thumb	FieldEffectStop
0x080B5D04	0x080B5D67	thumb	FieldEffectFreeTilesIfUnused
0x080B5D68	0x080B5DBF	thumb	FieldEffectFreePaletteIfUnused
0x080B5DC0	0x080B5DE3	thumb	FieldEffectActiveListClear
0x080B5DE4	0x080B5E0F	thumb	FieldEffectActiveListAdd
0x080B5E10	0x080B5E3F	thumb	FieldEffectActiveListRemove
0x080B5E40	0x080B5E6B	thumb	FieldEffectActiveListContains
0x080B5E6C	0x080B5F0B	thumb	CreateTrainerSprite
0x080B5F0C	0x080B5F43	thumb	LoadTrainerGfx_TrainerCard
0x080B5F44	0x080B5F83	thumb	AddNewGameBirchObject
0x080B5F84	0x080B5FE5	thumb	CreateMonSprite_PicBox
0x080B5FE8	0x080B606D	thumb	CreateMonSprite_FieldMove
0x080B6070	0x080B6099	thumb	FreeResourcesAndDestroySprite
0x080B609C	0x080B6127	thumb	MultiplyInvertedPaletteRGBComponents
0x080B6128	0x080B619F	thumb	MultiplyPaletteRGBComponents
0x080B61A0	0x080B61E3	thumb	FldEff_PokecenterHeal
0x080B61E4	0x080B6213	thumb	Task_PokecenterHeal
0x080B6214	0x080B624D	thumb	PokecenterHealEffect_Init
0x080B6250	0x080B628B	thumb	PokecenterHealEffect_WaitForBallPlacement
0x080B628C	0x080B62B3	thumb	PokecenterHealEffect_WaitForBallFlashing
0x080B62B4	0x080B62F3	thumb	PokecenterHealEffect_WaitForSoundAndEnd
0x080B62F4	0x080B632F	thumb	FldEff_HallOfFameRecord
0x080B6330	0x080B635F	thumb	Task_HallOfFameRecord
0x080B6360	0x080B63D3	thumb	HallOfFameRecordEffect_Init
0x080B63D4	0x080B6403	thumb	HallOfFameRecordEffect_WaitForBallPlacement
0x080B6404	0x080B642B	thumb	HallOfFameRecordEffect_WaitForBallFlashing
0x080B642C	0x080B646B	thumb	HallOfFameRecordEffect_WaitForSoundAndEnd
0x080B646C	0x080B64BF	thumb	CreateGlowingPokeballsEffect
0x080B64C0	0x080B64DB	thumb	SpriteCB_PokeballGlowEffect
0x080B64DC	0x080B6573	thumb	PokeballGlowEffect_PlaceBalls
0x080B6574	0x080B65A7	thumb	PokeballGlowEffect_TryPlaySe
0x080B65A8	0x080B66E7	thumb	PokeballGlowEffect_Flash1
0x080B66E8	0x080B67DB	thumb	PokeballGlowEffect_Flash2
0x080B67DC	0x080B67F5	thumb	PokeballGlowEffect_WaitAfterFlash
0x080B67F8	0x080B67FF	thumb	PokeballGlowEffect_Dummy
0x080B6800	0x080B6821	thumb	PokeballGlowEffect_WaitForSound
0x080B6824	0x080B6825	thumb	PokeballGlowEffect_Idle
0x080B6828	0x080B684F	thumb	SpriteCB_PokeballGlow
0x080B6850	0x080B68AB	thumb	CreatePokecenterMonitorSprite
0x080B68AC	0x080B68E9	thumb	SpriteCB_PokecenterMonitor
0x080B68EC	0x080B696F	thumb	CreateHofMonitorSprite
0x080B6970	0x080B69DB	thumb	SpriteCB_HallOfFameMonitor
0x080B69DC	0x080B69FB	thumb	ReturnToFieldFromFlyMapSelect
0x080B69FC	0x080B6A23	thumb	FieldCallback_UseFly
0x080B6A24	0x080B6AA3	thumb	Task_UseFly
0x080B6AA4	0x080B6B0B	thumb	FieldCallback_FlyIntoMap
0x080B6B0C	0x080B6B67	thumb	Task_FlyIntoMap
0x080B6B68	0x080B6B93	thumb	FieldCB_FallWarpExit
0x080B6B94	0x080B6BCB	thumb	Task_FallWarpFieldEffect
0x080B6BCC	0x080B6C73	thumb	FallWarpEffect_Init
0x080B6C74	0x080B6C8F	thumb	FallWarpEffect_WaitWeather
0x080B6C90	0x080B6D03	thumb	FallWarpEffect_StartFall
0x080B6D04	0x080B6DBB	thumb	FallWarpEffect_Fall
0x080B6DBC	0x080B6DD7	thumb	FallWarpEffect_Land
0x080B6DD8	0x080B6E15	thumb	FallWarpEffect_CameraShake
0x080B6E18	0x080B6E4B	thumb	FallWarpEffect_End
0x080B6E4C	0x080B6E87	thumb	StartEscalatorWarp
0x080B6E88	0x080B6EBF	thumb	Task_EscalatorWarpOut
0x080B6EC0	0x080B6EDF	thumb	EscalatorWarpOut_Init
0x080B6EE0	0x080B6F4F	thumb	EscalatorWarpOut_WaitForPlayer
0x080B6F50	0x080B6F71	thumb	EscalatorWarpOut_Up_Ride
0x080B6F74	0x080B6F83	thumb	EscalatorWarpOut_Up_End
0x080B6F84	0x080B6FA5	thumb	EscalatorWarpOut_Down_Ride
0x080B6FA8	0x080B6FB7	thumb	EscalatorWarpOut_Down_End
0x080B6FB8	0x080B7003	thumb	RideUpEscalatorOut
0x080B7004	0x080B704F	thumb	RideDownEscalatorOut
0x080B7050	0x080B705D	thumb	FadeOutAtEndOfEscalator
0x080B7060	0x080B70B3	thumb	WarpAtEndOfEscalator
0x080B70B4	0x080B70DB	thumb	FieldCallback_EscalatorWarpIn
0x080B70DC	0x080B7113	thumb	Task_EscalatorWarpIn
0x080B7114	0x080B718D	thumb	EscalatorWarpIn_Init
0x080B7190	0x080B71CF	thumb	EscalatorWarpIn_Down_Init
0x080B71D0	0x080B722F	thumb	EscalatorWarpIn_Down_Ride
0x080B7230	0x080B726F	thumb	EscalatorWarpIn_Up_Init
0x080B7270	0x080B72CF	thumb	EscalatorWarpIn_Up_Ride
0x080B72D0	0x080B72F3	thumb	EscalatorWarpIn_WaitForMovement
0x080B72F4	0x080B734B	thumb	EscalatorWarpIn_End
0x080B734C	0x080B7383	thumb	FldEff_UseWaterfall
0x080B7384	0x080B73CF	thumb	Task_UseWaterfall
0x080B73D0	0x080B73EF	thumb	WaterfallFieldEffect_Init
0x080B73F0	0x080B742B	thumb	WaterfallFieldEffect_ShowMon
0x080B742C	0x080B744D	thumb	WaterfallFieldEffect_WaitForShowMon
0x080B7450	0x080B7475	thumb	WaterfallFieldEffect_RideUp
0x080B7478	0x080B74CF	thumb	WaterfallFieldEffect_ContinueRideOrEnd
0x080B74D0	0x080B750B	thumb	FldEff_UseDive
0x080B750C	0x080B7543	thumb	Task_UseDive
0x080B7544	0x080B7557	thumb	DiveFieldEffect_Init
0x080B7558	0x080B757F	thumb	DiveFieldEffect_ShowMon
0x080B7580	0x080B75D7	thumb	DiveFieldEffect_TryWarp
0x080B75D8	0x080B75EF	thumb	StartLavaridgeGymB1FWarp
0x080B75F0	0x080B764B	thumb	Task_LavaridgeGymB1FWarp
0x080B764C	0x080B7683	thumb	LavaridgeGymB1FWarpEffect_Init
0x080B7684	0x080B76B7	thumb	LavaridgeGymB1FWarpEffect_CameraShake
0x080B76B8	0x080B7703	thumb	LavaridgeGymB1FWarpEffect_Launch
0x080B7704	0x080B77F7	thumb	LavaridgeGymB1FWarpEffect_Rise
0x080B77F8	0x080B7811	thumb	LavaridgeGymB1FWarpEffect_FadeOut
0x080B7814	0x080B7867	thumb	LavaridgeGymB1FWarpEffect_Warp
0x080B7868	0x080B788F	thumb	FieldCB_LavaridgeGymB1FWarpExit
0x080B7890	0x080B78EB	thumb	Task_LavaridgeGymB1FWarpExit
0x080B78EC	0x080B791B	thumb	LavaridgeGymB1FWarpExitEffect_Init
0x080B791C	0x080B7967	thumb	LavaridgeGymB1FWarpExitEffect_StartPopOut
0x080B7968	0x080B79BB	thumb	LavaridgeGymB1FWarpExitEffect_PopOut
0x080B79BC	0x080B79F3	thumb	LavaridgeGymB1FWarpExitEffect_End
0x080B79F4	0x080B7A57	thumb	FldEff_AshLaunch
0x080B7A58	0x080B7A73	thumb	SpriteCB_AshLaunch
0x080B7A74	0x080B7A8B	thumb	StartLavaridgeGym1FWarp
0x080B7A8C	0x080B7AE7	thumb	Task_LavaridgeGym1FWarp
0x080B7AE8	0x080B7B17	thumb	LavaridgeGym1FWarpEffect_Init
0x080B7B18	0x080B7B93	thumb	LavaridgeGym1FWarpEffect_AshPuff
0x080B7B94	0x080B7BCB	thumb	LavaridgeGym1FWarpEffect_Disappear
0x080B7BCC	0x080B7BF1	thumb	LavaridgeGym1FWarpEffect_FadeOut
0x080B7BF4	0x080B7C47	thumb	LavaridgeGym1FWarpEffect_Warp
0x080B7C48	0x080B7CAB	thumb	FldEff_AshPuff
0x080B7CAC	0x080B7CC7	thumb	SpriteCB_AshPuff
0x080B7CC8	0x080B7CE3	thumb	StartEscapeRopeFieldEffect
0x080B7CE4	0x080B7D13	thumb	Task_EscapeRopeWarpOut
0x080B7D14	0x080B7D31	thumb	EscapeRopeWarpOutEffect_Init
0x080B7D34	0x080B7E47	thumb	EscapeRopeWarpOutEffect_Spin
0x080B7E48	0x080B7E93	thumb	FieldCallback_EscapeRopeWarpIn
0x080B7E94	0x080B7EC3	thumb	Task_EscapeRopeWarpIn
0x080B7EC4	0x080B7EE7	thumb	EscapeRopeWarpInEffect_Init
0x080B7EE8	0x080B7FC7	thumb	EscapeRopeWarpInEffect_Spin
0x080B7FC8	0x080B7FDB	thumb	FldEff_TeleportWarpOut
0x080B7FDC	0x080B800B	thumb	Task_TeleportWarpOut
0x080B800C	0x080B8031	thumb	TeleportWarpOutFieldEffect_Init
0x080B8034	0x080B80C3	thumb	TeleportWarpOutFieldEffect_SpinGround
0x080B80C4	0x080B8197	thumb	TeleportWarpOutFieldEffect_SpinExit
0x080B8198	0x080B81FF	thumb	TeleportWarpOutFieldEffect_End
0x080B8200	0x080B824F	thumb	FieldCallback_TeleportWarpIn
0x080B8250	0x080B827F	thumb	Task_TeleportWarpIn
0x080B8280	0x080B830B	thumb	TeleportWarpInFieldEffect_Init
0x080B830C	0x080B840D	thumb	TeleportWarpInFieldEffect_SpinEnter
0x080B8410	0x080B849B	thumb	TeleportWarpInFieldEffect_SpinGround
0x080B849C	0x080B84F7	thumb	FldEff_FieldMoveShowMon
0x080B84F8	0x080B8553	thumb	FldEff_FieldMoveShowMonInit
0x080B8554	0x080B8583	thumb	Task_FieldMoveShowMonOutdoors
0x080B8584	0x080B85F7	thumb	FieldMoveShowMonOutdoorsEffect_Init
0x080B85F8	0x080B865F	thumb	FieldMoveShowMonOutdoorsEffect_LoadGfx
0x080B8660	0x080B86EB	thumb	FieldMoveShowMonOutdoorsEffect_CreateBanner
0x080B86EC	0x080B871B	thumb	FieldMoveShowMonOutdoorsEffect_WaitForMon
0x080B871C	0x080B876F	thumb	FieldMoveShowMonOutdoorsEffect_ShrinkBanner
0x080B8770	0x080B87B7	thumb	FieldMoveShowMonOutdoorsEffect_RestoreBg
0x080B87B8	0x080B880B	thumb	FieldMoveShowMonOutdoorsEffect_End
0x080B880C	0x080B8873	thumb	VBlankCB_FieldMoveShowMonOutdoors
0x080B8874	0x080B88B3	thumb	LoadFieldMoveOutdoorStreaksTilemap
0x080B88B4	0x080B88E3	thumb	Task_FieldMoveShowMonIndoors
0x080B88E4	0x080B891F	thumb	FieldMoveShowMonIndoorsEffect_Init
0x080B8920	0x080B898B	thumb	FieldMoveShowMonIndoorsEffect_LoadGfx
0x080B898C	0x080B89DB	thumb	FieldMoveShowMonIndoorsEffect_SlideBannerOn
0x080B89DC	0x080B8A0B	thumb	FieldMoveShowMonIndoorsEffect_WaitForMon
0x080B8A0C	0x080B8A43	thumb	FieldMoveShowMonIndoorsEffect_RestoreBg
0x080B8A44	0x080B8A63	thumb	FieldMoveShowMonIndoorsEffect_SlideBannerOff
0x080B8A64	0x080B8ADF	thumb	FieldMoveShowMonIndoorsEffect_End
0x080B8AE0	0x080B8B27	thumb	VBlankCB_FieldMoveShowMonIndoors
0x080B8B28	0x080B8B35	thumb	AnimateIndoorShowMonBg
0x080B8B38	0x080B8BEF	thumb	SlideIndoorBannerOnscreen
0x080B8BF0	0x080B8C5F	thumb	SlideIndoorBannerOffscreen
0x080B8C60	0x080B8CBF	thumb	InitFieldMoveMonSprite
0x080B8CC0	0x080B8D03	thumb	SpriteCB_FieldMoveMonSlideOnscreen
0x080B8D04	0x080B8D1F	thumb	SpriteCB_FieldMoveMonWaitAfterCry
0x080B8D20	0x080B8D41	thumb	SpriteCB_FieldMoveMonSlideOffscreen
0x080B8D44	0x080B8D83	thumb	FldEff_UseSurf
0x080B8D84	0x080B8DB3	thumb	Task_SurfFieldEffect
0x080B8DB4	0x080B8E13	thumb	SurfFieldEffect_Init
0x080B8E14	0x080B8E5F	thumb	SurfFieldEffect_FieldMovePose
0x080B8E60	0x080B8EA7	thumb	SurfFieldEffect_ShowMon
0x080B8EA8	0x080B8F23	thumb	SurfFieldEffect_JumpOnSurfBlob
0x080B8F24	0x080B8F97	thumb	SurfFieldEffect_End
0x080B8F98	0x080B90CB	thumb	FldEff_RayquazaSpotlight
0x080B90CC	0x080B9127	thumb	FldEff_NPCFlyOut
0x080B9128	0x080B91A3	thumb	SpriteCB_NPCFlyOut
0x080B91A4	0x080B91D3	thumb	FldEff_UseFly
0x080B91D4	0x080B9203	thumb	Task_FlyOut
0x080B9204	0x080B925B	thumb	FlyOutFieldEffect_FieldMovePose
0x080B925C	0x080B929F	thumb	FlyOutFieldEffect_ShowMon
0x080B92A0	0x080B92F7	thumb	FlyOutFieldEffect_BirdLeaveBall
0x080B92F8	0x080B933B	thumb	FlyOutFieldEffect_WaitBirdLeave
0x080B933C	0x080B938F	thumb	FlyOutFieldEffect_BirdSwoopDown
0x080B9390	0x080B9417	thumb	FlyOutFieldEffect_JumpOnBird
0x080B9418	0x080B9473	thumb	FlyOutFieldEffect_FlyOffWithBird
0x080B9474	0x080B9493	thumb	FlyOutFieldEffect_WaitFlyOff
0x080B9494	0x080B94C3	thumb	FlyOutFieldEffect_End
0x080B94C4	0x080B9507	thumb	CreateFlyBirdSprite
0x080B9508	0x080B9523	thumb	GetFlyBirdAnimCompleted
0x080B9524	0x080B955F	thumb	StartFlyBirdSwoopDown
0x080B9560	0x080B957B	thumb	SetFlyBirdPlayerSpriteId
0x080B957C	0x080B963B	thumb	SpriteCB_FlyBirdLeaveBall
0x080B963C	0x080B96AF	thumb	SpriteCB_FlyBirdSwoopDown
0x080B96B0	0x080B9793	thumb	SpriteCB_FlyBirdReturnToBall
0x080B9794	0x080B97BF	thumb	StartFlyBirdReturnToBall
0x080B97C0	0x080B97D3	thumb	FldEff_FlyIn
0x080B97D4	0x080B9803	thumb	Task_FlyIn
0x080B9804	0x080B98B7	thumb	FlyInFieldEffect_BirdSwoopDown
0x080B98B8	0x080B9923	thumb	FlyInFieldEffect_FlyInWithBird
0x080B9924	0x080B9977	thumb	FlyInFieldEffect_JumpOffBird
0x080B9978	0x080B99EF	thumb	FlyInFieldEffect_FieldMovePose
0x080B99F0	0x080B9A27	thumb	FlyInFieldEffect_BirdReturnToBall
0x080B9A28	0x080B9A5F	thumb	FlyInFieldEffect_WaitBirdReturn
0x080B9A60	0x080B9ADB	thumb	FlyInFieldEffect_End
0x080B9ADC	0x080B9B3B	thumb	FldEff_DestroyDeoxysRock
0x080B9B3C	0x080B9BCD	thumb	Task_DeoxysRockCameraShake
0x080B9BD0	0x080B9BE7	thumb	StartEndingDeoxysRockCameraShake
0x080B9BE8	0x080B9C27	thumb	Task_DestroyDeoxysRock
0x080B9C28	0x080B9C53	thumb	DestroyDeoxysRockEffect_CameraShake
0x080B9C54	0x080B9CDB	thumb	DestroyDeoxysRockEffect_RockFragments
0x080B9CDC	0x080B9D23	thumb	DestroyDeoxysRockEffect_WaitAndEnd
0x080B9D24	0x080B9DB7	thumb	CreateDeoxysRockFragments
0x080B9DB8	0x080B9E27	thumb	SpriteCB_DeoxysRockFragment
0x080B9E28	0x080B9EDB	thumb	FldEff_MoveDeoxysRock
0x080B9EDC	0x080B9FB7	thumb	Task_MoveDeoxysRock
0x080B9FB8	0x080B9FF7	thumb	ScanlineEffect_Stop
0x080B9FF8	0x080BA037	thumb	ScanlineEffect_Clear
0x080BA038	0x080BA0A7	thumb	ScanlineEffect_SetParams
0x080BA0A8	0x080BA133	thumb	ScanlineEffect_InitHBlankDmaTransfer
0x080BA134	0x080BA153	thumb	CopyValue16Bit
0x080BA154	0x080BA173	thumb	CopyValue32Bit
0x080BA174	0x080BA33B	thumb	TaskFunc_UpdateWavePerFrame
0x080BA33C	0x080BA383	thumb	GenerateWave
0x080BA384	0x080BA4AF	thumb	ScanlineEffect_InitWave
0x080BA4B0	0x080BA4C5	thumb	MainCB2
0x080BA4C8	0x080BA4D9	thumb	VBlankCB
0x080BA4DC	0x080BA83B	thumb	CB2_InitOptionMenu
0x080BA83C	0x080BA86B	thumb	Task_OptionMenuFadeIn
0x080BA86C	0x080BAA63	thumb	Task_OptionMenuProcessInput
0x080BAA64	0x080BAB07	thumb	Task_OptionMenuSave
0x080BAB08	0x080BAB37	thumb	Task_OptionMenuFadeOut
0x080BAB38	0x080BAB65	thumb	HighlightOptionMenuItem
0x080BAB68	0x080BABDB	thumb	DrawOptionMenuChoice
0x080BABDC	0x080BAC37	thumb	TextSpeed_ProcessInput
0x080BAC38	0x080BACDF	thumb	TextSpeed_DrawChoices
0x080BACE0	0x080BAD07	thumb	BattleScene_ProcessInput
0x080BAD08	0x080BAD5B	thumb	BattleScene_DrawChoices
0x080BAD5C	0x080BAD83	thumb	BattleStyle_ProcessInput
0x080BAD84	0x080BADD7	thumb	BattleStyle_DrawChoices
0x080BADD8	0x080BAE07	thumb	Sound_ProcessInput
0x080BAE08	0x080BAE5B	thumb	Sound_DrawChoices
0x080BAE5C	0x080BAF0B	thumb	FrameType_ProcessInput
0x080BAF0C	0x080BAFCB	thumb	FrameType_DrawChoices
0x080BAFCC	0x080BB027	thumb	ButtonMode_ProcessInput
0x080BB028	0x080BB0CF	thumb	ButtonMode_DrawChoices
0x080BB0D0	0x080BB103	thumb	DrawHeaderText
0x080BB104	0x080BB153	thumb	DrawOptionMenuTexts
0x080BB154	0x080BB2CF	thumb	DrawBgWindowFrames
0x080BB2D0	0x080BB357	thumb	ResetPokedex
0x080BB358	0x080BB36F	thumb	ResetPokedexScrollPositions
0x080BB370	0x080BB381	thumb	VBlankCB_Pokedex
0x080BB384	0x080BB533	thumb	ResetPokedexView
0x080BB534	0x080BB773	thumb	CB2_OpenPokedex
0x080BB774	0x080BB789	thumb	CB2_Pokedex
0x080BB78C	0x080BB7D3	thumb	Task_OpenPokedexMainPage
0x080BB7D4	0x080BBA27	thumb	Task_HandlePokedexInput
0x080BBA28	0x080BBA77	thumb	Task_WaitForScroll
0x080BBA78	0x080BBBF3	thumb	Task_HandlePokedexStartMenuInput
0x080BBBF4	0x080BBC73	thumb	Task_OpenInfoScreenAfterMonMovement
0x080BBC74	0x080BBD1B	thumb	Task_WaitForExitInfoScreen
0x080BBD1C	0x080BBDE7	thumb	Task_WaitForExitSearch
0x080BBDE8	0x080BBE6F	thumb	Task_ClosePokedex
0x080BBE70	0x080BBEB7	thumb	Task_OpenSearchResults
0x080BBEB8	0x080BC0A7	thumb	Task_HandleSearchResultsInput
0x080BC0A8	0x080BC0F7	thumb	Task_WaitForSearchResultsScroll
0x080BC0F8	0x080BC2D3	thumb	Task_HandleSearchResultsStartMenuInput
0x080BC2D4	0x080BC35F	thumb	Task_OpenSearchResultsInfoScreenAfterMonMovement
0x080BC360	0x080BC3DB	thumb	Task_WaitForExitSearchResultsInfoScreen
0x080BC3DC	0x080BC47B	thumb	Task_ReturnToPokedexFromSearchResults
0x080BC47C	0x080BC513	thumb	Task_ClosePokedexFromSearchResultsStartMenu
0x080BC514	0x080BC841	thumb	LoadPokedexListPage
0x080BC844	0x080BC88F	thumb	LoadPokedexBgPalette
0x080BC890	0x080BC8D1	thumb	FreeWindowAndBgBuffers
0x080BC8D4	0x080BCE2B	thumb	CreatePokedexList
0x080BCE2C	0x080BCE81	thumb	PrintMonDexNumAndName
0x080BCE84	0x080BD153	thumb	CreateMonListEntry
0x080BD154	0x080BD1F3	thumb	CreateMonDexNum
0x080BD1F4	0x080BD23B	thumb	CreateCaughtBall
0x080BD23C	0x080BD28B	thumb	CreateMonName
0x080BD28C	0x080BD2B1	thumb	ClearMonListEntry
0x080BD2B4	0x080BD403	thumb	CreateMonSpritesAtPos
0x080BD404	0x080BD5A7	thumb	UpdateDexListScroll
0x080BD5A8	0x080BD699	thumb	CreateScrollingPokemonSprite
0x080BD69C	0x080BD8CF	thumb	TryDoPokedexScroll
0x080BD8D0	0x080BD92F	thumb	UpdateSelectedMonSpriteId
0x080BD930	0x080BDA3F	thumb	TryDoInfoScreenScroll
0x080BDA40	0x080BDA8B	thumb	ClearMonSprites
0x080BDA8C	0x080BDAC9	thumb	GetPokemonSpriteToDisplay
0x080BDACC	0x080BDB7B	thumb	CreatePokedexMonSprite
0x080BDB7C	0x080BE447	thumb	CreateInterfaceSprites
0x080BE448	0x080BE449	thumb	SpriteCB_EndMoveMonForInfoScreen
0x080BE44C	0x080BE46F	thumb	SpriteCB_SeenOwnInfo
0x080BE470	0x080BE4DF	thumb	SpriteCB_MoveMonForInfoScreen
0x080BE4E0	0x080BE603	thumb	SpriteCB_PokedexListMonSprite
0x080BE604	0x080BE657	thumb	SpriteCB_Scrollbar
0x080BE658	0x080BE755	thumb	SpriteCB_ScrollArrow
0x080BE758	0x080BE77F	thumb	SpriteCB_DexListInterfaceText
0x080BE780	0x080BE833	thumb	SpriteCB_RotatingPokeBall
0x080BE834	0x080BE8D9	thumb	SpriteCB_DexListStartMenuCursor
0x080BE8DC	0x080BE919	thumb	PrintInfoScreenText
0x080BE91C	0x080BE9C3	thumb	LoadInfoScreen
0x080BE9C4	0x080BE9F5	thumb	IsInfoScreenScrolling
0x080BE9F8	0x080BEA23	thumb	StartInfoScreenScroll
0x080BEA24	0x080BEDAF	thumb	Task_LoadInfoScreen
0x080BEDB0	0x080BEDF1	thumb	FreeInfoScreenWindowAndBgBuffers
0x080BEDF4	0x080BEFCF	thumb	Task_HandleInfoScreenInput
0x080BEFD0	0x080BF037	thumb	Task_SwitchScreensFromInfoScreen
0x080BF038	0x080BF06F	thumb	Task_LoadInfoScreenWaitForFade
0x080BF070	0x080BF0AB	thumb	Task_ExitInfoScreen
0x080BF0AC	0x080BF1B3	thumb	Task_LoadAreaScreen
0x080BF1B4	0x080BF1EB	thumb	Task_WaitForAreaScreenInput
0x080BF1EC	0x080BF24F	thumb	Task_SwitchScreensFromAreaScreen
0x080BF250	0x080BF5CB	thumb	Task_LoadCryScreen
0x080BF5CC	0x080BF78F	thumb	Task_HandleCryScreenInput
0x080BF790	0x080BF7FB	thumb	Task_SwitchScreensFromCryScreen
0x080BF7FC	0x080BF82B	thumb	LoadPlayArrowPalette
0x080BF82C	0x080BFBAF	thumb	Task_LoadSizeScreen
0x080BFBB0	0x080BFC77	thumb	Task_HandleSizeScreenInput
0x080BFC78	0x080BFCDB	thumb	Task_SwitchScreensFromSizeScreen
0x080BFCDC	0x080BFCF3	thumb	LoadScreenSelectBarMain
0x080BFCF4	0x080BFD0B	thumb	LoadScreenSelectBarSubmenu
0x080BFD0C	0x080BFD7B	thumb	HighlightScreenSelectBarItem
0x080BFD7C	0x080BFDF3	thumb	HighlightSubmenuScreenSelectBarItem
0x080BFDF4	0x080BFE37	thumb	DisplayCaughtMonDexPage
0x080BFE38	0x080C0087	thumb	Task_DisplayCaughtMonDexPage
0x080C0088	0x080C012B	thumb	Task_HandleCaughtMonPageInput
0x080C012C	0x080C01CB	thumb	Task_ExitCaughtMonPage
0x080C01CC	0x080C020B	thumb	SpriteCB_SlideCaughtMonToCenter
0x080C020C	0x080C0353	thumb	PrintMonInfo
0x080C0354	0x080C045F	thumb	PrintMonHeight
0x080C0460	0x080C061D	thumb	PrintMonWeight
0x080C0620	0x080C062F	thumb	GetPokedexCategoryName
0x080C0630	0x080C0663	thumb	GetPokedexHeightWeight
0x080C0664	0x080C07F3	thumb	GetSetPokedexFlag
0x080C07F4	0x080C0841	thumb	GetNationalPokedexCount
0x080C0844	0x080C089B	thumb	GetHoennPokedexCount
0x080C089C	0x080C08E3	thumb	GetKantoPokedexCount
0x080C08E4	0x080C0915	thumb	HasAllHoennMons
0x080C0918	0x080C0941	thumb	HasAllKantoMons
0x080C0944	0x080C09AD	thumb	HasAllMons
0x080C09B0	0x080C0A87	thumb	ResetOtherVideoRegisters
0x080C0A88	0x080C0AC1	thumb	PrintInfoSubMenuText
0x080C0AC4	0x080C0B43	thumb	UnusedPrintNum
0x080C0B44	0x080C0BED	thumb	PrintCryScreenSpeciesName
0x080C0BF0	0x080C0C69	thumb	UnusedPrintMonName
0x080C0C6C	0x080C0D2D	thumb	PrintDecimalNum
0x080C0D30	0x080C0DBF	thumb	DrawFootprint
0x080C0DC0	0x080C0E0B	thumb	RS_DrawFootprint
0x080C0E0C	0x080C0E65	thumb	GetNextPosition
0x080C0E68	0x080C0E99	thumb	GetPokedexMonPersonality
0x080C0E9C	0x080C0EF7	thumb	CreateMonSpriteFromNationalDexNumber
0x080C0EF8	0x080C0F2F	thumb	CreateSizeScreenTrainerPic
0x080C0F30	0x080C1257	thumb	DoPokedexSearch
0x080C1258	0x080C126F	thumb	LoadSearchMenu
0x080C1270	0x080C12AD	thumb	PrintSearchText
0x080C12B0	0x080C12DF	thumb	ClearSearchMenuRect
0x080C12E0	0x080C152B	thumb	Task_LoadSearchMenu
0x080C152C	0x080C156D	thumb	FreeSearchWindowAndBgBuffers
0x080C1570	0x080C15AF	thumb	Task_SwitchToSearchMenuTopBar
0x080C15B0	0x080C16CB	thumb	Task_HandleSearchTopBarInput
0x080C16CC	0x080C170B	thumb	Task_SwitchToSearchMenu
0x080C170C	0x080C19A3	thumb	Task_HandleSearchMenuInput
0x080C19A4	0x080C1A4B	thumb	Task_StartPokedexSearch
0x080C1A4C	0x080C1AB7	thumb	Task_WaitAndCompleteSearch
0x080C1AB8	0x080C1B63	thumb	Task_SearchCompleteWaitForInput
0x080C1B64	0x080C1BCB	thumb	Task_SelectSearchMenuItem
0x080C1BCC	0x080C1D37	thumb	Task_HandleSearchParameterInput
0x080C1D38	0x080C1D6F	thumb	Task_ExitSearch
0x080C1D70	0x080C1D97	thumb	Task_ExitSearchWaitForFade
0x080C1D98	0x080C1DFB	thumb	SetSearchRectHighlight
0x080C1DFC	0x080C1EF3	thumb	DrawSearchMenuItemBgHighlight
0x080C1EF4	0x080C203F	thumb	SetInitialSearchMenuBgHighlights
0x080C2040	0x080C2063	thumb	HighlightSelectedSearchTopBarItem
0x080C2064	0x080C20F7	thumb	HighlightSelectedSearchMenuItem
0x080C20F8	0x080C21D3	thumb	PrintSelectedSearchParameters
0x080C21D4	0x080C2291	thumb	DrawOrEraseSearchParameterBox
0x080C2294	0x080C2317	thumb	PrintSearchParameterText
0x080C2318	0x080C23B7	thumb	GetSearchModeSelection
0x080C23B8	0x080C244B	thumb	SetDefaultSearchModeAndOrder
0x080C244C	0x080C2491	thumb	SearchParamCantScrollUp
0x080C2494	0x080C24DD	thumb	SearchParamCantScrollDown
0x080C24E0	0x080C2591	thumb	SpriteCB_SearchParameterScrollArrow
0x080C2594	0x080C2617	thumb	CreateSearchParameterScrollArrows
0x080C2618	0x080C2637	thumb	EraseAndPrintSearchTextBox
0x080C2638	0x080C264D	thumb	EraseSelectorArrow
0x080C2650	0x080C2667	thumb	PrintSelectorArrow
0x080C2668	0x080C267B	thumb	PrintSearchParameterTitle
0x080C267C	0x080C268D	thumb	ClearSearchParameterBoxText
0x080C2690	0x080C26D3	thumb	VblankCb_TrainerCard
0x080C26D4	0x080C270F	thumb	HblankCb_TrainerCard
0x080C2710	0x080C2725	thumb	CB2_TrainerCard
0x080C2728	0x080C275F	thumb	CloseTrainerCard
0x080C2760	0x080C2AD7	thumb	Task_TrainerCard
0x080C2AD8	0x080C2C7F	thumb	LoadCardGfx
0x080C2C80	0x080C2DE1	thumb	CB2_InitTrainerCard
0x080C2DE4	0x080C2DFB	thumb	GetCappedGameStat
0x080C2DFC	0x080C2E3D	thumb	HasAllFrontierSymbols
0x080C2E40	0x080C2E83	thumb	CountPlayerTrainerStars
0x080C2E84	0x080C2EC1	thumb	GetRubyTrainerStars
0x080C2EC4	0x080C301D	thumb	SetPlayerCardData
0x080C3020	0x080C30A3	thumb	TrainerCard_GenerateCardForPlayer
0x080C30A4	0x080C311F	thumb	TrainerCard_GenerateCardForLinkPlayer
0x080C3120	0x080C318F	thumb	CopyTrainerCardData
0x080C3190	0x080C3277	thumb	SetDataFromTrainerCard
0x080C3278	0x080C32E9	thumb	InitGpuRegs
0x080C32EC	0x080C334B	thumb	UpdateCardFlipRegs
0x080C334C	0x080C3385	thumb	ResetGpuRegs
0x080C3388	0x080C3403	thumb	InitBgsAndWindows
0x080C3404	0x080C3413	thumb	SetTrainerCardCb2
0x080C3414	0x080C3437	thumb	SetUpTrainerCardTask
0x080C3438	0x080C34AF	thumb	PrintAllOnCardFront
0x080C34B0	0x080C3547	thumb	PrintAllOnCardBack
0x080C3548	0x080C3571	thumb	BufferTextsVarsForCardPage2
0x080C3574	0x080C3607	thumb	PrintNameOnCardFront
0x080C3608	0x080C3683	thumb	PrintIdOnCard
0x080C3684	0x080C376B	thumb	PrintMoneyOnCard
0x080C376C	0x080C378B	thumb	GetCaughtMonsCount
0x080C378C	0x080C387F	thumb	PrintPokedexOnCard
0x080C3880	0x080C3A17	thumb	PrintTimeOnCard
0x080C3A18	0x080C3AEF	thumb	PrintProfilePhraseOnCard
0x080C3AF0	0x080C3B4F	thumb	BufferNameForCardBack
0x080C3B50	0x080C3BC3	thumb	PrintNameOnCardBack
0x080C3BC4	0x080C3C33	thumb	BufferHofDebutTime
0x080C3C34	0x080C3CCB	thumb	PrintStatOnBackOfCard
0x080C3CCC	0x080C3CF3	thumb	PrintHofDebutTimeOnCard
0x080C3CF4	0x080C3D5F	thumb	BufferLinkBattleResults
0x080C3D60	0x080C3DBF	thumb	PrintLinkBattleResultsOnCard
0x080C3DC0	0x080C3DEF	thumb	BufferNumTrades
0x080C3DF0	0x080C3E1F	thumb	PrintTradesStringOnCard
0x080C3E20	0x080C3E57	thumb	BufferBerryCrushPoints
0x080C3E58	0x080C3E97	thumb	PrintBerryCrushStringOnCard
0x080C3E98	0x080C3ED3	thumb	BufferUnionRoomStats
0x080C3ED4	0x080C3F13	thumb	PrintUnionStringOnCard
0x080C3F14	0x080C3F63	thumb	BufferLinkPokeblocksNum
0x080C3F64	0x080C3FA3	thumb	PrintPokeblockStringOnCard
0x080C3FA4	0x080C3FDF	thumb	BufferLinkContestNum
0x080C3FE0	0x080C401F	thumb	PrintContestStringOnCard
0x080C4020	0x080C40CB	thumb	BufferBattleFacilityStats
0x080C40CC	0x080C413F	thumb	PrintBattleFacilityStringOnCard
0x080C4140	0x080C41D7	thumb	PrintPokemonIconsOnCard
0x080C41D8	0x080C42A3	thumb	LoadMonIconGfx
0x080C42A4	0x080C432F	thumb	PrintStickersOnCard
0x080C4330	0x080C438B	thumb	LoadStickerGfx
0x080C438C	0x080C43A7	thumb	DrawTrainerCardWindow
0x080C43A8	0x080C454F	thumb	SetCardBgsAndPals
0x080C4550	0x080C45BD	thumb	DrawCardScreenBackground
0x080C45C0	0x080C462D	thumb	DrawCardFrontOrBack
0x080C4630	0x080C474B	thumb	DrawStarsAndBadgesOnCard
0x080C474C	0x080C48C5	thumb	DrawCardBackStats
0x080C48C8	0x080C4903	thumb	BlinkTimeColon
0x080C4904	0x080C4917	thumb	GetTrainerCardStars
0x080C4918	0x080C493F	thumb	FlipTrainerCard
0x080C4940	0x080C495D	thumb	IsCardFlipTaskActive
0x080C4960	0x080C4997	thumb	Task_DoCardFlipTask
0x080C4998	0x080C49D7	thumb	Task_BeginCardFlip
0x080C49D8	0x080C4B07	thumb	Task_AnimateCardFlipDown
0x080C4B08	0x080C4C1B	thumb	Task_DrawFlippedCardSide
0x080C4C1C	0x080C4C83	thumb	Task_SetCardFlipped
0x080C4C84	0x080C4DAF	thumb	Task_AnimateCardFlipUp
0x080C4DB0	0x080C4DDB	thumb	Task_EndCardFlip
0x080C4DDC	0x080C4E73	thumb	ShowPlayerTrainerCard
0x080C4E74	0x080C4EE3	thumb	ShowTrainerCardInLink
0x080C4EE4	0x080C4F4F	thumb	InitTrainerCardData
0x080C4F50	0x080C4FCB	thumb	GetSetCardType
0x080C4FCC	0x080C4FEF	thumb	VersionToCardType
0x080C4FF0	0x080C50CF	thumb	CreateTrainerCardTrainerPic
0x080C50D0	0x080C51C3	thumb	ResetGpuRegsAndBgs
0x080C51C4	0x080C51D7	thumb	ShowFrontierPass
0x080C51D8	0x080C51EF	thumb	LeaveFrontierPass
0x080C51F0	0x080C52E3	thumb	AllocateFrontierPassData
0x080C52E4	0x080C530F	thumb	FreeFrontierPassData
0x080C5310	0x080C533F	thumb	AllocateFrontierPassGfx
0x080C5340	0x080C53AB	thumb	FreeFrontierPassGfx
0x080C53AC	0x080C5437	thumb	VBlankCB_FrontierPass
0x080C5438	0x080C5449	thumb	CB2_FrontierPass
0x080C544C	0x080C546F	thumb	CB2_InitFrontierPass
0x080C5470	0x080C5481	thumb	CB2_HideFrontierPass
0x080C5484	0x080C570B	thumb	InitFrontierPass
0x080C570C	0x080C57FB	thumb	HideFrontierPass
0x080C57FC	0x080C5865	thumb	GetCursorAreaFromCoords
0x080C5868	0x080C58D3	thumb	CB2_ReshowFrontierPass
0x080C58D4	0x080C5933	thumb	CB2_ReturnFromRecord
0x080C5934	0x080C59A3	thumb	CB2_ShowFrontierPassFeature
0x080C59A4	0x080C5A47	thumb	TryCallPassAreaFunction
0x080C5A48	0x080C5BD7	thumb	Task_HandleFrontierPassInput
0x080C5BD8	0x080C5DB7	thumb	Task_PassAreaZoom
0x080C5DB8	0x080C5ECF	thumb	ShowAndPrintWindows
0x080C5ED0	0x080C5F57	thumb	PrintAreaDescription
0x080C5F58	0x080C6103	thumb	ShowHideZoomingArea
0x080C6104	0x080C629B	thumb	UpdateAreaHighlight
0x080C629C	0x080C62DB	thumb	DrawFrontierPassBg
0x080C62DC	0x080C63FB	thumb	LoadCursorAndSymbolSprites
0x080C63FC	0x080C644F	thumb	FreeCursorAndSymbolSprites
0x080C6450	0x080C6451	thumb	SpriteCB_PlayerHead
0x080C6454	0x080C6497	thumb	ShowFrontierMap
0x080C6498	0x080C64CB	thumb	FreeFrontierMap
0x080C64CC	0x080C66AB	thumb	InitFrontierMap
0x080C66AC	0x080C67BB	thumb	ExitFrontierMap
0x080C67BC	0x080C68E5	thumb	Task_HandleFrontierMap
0x080C68E8	0x080C6971	thumb	MapNumToFrontierFacilityId
0x080C6974	0x080C6B93	thumb	InitFrontierMapSprites
0x080C6B94	0x080C6C6F	thumb	PrintOnFrontierMap
0x080C6C70	0x080C6D7F	thumb	HandleFrontierMapCursorMove
0x080C6D80	0x080C6EAB	thumb	DrawTextWindowAndBufferTiles
0x080C6EAC	0x080C6F9F	thumb	UnusedDrawTextWindow
0x080C6FA0	0x080C6FD3	thumb	CountMonsInBox
0x080C6FD4	0x080C7005	thumb	GetFirstFreeBoxSpot
0x080C7008	0x080C704F	thumb	CountPartyNonEggMons
0x080C7050	0x080C70AB	thumb	CountPartyAliveNonEggMonsExcept
0x080C70AC	0x080C70C3	thumb	CountPartyAliveNonEggMons_IgnoreVar0x8004Slot
0x080C70C4	0x080C70FB	thumb	CountPartyMons
0x080C70FC	0x080C7125	thumb	StringCopyAndFillWithSpaces
0x080C7128	0x080C71A3	thumb	UnusedWriteRectCpu
0x080C71A4	0x080C7267	thumb	UnusedWriteRectDma
0x080C7268	0x080C7577	thumb	Task_PCMainMenu
0x080C7578	0x080C75A7	thumb	ShowPokemonStorageSystemPC
0x080C75A8	0x080C75FB	thumb	FieldTask_ReturnToPcMenu
0x080C75FC	0x080C7677	thumb	CreateMainMenu
0x080C7678	0x080C76A3	thumb	CB2_ExitPokeStorage
0x080C76A4	0x080C776D	thumb	StorageSystemGetNextMonIndex
0x080C7770	0x080C77E7	thumb	ResetPokemonStorageSystem
0x080C77E8	0x080C788F	thumb	LoadChooseBoxMenuGfx
0x080C7890	0x080C78D3	thumb	FreeChooseBoxMenu
0x080C78D4	0x080C78E1	thumb	CreateChooseBoxMenuSprites
0x080C78E4	0x080C78ED	thumb	DestroyChooseBoxMenuSprites
0x080C78F0	0x080C7957	thumb	HandleChooseBoxMenuInput
0x080C7958	0x080C7B13	thumb	ChooseBoxMenu_CreateSprites
0x080C7B14	0x080C7B7F	thumb	ChooseBoxMenu_DestroySprites
0x080C7B80	0x080C7BB3	thumb	ChooseBoxMenu_MoveRight
0x080C7BB4	0x080C7BE1	thumb	ChooseBoxMenu_MoveLeft
0x080C7BE4	0x080C7CF3	thumb	ChooseBoxMenu_PrintInfo
0x080C7CF4	0x080C7D27	thumb	SpriteCB_ChooseBoxArrow
0x080C7D28	0x080C7D53	thumb	VBlankCB_PokeStorage
0x080C7D54	0x080C7D71	thumb	CB2_PokeStorage
0x080C7D74	0x080C7DEB	thumb	EnterPokeStorage
0x080C7DEC	0x080C7E4F	thumb	CB2_ReturnToPokeStorage
0x080C7E50	0x080C7E95	thumb	ResetAllBgCoords
0x080C7E98	0x080C7F1B	thumb	ResetForPokeStorage
0x080C7F1C	0x080C7F4B	thumb	InitStartingPosData
0x080C7F4C	0x080C7F7F	thumb	SetMonIconTransparency
0x080C7F80	0x080C7FA7	thumb	SetPokeStorageTask
0x080C7FA8	0x080C81AB	thumb	Task_InitPokeStorage
0x080C81AC	0x080C81F7	thumb	Task_ShowPokeStorage
0x080C81F8	0x080C82AB	thumb	Task_ReshowPokeStorage
0x080C82AC	0x080C87A7	thumb	Task_PokeStorageMain
0x080C87A8	0x080C87E7	thumb	Task_ShowPartyPokemon
0x080C87E8	0x080C8863	thumb	Task_HidePartyPokemon
0x080C8864	0x080C8B8F	thumb	Task_OnSelectedMon
0x080C8B90	0x080C8BEB	thumb	Task_MoveMon
0x080C8BEC	0x080C8C47	thumb	Task_PlaceMon
0x080C8C48	0x080C8C8F	thumb	Task_ShiftMon
0x080C8C90	0x080C8D77	thumb	Task_WithdrawMon
0x080C8D78	0x080C8EB3	thumb	Task_DepositMenu
0x080C8EB4	0x080C90A3	thumb	Task_ReleaseMon
0x080C90A4	0x080C9127	thumb	Task_ShowMarkMenu
0x080C9128	0x080C91DB	thumb	Task_TakeItemForMoving
0x080C91DC	0x080C9297	thumb	Task_GiveMovingItemToMon
0x080C9298	0x080C93AF	thumb	Task_ItemToBag
0x080C93B0	0x080C9497	thumb	Task_SwitchSelectedItem
0x080C9498	0x080C954B	thumb	Task_ShowItemInfo
0x080C954C	0x080C966F	thumb	Task_CloseBoxWhileHoldingItem
0x080C9670	0x080C96B7	thumb	Task_HandleMovingMonFromParty
0x080C96B8	0x080C972B	thumb	Task_PrintCantStoreMail
0x080C972C	0x080C9823	thumb	Task_HandleBoxOptions
0x080C9824	0x080C99D7	thumb	Task_HandleWallpapers
0x080C99D8	0x080C9AC7	thumb	Task_JumpBox
0x080C9AC8	0x080C9B27	thumb	Task_NameBox
0x080C9B28	0x080C9B87	thumb	Task_ShowMonSummary
0x080C9B88	0x080C9BE7	thumb	Task_GiveItemFromBag
0x080C9BE8	0x080C9D1B	thumb	Task_OnCloseBoxPressed
0x080C9D1C	0x080C9E4F	thumb	Task_OnBPressed
0x080C9E50	0x080C9F6B	thumb	Task_ChangeScreen
0x080C9F6C	0x080C9FC5	thumb	GiveChosenBagItem
0x080C9FC8	0x080C9FEB	thumb	FreePokeStorageData
0x080C9FEC	0x080CA027	thumb	SetScrollingBackground
0x080CA028	0x080CA041	thumb	ScrollBackground
0x080CA044	0x080CA0A3	thumb	LoadPokeStorageMenuGfx
0x080CA0A4	0x080CA0C5	thumb	InitPokeStorageWindows
0x080CA0C8	0x080CA0D7	thumb	LoadWaveformSpritePalette
0x080CA0D8	0x080CA153	thumb	InitPalettesAndSprites
0x080CA154	0x080CA1C3	thumb	CreateMarkingComboSprite
0x080CA1C4	0x080CA22F	thumb	CreateWaveformSprites
0x080CA230	0x080CA25F	thumb	RefreshDisplayMonData
0x080CA260	0x080CA2B7	thumb	StartDisplayMonMosaicEffect
0x080CA2B8	0x080CA2CF	thumb	IsDisplayMosaicActive
0x080CA2D0	0x080CA317	thumb	SpriteCB_DisplayMonMosaic
0x080CA318	0x080CA44B	thumb	CreateDisplayMonSprite
0x080CA44C	0x080CA4F9	thumb	LoadDisplayMonGfx
0x080CA4FC	0x080CA65B	thumb	PrintDisplayMonInfo
0x080CA65C	0x080CA703	thumb	UpdateWaveformAnimation
0x080CA704	0x080CA7D3	thumb	InitSupplementalTilemaps
0x080CA7D4	0x080CA80B	thumb	SetUpShowPartyMenu
0x080CA80C	0x080CA887	thumb	ShowPartyMenu
0x080CA888	0x080CA8C7	thumb	SetUpHidePartyMenu
0x080CA8C8	0x080CA983	thumb	HidePartyMenu
0x080CA984	0x080CA9BD	thumb	UpdateCloseBoxButtonTilemap
0x080CA9C0	0x080CA9EB	thumb	StartFlashingCloseBoxButton
0x080CA9EC	0x080CAA13	thumb	StopFlashingCloseBoxButton
0x080CAA14	0x080CAA73	thumb	UpdateCloseBoxButtonFlash
0x080CAA74	0x080CAAA7	thumb	SetPartySlotTilemaps
0x080CAAA8	0x080CAB1F	thumb	SetPartySlotTilemap
0x080CAB20	0x080CAB49	thumb	UpdatePartySlotColors
0x080CAB4C	0x080CAB6F	thumb	SetUpDoShowPartyMenu
0x080CAB70	0x080CABDF	thumb	DoShowPartyMenu
0x080CABE0	0x080CAC1B	thumb	UpdateBoxToSendMons
0x080CAC1C	0x080CAC57	thumb	InitPokeStorageBg0
0x080CAC58	0x080CAD9B	thumb	PrintMessage
0x080CAD9C	0x080CADC3	thumb	ShowYesNoWindow
0x080CADC4	0x080CADD7	thumb	ClearBottomWindow
0x080CADD8	0x080CAE0B	thumb	AddWallpaperSetsMenu
0x080CAE0C	0x080CAE9F	thumb	AddWallpapersMenu
0x080CAEA0	0x080CAEAB	thumb	GetCurrentBoxOption
0x080CAEAC	0x080CAF03	thumb	InitCursorItemIcon
0x080CAF04	0x080CAFAB	thumb	InitMonIconFields
0x080CAFAC	0x080CAFC1	thumb	GetMonIconPriorityByCursorPos
0x080CAFC4	0x080CB027	thumb	CreateMovingMonIcon
0x080CB028	0x080CB13F	thumb	InitBoxMonSprites
0x080CB140	0x080CB1EF	thumb	CreateBoxMonIconAtPos
0x080CB1F0	0x080CB233	thumb	StartBoxMonIconsScrollOut
0x080CB234	0x080CB277	thumb	SpriteCB_BoxMonIconScrollIn
0x080CB278	0x080CB2AF	thumb	SpriteCB_BoxMonIconScrollOut
0x080CB2B0	0x080CB2F7	thumb	DestroyBoxMonIconsInColumn
0x080CB2F8	0x080CB4CB	thumb	CreateBoxMonIconsInColumn
0x080CB4CC	0x080CB583	thumb	InitBoxMonIconScroll
0x080CB584	0x080CB6EF	thumb	UpdateBoxMonIconScroll
0x080CB6F0	0x080CB777	thumb	GetIncomingBoxMonData
0x080CB778	0x080CB7AB	thumb	DestroyBoxMonIconAtPosition
0x080CB7AC	0x080CB7E7	thumb	SetBoxMonIconObjMode
0x080CB7E8	0x080CB94F	thumb	CreatePartyMonsSprites
0x080CB950	0x080CB9BB	thumb	CompactPartySprites
0x080CB9BC	0x080CB9CF	thumb	GetNumPartySpritesCompacting
0x080CB9D0	0x080CBA3B	thumb	MovePartySpriteToNextSlot
0x080CBA3C	0x080CBAC3	thumb	SpriteCB_MovePartyMonToNextSlot
0x080CBAC4	0x080CBAEF	thumb	DestroyMovingMonIcon
0x080CBAF0	0x080CBB65	thumb	MovePartySprites
0x080CBB68	0x080CBB9B	thumb	DestroyPartyMonIcon
0x080CBB9C	0x080CBBDB	thumb	DestroyAllPartyMonIcons
0x080CBBDC	0x080CBC13	thumb	SetPartyMonIconObjMode
0x080CBC14	0x080CBCAB	thumb	SetMovingMonSprite
0x080CBCAC	0x080CBD5B	thumb	SetPlacedMonSprite
0x080CBD5C	0x080CBDC3	thumb	SaveMonSpriteAtPos
0x080CBDC4	0x080CBF13	thumb	MoveShiftingMons
0x080CBF14	0x080CBFD7	thumb	SetReleaseMon
0x080CBFD8	0x080CC01D	thumb	TryHideReleaseMonSprite
0x080CC020	0x080CC063	thumb	DestroyReleaseMonIcon
0x080CC064	0x080CC09F	thumb	ReshowReleaseMon
0x080CC0A0	0x080CC0D3	thumb	ResetReleaseMonSpritePtr
0x080CC0D4	0x080CC0FF	thumb	SetMovingMonPriority
0x080CC100	0x080CC123	thumb	SpriteCB_HeldMon
0x080CC124	0x080CC1DF	thumb	TryLoadMonIconTiles
0x080CC1E0	0x080CC22F	thumb	RemoveSpeciesFromIconList
0x080CC230	0x080CC313	thumb	CreateMonIconSprite
0x080CC314	0x080CC329	thumb	DestroyBoxMonIcon
0x080CC32C	0x080CC35B	thumb	CreateInitBoxTask
0x080CC35C	0x080CC36F	thumb	IsInitBoxActive
0x080CC370	0x080CC463	thumb	Task_InitBox
0x080CC464	0x080CC54B	thumb	SetUpScrollToBox
0x080CC54C	0x080CC643	thumb	ScrollToBox
0x080CC644	0x080CC67D	thumb	DetermineBoxScrollDirection
0x080CC680	0x080CC6AF	thumb	SetWallpaperForCurrentBox
0x080CC6B0	0x080CC79D	thumb	DoWallpaperGfxChange
0x080CC7A0	0x080CC9FF	thumb	LoadWallpaperGfx
0x080CCA00	0x080CCA3B	thumb	WaitForWallpaperGfxLoad
0x080CCA3C	0x080CCADF	thumb	DrawWallpaper
0x080CCAE0	0x080CCB4F	thumb	TrimOldWallpaper
0x080CCB50	0x080CCCFB	thumb	InitBoxTitle
0x080CCCFC	0x080CCEDF	thumb	CreateIncomingBoxTitle
0x080CCEE0	0x080CCF2F	thumb	CycleBoxTitleSprites
0x080CCF30	0x080CCF63	thumb	SpriteCB_IncomingBoxTitle
0x080CCF64	0x080CCF99	thumb	SpriteCB_OutgoingBoxTitle
0x080CCF9C	0x080CD00B	thumb	CycleBoxTitleColor
0x080CD00C	0x080CD02B	thumb	GetBoxTitleBaseX
0x080CD02C	0x080CD0B7	thumb	CreateBoxScrollArrows
0x080CD0B8	0x080CD157	thumb	StartBoxScrollArrowsSlide
0x080CD158	0x080CD1A7	thumb	StopBoxScrollArrowsSlide
0x080CD1A8	0x080CD20F	thumb	AnimateBoxScrollArrows
0x080CD210	0x080CD2E7	thumb	SpriteCB_Arrow
0x080CD2E8	0x080CD36B	thumb	CreateChooseBoxArrows
0x080CD36C	0x080CD3EB	thumb	InitCursor
0x080CD3EC	0x080CD443	thumb	InitCursorOnReopen
0x080CD444	0x080CD501	thumb	GetCursorCoordsByPos
0x080CD504	0x080CD551	thumb	GetSpeciesAtCursorPosition
0x080CD554	0x080CD6AB	thumb	UpdateCursorPos
0x080CD6AC	0x080CD70B	thumb	InitNewCursorPos
0x080CD70C	0x080CD893	thumb	InitCursorMove
0x080CD894	0x080CDA67	thumb	SetCursorPosition
0x080CDA68	0x080CDB9F	thumb	DoCursorNewPosUpdate
0x080CDBA0	0x080CDBF7	thumb	SetCursorInParty
0x080CDBF8	0x080CDC09	thumb	SetCursorBoxPosition
0x080CDC0C	0x080CDC17	thumb	ClearSavedCursorPos
0x080CDC18	0x080CDC2B	thumb	SaveCursorPos
0x080CDC2C	0x080CDC37	thumb	GetSavedCursorPos
0x080CDC38	0x080CDC63	thumb	InitMonPlaceChange
0x080CDC64	0x080CDCAB	thumb	InitMultiMonPlaceChange
0x080CDCAC	0x080CDCCB	thumb	DoMonPlaceChange
0x080CDCCC	0x080CDD5B	thumb	MonPlaceChange_Grab
0x080CDD5C	0x080CDDD7	thumb	MonPlaceChange_Place
0x080CDDD8	0x080CDEB3	thumb	MonPlaceChange_Shift
0x080CDEB4	0x080CDEC1	thumb	MultiMonPlaceChange_Down
0x080CDEC4	0x080CDED1	thumb	MultiMonPlaceChange_Up
0x080CDED4	0x080CDF05	thumb	MonPlaceChange_CursorDown
0x080CDF08	0x080CDF35	thumb	MonPlaceChange_CursorUp
0x080CDF38	0x080CDFAB	thumb	MoveMon
0x080CDFAC	0x080CE00B	thumb	PlaceMon
0x080CE00C	0x080CE015	thumb	RefreshDisplayMon
0x080CE018	0x080CE08B	thumb	SetMovingMonData
0x080CE08C	0x080CE0E7	thumb	SetPlacedMonData
0x080CE0E8	0x080CE10F	thumb	PurgeMonOrBoxMon
0x080CE110	0x080CE19B	thumb	SetShiftedMonData
0x080CE19C	0x080CE22B	thumb	TryStorePartyMonInBox
0x080CE22C	0x080CE24F	thumb	ResetSelectionAfterDeposit
0x080CE250	0x080CE2A7	thumb	InitReleaseMon
0x080CE2A8	0x080CE2D7	thumb	TryHideReleaseMon
0x080CE2D8	0x080CE323	thumb	ReleaseMon
0x080CE324	0x080CE34F	thumb	TrySetCursorFistAnim
0x080CE350	0x080CE39F	thumb	GetRestrictedReleaseMoves
0x080CE3A0	0x080CE51B	thumb	InitCanReleaseMonVars
0x080CE51C	0x080CE57D	thumb	AtLeastThreeUsableMons
0x080CE580	0x080CE75F	thumb	RunCanReleaseMon
0x080CE760	0x080CE78F	thumb	SaveMovingMon
0x080CE790	0x080CE7E7	thumb	LoadSavedMovingMon
0x080CE7E8	0x080CE8E3	thumb	InitSummaryScreenData
0x080CE8E4	0x080CE90B	thumb	SetSelectionAfterSummaryScreen
0x080CE90C	0x080CE9A7	thumb	CompactPartySlots
0x080CE9A8	0x080CEA2F	thumb	SetMonMarkings
0x080CEA30	0x080CEA69	thumb	IsRemovingLastPartyMon
0x080CEA6C	0x080CEACD	thumb	CanShiftMon
0x080CEAD0	0x080CEADB	thumb	IsMonBeingMoved
0x080CEADC	0x080CEAF7	thumb	IsCursorOnBoxTitle
0x080CEAF8	0x080CEB23	thumb	IsCursorOnCloseBox
0x080CEB24	0x080CEB3F	thumb	IsCursorInBox
0x080CEB40	0x080CEBDB	thumb	TryRefreshDisplayMon
0x080CEBDC	0x080CEBFF	thumb	ReshowDisplayMon
0x080CEC00	0x080CF0CB	thumb	SetDisplayMonData
0x080CF0CC	0x080CF105	thumb	HandleInput_InBox
0x080CF108	0x080CF373	thumb	InBoxInput_Normal
0x080CF374	0x080CF4AF	thumb	InBoxInput_SelectingMultiple
0x080CF4B0	0x080CF5C1	thumb	InBoxInput_MovingMultiple
0x080CF5C4	0x080CF7E3	thumb	HandleInput_InParty
0x080CF7E4	0x080CF8D7	thumb	HandleInput_OnBox
0x080CF8D8	0x080CF9EB	thumb	HandleInput_OnButtons
0x080CF9EC	0x080CFA37	thumb	HandleInput
0x080CFA38	0x080CFA59	thumb	AddBoxOptionsMenu
0x080CFA5C	0x080CFA83	thumb	SetSelectionMenuTexts
0x080CFA84	0x080CFB41	thumb	SetMenuTexts_Mon
0x080CFB44	0x080CFBF1	thumb	SetMenuTexts_Item
0x080CFBF4	0x080CFC13	thumb	SpriteCB_CursorShadow
0x080CFC14	0x080CFDC3	thumb	CreateCursorSprites
0x080CFDC4	0x080CFE07	thumb	ToggleCursorAutoAction
0x080CFE08	0x080CFE13	thumb	GetCursorPosition
0x080CFE14	0x080CFE53	thumb	GetCursorBoxColumnAndRow
0x080CFE54	0x080CFE77	thumb	StartCursorAnim
0x080CFE78	0x080CFE83	thumb	GetMovingMonOriginalBoxId
0x080CFE84	0x080CFEA7	thumb	SetCursorPriorityTo1
0x080CFEA8	0x080CFECB	thumb	TryHideItemAtCursor
0x080CFECC	0x080CFEEF	thumb	TryShowItemAtCursor
0x080CFEF0	0x080CFF33	thumb	InitMenu
0x080CFF34	0x080CFF97	thumb	SetMenuText
0x080CFF98	0x080CFFCF	thumb	GetMenuItemTextId
0x080CFFD0	0x080D00A7	thumb	AddMenu
0x080D00A8	0x080D00AB	thumb	IsMenuLoading
0x080D00AC	0x080D013B	thumb	HandleMenuInput
0x080D013C	0x080D0163	thumb	RemoveMenu
0x080D0164	0x080D01B7	thumb	MultiMove_Init
0x080D01B8	0x080D01CF	thumb	MultiMove_Free
0x080D01D0	0x080D01E3	thumb	MultiMove_SetFunction
0x080D01E4	0x080D0249	thumb	MultiMove_RunFunction
0x080D024C	0x080D0341	thumb	MultiMove_Start
0x080D0344	0x080D03AF	thumb	MultiMove_Cancel
0x080D03B0	0x080D041D	thumb	MultiMove_ChangeSelection
0x080D0420	0x080D049F	thumb	MultiMove_GrabSelection
0x080D04A0	0x080D04C7	thumb	MultiMove_MoveMons
0x080D04C8	0x080D057D	thumb	MultiMove_PlaceMons
0x080D0580	0x080D0629	thumb	MultiMove_TryMoveGroup
0x080D062C	0x080D06CF	thumb	MultiMove_UpdateSelectedIcons
0x080D06D0	0x080D0705	thumb	MultiMove_SelectColumn
0x080D0708	0x080D073D	thumb	MultiMove_SelectRow
0x080D0740	0x080D0775	thumb	MultiMove_DeselectColumn
0x080D0778	0x080D07AD	thumb	MultiMove_DeselectRow
0x080D07B0	0x080D0833	thumb	MultiMove_SetIconToBg
0x080D0834	0x080D0883	thumb	MultiMove_ClearIconFromBg
0x080D0884	0x080D0893	thumb	MultiMove_InitMove
0x080D0894	0x080D08CB	thumb	MultiMove_UpdateMove
0x080D08CC	0x080D09A3	thumb	MultiMove_GetMonsFromSelection
0x080D09A4	0x080D0A1B	thumb	MultiMove_RemoveMonsFromBox
0x080D0A1C	0x080D0AAB	thumb	MultiMove_CreatePlacedMonIcons
0x080D0AAC	0x080D0B5B	thumb	MultiMove_SetPlacedMonData
0x080D0B5C	0x080D0BA3	thumb	MultiMove_ResetBg
0x080D0BA4	0x080D0BBF	thumb	MultiMove_GetOrigin
0x080D0BC0	0x080D0C5F	thumb	MultiMove_CanPlaceSelection
0x080D0C60	0x080D0D8B	thumb	CreateItemIconSprites
0x080D0D8C	0x080D0E4F	thumb	TryLoadItemIconAtPos
0x080D0E50	0x080D0E8F	thumb	TryHideItemIconAtPos
0x080D0E90	0x080D0F37	thumb	TakeItemFromMon
0x080D0F38	0x080D0FAB	thumb	InitItemIconInCursor
0x080D0FAC	0x080D107F	thumb	SwapItemsWithMon
0x080D1080	0x080D1113	thumb	GiveItemToMon
0x080D1114	0x080D1193	thumb	MoveItemFromMonToBag
0x080D1194	0x080D11CB	thumb	MoveItemFromCursorToBag
0x080D11CC	0x080D1217	thumb	MoveHeldItemWithPartyMenu
0x080D1218	0x080D1279	thumb	IsItemIconAnimActive
0x080D127C	0x080D12B5	thumb	IsMovingItem
0x080D12B8	0x080D12D3	thumb	GetMovingItemName
0x080D12D4	0x080D12E7	thumb	GetMovingItemId
0x080D12E8	0x080D1321	thumb	GetNewItemIconIdx
0x080D1324	0x080D136F	thumb	IsItemIconAtPosition
0x080D1370	0x080D13C1	thumb	GetItemIconIdxByPosition
0x080D13C4	0x080D1409	thumb	GetItemIconIdxBySprite
0x080D140C	0x080D1523	thumb	SetItemIconPosition
0x080D1524	0x080D15D3	thumb	LoadItemIconGfx
0x080D15D4	0x080D1603	thumb	SetItemIconAffineAnim
0x080D1604	0x080D173F	thumb	SetItemIconCallback
0x080D1740	0x080D1793	thumb	SetItemIconActive
0x080D1794	0x080D17A3	thumb	GetItemIconPic
0x080D17A4	0x080D17B3	thumb	GetItemIconPalette
0x080D17B4	0x080D1817	thumb	PrintItemDescription
0x080D1818	0x080D184B	thumb	InitItemInfoWindow
0x080D184C	0x080D18E3	thumb	UpdateItemInfoWindowSlideIn
0x080D18E4	0x080D19B3	thumb	UpdateItemInfoWindowSlideOut
0x080D19B4	0x080D1A47	thumb	DrawItemInfoWindow
0x080D1A48	0x080D1A73	thumb	SpriteCB_ItemIcon_WaitAnim
0x080D1A74	0x080D1AD7	thumb	SpriteCB_ItemIcon_ToHand
0x080D1AD8	0x080D1B13	thumb	SpriteCB_ItemIcon_SetPosToCursor
0x080D1B14	0x080D1B93	thumb	SpriteCB_ItemIcon_ToMon
0x080D1B94	0x080D1C2F	thumb	SpriteCB_ItemIcon_SwapToHand
0x080D1C30	0x080D1CCB	thumb	SpriteCB_ItemIcon_SwapToMon
0x080D1CCC	0x080D1D03	thumb	SpriteCB_ItemIcon_HideParty
0x080D1D04	0x080D1D05	thumb	BackupPokemonStorage
0x080D1D08	0x080D1D09	thumb	RestorePokemonStorage
0x080D1D0C	0x080D1D17	thumb	StorageGetCurrentBox
0x080D1D18	0x080D1D2F	thumb	SetCurrentBox
0x080D1D30	0x080D1D73	thumb	GetBoxMonDataAt
0x080D1D74	0x080D1DB7	thumb	SetBoxMonDataAt
0x080D1DB8	0x080D1DD7	thumb	GetCurrentBoxMonData
0x080D1DD8	0x080D1DFB	thumb	SetCurrentBoxMonData
0x080D1DFC	0x080D1E41	thumb	GetBoxMonNickAt
0x080D1E44	0x080D1E8F	thumb	GetBoxMonLevelAt
0x080D1E90	0x080D1ECF	thumb	SetBoxMonNickAt
0x080D1ED0	0x080D1F17	thumb	GetAndCopyBoxMonDataAt
0x080D1F18	0x080D1F57	thumb	SetBoxMonAt
0x080D1F58	0x080D1F97	thumb	CopyBoxMonAt
0x080D1F98	0x080D2017	thumb	CreateBoxMonAt
0x080D2018	0x080D2053	thumb	ZeroBoxMonAt
0x080D2054	0x080D2093	thumb	BoxMonAtToMon
0x080D2094	0x080D20CF	thumb	GetBoxedMonPtr
0x080D20D0	0x080D20F7	thumb	GetBoxNamePtr
0x080D20F8	0x080D211F	thumb	GetBoxWallpaper
0x080D2120	0x080D214B	thumb	SetBoxWallpaper
0x080D214C	0x080D2215	thumb	AdvanceStorageMonIndex
0x080D2218	0x080D226D	thumb	CheckFreePokemonStorageSpace
0x080D2270	0x080D22CF	thumb	CheckBoxMonSanityAt
0x080D22D0	0x080D233B	thumb	CountStorageNonEggMons
0x080D233C	0x080D23A7	thumb	CountAllStorageMons
0x080D23A8	0x080D2429	thumb	AnyStorageMonWithMove
0x080D242C	0x080D247F	thumb	ResetWaldaWallpaper
0x080D2480	0x080D2493	thumb	SetWaldaWallpaperLockedOrUnlocked
0x080D2494	0x080D24A7	thumb	IsWaldaWallpaperUnlocked
0x080D24A8	0x080D24BB	thumb	GetWaldaWallpaperPatternId
0x080D24BC	0x080D24DB	thumb	SetWaldaWallpaperPatternId
0x080D24DC	0x080D24EF	thumb	GetWaldaWallpaperIconId
0x080D24F0	0x080D250F	thumb	SetWaldaWallpaperIconId
0x080D2510	0x080D2523	thumb	GetWaldaWallpaperColorsPtr
0x080D2524	0x080D2547	thumb	SetWaldaWallpaperColors
0x080D2548	0x080D255B	thumb	GetWaldaPhrasePtr
0x080D255C	0x080D2577	thumb	SetWaldaPhrase
0x080D2578	0x080D259B	thumb	IsWaldaPhraseEmpty
0x080D259C	0x080D25EF	thumb	TilemapUtil_Init
0x080D25F0	0x080D2603	thumb	TilemapUtil_Free
0x080D2604	0x080D2643	thumb	TilemapUtil_UpdateAll
0x080D2644	0x080D273F	thumb	TilemapUtil_SetMap
0x080D2740	0x080D276F	thumb	TilemapUtil_SetSavedMap
0x080D2770	0x080D27AB	thumb	TilemapUtil_SetPos
0x080D27AC	0x080D27F3	thumb	TilemapUtil_SetRect
0x080D27F4	0x080D2917	thumb	TilemapUtil_Move
0x080D2918	0x080D295F	thumb	TilemapUtil_Update
0x080D2960	0x080D29F7	thumb	TilemapUtil_DrawPrev
0x080D29F8	0x080D2A8F	thumb	TilemapUtil_Draw
0x080D2A90	0x080D2AA3	thumb	UnkUtil_Init
0x080D2AA4	0x080D2AEB	thumb	UnkUtil_Run
0x080D2AEC	0x080D2B85	thumb	UnkUtil_CpuAdd
0x080D2B88	0x080D2BBD	thumb	UnkUtil_CpuRun
0x080D2BC0	0x080D2C1B	thumb	UnkUtil_DmaAdd
0x080D2C1C	0x080D2CC3	thumb	UnkUtil_DmaRun
0x080D2CC4	0x080D2D77	thumb	CreateMonIcon
0x080D2D78	0x080D2E07	thumb	CreateMonIconNoPersonality
0x080D2E08	0x080D2E45	thumb	GetIconSpecies
0x080D2E48	0x080D2E83	thumb	GetUnownLetterByPersonality
0x080D2E84	0x080D2ED9	thumb	GetIconSpeciesNoPersonality
0x080D2EDC	0x080D2EF7	thumb	GetMonIconPtr
0x080D2EF8	0x080D2F01	thumb	FreeAndDestroyMonIconSprite
0x080D2F04	0x080D2F27	thumb	LoadMonIconPalettes
0x080D2F28	0x080D2F67	thumb	SafeLoadMonIconPalette
0x080D2F68	0x080D2F9B	thumb	LoadMonIconPalette
0x080D2F9C	0x080D2FBF	thumb	FreeMonIconPalettes
0x080D2FC0	0x080D2FEF	thumb	SafeFreeMonIconPalette
0x080D2FF0	0x080D3013	thumb	FreeMonIconPalette
0x080D3014	0x080D301D	thumb	SpriteCB_MonIcon
0x080D3020	0x080D304B	thumb	GetMonIconTiles
0x080D304C	0x080D307F	thumb	TryLoadAllMonIconPalettesAtOffset
0x080D3080	0x080D309F	thumb	GetValidMonIconPalIndex
0x080D30A0	0x080D30AF	thumb	GetMonIconPaletteIndexFromSpecies
0x080D30B0	0x080D30DB	thumb	GetValidMonIconPalettePtr
0x080D30DC	0x080D31B1	thumb	UpdateMonIconFrame
0x080D31B4	0x080D328B	thumb	CreateMonIconSprite
0x080D328C	0x080D32C7	thumb	FreeAndDestroyMonIconSprite_
0x080D32C8	0x080D32E5	thumb	SetPartyHPBarSprite
0x080D32E8	0x080D333F	thumb	ScriptMovement_StartObjectMovementScript
0x080D3340	0x080D338B	thumb	ScriptMovement_IsObjectMovementFinished
0x080D338C	0x080D33AB	thumb	ScriptMovement_UnfreezeObjectEvents
0x080D33AC	0x080D33F3	thumb	ScriptMovement_StartMoveObjects
0x080D33F4	0x080D3407	thumb	GetMoveObjectsTaskId
0x080D3408	0x080D3471	thumb	ScriptMovement_TryAddNewMovement
0x080D3474	0x080D34AD	thumb	GetMovementScriptIdFromObjectEventId
0x080D34B0	0x080D34E3	thumb	LoadObjectEventIdPtrFromMovementScript
0x080D34E4	0x080D3507	thumb	SetObjectEventIdAtMovementScript
0x080D3508	0x080D3529	thumb	LoadObjectEventIdFromMovementScript
0x080D352C	0x080D355B	thumb	ClearMovementScriptFinished
0x080D355C	0x080D3583	thumb	SetMovementScriptFinished
0x080D3584	0x080D35B9	thumb	IsMovementScriptFinished
0x080D35BC	0x080D35CB	thumb	SetMovementScript
0x080D35CC	0x080D35DB	thumb	GetMovementScript
0x080D35DC	0x080D3619	thumb	ScriptMovement_AddNewMovement
0x080D361C	0x080D365F	thumb	ScriptMovement_UnfreezeActiveObjects
0x080D3660	0x080D36A1	thumb	ScriptMovement_MoveObjects
0x080D36A4	0x080D3717	thumb	ScriptMovement_TakeStep
0x080D3718	0x080D3A4F	thumb	SetUpFieldMove_Cut
0x080D3A50	0x080D3A6B	thumb	FieldCallback_CutGrass
0x080D3A6C	0x080D3A9B	thumb	FldEff_UseCutOnGrass
0x080D3A9C	0x080D3ABB	thumb	FieldCallback_CutTree
0x080D3ABC	0x080D3AEB	thumb	FldEff_UseCutOnTree
0x080D3AEC	0x080D3AFD	thumb	StartCutGrassFieldEffect
0x080D3B00	0x080D3C0F	thumb	FldEff_CutGrass
0x080D3C10	0x080D3D05	thumb	SetCutGrassMetatile
0x080D3D08	0x080D3D59	thumb	GetLongGrassCaseAt
0x080D3D5C	0x080D3EF3	thumb	SetCutGrassMetatiles
0x080D3EF4	0x080D415F	thumb	HandleLongGrassOnHyper
0x080D4160	0x080D4173	thumb	CutGrassSpriteCallback1
0x080D4174	0x080D41CF	thumb	CutGrassSpriteCallback2
0x080D41D0	0x080D423B	thumb	CutGrassSpriteCallbackEnd
0x080D423C	0x080D42B7	thumb	FixLongGrassMetatilesWindowTop
0x080D42B8	0x080D4353	thumb	FixLongGrassMetatilesWindowBottom
0x080D4354	0x080D4369	thumb	StartCutTreeFieldEffect
0x080D436C	0x080D439B	thumb	ClearAllMail
0x080D439C	0x080D43EF	thumb	ClearMail
0x080D43F0	0x080D441F	thumb	MonHasMail
0x080D4420	0x080D45C5	thumb	GiveMailToMonByItemId
0x080D45C8	0x080D45E7	thumb	SpeciesToMailSpecies
0x080D45E8	0x080D4609	thumb	MailSpeciesToSpecies
0x080D460C	0x080D4679	thumb	GiveMailToMon
0x080D467C	0x080D467F	thumb	DummyMailFunc
0x080D4680	0x080D46DF	thumb	TakeMailFromMon
0x080D46E0	0x080D46FF	thumb	ClearMailItemId
0x080D4700	0x080D47B9	thumb	TakeMailFromMonAndSave
0x080D47BC	0x080D47D3	thumb	ItemIsMail
0x080D47D4	0x080D47E3	thumb	StartMenu_ShowMapNamePopup
0x080D47E4	0x080D487B	thumb	ShowMapNamePopup
0x080D487C	0x080D4973	thumb	Task_MapNamePopUpWindow
0x080D4974	0x080D49AF	thumb	HideMapNamePopUpWindow
0x080D49B0	0x080D4A77	thumb	ShowMapNamePopUpWindow
0x080D4A78	0x080D4BDF	thumb	DrawMapNamePopUpFrame
0x080D4BE0	0x080D4CA7	thumb	LoadMapNamePopUpWindowBg
0x080D4CA8	0x080D4CFF	thumb	RemoveBagSprite
0x080D4D00	0x080D4D37	thumb	AddBagVisualSprite
0x080D4D38	0x080D4D93	thumb	SetBagVisualPocketId
0x080D4D94	0x080D4DC3	thumb	SpriteCB_BagVisualSwitchingPockets
0x080D4DC4	0x080D4E0B	thumb	ShakeBagSprite
0x080D4E0C	0x080D4E33	thumb	SpriteCB_ShakeBagSprite
0x080D4E34	0x080D4E8B	thumb	AddSwitchPocketRotatingBallSprite
0x080D4E8C	0x080D4EAD	thumb	UpdateSwitchPocketRotatingBallCoords
0x080D4EB0	0x080D4F13	thumb	SpriteCB_SwitchPocketRotatingBallInit
0x080D4F14	0x080D4F37	thumb	SpriteCB_SwitchPocketRotatingBallContinue
0x080D4F38	0x080D4F97	thumb	AddBagItemIconSprite
0x080D4F98	0x080D4FAB	thumb	RemoveBagItemIconSprite
0x080D4FAC	0x080D4FC7	thumb	CreateItemMenuSwapLine
0x080D4FC8	0x080D4FEB	thumb	SetItemMenuSwapLineInvisibility
0x080D4FEC	0x080D5017	thumb	UpdateItemMenuSwapLinePos
0x080D5018	0x080D506F	thumb	ArrangeBerryGfx
0x080D5070	0x080D50D3	thumb	LoadBerryGfx
0x080D50D4	0x080D510B	thumb	CreateBerryTagSprite
0x080D510C	0x080D511B	thumb	FreeBerryTagSpritePalette
0x080D511C	0x080D518B	thumb	CreateSpinningBerrySprite
0x080D518C	0x080D51AB	thumb	CreateBerryFlavorCircleSprite
0x080D51AC	0x080D521F	thumb	AnimTask_ShakeMon
0x080D5220	0x080D52CF	thumb	AnimTask_ShakeMon_Step
0x080D52D0	0x080D53BB	thumb	AnimTask_ShakeMon2
0x080D53BC	0x080D5481	thumb	AnimTask_ShakeMon2_Step
0x080D5484	0x080D5507	thumb	AnimTask_ShakeMonInPlace
0x080D5508	0x080D5641	thumb	AnimTask_ShakeMonInPlace_Step
0x080D5644	0x080D56A3	thumb	AnimTask_ShakeAndSinkMon
0x080D56A4	0x080D5737	thumb	AnimTask_ShakeAndSinkMon_Step
0x080D5738	0x080D57B7	thumb	AnimTask_TranslateMonElliptical
0x080D57B8	0x080D582F	thumb	AnimTask_TranslateMonElliptical_Step
0x080D5830	0x080D585F	thumb	AnimTask_TranslateMonEllipticalRespectSide
0x080D5860	0x080D58D3	thumb	DoHorizontalLunge
0x080D58D4	0x080D58F7	thumb	ReverseHorizontalLungeDirection
0x080D58F8	0x080D5943	thumb	DoVerticalDip
0x080D5944	0x080D5967	thumb	ReverseVerticalDipDirection
0x080D5968	0x080D5A23	thumb	SlideMonToOriginalPos
0x080D5A24	0x080D5A93	thumb	SlideMonToOriginalPos_Step
0x080D5A94	0x080D5B47	thumb	SlideMonToOffset
0x080D5B48	0x080D5C1F	thumb	SlideMonToOffsetAndBack
0x080D5C20	0x080D5C4F	thumb	SlideMonToOffsetAndBack_End
0x080D5C50	0x080D5CE3	thumb	AnimTask_WindUpLunge
0x080D5CE4	0x080D5D47	thumb	AnimTask_WindUpLunge_Step1
0x080D5D48	0x080D5DAF	thumb	AnimTask_WindUpLunge_Step2
0x080D5DB0	0x080D5E6B	thumb	AnimTask_SlideOffScreen
0x080D5E6C	0x080D5EB7	thumb	AnimTask_SlideOffScreen_Step
0x080D5EB8	0x080D5F3B	thumb	AnimTask_SwayMon
0x080D5F3C	0x080D6063	thumb	AnimTask_SwayMonStep
0x080D6064	0x080D60BB	thumb	AnimTask_ScaleMonAndRestore
0x080D60BC	0x080D6131	thumb	AnimTask_ScaleMonAndRestore_Step
0x080D6134	0x080D622B	thumb	AnimTask_RotateMonSpriteToSide
0x080D622C	0x080D6307	thumb	AnimTask_RotateMonToSideAndRestore
0x080D6308	0x080D6387	thumb	AnimTask_RotateMonSpriteToSide_Step
0x080D6388	0x080D646B	thumb	AnimTask_ShakeTargetBasedOnMovePowerOrDmg
0x080D646C	0x080D6553	thumb	AnimTask_ShakeTargetBasedOnMovePowerOrDmg_Step
0x080D6554	0x080D656B	thumb	GetBagItemQuantity
0x080D656C	0x080D6583	thumb	SetBagItemQuantity
0x080D6584	0x080D6587	thumb	GetPCItemQuantity
0x080D6588	0x080D658B	thumb	SetPCItemQuantity
0x080D658C	0x080D65E3	thumb	ApplyNewEncryptionKeyToBagItems
0x080D65E4	0x080D65ED	thumb	ApplyNewEncryptionKeyToBagItems_
0x080D65F0	0x080D6643	thumb	SetBagItemsPointers
0x080D6644	0x080D665D	thumb	CopyItemName
0x080D6660	0x080D66C3	thumb	CopyItemNameHandlePlural
0x080D66C4	0x080D66EB	thumb	GetBerryCountString
0x080D66EC	0x080D6723	thumb	IsBagPocketNonEmpty
0x080D6724	0x080D67C3	thumb	CheckBagHasItem
0x080D67C4	0x080D67FF	thumb	HasAtLeastOneBerry
0x080D6800	0x080D6925	thumb	CheckBagHasSpace
0x080D6928	0x080D6AA1	thumb	AddBagItem
0x080D6AA4	0x080D6C65	thumb	RemoveBagItem
0x080D6C68	0x080D6C79	thumb	GetPocketByItemId
0x080D6C7C	0x080D6CAB	thumb	ClearItemSlots
0x080D6CAC	0x080D6CE3	thumb	FindFreePCItemSlot
0x080D6CE4	0x080D6D1B	thumb	CountUsedPCItemSlots
0x080D6D1C	0x080D6D6D	thumb	CheckPCHasItem
0x080D6D70	0x080D6E47	thumb	AddPCItem
0x080D6E48	0x080D6E83	thumb	RemovePCItem
0x080D6E84	0x080D6EDB	thumb	CompactPCItems
0x080D6EDC	0x080D6F11	thumb	SwapRegisteredBike
0x080D6F14	0x080D6F2F	thumb	BagGetItemIdByPocketPosition
0x080D6F30	0x080D6F57	thumb	BagGetQuantityByPocketPosition
0x080D6F58	0x080D6F61	thumb	SwapItemSlots
0x080D6F64	0x080D6FB3	thumb	CompactItemsInBagPocket
0x080D6FB4	0x080D702B	thumb	SortBerriesOrTMHMs
0x080D702C	0x080D7091	thumb	MoveItemSlotInList
0x080D7094	0x080D70BB	thumb	ClearBag
0x080D70BC	0x080D710B	thumb	CountTotalItemQuantityInBag
0x080D710C	0x080D7181	thumb	CheckPyramidBagHasItem
0x080D7184	0x080D7201	thumb	CheckPyramidBagHasSpace
0x080D7204	0x080D7331	thumb	AddPyramidBagItem
0x080D7334	0x080D7459	thumb	RemovePyramidBagItem
0x080D745C	0x080D7473	thumb	SanitizeItemId
0x080D7474	0x080D7493	thumb	GetItemName
0x080D7494	0x080D74B7	thumb	GetItemId
0x080D74B8	0x080D74DB	thumb	GetItemPrice
0x080D74DC	0x080D74FF	thumb	GetItemHoldEffect
0x080D7500	0x080D7523	thumb	GetItemHoldEffectParam
0x080D7524	0x080D7547	thumb	GetItemDescription
0x080D7548	0x080D756B	thumb	GetItemImportance
0x080D756C	0x080D758F	thumb	GetItemRegistrability
0x080D7590	0x080D75B3	thumb	GetItemPocket
0x080D75B4	0x080D75D7	thumb	GetItemType
0x080D75D8	0x080D75FB	thumb	GetItemFieldFunc
0x080D75FC	0x080D761F	thumb	GetItemBattleUsage
0x080D7620	0x080D7643	thumb	GetItemBattleFunc
0x080D7644	0x080D7667	thumb	GetItemSecondaryId
0x080D7668	0x080D7669	thumb	TaskDummy1
0x080D766C	0x080D7677	thumb	ResetLinkContestBoolean
0x080D7678	0x080D7723	thumb	SetupContestGpuRegs
0x080D7724	0x080D779B	thumb	LoadContestBgAfterMoveAnim
0x080D779C	0x080D77E3	thumb	InitContestInfoBgs
0x080D77E4	0x080D782B	thumb	InitContestWindows
0x080D782C	0x080D787B	thumb	LoadContestPalettes
0x080D787C	0x080D7987	thumb	InitContestResources
0x080D7988	0x080D7A5B	thumb	AllocContestResources
0x080D7A5C	0x080D7B23	thumb	FreeContestResources
0x080D7B24	0x080D7C7B	thumb	CB2_StartContest
0x080D7C7C	0x080D7CB3	thumb	Task_StartContestWaitFade
0x080D7CB4	0x080D7DAB	thumb	Task_TryStartLinkContest
0x080D7DAC	0x080D7DC7	thumb	Task_CommunicateMonIdxs
0x080D7DC8	0x080D7DE7	thumb	Task_EndCommunicateMonIdxs
0x080D7DE8	0x080D7E43	thumb	Task_ReadyStartLinkContest
0x080D7E44	0x080D80C7	thumb	SetupContestGraphics
0x080D80C8	0x080D8107	thumb	Task_WaitToRaiseCurtainAtStart
0x080D8108	0x080D823B	thumb	Task_RaiseCurtainAtStart
0x080D823C	0x080D827B	thumb	CB2_ContestMain
0x080D827C	0x080D833B	thumb	VBlankCB_Contest
0x080D833C	0x080D8423	thumb	Task_DisplayAppealNumberText
0x080D8424	0x080D848F	thumb	Task_TryShowMoveSelectScreen
0x080D8490	0x080D860F	thumb	Task_ShowMoveSelectScreen
0x080D8610	0x080D880B	thumb	Task_HandleMoveSelectInput
0x080D880C	0x080D8839	thumb	DrawMoveSelectArrow
0x080D883C	0x080D8891	thumb	EraseMoveSelectArrow
0x080D8894	0x080D892B	thumb	Task_SelectedMove
0x080D892C	0x080D895B	thumb	Task_EndCommunicateMoveSelections
0x080D895C	0x080D8A03	thumb	Task_HideMoveSelectScreen
0x080D8A04	0x080D8A4F	thumb	Task_HideApplauseMeterForAppealStart
0x080D8A50	0x080D8A87	thumb	Task_WaitHideApplauseMeterForAppealStart
0x080D8A88	0x080D8B37	thumb	Task_AppealSetup
0x080D8B38	0x080DA10F	thumb	Task_DoAppeals
0x080DA110	0x080DA133	thumb	Task_EndWaitForLink
0x080DA134	0x080DA163	thumb	SpriteCB_MonSlideIn
0x080DA164	0x080DA197	thumb	SpriteCB_MonSlideOut
0x080DA198	0x080DA25B	thumb	Task_FinishRoundOfAppeals
0x080DA25C	0x080DA28B	thumb	Task_ReadyUpdateHeartSliders
0x080DA28C	0x080DA31B	thumb	Task_UpdateHeartSliders
0x080DA31C	0x080DA347	thumb	Task_WaitForHeartSliders
0x080DA348	0x080DA38B	thumb	Task_RestorePlttBufferUnfaded
0x080DA38C	0x080DA3CB	thumb	Task_WaitPrintRoundResult
0x080DA3CC	0x080DA463	thumb	Task_PrintRoundResultText
0x080DA464	0x080DA49B	thumb	Task_ReUpdateHeartSliders
0x080DA49C	0x080DA4CB	thumb	Task_WaitForHeartSlidersAgain
0x080DA4CC	0x080DA4F3	thumb	Task_DropCurtainAtRoundEnd
0x080DA4F4	0x080DA51B	thumb	Task_UpdateContestantBoxOrder
0x080DA51C	0x080DA5B3	thumb	Task_TryStartNextRoundOfAppeals
0x080DA5B4	0x080DA5E7	thumb	Task_StartNewRoundOfAppeals
0x080DA5E8	0x080DA6B3	thumb	Task_EndAppeals
0x080DA6B4	0x080DA6FF	thumb	Task_WaitForOutOfTimeMsg
0x080DA700	0x080DA73F	thumb	Task_DropCurtainAtAppealsEnd
0x080DA740	0x080DA79F	thumb	Task_TryCommunicateFinalStandings
0x080DA7A0	0x080DA7EB	thumb	Task_CommunicateFinalStandings
0x080DA7EC	0x080DA82F	thumb	Task_EndCommunicateFinalStandings
0x080DA830	0x080DA873	thumb	Task_ContestReturnToField
0x080DA874	0x080DA881	thumb	FieldCB_ContestReturnToField
0x080DA884	0x080DA8A3	thumb	TryPutPlayerLast
0x080DA8A4	0x080DA8C5	thumb	IsPlayerLinkLeader
0x080DA8C8	0x080DAB8B	thumb	CreateContestMonFromParty
0x080DAB8C	0x080DACBB	thumb	SetContestants
0x080DACBC	0x080DAE0B	thumb	SetLinkAIContestants
0x080DAE0C	0x080DAEA3	thumb	GetContestEntryEligibility
0x080DAEA4	0x080DAED3	thumb	DrawContestantWindowText
0x080DAED4	0x080DAF03	thumb	Contest_CopyStringWithColor
0x080DAF04	0x080DAF1B	thumb	PrintContestantTrainerName
0x080DAF1C	0x080DAF87	thumb	PrintContestantTrainerNameWithColor
0x080DAF88	0x080DAF9F	thumb	PrintContestantMonName
0x080DAFA0	0x080DAFDF	thumb	PrintContestantMonNameWithColor
0x080DAFE0	0x080DB09B	thumb	CalculateContestantRound1Points
0x080DB09C	0x080DB0C3	thumb	CalculateRound1Points
0x080DB0C4	0x080DB11F	thumb	CreateJudgeSprite
0x080DB120	0x080DB173	thumb	CreateJudgeSpeechBubbleSprite
0x080DB174	0x080DB2A7	thumb	CreateContestantSprite
0x080DB2A8	0x080DB2BB	thumb	IsSpeciesNotUnown
0x080DB2BC	0x080DB2EB	thumb	SwapMoveDescAndContestTilemaps
0x080DB2EC	0x080DB36F	thumb	GetMoveEffectSymbolTileOffset
0x080DB370	0x080DB4DF	thumb	PrintContestMoveDescription
0x080DB4E0	0x080DB581	thumb	DrawMoveEffectSymbol
0x080DB584	0x080DB5AF	thumb	DrawMoveEffectSymbols
0x080DB5B0	0x080DB5B7	thumb	GetStarTileOffset
0x080DB5B8	0x080DB699	thumb	UpdateConditionStars
0x080DB69C	0x080DB747	thumb	DrawConditionStars
0x080DB748	0x080DB797	thumb	GetStatusSymbolTileOffset
0x080DB798	0x080DB883	thumb	DrawStatusSymbol
0x080DB884	0x080DB89B	thumb	DrawStatusSymbols
0x080DB89C	0x080DB8B7	thumb	ContestClearGeneralTextWindow
0x080DB8B8	0x080DB917	thumb	GetChosenMove
0x080DB918	0x080DB943	thumb	GetAllChosenMoves
0x080DB944	0x080DBA15	thumb	RankContestants
0x080DBA18	0x080DBA67	thumb	SetAttentionLevels
0x080DBA68	0x080DBA9D	thumb	ContestantCanUseTurn
0x080DBAA0	0x080DBCA7	thumb	SetContestantStatusesForNextRound
0x080DBCA8	0x080DBCDD	thumb	Contest_IsMonsTurnDisabled
0x080DBCE0	0x080DBD17	thumb	CalculateTotalPointsForContestant
0x080DBD18	0x080DBD33	thumb	CalculateFinalScores
0x080DBD34	0x080DBD4B	thumb	GetContestantRound2Points
0x080DBD4C	0x080DBED3	thumb	DetermineFinalStandings
0x080DBED4	0x080DBF2F	thumb	SaveLinkContestResults
0x080DBF30	0x080DBF67	thumb	DidContestantPlaceHigher
0x080DBF68	0x080DBF8F	thumb	ContestPrintLinkStandby
0x080DBF90	0x080DBFC5	thumb	FillContestantWindowBgs
0x080DBFC8	0x080DBFFB	thumb	GetAppealHeartTileOffset
0x080DBFFC	0x080DC027	thumb	GetNumHeartsFromAppealPoints
0x080DC028	0x080DC0F3	thumb	UpdateAppealHearts
0x080DC0F4	0x080DC2BB	thumb	Task_UpdateAppealHearts
0x080DC2BC	0x080DC307	thumb	CreateSliderHeartSprites
0x080DC308	0x080DC3AB	thumb	UpdateHeartSlider
0x080DC3AC	0x080DC3C3	thumb	UpdateHeartSliders
0x080DC3C4	0x080DC407	thumb	SlidersDoneUpdating
0x080DC408	0x080DC44B	thumb	SpriteCB_UpdateHeartSlider
0x080DC44C	0x080DC48F	thumb	UpdateSliderHeartSpriteYPositions
0x080DC490	0x080DC4EF	thumb	SetBottomSliderHeartsInvisibility
0x080DC4F0	0x080DC593	thumb	CreateNextTurnSprites
0x080DC594	0x080DC5E7	thumb	CreateApplauseMeterSprite
0x080DC5E8	0x080DC62F	thumb	CreateJudgeAttentionEyeTask
0x080DC630	0x080DC673	thumb	StartFlashJudgeAttentionEye
0x080DC674	0x080DC6A3	thumb	StopFlashJudgeAttentionEye
0x080DC6A4	0x080DC727	thumb	Task_StopFlashJudgeAttentionEye
0x080DC728	0x080DC7EB	thumb	Task_FlashJudgeAttentionEye
0x080DC7EC	0x080DC81B	thumb	CreateUnusedBlendTask
0x080DC81C	0x080DC863	thumb	InitUnusedBlendTaskData
0x080DC864	0x080DC87B	thumb	UpdateBlendTaskContestantsData
0x080DC87C	0x080DC8CF	thumb	UpdateBlendTaskContestantData
0x080DC8D0	0x080DC9B3	thumb	Task_UnusedBlend
0x080DC9B4	0x080DC9E9	thumb	StartStopFlashJudgeAttentionEye
0x080DC9EC	0x080DCB77	thumb	CreateContestantBoxBlinkSprites
0x080DCB78	0x080DCBB3	thumb	DestroyContestantBoxBlinkSprites
0x080DCBB4	0x080DCBCF	thumb	SetBlendForContestantBoxBlink
0x080DCBD0	0x080DCBE5	thumb	ResetBlendForContestantBoxBlink
0x080DCBE8	0x080DCC81	thumb	BlinkContestantBox
0x080DCC84	0x080DCCD7	thumb	SpriteCB_BlinkContestantBox
0x080DCCD8	0x080DCD07	thumb	SpriteCB_EndBlinkContestantBox
0x080DCD08	0x080DCD45	thumb	ContestDebugTogglePointTotal
0x080DCD48	0x080DCE57	thumb	ContestDebugDoPrint
0x080DCE58	0x080DD04B	thumb	SortContestants
0x080DD04C	0x080DD07F	thumb	DrawContestantWindows
0x080DD080	0x080DD3D3	thumb	CalculateAppealMoveImpact
0x080DD3D4	0x080DD3EF	thumb	SetContestantEffectStringID
0x080DD3F0	0x080DD40B	thumb	SetContestantEffectStringID2
0x080DD40C	0x080DD459	thumb	SetStartledString
0x080DD45C	0x080DD55F	thumb	PrintAppealMoveResultText
0x080DD560	0x080DD58F	thumb	MakeContestantNervous
0x080DD590	0x080DD6DB	thumb	ApplyNextTurnOrder
0x080DD6DC	0x080DD71F	thumb	SpriteCB_JudgeSpeechBubble
0x080DD720	0x080DD93F	thumb	DoJudgeSpeechBubble
0x080DD940	0x080DD9EF	thumb	UpdateApplauseMeter
0x080DD9F0	0x080DDA1F	thumb	Contest_GetMoveExcitement
0x080DDA20	0x080DDA5F	thumb	StartApplauseOverflowAnimation
0x080DDA60	0x080DDB0B	thumb	Task_ApplauseOverflowAnimation
0x080DDB0C	0x080DDB6B	thumb	SlideApplauseMeterIn
0x080DDB6C	0x080DDBE7	thumb	Task_SlideApplauseMeterIn
0x080DDBE8	0x080DDC4B	thumb	SlideApplauseMeterOut
0x080DDC4C	0x080DDCDB	thumb	Task_SlideApplauseMeterOut
0x080DDCDC	0x080DDD1F	thumb	ShowAndUpdateApplauseMeter
0x080DDD20	0x080DDDA7	thumb	Task_ShowAndUpdateApplauseMeter
0x080DDDA8	0x080DDDE3	thumb	HideApplauseMeterNoAnim
0x080DDDE4	0x080DDE0B	thumb	ShowApplauseMeterNoAnim
0x080DDE0C	0x080DDE2F	thumb	AnimateAudience
0x080DDE30	0x080DDECF	thumb	Task_AnimateAudience
0x080DDED0	0x080DDF7F	thumb	BlendAudienceBackground
0x080DDF80	0x080DE007	thumb	Task_BlendAudienceBackground
0x080DE008	0x080DE0EF	thumb	ShowHideNextTurnGfx
0x080DE0F0	0x080DE12B	thumb	GetTurnOrderNumberGfx
0x080DE12C	0x080DE1E7	thumb	DrawUnnervedSymbols
0x080DE1E8	0x080DE221	thumb	IsContestantAllowedToCombo
0x080DE224	0x080DE34F	thumb	SetBgForCurtainDrop
0x080DE350	0x080DE423	thumb	UpdateContestantBoxOrder
0x080DE424	0x080DE463	thumb	Task_StartDropCurtainAtRoundEnd
0x080DE464	0x080DE4A7	thumb	Task_UpdateCurtainDropAtRoundEnd
0x080DE4A8	0x080DE5BF	thumb	Task_ResetForNextRound
0x080DE5C0	0x080DE5F3	thumb	Task_UpdateRaiseCurtainAtRoundEnd
0x080DE5F4	0x080DE659	thumb	Task_WaitRaiseCurtainAtRoundEnd
0x080DE65C	0x080DE69B	thumb	Task_StartRaiseCurtainAtRoundEnd
0x080DE69C	0x080DE793	thumb	AnimateSliderHearts
0x080DE794	0x080DE833	thumb	Task_WaitForSliderHeartAnim
0x080DE834	0x080DE849	thumb	SanitizeMove
0x080DE84C	0x080DE863	thumb	SanitizeSpecies
0x080DE864	0x080DE9AF	thumb	SetMoveSpecificAnimData
0x080DE9B0	0x080DE9DB	thumb	ClearMoveAnimData
0x080DE9DC	0x080DEA1F	thumb	SetMoveAnimAttackerData
0x080DEA20	0x080DEA5B	thumb	CreateInvisibleBattleTargetSprite
0x080DEA5C	0x080DEAA7	thumb	SetBattleTargetSpritePosition
0x080DEAA8	0x080DEB6F	thumb	SetMoveTargetPosition
0x080DEB70	0x080DEBCD	thumb	Contest_PrintTextToBg0WindowStd
0x080DEBD0	0x080DEC2D	thumb	Contest_PrintTextToBg0WindowAt
0x080DEC30	0x080DECB7	thumb	Contest_StartTextPrinter
0x080DECB8	0x080DED0D	thumb	ContestBG_FillBoxWithIncrementingTile
0x080DED10	0x080DED4B	thumb	ContestBG_FillBoxWithTile
0x080DED4C	0x080DED5F	thumb	Contest_RunTextPrinters
0x080DED60	0x080DED73	thumb	Contest_SetBgCopyFlags
0x080DED74	0x080DEDA7	thumb	ResetContestLinkResults
0x080DEDA8	0x080DEFA7	thumb	SaveContestWinner
0x080DEFA8	0x080DF03F	thumb	GetContestWinnerSaveIdx
0x080DF040	0x080DF07F	thumb	ClearContestWinnerPicsInContestHall
0x080DF080	0x080DF24F	thumb	SetContestLiveUpdateFlags
0x080DF250	0x080DF4F7	thumb	CalculateContestLiveUpdateData
0x080DF4F8	0x080DF703	thumb	SetConestLiveUpdateTVData
0x080DF704	0x080DF74F	thumb	ContestDebugToggleBitfields
0x080DF750	0x080DF93F	thumb	ContestDebugPrintBitStrings
0x080DF940	0x080DF9D1	thumb	GetMonNicknameLanguage
0x080DF9D4	0x080DF9DD	thumb	StripPlayerNameForLinkContest
0x080DF9E0	0x080DFA05	thumb	StripMonNameForLinkContest
0x080DFA08	0x080DFA75	thumb	StripPlayerAndMonNamesForLinkContest
0x080DFA78	0x080DFB4B	thumb	CreateShopMenu
0x080DFB4C	0x080DFB57	thumb	SetShopMenuCallback
0x080DFB58	0x080DFB87	thumb	SetShopItemsForSale
0x080DFB88	0x080DFBCF	thumb	Task_ShopMenu
0x080DFBD0	0x080DFC0B	thumb	Task_HandleShopMenuBuy
0x080DFC0C	0x080DFC47	thumb	Task_HandleShopMenuSell
0x080DFC48	0x080DFC67	thumb	CB2_ExitSellMenu
0x080DFC68	0x080DFCA3	thumb	Task_HandleShopMenuQuit
0x080DFCA4	0x080DFCDF	thumb	Task_GoToBuyOrSellMenu
0x080DFCE0	0x080DFCF7	thumb	MapPostLoadHook_ReturnToShopMenu
0x080DFCF8	0x080DFD43	thumb	Task_ReturnToShopMenu
0x080DFD44	0x080DFD63	thumb	ShowShopMenuAfterExitingBuyOrSellMenu
0x080DFD64	0x080DFD7D	thumb	CB2_BuyMenu
0x080DFD80	0x080DFD91	thumb	VBlankCB_BuyMenu
0x080DFD94	0x080DFEFB	thumb	CB2_InitBuyMenu
0x080DFEFC	0x080DFF2B	thumb	BuyMenuFreeMemory
0x080DFF2C	0x080DFFFF	thumb	BuyMenuBuildListMenuTemplate
0x080E0000	0x080E003B	thumb	BuyMenuSetListEntry
0x080E003C	0x080E0113	thumb	BuyMenuPrintItemDescriptionAndShowItemIcon
0x080E0114	0x080E01C7	thumb	BuyMenuPrintPriceInList
0x080E01C8	0x080E0223	thumb	BuyMenuAddScrollIndicatorArrows
0x080E0224	0x080E024F	thumb	BuyMenuRemoveScrollIndicatorArrows
0x080E0250	0x080E0283	thumb	BuyMenuPrintCursor
0x080E0284	0x080E031B	thumb	BuyMenuAddItemIcon
0x080E031C	0x080E036B	thumb	BuyMenuRemoveItemIcon
0x080E036C	0x080E0423	thumb	BuyMenuInitBgs
0x080E0424	0x080E0467	thumb	BuyMenuDecompressBgGraphics
0x080E0468	0x080E04A3	thumb	BuyMenuInitWindows
0x080E04A4	0x080E04E7	thumb	BuyMenuPrint
0x080E04E8	0x080E0521	thumb	BuyMenuDisplayMessage
0x080E0524	0x080E056F	thumb	BuyMenuDrawGraphics
0x080E0570	0x080E0581	thumb	BuyMenuDrawMapGraphics
0x080E0584	0x080E066F	thumb	BuyMenuDrawMapBg
0x080E0670	0x080E0733	thumb	BuyMenuDrawMapMetatile
0x080E0734	0x080E0759	thumb	BuyMenuDrawMapMetatileLayer
0x080E075C	0x080E08EF	thumb	BuyMenuCollectObjectEventData
0x080E08F0	0x080E0A13	thumb	BuyMenuDrawObjectEvents
0x080E0A14	0x080E0A3F	thumb	BuyMenuCheckIfObjectEventOverlapsMenuBg
0x080E0A40	0x080E0A87	thumb	BuyMenuCopyMenuBgToBg1TilemapBuffer
0x080E0A88	0x080E0AC5	thumb	BuyMenuCheckForOverlapWithMenuBg
0x080E0AC8	0x080E0CA3	thumb	Task_BuyMenu
0x080E0CA4	0x080E0D87	thumb	Task_BuyHowManyDialogueInit
0x080E0D88	0x080E0EA9	thumb	Task_BuyHowManyDialogueHandleInput
0x080E0EAC	0x080E0EDB	thumb	BuyMenuConfirmPurchase
0x080E0EDC	0x080E0F87	thumb	BuyMenuTryMakePurchase
0x080E0F88	0x080E100B	thumb	BuyMenuSubtractMoney
0x080E100C	0x080E1077	thumb	Task_ReturnToItemListAfterItemPurchase
0x080E1078	0x080E109F	thumb	Task_ReturnToItemListAfterDecorationPurchase
0x080E10A0	0x080E10EB	thumb	BuyMenuReturnToItemList
0x080E10EC	0x080E1167	thumb	BuyMenuPrintItemQuantityAndPrice
0x080E1168	0x080E11AF	thumb	ExitBuyMenu
0x080E11B0	0x080E11E3	thumb	Task_ExitBuyMenu
0x080E11E4	0x080E1203	thumb	ClearItemPurchases
0x080E1204	0x080E1283	thumb	RecordItemPurchase
0x080E1284	0x080E12A7	thumb	CreatePokemartMenu
0x080E12A8	0x080E12C7	thumb	CreateDecorationShop1Menu
0x080E12C8	0x080E12E7	thumb	CreateDecorationShop2Menu
0x080E12E8	0x080E1443	thumb	SetEscalatorMetatile
0x080E1444	0x080E150B	thumb	Task_DrawEscalator
0x080E150C	0x080E1557	thumb	CreateEscalatorTask
0x080E1558	0x080E156F	thumb	StartEscalator
0x080E1570	0x080E1583	thumb	StopEscalator
0x080E1584	0x080E15B5	thumb	IsEscalatorMoving
0x080E15B8	0x080E15E3	thumb	ClearEnigmaBerries
0x080E15E4	0x080E160F	thumb	SetEnigmaBerry
0x080E1610	0x080E1629	thumb	GetEnigmaBerryChecksum
0x080E162C	0x080E167B	thumb	IsEnigmaBerryValid
0x080E167C	0x080E16BF	thumb	GetBerryInfo
0x080E16C0	0x080E16DB	thumb	GetBerryTreeInfo
0x080E16DC	0x080E1737	thumb	ObjectEventInteractionWaterBerryTree
0x080E1738	0x080E176D	thumb	IsPlayerFacingEmptyBerryTreePatch
0x080E1770	0x080E1791	thumb	TryToWaterBerryTree
0x080E1794	0x080E17C7	thumb	ClearBerryTrees
0x080E17C8	0x080E186F	thumb	BerryTreeGrow
0x080E1870	0x080E191B	thumb	BerryTreeTimeUpdate
0x080E191C	0x080E1983	thumb	PlantBerryTree
0x080E1984	0x080E19AB	thumb	RemoveBerryTree
0x080E19AC	0x080E19C7	thumb	GetBerryTypeByBerryTreeId
0x080E19C8	0x080E19E7	thumb	GetStageByBerryTreeId
0x080E19E8	0x080E1A0D	thumb	ItemIdToBerryType
0x080E1A10	0x080E1A35	thumb	BerryTypeToItemId
0x080E1A38	0x080E1A57	thumb	GetBerryNameByBerryType
0x080E1A58	0x080E1A75	thumb	GetBerryCountStringByBerryType
0x080E1A78	0x080E1A8D	thumb	AllowBerryTreeGrowth
0x080E1A90	0x080E1ACB	thumb	BerryTreeGetNumStagesWatered
0x080E1ACC	0x080E1AE1	thumb	GetNumStagesWateredByBerryTreeId
0x080E1AE4	0x080E1B35	thumb	CalcBerryYieldInternal
0x080E1B38	0x080E1B63	thumb	CalcBerryYield
0x080E1B64	0x080E1B7B	thumb	GetBerryCountByBerryTreeId
0x080E1B7C	0x080E1B93	thumb	GetStageDurationByBerryType
0x080E1B94	0x080E1C2B	thumb	ObjectEventInteractionGetBerryTreeData
0x080E1C2C	0x080E1C53	thumb	ObjectEventInteractionGetBerryName
0x080E1C54	0x080E1C93	thumb	ObjectEventInteractionGetBerryCountString
0x080E1C94	0x080E1CA3	thumb	Bag_ChooseBerry
0x080E1CA4	0x080E1CDB	thumb	ObjectEventInteractionPlantBerryTree
0x080E1CDC	0x080E1D27	thumb	ObjectEventInteractionPickBerryTree
0x080E1D28	0x080E1D5B	thumb	ObjectEventInteractionRemoveBerryTree
0x080E1D5C	0x080E1D6B	thumb	PlayerHasBerries
0x080E1D6C	0x080E1E07	thumb	SetBerryTreesSeen
0x080E1E08	0x080E1E55	thumb	ScriptMenu_Multichoice
0x080E1E58	0x080E1EB5	thumb	ScriptMenu_MultichoiceWithDefault
0x080E1EB8	0x080E1EFB	thumb	GetLengthWithExpandedPlayerName
0x080E1EFC	0x080E1FBB	thumb	DrawMultichoiceMenu
0x080E1FBC	0x080E2057	thumb	InitMultichoiceCheckWrap
0x080E2058	0x080E2107	thumb	Task_HandleMultichoiceInput
0x080E2108	0x080E213F	thumb	ScriptMenu_YesNo
0x080E2140	0x080E2159	thumb	IsScriptActive
0x080E215C	0x080E21CF	thumb	Task_HandleYesNoInput
0x080E21D0	0x080E2307	thumb	ScriptMenu_MultichoiceGrid
0x080E2308	0x080E236B	thumb	Task_HandleMultichoiceGridInput
0x080E236C	0x080E2399	thumb	ScriptMenu_CreatePCMultichoice
0x080E239C	0x080E2513	thumb	CreatePCMultichoice
0x080E2514	0x080E2547	thumb	ScriptMenu_DisplayPCStartupPrompt
0x080E2548	0x080E2575	thumb	ScriptMenu_CreateLilycoveSSTidalMultichoice
0x080E2578	0x080E2877	thumb	CreateLilycoveSSTidalMultichoice
0x080E2878	0x080E2897	thumb	GetLilycoveSSTidalSelection
0x080E2898	0x080E28FD	thumb	Task_PokemonPicWindow
0x080E2900	0x080E29C3	thumb	ScriptMenu_ShowPokemonPic
0x080E29C4	0x080E29F9	thumb	ScriptMenu_HidePokemonPic
0x080E29FC	0x080E2A19	thumb	IsPicboxClosed
0x080E2A1C	0x080E2A77	thumb	CreateWindowFromRect
0x080E2A78	0x080E2A93	thumb	ClearToTransparentAndRemoveWindow
0x080E2A94	0x080E2B7B	thumb	DrawLinkServicesMultichoiceMenu
0x080E2B7C	0x080E2BA9	thumb	ScriptMenu_CreateStartMenuForPokenavTutorial
0x080E2BAC	0x080E2CC3	thumb	CreateStartMenuForPokenavTutorial
0x080E2CC4	0x080E2D0F	thumb	InitMultichoiceNoWrap
0x080E2D10	0x080E2D2B	thumb	DisplayTextAndGetWidthInternal
0x080E2D2C	0x080E2D3F	thumb	DisplayTextAndGetWidth
0x080E2D40	0x080E2D59	thumb	ConvertPixelWidthToTileWidth
0x080E2D5C	0x080E2D75	thumb	ScriptMenu_AdjustLeftCoordFromWidth
0x080E2D78	0x080E2E03	thumb	DoNamingScreen
0x080E2E04	0x080E2EA7	thumb	CB2_LoadNamingScreen
0x080E2EA8	0x080E2FA3	thumb	NamingScreen_Init
0x080E2FA4	0x080E2FE3	thumb	SetSpritesVisible
0x080E2FE4	0x080E3193	thumb	NamingScreen_InitBGs
0x080E3194	0x080E31AF	thumb	CreateNamingScreenTask
0x080E31B0	0x080E3243	thumb	Task_NamingScreen
0x080E3244	0x080E3253	thumb	PageToNextGfxId
0x080E3254	0x080E3273	thumb	CurrentPageToNextKeyboardId
0x080E3274	0x080E3293	thumb	CurrentPageToKeyboardId
0x080E3294	0x080E335B	thumb	MainState_FadeIn
0x080E335C	0x080E3397	thumb	MainState_WaitFadeIn
0x080E3398	0x080E33A5	thumb	MainState_HandleInput
0x080E33A8	0x080E33D7	thumb	MainState_MoveToOKButton
0x080E33D8	0x080E3447	thumb	MainState_PressedOKButton
0x080E3448	0x080E347B	thumb	MainState_FadeOut
0x080E347C	0x080E34E3	thumb	MainState_Exit
0x080E34E4	0x080E3603	thumb	DisplaySentToPCMessage
0x080E3604	0x080E363F	thumb	MainState_WaitSentToPCMessage
0x080E3640	0x080E367F	thumb	MainState_StartPageSwap
0x080E3680	0x080E373B	thumb	MainState_WaitPageSwap
0x080E373C	0x080E375B	thumb	StartPageSwapAnim
0x080E375C	0x080E3793	thumb	Task_HandlePageSwapAnim
0x080E3794	0x080E37B1	thumb	IsPageSwapAnimNotInProgress
0x080E37B4	0x080E37DB	thumb	PageSwapAnimState_Init
0x080E37DC	0x080E386F	thumb	PageSwapAnimState_1
0x080E3870	0x080E3903	thumb	PageSwapAnimState_2
0x080E3904	0x080E391F	thumb	PageSwapAnimState_Done
0x080E3920	0x080E3947	thumb	CreateButtonFlashTask
0x080E3948	0x080E39B9	thumb	TryStartButtonFlash
0x080E39BC	0x080E3A73	thumb	Task_UpdateButtonFlash
0x080E3A74	0x080E3AE7	thumb	GetButtonPalOffset
0x080E3AE8	0x080E3B0F	thumb	RestoreButtonColor
0x080E3B10	0x080E3B2F	thumb	StartButtonFlash
0x080E3B30	0x080E3C1F	thumb	SpriteCB_Cursor
0x080E3C20	0x080E3C6B	thumb	SpriteCB_InputArrow
0x080E3C6C	0x080E3CC7	thumb	SpriteCB_Underscore
0x080E3CC8	0x080E3CE1	thumb	CreateSprites
0x080E3CE4	0x080E3D77	thumb	CreateCursorSprite
0x080E3D78	0x080E3DFB	thumb	SetCursorPos
0x080E3DFC	0x080E3E27	thumb	GetCursorPos
0x080E3E28	0x080E3E3B	thumb	MoveCursorToOKButton
0x080E3E3C	0x080E3E93	thumb	SetCursorInvisibility
0x080E3E94	0x080E3ED7	thumb	SetCursorFlashing
0x080E3ED8	0x080E3F03	thumb	SquishCursor
0x080E3F04	0x080E3F2F	thumb	IsCursorAnimFinished
0x080E3F30	0x080E3F6D	thumb	GetKeyRoleAtCursorPos
0x080E3F70	0x080E3F8B	thumb	GetCurrentPageColumnCount
0x080E3F8C	0x080E404F	thumb	CreatePageSwapButtonSprites
0x080E4050	0x080E4083	thumb	StartPageSwapButtonAnim
0x080E4084	0x080E40AB	thumb	SpriteCB_PageSwap
0x080E40AC	0x080E40FF	thumb	PageSwapSprite_Init
0x080E4100	0x080E4103	thumb	PageSwapSprite_Idle
0x080E4104	0x080E4177	thumb	PageSwapSprite_SlideOff
0x080E4178	0x080E41B7	thumb	PageSwapSprite_SlideOn
0x080E41B8	0x080E4217	thumb	SetPageSwapButtonGfx
0x080E4218	0x080E428F	thumb	CreateBackOkSprites
0x080E4290	0x080E4353	thumb	CreateTextEntrySprites
0x080E4354	0x080E437F	thumb	CreateInputTargetIcon
0x080E4380	0x080E4381	thumb	NamingScreen_NoIcon
0x080E4384	0x080E43DF	thumb	NamingScreen_CreatePlayerIcon
0x080E43E0	0x080E441F	thumb	NamingScreen_CreatePCIcon
0x080E4420	0x080E447B	thumb	NamingScreen_CreateMonIcon
0x080E447C	0x080E44BB	thumb	NamingScreen_CreateWaldaDadIcon
0x080E44BC	0x080E450B	thumb	HandleKeyboardEvent
0x080E450C	0x080E4557	thumb	KeyboardKeyHandler_Character
0x080E4558	0x080E457F	thumb	KeyboardKeyHandler_Page
0x080E4580	0x080E45A1	thumb	KeyboardKeyHandler_Backspace
0x080E45A4	0x080E45DF	thumb	KeyboardKeyHandler_OK
0x080E45E0	0x080E45F7	thumb	SwapKeyboardPage
0x080E45F8	0x080E460B	thumb	CreateInputHandlerTask
0x080E460C	0x080E462F	thumb	GetInputEvent
0x080E4630	0x080E465B	thumb	SetInputState
0x080E465C	0x080E468B	thumb	Task_HandleInput
0x080E468C	0x080E4691	thumb	Input_Disabled
0x080E4694	0x080E46E7	thumb	Input_Enabled
0x080E46E8	0x080E46ED	thumb	Input_Override
0x080E46F0	0x080E4893	thumb	HandleDpadMovement
0x080E4894	0x080E48E7	thumb	DrawNormalTextEntryBox
0x080E48E8	0x080E4963	thumb	DrawMonTextEntryBox
0x080E4964	0x080E498B	thumb	DrawTextEntryBox
0x080E498C	0x080E49B7	thumb	TryDrawGenderIcon
0x080E49B8	0x080E49B9	thumb	DummyGenderIcon
0x080E49BC	0x080E4A2B	thumb	DrawGenderIcon
0x080E4A2C	0x080E4A5F	thumb	GetCharAtKeyboardPos
0x080E4A60	0x080E4AB3	thumb	GetTextEntryPosition
0x080E4AB4	0x080E4AF5	thumb	GetPreviousTextCaretPosition
0x080E4AF8	0x080E4B53	thumb	DeleteTextCharacter
0x080E4B54	0x080E4BB9	thumb	AddTextCharacter
0x080E4BBC	0x080E4BE3	thumb	BufferCharacter
0x080E4BE4	0x080E4C53	thumb	SaveInputText
0x080E4C54	0x080E4CB7	thumb	LoadGfx
0x080E4CB8	0x080E4CC5	thumb	CreateHelperTasks
0x080E4CC8	0x080E4CF7	thumb	LoadPalettes
0x080E4CF8	0x080E4D09	thumb	DrawBgTilemap
0x080E4D0C	0x080E4D0D	thumb	NamingScreen_Dummy
0x080E4D10	0x080E4DE3	thumb	DrawTextEntry
0x080E4DE4	0x080E4E5B	thumb	PrintKeyboardKeys
0x080E4E5C	0x080E4EEF	thumb	DrawKeyboardPageOnDeck
0x080E4EF0	0x080E4F57	thumb	PrintControls
0x080E4F58	0x080E4F6D	thumb	CB2_NamingScreen
0x080E4F70	0x080E4F81	thumb	ResetVHBlank
0x080E4F84	0x080E4F93	thumb	SetVBlank
0x080E4F94	0x080E501B	thumb	VBlankCB_NamingScreen
0x080E501C	0x080E5039	thumb	NamingScreen_ShowBgs
0x080E503C	0x080E5073	thumb	IsWideLetter
0x080E5074	0x080E509B	thumb	Debug_NamingScreenPlayer
0x080E509C	0x080E50C3	thumb	Debug_NamingScreenBox
0x080E50C4	0x080E50EB	thumb	Debug_NamingScreenCaughtMon
0x080E50EC	0x080E5113	thumb	Debug_NamingScreenNickname
0x080E5114	0x080E5127	thumb	GetMoney
0x080E5128	0x080E513B	thumb	SetMoney
0x080E513C	0x080E5153	thumb	IsEnoughMoney
0x080E5154	0x080E518B	thumb	AddMoney
0x080E518C	0x080E51AD	thumb	RemoveMoney
0x080E51B0	0x080E51D3	thumb	IsEnoughForCostInVar0x8005
0x080E51D4	0x080E51F3	thumb	SubtractMoneyFromVar0x8005
0x080E51F4	0x080E5211	thumb	PrintMoneyAmountInMoneyBox
0x080E5214	0x080E5297	thumb	PrintMoneyAmount
0x080E5298	0x080E52D1	thumb	PrintMoneyAmountInMoneyBoxWithBorder
0x080E52D4	0x080E52EB	thumb	ChangeAmountInMoneyBox
0x080E52EC	0x080E5383	thumb	DrawMoneyBox
0x080E5384	0x080E53AB	thumb	HideMoneyBox
0x080E53AC	0x080E53F3	thumb	AddMoneyLabelObject
0x080E53F4	0x080E5413	thumb	RemoveMoneyLabelObject
0x080E5414	0x080E5479	thumb	AreMovesContestCombo
0x080E547C	0x080E547D	thumb	ContestEffect_HighlyAppealing
0x080E5480	0x080E54AF	thumb	ContestEffect_UserMoreEasilyStartled
0x080E54B0	0x080E54DF	thumb	ContestEffect_GreatAppealButNoMoreMoves
0x080E54E0	0x080E5533	thumb	ContestEffect_RepetitionNotBoring
0x080E5534	0x080E555F	thumb	ContestEffect_AvoidStartleOnce
0x080E5560	0x080E558F	thumb	ContestEffect_AvoidStartle
0x080E5590	0x080E55BB	thumb	ContestEffect_AvoidStartleSlightly
0x080E55BC	0x080E55EB	thumb	ContestEffect_UserLessEasilyStartled
0x080E55EC	0x080E5663	thumb	ContestEffect_StartleFrontMon
0x080E5664	0x080E56DF	thumb	ContestEffect_StartlePrevMons
0x080E56E0	0x080E5717	thumb	ContestEffect_StartlePrevMon2
0x080E5718	0x080E57CB	thumb	ContestEffect_StartlePrevMons2
0x080E57CC	0x080E588B	thumb	ContestEffect_ShiftJudgeAttention
0x080E588C	0x080E5937	thumb	ContestEffect_StartleMonWithJudgesAttention
0x080E5938	0x080E596F	thumb	ContestEffect_JamsOthersButMissOneTurn
0x080E5970	0x080E59AF	thumb	ContestEffect_StartleMonsSameTypeAppeal
0x080E59B0	0x080E59CF	thumb	ContestEffect_StartleMonsCoolAppeal
0x080E59D0	0x080E59EF	thumb	ContestEffect_StartleMonsBeautyAppeal
0x080E59F0	0x080E5A0F	thumb	ContestEffect_StartleMonsCuteAppeal
0x080E5A10	0x080E5A2F	thumb	ContestEffect_StartleMonsSmartAppeal
0x080E5A30	0x080E5A4F	thumb	ContestEffect_StartleMonsToughAppeal
0x080E5A50	0x080E5AD1	thumb	ContestEffect_MakeFollowingMonNervous
0x080E5AD4	0x080E5CD3	thumb	ContestEffect_MakeFollowingMonsNervous
0x080E5CD4	0x080E5D7B	thumb	ContestEffect_WorsenConditionOfPrevMons
0x080E5D7C	0x080E5E03	thumb	ContestEffect_BadlyStartlesMonsInGoodCondition
0x080E5E04	0x080E5E5B	thumb	ContestEffect_BetterIfFirst
0x080E5E5C	0x080E5EB3	thumb	ContestEffect_BetterIfLast
0x080E5EB4	0x080E5F63	thumb	ContestEffect_AppealAsGoodAsPrevOnes
0x080E5F64	0x080E5FE3	thumb	ContestEffect_AppealAsGoodAsPrevOne
0x080E5FE4	0x080E6065	thumb	ContestEffect_BetterWhenLater
0x080E6068	0x080E611B	thumb	ContestEffect_QualityDependsOnTiming
0x080E611C	0x080E620B	thumb	ContestEffect_BetterIfSameType
0x080E620C	0x080E62B7	thumb	ContestEffect_BetterIfDiffType
0x080E62B8	0x080E6333	thumb	ContestEffect_AffectedByPrevAppeal
0x080E6334	0x080E6395	thumb	ContestEffect_ImproveConditionPreventNervousness
0x080E6398	0x080E63E7	thumb	ContestEffect_BetterWithGoodCondition
0x080E63E8	0x080E651F	thumb	ContestEffect_NextAppealEarlier
0x080E6520	0x080E6663	thumb	ContestEffect_NextAppealLater
0x080E6664	0x080E6665	thumb	ContestEffect_MakeScramblingTurnOrderEasier
0x080E6668	0x080E6777	thumb	ContestEffect_ScrambleNextTurnOrder
0x080E6778	0x080E67BB	thumb	ContestEffect_ExciteAudienceInAnyContest
0x080E67BC	0x080E6867	thumb	ContestEffect_BadlyStartleMonsWithGoodAppeals
0x080E6868	0x080E68EB	thumb	ContestEffect_BetterWhenAudienceExcited
0x080E68EC	0x080E6933	thumb	ContestEffect_DontExciteAudience
0x080E6934	0x080E69C7	thumb	JamByMoveCategory
0x080E69C8	0x080E6A2B	thumb	CanUnnerveContestant
0x080E6A2C	0x080E6B39	thumb	WasAtLeastOneOpponentJammed
0x080E6B3C	0x080E6B6F	thumb	JamContestant
0x080E6B70	0x080E6BB1	thumb	RoundTowardsZero
0x080E6BB4	0x080E6BE5	thumb	RoundUp
0x080E6BE8	0x080E6BF7	thumb	RecordMixingPlayerSpotTriggered
0x080E6BF8	0x080E6C9F	thumb	SetSrcLookupPointers
0x080E6CA0	0x080E6D53	thumb	PrepareUnknownExchangePacket
0x080E6D54	0x080E6E23	thumb	PrepareExchangePacketForRubySapphire
0x080E6E24	0x080E6F5F	thumb	PrepareExchangePacket
0x080E6F60	0x080E70F3	thumb	ReceiveExchangePacket
0x080E70F4	0x080E7125	thumb	PrintTextOnRecordMixing
0x080E7128	0x080E715B	thumb	Task_RecordMixing_SoundEffect
0x080E715C	0x080E7323	thumb	Task_RecordMixing_Main
0x080E7324	0x080E756B	thumb	Task_MixingRecordsRecv
0x080E756C	0x080E762F	thumb	Task_SendPacket
0x080E7630	0x080E776B	thumb	Task_CopyReceiveBuffer
0x080E776C	0x080E779F	thumb	Task_WaitReceivePacket
0x080E77A0	0x080E77D3	thumb	Task_ReceivePacket
0x080E77D4	0x080E77FB	thumb	Task_SendPacket_SwitchToReceive
0x080E77FC	0x080E7807	thumb	LoadPtrFromTaskData
0x080E7808	0x080E780F	thumb	StorePtrInTaskData
0x080E7810	0x080E781D	thumb	GetMultiplayerId_
0x080E7820	0x080E782F	thumb	GetPlayerRecvBuffer
0x080E7830	0x080E78C3	thumb	ShufflePlayerIndices
0x080E78C4	0x080E7947	thumb	ReceiveOldManData
0x080E7948	0x080E7A13	thumb	ReceiveBattleTowerData
0x080E7A14	0x080E7A9B	thumb	ReceiveLilycoveLadyData
0x080E7A9C	0x080E7AA3	thumb	GetDaycareMailItemId
0x080E7AA4	0x080E7B2B	thumb	SwapDaycareMail
0x080E7B2C	0x080E7B53	thumb	CalculateDaycareMailRandSum
0x080E7B54	0x080E7B5F	thumb	GetDaycareMailRandSum
0x080E7B60	0x080E7F67	thumb	ReceiveDaycareMailData
0x080E7F68	0x080E7FF7	thumb	ReceiveGiftItem
0x080E7FF8	0x080E810F	thumb	Task_DoRecordMixing
0x080E8110	0x080E825F	thumb	GetSavedApprentices
0x080E8260	0x080E841B	thumb	GetPlayerHallRecords
0x080E841C	0x080E8467	thumb	IsApprenticeAlreadySaved
0x080E8468	0x080E8577	thumb	ReceiveApprenticeData
0x080E8578	0x080E887F	thumb	GetNewHallRecords
0x080E8880	0x080E88CB	thumb	FillWinStreakRecords1P
0x080E88CC	0x080E8923	thumb	FillWinStreakRecords2P
0x080E8924	0x080E89AB	thumb	SaveHighestWinStreakRecords
0x080E89AC	0x080E89F5	thumb	ReceiveRankingHallRecords
0x080E89F8	0x080E8A53	thumb	GetRecordMixingDaycareMail
0x080E8A54	0x080E8AB9	thumb	SanitizeDaycareMailForRuby
0x080E8ABC	0x080E8ABD	thumb	SanitizeRubyBattleTowerRecord
0x080E8AC0	0x080E8AED	thumb	SanitizeEmeraldBattleTowerRecord
0x080E8AF0	0x080E8B27	thumb	ClearSecretBase
0x080E8B28	0x080E8B57	thumb	ClearSecretBases
0x080E8B58	0x080E8B6B	thumb	SetCurSecretBaseId
0x080E8B6C	0x080E8BC7	thumb	TrySetCurSecretBaseIndex
0x080E8BC8	0x080E8BF7	thumb	CheckPlayerHasSecretBase
0x080E8BF8	0x080E8C95	thumb	GetSecretBaseTypeInFrontOfPlayer_
0x080E8C98	0x080E8CAF	thumb	GetSecretBaseTypeInFrontOfPlayer
0x080E8CB0	0x080E8D4B	thumb	FindMetatileIdMapCoords
0x080E8D4C	0x080E8DF3	thumb	ToggleSecretBaseEntranceMetatile
0x080E8DF4	0x080E8E15	thumb	GetNameLength
0x080E8E18	0x080E8EDF	thumb	SetPlayerSecretBase
0x080E8EE0	0x080E8F9B	thumb	SetOccupiedSecretBaseEntranceMetatiles
0x080E8F9C	0x080E8FCF	thumb	SetSecretBaseWarpDestination
0x080E8FD0	0x080E9067	thumb	Task_EnterSecretBase
0x080E9068	0x080E909B	thumb	EnterSecretBase
0x080E909C	0x080E90C5	thumb	SecretBaseMapPopupEnabled
0x080E90C8	0x080E9107	thumb	EnterNewlyCreatedSecretBase_WaitFadeIn
0x080E9108	0x080E916B	thumb	EnterNewlyCreatedSecretBase_StartFadeIn
0x080E916C	0x080E91F7	thumb	Task_EnterNewlyCreatedSecretBase
0x080E91F8	0x080E9213	thumb	EnterNewlyCreatedSecretBase
0x080E9214	0x080E9235	thumb	CurMapIsSecretBase
0x080E9238	0x080E933B	thumb	InitSecretBaseAppearance
0x080E933C	0x080E9577	thumb	InitSecretBaseDecorationSprites
0x080E9578	0x080E95D3	thumb	HideSecretBaseDecorationSprites
0x080E95D4	0x080E9607	thumb	SetSecretBaseOwnerGfxId
0x080E9608	0x080E9665	thumb	SetCurSecretBaseIdFromPosition
0x080E9668	0x080E967F	thumb	WarpIntoSecretBase
0x080E9680	0x080E96A1	thumb	TrySetCurSecretBase
0x080E96A4	0x080E9727	thumb	Task_WarpOutOfSecretBase
0x080E9728	0x080E9743	thumb	WarpOutOfSecretBase
0x080E9744	0x080E977F	thumb	IsCurSecretBaseOwnedByAnotherPlayer
0x080E9780	0x080E97EB	thumb	GetSecretBaseName
0x080E97EC	0x080E980B	thumb	GetSecretBaseMapName
0x080E980C	0x080E9877	thumb	CopyCurSecretBaseOwnerName_StrVar1
0x080E9878	0x080E98A9	thumb	IsSecretBaseRegistered
0x080E98AC	0x080E9913	thumb	GetAverageEVs
0x080E9914	0x080E9A8F	thumb	SetPlayerSecretBaseParty
0x080E9A90	0x080E9ABF	thumb	ClearAndLeaveSecretBase
0x080E9AC0	0x080E9ACF	thumb	MoveOutOfSecretBase
0x080E9AD0	0x080E9B6D	thumb	ClosePlayerSecretBaseEntrance
0x080E9B70	0x080E9BA7	thumb	MoveOutOfSecretBaseFromOutside
0x080E9BA8	0x080E9BDB	thumb	GetNumRegisteredSecretBases
0x080E9BDC	0x080E9C2B	thumb	GetCurSecretBaseRegistrationValidity
0x080E9C2C	0x080E9C73	thumb	ToggleCurSecretBaseRegistry
0x080E9C74	0x080E9C87	thumb	ShowSecretBaseDecorationMenu
0x080E9C88	0x080E9C9B	thumb	ShowSecretBaseRegistryMenu
0x080E9C9C	0x080E9D2B	thumb	Task_ShowSecretBaseRegistryMenu
0x080E9D2C	0x080E9DEB	thumb	BuildRegistryMenuItems
0x080E9DEC	0x080E9DFF	thumb	RegistryMenu_OnCursorMove
0x080E9E00	0x080E9E43	thumb	FinalizeRegistryMenu
0x080E9E44	0x080E9E8F	thumb	AddRegistryMenuScrollArrows
0x080E9E90	0x080E9F1F	thumb	HandleRegistryMenuInput
0x080E9F20	0x080E9FAF	thumb	ShowRegistryMenuActions
0x080E9FB0	0x080E9FFB	thumb	HandleRegistryMenuActionsInput
0x080E9FFC	0x080EA06B	thumb	ShowRegistryMenuDeleteConfirmation
0x080EA06C	0x080EA08B	thumb	ShowRegistryMenuDeleteYesNo
0x080EA08C	0x080EA11F	thumb	DeleteRegistry_Yes_Callback
0x080EA120	0x080EA13B	thumb	DeleteRegistry_Yes
0x080EA13C	0x080EA18B	thumb	DeleteRegistry_No
0x080EA18C	0x080EA1CF	thumb	ReturnToMainRegistryMenu
0x080EA1D0	0x080EA20B	thumb	GoToSecretBasePCRegisterMenu
0x080EA20C	0x080EA24F	thumb	GetSecretBaseOwnerType
0x080EA250	0x080EA2E3	thumb	GetSecretBaseTrainerLoseText
0x080EA2E4	0x080EA30B	thumb	PrepSecretBaseBattleFlags
0x080EA30C	0x080EA353	thumb	SetBattledOwnerFromResult
0x080EA354	0x080EA3E3	thumb	GetSecretBaseOwnerAndState
0x080EA3E4	0x080EA827	thumb	SecretBasePerStepCallback
0x080EA828	0x080EA8D3	thumb	SaveSecretBase
0x080EA8D4	0x080EA901	thumb	SecretBasesHaveSameTrainerId
0x080EA904	0x080EA94D	thumb	SecretBasesHaveSameTrainerName
0x080EA950	0x080EA98D	thumb	SecretBasesBelongToSamePlayer
0x080EA990	0x080EA9D5	thumb	GetSecretBaseIndexFromId
0x080EA9D8	0x080EAA17	thumb	FindAvailableSecretBaseIndex
0x080EAA18	0x080EAA61	thumb	FindUnregisteredSecretBaseIndex
0x080EAA64	0x080EAAF3	thumb	TrySaveFriendsSecretBase
0x080EAAF4	0x080EABA3	thumb	SortSecretBasesByRegistryStatus
0x080EABA4	0x080EABD9	thumb	TrySaveFriendsSecretBases
0x080EABDC	0x080EAC5B	thumb	SecretBaseBelongsToPlayer
0x080EAC5C	0x080EAD11	thumb	DeleteFirstOldBaseFromPlayerInRecordMixingFriendsRecords
0x080EAD14	0x080EAD93	thumb	ClearDuplicateOwnedSecretBase
0x080EAD94	0x080EAE8D	thumb	ClearDuplicateOwnedSecretBases
0x080EAE90	0x080EAEB3	thumb	TrySaveRegisteredDuplicate
0x080EAEB4	0x080EAEF3	thumb	TrySaveRegisteredDuplicates
0x080EAEF4	0x080EAF7F	thumb	SaveRecordMixBases
0x080EAF80	0x080EB18B	thumb	ReceiveSecretBasesData
0x080EB18C	0x080EB1AB	thumb	ClearJapaneseSecretBases
0x080EB1AC	0x080EB217	thumb	InitSecretBaseVars
0x080EB218	0x080EB28F	thumb	CheckLeftFriendsSecretBase
0x080EB290	0x080EB2C7	thumb	CheckInteractedWithFriendsDollDecor
0x080EB2C8	0x080EB2FF	thumb	CheckInteractedWithFriendsCushionDecor
0x080EB300	0x080EB367	thumb	DeclinedSecretBaseBattle
0x080EB368	0x080EB3CF	thumb	WonSecretBaseBattle
0x080EB3D0	0x080EB437	thumb	LostSecretBaseBattle
0x080EB438	0x080EB497	thumb	DrewSecretBaseBattle
0x080EB498	0x080EB56B	thumb	CheckInteractedWithFriendsPosterDecor
0x080EB56C	0x080EB9DF	thumb	CheckInteractedWithFriendsFurnitureBottom
0x080EB9E0	0x080EBB27	thumb	CheckInteractedWithFriendsFurnitureMiddle
0x080EBB28	0x080EBE7B	thumb	CheckInteractedWithFriendsFurnitureTop
0x080EBE7C	0x080EBEDF	thumb	CheckInteractedWithFriendsSandOrnament
0x080EBEE0	0x080EBF3B	thumb	ClearTVShowData
0x080EBF3C	0x080EBFF1	thumb	GetRandomActiveShowIdx
0x080EBFF4	0x080EC041	thumb	FindAnyTVShowOnTheAir
0x080EC044	0x080EC0CB	thumb	UpdateTVScreensOnMap
0x080EC0CC	0x080EC12D	thumb	SetTVMetatilesOnMap
0x080EC130	0x080EC14B	thumb	TurnOffTVScreen
0x080EC14C	0x080EC167	thumb	TurnOnTVScreen
0x080EC168	0x080EC18B	thumb	GetSelectedTVShow
0x080EC18C	0x080EC1D1	thumb	FindFirstActiveTVShowThatIsNotAMassOutbreak
0x080EC1D4	0x080EC219	thumb	GetNextActiveShowIfMassOutbreak
0x080EC21C	0x080EC31B	thumb	ResetGabbyAndTy
0x080EC31C	0x080EC447	thumb	GabbyAndTyBeforeInterview
0x080EC448	0x080EC4E7	thumb	GabbyAndTyAfterInterview
0x080EC4E8	0x080EC503	thumb	TakeGabbyAndTyOffTheAir
0x080EC504	0x080EC52F	thumb	GabbyAndTyGetBattleNum
0x080EC530	0x080EC547	thumb	IsGabbyAndTyShowOnTheAir
0x080EC548	0x080EC58B	thumb	GabbyAndTyGetLastQuote
0x080EC58C	0x080EC5D5	thumb	GabbyAndTyGetLastBattleTrivia
0x080EC5D8	0x080EC6BB	thumb	GetGabbyAndTyLocalIds
0x080EC6BC	0x080EC727	thumb	InterviewAfter
0x080EC728	0x080EC8A3	thumb	TryPutPokemonTodayOnAir
0x080EC8A4	0x080EC8FB	thumb	InitWorldOfMastersShowAttempt
0x080EC8FC	0x080EC9E7	thumb	TryPutPokemonTodayFailedOnTheAir
0x080EC9E8	0x080ECA0F	thumb	StorePlayerIdInRecordMixShow
0x080ECA10	0x080ECA35	thumb	StorePlayerIdInNormalShow
0x080ECA38	0x080ECAFF	thumb	InterviewAfter_ContestLiveUpdates
0x080ECB00	0x080ECC03	thumb	PutBattleUpdateOnTheAir
0x080ECC04	0x080ECCFD	thumb	Put3CheersForPokeblocksOnTheAir
0x080ECD00	0x080ECDA1	thumb	PutFanClubSpecialOnTheAir
0x080ECDA4	0x080ECDF3	thumb	ContestLiveUpdates_Init
0x080ECDF4	0x080ECE33	thumb	ContestLiveUpdates_SetRound2Placing
0x080ECE34	0x080ECE73	thumb	ContestLiveUpdates_SetWinnerAppealFlag
0x080ECE74	0x080ECEB3	thumb	ContestLiveUpdates_SetWinnerMoveUsed
0x080ECEB4	0x080ECF5B	thumb	ContestLiveUpdates_SetLoserData
0x080ECF5C	0x080ED03B	thumb	InterviewAfter_BravoTrainerPokemonProfile
0x080ED03C	0x080ED08F	thumb	BravoTrainerPokemonProfile_BeforeInterview1
0x080ED090	0x080ED163	thumb	BravoTrainerPokemonProfile_BeforeInterview2
0x080ED164	0x080ED237	thumb	InterviewAfter_BravoTrainerBattleTowerProfile
0x080ED238	0x080ED31F	thumb	TryPutSmartShopperOnAir
0x080ED320	0x080ED42F	thumb	PutNameRaterShowOnTheAir
0x080ED430	0x080ED4DB	thumb	StartMassOutbreak
0x080ED4DC	0x080ED547	thumb	PutLilycoveContestLadyShowOnTheAir
0x080ED548	0x080ED5B7	thumb	InterviewAfter_FanClubLetter
0x080ED5B8	0x080ED60F	thumb	InterviewAfter_RecentHappenings
0x080ED610	0x080ED711	thumb	InterviewAfter_PkmnFanClubOpinions
0x080ED714	0x080ED715	thumb	InterviewAfter_Dummy
0x080ED718	0x080ED807	thumb	TryStartRandomMassOutbreak
0x080ED808	0x080ED887	thumb	EndMassOutbreak
0x080ED888	0x080ED8B3	thumb	UpdateTVShowsPerDay
0x080ED8B4	0x080ED921	thumb	UpdateTimeBeforeMassOutbreak
0x080ED924	0x080ED94F	thumb	TryEndMassOutbreak
0x080ED950	0x080ED9A7	thumb	RecordFishingAttemptForTV
0x080ED9A8	0x080EDA3B	thumb	TryPutFishingAdviceOnAir
0x080EDA3C	0x080EDA47	thumb	SetPokemonAnglerSpecies
0x080EDA48	0x080EDA7F	thumb	ResolveWorldOfMastersShow
0x080EDA80	0x080EDB43	thumb	TryPutWorldOfMastersOnAir
0x080EDB44	0x080EDC5F	thumb	TryPutTodaysRivalTrainerOnAir
0x080EDC60	0x080EDCE7	thumb	TryPutTrendWatcherOnAir
0x080EDCE8	0x080EDD77	thumb	TryPutTreasureInvestigatorsOnAir
0x080EDD78	0x080EDE6F	thumb	TryPutFindThatGamerOnAir
0x080EDE70	0x080EDE83	thumb	AlertTVThatPlayerPlayedSlotMachine
0x080EDE84	0x080EDE97	thumb	AlertTVThatPlayerPlayedRoulette
0x080EDE98	0x080EDFB3	thumb	SecretBaseVisit_CalculateDecorationData
0x080EDFB4	0x080EE103	thumb	SecretBaseVisit_CalculatePartyData
0x080EE104	0x080EE183	thumb	TryPutSecretBaseVisitOnAir
0x080EE184	0x080EE2CB	thumb	TryPutBreakingNewsOnAir
0x080EE2CC	0x080EE35B	thumb	TryPutLotteryWinnerReportOnAir
0x080EE35C	0x080EE44B	thumb	TryPutBattleSeminarOnAir
0x080EE44C	0x080EE4DB	thumb	TryPutSafariFanClubOnAir
0x080EE4DC	0x080EE5A3	thumb	TryPutSpotTheCutiesOnAir
0x080EE5A4	0x080EE69B	thumb	GetRibbonCount
0x080EE69C	0x080EE72B	thumb	MonDataIdxToRibbon
0x080EE72C	0x080EE7BF	thumb	TryPutTrainerFanClubOnAir
0x080EE7C0	0x080EE817	thumb	ShouldHideFanClubInterviewer
0x080EE818	0x080EE8C7	thumb	ShouldAirFrontierTVShow
0x080EE8C8	0x080EEA6F	thumb	TryPutFrontierTVShowOnAir
0x080EEA70	0x080EEB97	thumb	TryPutSecretBaseSecretsOnAir
0x080EEB98	0x080EEBF3	thumb	ResolveNumberOneShow
0x080EEBF4	0x080EEC7F	thumb	TryPutNumberOneOnAir
0x080EEC80	0x080EECA3	thumb	IncrementDailySlotsUses
0x080EECA4	0x080EECC7	thumb	IncrementDailyRouletteUses
0x080EECC8	0x080EECEB	thumb	IncrementDailyWildBattles
0x080EECEC	0x080EED0F	thumb	IncrementDailyBerryBlender
0x080EED10	0x080EED33	thumb	IncrementDailyPlantedBerries
0x080EED34	0x080EED5F	thumb	IncrementDailyPickedBerries
0x080EED60	0x080EED87	thumb	IncrementDailyBattlePoints
0x080EED88	0x080EEE2F	thumb	TryPutRandomPokeNewsOnAir
0x080EEE30	0x080EEE5B	thumb	GetFirstEmptyPokeNewsSlot
0x080EEE5C	0x080EEE75	thumb	ClearPokeNews
0x080EEE78	0x080EEEB7	thumb	ClearPokeNewsBySlot
0x080EEEB8	0x080EEF1F	thumb	CompactPokeNews
0x080EEF20	0x080EEF69	thumb	FindAnyPokeNewsOnTheAir
0x080EEF6C	0x080EF037	thumb	DoPokeNews
0x080EF038	0x080EF091	thumb	IsPokeNewsActive
0x080EF094	0x080EF0E3	thumb	ShouldApplyPokeNewsEffect
0x080EF0E4	0x080EF11F	thumb	IsAddingPokeNewsDisallowed
0x080EF120	0x080EF1BB	thumb	UpdatePokeNewsCountdown
0x080EF1BC	0x080EF24F	thumb	CopyContestRankToStringVar
0x080EF250	0x080EF30B	thumb	CopyContestCategoryToStringVar
0x080EF30C	0x080EF33F	thumb	SetContestCategoryStringVarForInterview
0x080EF340	0x080EF36F	thumb	ConvertIntToDecimalString
0x080EF370	0x080EF40B	thumb	CountDigits
0x080EF40C	0x080EF469	thumb	SmartShopper_BufferPurchaseTotal
0x080EF46C	0x080EF4FD	thumb	IsRecordMixShowAlreadySpawned
0x080EF500	0x080EF54F	thumb	SortPurchasesByQuantity
0x080EF550	0x080EF5B7	thumb	TryReplaceOldTVShowOfKind
0x080EF5B8	0x080EF649	thumb	InterviewBefore
0x080EF64C	0x080EF6C3	thumb	InterviewBefore_FanClubLetter
0x080EF6C4	0x080EF703	thumb	InterviewBefore_RecentHappenings
0x080EF704	0x080EF79B	thumb	InterviewBefore_PkmnFanClubOpinions
0x080EF79C	0x080EF7A7	thumb	InterviewBefore_Dummy
0x080EF7A8	0x080EF7B3	thumb	InterviewBefore_NameRater
0x080EF7B4	0x080EF7F3	thumb	InterviewBefore_BravoTrainerPkmnProfile
0x080EF7F4	0x080EF7FF	thumb	InterviewBefore_ContestLiveUpdates
0x080EF800	0x080EF80B	thumb	InterviewBefore_3CheersForPokeblocks
0x080EF80C	0x080EF84B	thumb	InterviewBefore_BravoTrainerBTProfile
0x080EF84C	0x080EF88B	thumb	InterviewBefore_FanClubSpecial
0x080EF88C	0x080EF8F5	thumb	IsPartyMonNicknamedOrNotEnglish
0x080EF8F8	0x080EF90D	thumb	IsLeadMonNicknamedOrNotEnglish
0x080EF910	0x080EF93B	thumb	DeleteTVShowInArrayByIdx
0x080EF93C	0x080EF9E5	thumb	CompactTVShowArray
0x080EF9E8	0x080EFA23	thumb	GetRandomDifferentSpeciesAndNameSeenByPlayer
0x080EFA24	0x080EFA85	thumb	GetRandomDifferentSpeciesSeenByPlayer
0x080EFA88	0x080EFADB	thumb	Script_FindFirstEmptyNormalTVShowSlot
0x080EFADC	0x080EFB07	thumb	FindFirstEmptyNormalTVShowSlot
0x080EFB08	0x080EFB37	thumb	FindFirstEmptyRecordMixTVShowSlot
0x080EFB38	0x080EFB57	thumb	BernoulliTrial
0x080EFB58	0x080EFBA3	thumb	GetRandomWordFromShow
0x080EFBA4	0x080EFBD9	thumb	GetRandomNameRaterStateFromName
0x080EFBDC	0x080EFD53	thumb	GetNicknameSubstring
0x080EFD54	0x080EFD95	thumb	IsTVShowAlreadyInQueue
0x080EFD98	0x080EFDDB	thumb	TryPutNameRaterShowOnTheAir
0x080EFDDC	0x080EFE97	thumb	ChangePokemonNickname
0x080EFE98	0x080EFEC3	thumb	ChangePokemonNickname_CB
0x080EFEC4	0x080EFF47	thumb	ChangeBoxPokemonNickname
0x080EFF48	0x080EFF6B	thumb	ChangeBoxPokemonNickname_CB
0x080EFF6C	0x080EFF9B	thumb	BufferMonNickname
0x080EFF9C	0x080EFFDF	thumb	IsMonOTIDNotPlayers
0x080EFFE0	0x080F001F	thumb	GetTVGroupByShowId
0x080F0020	0x080F003F	thumb	GetPlayerIDAsU32
0x080F0040	0x080F00A1	thumb	CheckForPlayersHouseNews
0x080F00A4	0x080F01B7	thumb	GetMomOrDadStringForTVMessage
0x080F01B8	0x080F01E7	thumb	HideBattleTowerReporter
0x080F01E8	0x080F0357	thumb	ReceiveTvShowsData
0x080F0358	0x080F049B	thumb	SetMixedTVShows
0x080F049C	0x080F057F	thumb	TryMixTVShow
0x080F0580	0x080F05E5	thumb	TryMixNormalTVShow
0x080F05E8	0x080F0665	thumb	TryMixRecordMixTVShow
0x080F0668	0x080F06CF	thumb	TryMixOutbreakTVShow
0x080F06D0	0x080F0707	thumb	FindInactiveShowInArray
0x080F0708	0x080F0AFF	thumb	DeactivateShowsWithUnseenSpecies
0x080F0B00	0x080F0B23	thumb	DeactivateShow
0x080F0B24	0x080F0B63	thumb	DeactivateShowIfNotSeenSpecies
0x080F0B64	0x080F0BB7	thumb	DeactivateGameCompleteShowsIfNotUnlocked
0x080F0BB8	0x080F0C03	thumb	DeactivateAllNormalTVShows
0x080F0C04	0x080F0C7B	thumb	DeleteExcessMixedShows
0x080F0C7C	0x080F0D5F	thumb	ReceivePokeNewsData
0x080F0D60	0x080F0E57	thumb	SetMixedPokeNews
0x080F0E58	0x080F0E83	thumb	InitTryMixPokeNewsShow
0x080F0E84	0x080F0ECB	thumb	TryMixPokeNewsShow
0x080F0ECC	0x080F0EE9	thumb	GetPokeNewsSlotIfActive
0x080F0EEC	0x080F0F23	thumb	ClearInvalidPokeNews
0x080F0F24	0x080F0F63	thumb	ClearPokeNewsIfGameNotComplete
0x080F0F64	0x080F1207	thumb	TranslateShowNames
0x080F1208	0x080F1251	thumb	SanitizeTVShowsForRuby
0x080F1254	0x080F128F	thumb	TranslateRubyShows
0x080F1290	0x080F12A3	thumb	GetStringLanguage
0x080F12A4	0x080F14F5	thumb	TranslateJapaneseEmeraldShows
0x080F14F8	0x080F153B	thumb	SanitizeTVShowLocationsForRuby
0x080F153C	0x080F16E9	thumb	DoTVShow
0x080F16EC	0x080F1973	thumb	DoTVShowBravoTrainerPokemonProfile
0x080F1974	0x080F1C0B	thumb	DoTVShowBravoTrainerBattleTower
0x080F1C0C	0x080F1E47	thumb	DoTVShowTodaysSmartShopper
0x080F1E48	0x080F211B	thumb	DoTVShowTheNameRaterShow
0x080F211C	0x080F236F	thumb	DoTVShowPokemonTodaySuccessfulCapture
0x080F2370	0x080F24D7	thumb	DoTVShowPokemonTodayFailedCapture
0x080F24D8	0x080F2707	thumb	DoTVShowPokemonFanClubLetter
0x080F2708	0x080F28A3	thumb	DoTVShowRecentHappenings
0x080F28A4	0x080F299B	thumb	DoTVShowPokemonFanClubOpinions
0x080F299C	0x080F299D	thumb	DoTVShowDummiedOut
0x080F29A0	0x080F2A0F	thumb	DoTVShowPokemonNewsMassOutbreak
0x080F2A10	0x080F313F	thumb	DoTVShowPokemonContestLiveUpdates
0x080F3140	0x080F3387	thumb	DoTVShowPokemonBattleUpdate
0x080F3388	0x080F363B	thumb	DoTVShow3CheersForPokeblocks
0x080F363C	0x080F3827	thumb	DoTVShowInSearchOfTrainers
0x080F3828	0x080F3903	thumb	DoTVShowPokemonAngler
0x080F3904	0x080F39E3	thumb	DoTVShowTheWorldOfMasters
0x080F39E4	0x080F3C03	thumb	DoTVShowTodaysRivalTrainer
0x080F3C04	0x080F3D73	thumb	DoTVShowDewfordTrendWatcherNetwork
0x080F3D74	0x080F3E7B	thumb	DoTVShowHoennTreasureInvestigators
0x080F3E7C	0x080F4027	thumb	DoTVShowFindThatGamer
0x080F4028	0x080F435F	thumb	DoTVShowBreakingNewsTV
0x080F4360	0x080F459F	thumb	DoTVShowSecretBaseVisit
0x080F45A0	0x080F466B	thumb	DoTVShowPokemonLotteryWinnerFlashReport
0x080F466C	0x080F487B	thumb	DoTVShowThePokemonBattleSeminar
0x080F487C	0x080F49BB	thumb	DoTVShowTrainerFanClubSpecial
0x080F49BC	0x080F4B5B	thumb	DoTVShowTrainerFanClub
0x080F4B5C	0x080F4D9B	thumb	DoTVShowSpotTheCuties
0x080F4D9C	0x080F502F	thumb	DoTVShowPokemonNewsBattleFrontier
0x080F5030	0x080F517F	thumb	DoTVShowWhatsNo1InHoennToday
0x080F5180	0x080F51AB	thumb	SecretBaseSecrets_GetNumActionsTaken
0x080F51AC	0x080F51EB	thumb	SecretBaseSecrets_GetStateByFlagNumber
0x080F51EC	0x080F5547	thumb	DoTVShowSecretBaseSecrets
0x080F5548	0x080F56D3	thumb	DoTVShowSafariFanClub
0x080F56D4	0x080F577B	thumb	DoTVShowLilycoveContestLady
0x080F577C	0x080F57B7	thumb	TVShowDone
0x080F57B8	0x080F57C3	thumb	ResetTVShowState
0x080F57C4	0x080F591B	thumb	InitContestResultsDisplay
0x080F591C	0x080F5A73	thumb	LoadContestResultsBgGfx
0x080F5A74	0x080F5ADF	thumb	LoadContestMonName
0x080F5AE0	0x080F5AFD	thumb	LoadAllContestMonNames
0x080F5B00	0x080F5BFF	thumb	CB2_StartShowContestResults
0x080F5C00	0x080F5C21	thumb	CB2_ShowContestResults
0x080F5C24	0x080F5CE3	thumb	VBlankCB_ShowContestResults
0x080F5CE4	0x080F5ED7	thumb	Task_ShowContestResults
0x080F5ED8	0x080F5F13	thumb	Task_WaitForLinkPartnersBeforeResults
0x080F5F14	0x080F5F2F	thumb	Task_CommunicateMonIdxsForResults
0x080F5F30	0x080F5F73	thumb	Task_WaitForLinkPartnerMonIdxs
0x080F5F74	0x080F6057	thumb	Task_AnnouncePreliminaryResults
0x080F6058	0x080F60EF	thumb	Task_ShowPreliminaryResults
0x080F60F0	0x080F616B	thumb	Task_AnnounceRound2Results
0x080F616C	0x080F6203	thumb	Task_ShowRound2Results
0x080F6204	0x080F6403	thumb	Task_AnnounceWinner
0x080F6404	0x080F66B3	thumb	Task_ShowWinnerMonBanner
0x080F66B4	0x080F671B	thumb	Task_SetSeenWinnerMon
0x080F671C	0x080F677B	thumb	Task_TryDisconnectLinkPartners
0x080F677C	0x080F67C3	thumb	Task_WaitForLinkPartnersDisconnect
0x080F67C4	0x080F681F	thumb	Task_TrySetContestInterviewData
0x080F6820	0x080F68B3	thumb	Task_EndShowContestResults
0x080F68B4	0x080F68EF	thumb	Task_SlideContestResultsBg
0x080F68F0	0x080F69B7	thumb	Task_FlashStarsAndHearts
0x080F69B8	0x080F6A63	thumb	LoadContestMonIcon
0x080F6A64	0x080F6A9B	thumb	LoadAllContestMonIcons
0x080F6A9C	0x080F6AE7	thumb	LoadAllContestMonIconPalettes
0x080F6AE8	0x080F6B77	thumb	TryCreateWirelessSprites
0x080F6B78	0x080F6DBF	thumb	DrawResultsTextWindow
0x080F6DC0	0x080F6E9B	thumb	CreateResultsTextWindowSprites
0x080F6E9C	0x080F6EF3	thumb	StartTextBoxSlideIn
0x080F6EF4	0x080F6F3F	thumb	StartTextBoxSlideOut
0x080F6F40	0x080F6F67	thumb	EndTextBoxSlideOut
0x080F6F68	0x080F6FDB	thumb	SpriteCB_TextBoxSlideIn
0x080F6FDC	0x080F7013	thumb	SpriteCB_EndTextBoxSlideIn
0x080F7014	0x080F707B	thumb	SpriteCB_TextBoxSlideOut
0x080F707C	0x080F7143	thumb	ShowLinkResultsTextBox
0x080F7144	0x080F71C7	thumb	HideLinkResultsTextBox
0x080F71C8	0x080F730F	thumb	LoadContestResultsTitleBarTilemaps
0x080F7310	0x080F7363	thumb	GetNumPreliminaryPoints
0x080F7364	0x080F73D9	thumb	GetNumRound2Points
0x080F73DC	0x080F74BB	thumb	Task_DrawFinalStandingNumber
0x080F74BC	0x080F753B	thumb	Task_StartHighlightWinnersBox
0x080F753C	0x080F75A5	thumb	Task_HighlightWinnersBox
0x080F75A8	0x080F761F	thumb	SpriteCB_WinnerMonSlideIn
0x080F7620	0x080F766F	thumb	SpriteCB_WinnerMonSlideOut
0x080F7670	0x080F7767	thumb	Task_CreateConfetti
0x080F7768	0x080F77DF	thumb	SpriteCB_Confetti
0x080F77E0	0x080F7823	thumb	BounceMonIconInBox
0x080F7824	0x080F787F	thumb	Task_BounceMonIconInBox
0x080F7880	0x080F7A7F	thumb	CalculateContestantsResultData
0x080F7A80	0x080F7CA5	thumb	UpdateContestResultBars
0x080F7CA8	0x080F7DF3	thumb	Task_UpdateContestResultBar
0x080F7DF4	0x080F7E63	thumb	AllocContestResults
0x080F7E64	0x080F7ECF	thumb	FreeContestResults
0x080F7ED0	0x080F7F2D	thumb	AddContestTextPrinter
0x080F7F30	0x080F7F7B	thumb	TryEnterContestMon
0x080F7F7C	0x080F7FFB	thumb	HasMonWonThisContestBefore
0x080F7FFC	0x080F8263	thumb	GiveMonContestRibbon
0x080F8264	0x080F828F	thumb	BufferContestantTrainerName
0x080F8290	0x080F82B3	thumb	BufferContestantMonNickname
0x080F82B4	0x080F82FB	thumb	GetContestMonConditionRanking
0x080F82FC	0x080F831B	thumb	GetContestMonCondition
0x080F831C	0x080F834B	thumb	GetContestWinnerId
0x080F834C	0x080F838F	thumb	BufferContestWinnerTrainerName
0x080F8390	0x080F83CF	thumb	BufferContestWinnerMonName
0x080F83D0	0x080F83DF	thumb	CB2_SetStartContestCallback
0x080F83E0	0x080F840B	thumb	Task_StartContest
0x080F840C	0x080F8437	thumb	StartContest
0x080F8438	0x080F8457	thumb	BufferContestantMonSpecies
0x080F8458	0x080F8483	thumb	Task_StartShowContestResults
0x080F8484	0x080F84AF	thumb	ShowContestResults
0x080F84B0	0x080F84C3	thumb	GetContestPlayerId
0x080F84C4	0x080F8507	thumb	ContestLinkTransfer
0x080F8508	0x080F8567	thumb	Task_StartCommunication
0x080F8568	0x080F8583	thumb	Task_StartCommunicateRngRS
0x080F8584	0x080F859F	thumb	Task_StartCommunicateLeaderIdsRS
0x080F85A0	0x080F85BB	thumb	Task_StartCommunicateCategoryRS
0x080F85BC	0x080F86B7	thumb	Task_LinkContest_SetUpContestRS
0x080F86B8	0x080F86DF	thumb	Task_LinkContest_CalculateTurnOrderRS
0x080F86E0	0x080F8713	thumb	LinkContest_GetLeaderIndex
0x080F8714	0x080F878B	thumb	Task_LinkContest_FinalizeConnection
0x080F878C	0x080F87B3	thumb	Task_LinkContest_Disconnect
0x080F87B4	0x080F87D7	thumb	Task_LinkContest_WaitDisconnect
0x080F87D8	0x080F8813	thumb	SetContestTrainerGfxIds
0x080F8814	0x080F884F	thumb	GetNpcContestantLocalId
0x080F8850	0x080F8861	thumb	BufferContestTrainerAndMonNames
0x080F8864	0x080F88DB	thumb	DoesContestCategoryHaveMuseumPainting
0x080F88DC	0x080F88E7	thumb	SaveMuseumContestPainting
0x080F88E8	0x080F893F	thumb	ShouldReadyContestArtist
0x080F8940	0x080F896F	thumb	CountPlayerMuseumPaintings
0x080F8970	0x080F8ACB	thumb	GetContestantNamesAtRank
0x080F8ACC	0x080F8ADB	thumb	ExitContestPainting
0x080F8ADC	0x080F8AFB	thumb	ShowContestPainting
0x080F8AFC	0x080F8B93	thumb	SetLinkContestPlayerGfx
0x080F8B94	0x080F8C7B	thumb	LoadLinkContestPlayerPalettes
0x080F8C7C	0x080F8D21	thumb	GiveMonArtistRibbon
0x080F8D24	0x080F8D27	thumb	IsContestDebugActive
0x080F8D28	0x080F8EB7	thumb	ShowContestEntryMonPic
0x080F8EB8	0x080F8EE7	thumb	HideContestEntryMonPic
0x080F8EE8	0x080F8F9D	thumb	Task_ShowContestEntryMonPic
0x080F8FA0	0x080F8FE7	thumb	GetContestMultiplayerId
0x080F8FE8	0x080F903B	thumb	GenerateContestRand
0x080F903C	0x080F905B	thumb	GetContestRand
0x080F905C	0x080F9087	thumb	LinkContestWaitForConnection
0x080F9088	0x080F90D9	thumb	Task_LinkContestWaitForConnection
0x080F90DC	0x080F910B	thumb	LinkContestTryShowWirelessIndicator
0x080F910C	0x080F9133	thumb	LinkContestTryHideWirelessIndicator
0x080F9134	0x080F9151	thumb	IsContestWithRSPlayer
0x080F9154	0x080F915F	thumb	ClearLinkContestFlags
0x080F9160	0x080F917D	thumb	IsWirelessContest
0x080F9180	0x080F9243	thumb	HealPlayerParty
0x080F9244	0x080F92C5	thumb	ScriptGiveMon
0x080F92C8	0x080F92F7	thumb	ScriptGiveEgg
0x080F92F8	0x080F931F	thumb	HasEnoughMonsForDoubleBattle
0x080F9320	0x080F936D	thumb	CheckPartyMonHasHeldItem
0x080F9370	0x080F939F	thumb	DoesPartyHaveEnigmaBerry
0x080F93A0	0x080F93FF	thumb	CreateScriptedWildMon
0x080F9400	0x080F9437	thumb	ScriptSetMonMoveSlot
0x080F9438	0x080F945F	thumb	ChooseHalfPartyForBattle
0x080F9460	0x080F948F	thumb	CB2_ReturnFromChooseHalfParty
0x080F9490	0x080F94B7	thumb	ChoosePartyForBattleFrontier
0x080F94B8	0x080F94E7	thumb	CB2_ReturnFromChooseBattleFrontierParty
0x080F94E8	0x080F9567	thumb	ReducePlayerPartyToSelectedMons
0x080F9568	0x080F9589	thumb	IsMonValidSpecies
0x080F958C	0x080F95BF	thumb	AllMonsFainted
0x080F95C0	0x080F960B	thumb	FaintFromFieldPoison
0x080F960C	0x080F9653	thumb	MonFaintedFromPoison
0x080F9654	0x080F972B	thumb	Task_TryFieldPoisonWhiteOut
0x080F972C	0x080F9743	thumb	TryFieldPoisonWhiteOut
0x080F9744	0x080F97C5	thumb	DoPoisonFieldEffect
0x080F97C8	0x080F986B	thumb	GetMonSizeHash
0x080F986C	0x080F989B	thumb	TranslateBigMonSizeTableIndex
0x080F989C	0x080F990F	thumb	GetMonSize
0x080F9910	0x080F9983	thumb	FormatMonSizeRecord
0x080F9984	0x080F9A11	thumb	CompareMonSize
0x080F9A14	0x080F9A7B	thumb	GetMonSizeRecordInfo
0x080F9A7C	0x080F9A8F	thumb	InitSeedotSizeRecord
0x080F9A90	0x080F9AAB	thumb	GetSeedotSizeRecordInfo
0x080F9AAC	0x080F9AD3	thumb	CompareSeedotSize
0x080F9AD4	0x080F9AE7	thumb	InitLotadSizeRecord
0x080F9AE8	0x080F9B03	thumb	GetLotadSizeRecordInfo
0x080F9B04	0x080F9B2F	thumb	CompareLotadSize
0x080F9B30	0x080F9BCB	thumb	GiveGiftRibbonToParty
0x080F9BCC	0x080F9BF3	thumb	ComputerScreenOpenEffect
0x080F9BF4	0x080F9C1B	thumb	ComputerScreenCloseEffect
0x080F9C1C	0x080F9C2F	thumb	IsComputerScreenOpenEffectActive
0x080F9C30	0x080F9C43	thumb	IsComputerScreenCloseEffectActive
0x080F9C44	0x080F9C8F	thumb	CreateComputerScreenEffectTask
0x080F9C90	0x080F9DF9	thumb	Task_ComputerScreenOpenEffect
0x080F9DFC	0x080F9F59	thumb	Task_ComputerScreenCloseEffect
0x080F9F5C	0x080F9F77	thumb	SetCurrentSecretBase
0x080F9F78	0x080FA001	thumb	AdjustSecretPowerSpritePixelOffsets
0x080FA004	0x080FA0DB	thumb	SetUpFieldMove_SecretPower
0x080FA0DC	0x080FA0FB	thumb	FieldCallback_SecretBaseCave
0x080FA0FC	0x080FA127	thumb	FldEff_UseSecretPowerCave
0x080FA128	0x080FA139	thumb	StartSecretBaseCaveFieldEffect
0x080FA13C	0x080FA18B	thumb	FldEff_SecretPowerCave
0x080FA18C	0x080FA1A7	thumb	SpriteCB_CaveEntranceInit
0x080FA1A8	0x080FA1D7	thumb	SpriteCB_CaveEntranceOpen
0x080FA1D8	0x080FA1E7	thumb	SpriteCB_CaveEntranceEnd
0x080FA1E8	0x080FA207	thumb	FieldCallback_SecretBaseTree
0x080FA208	0x080FA233	thumb	FldEff_UseSecretPowerTree
0x080FA234	0x080FA245	thumb	StartSecretBaseTreeFieldEffect
0x080FA248	0x080FA2D7	thumb	FldEff_SecretPowerTree
0x080FA2D8	0x080FA303	thumb	SpriteCB_TreeEntranceInit
0x080FA304	0x080FA33B	thumb	SpriteCB_TreeEntranceOpen
0x080FA33C	0x080FA34B	thumb	SpriteCB_TreeEntranceEnd
0x080FA34C	0x080FA36B	thumb	FieldCallback_SecretBaseShrub
0x080FA36C	0x080FA397	thumb	FldEff_UseSecretPowerShrub
0x080FA398	0x080FA3A9	thumb	StartSecretBaseShrubFieldEffect
0x080FA3AC	0x080FA3FB	thumb	FldEff_SecretPowerShrub
0x080FA3FC	0x080FA417	thumb	SpriteCB_ShrubEntranceInit
0x080FA418	0x080FA447	thumb	SpriteCB_ShrubEntranceOpen
0x080FA448	0x080FA457	thumb	SpriteCB_ShrubEntranceEnd
0x080FA458	0x080FA49F	thumb	FldEff_SecretBasePCTurnOn
0x080FA4A0	0x080FA579	thumb	Task_SecretBasePCTurnOn
0x080FA57C	0x080FA5E3	thumb	DoSecretBasePCTurnOffEffect
0x080FA5E4	0x080FA62B	thumb	PopSecretBaseBalloon
0x080FA62C	0x080FA6A9	thumb	Task_PopSecretBaseBalloon
0x080FA6AC	0x080FA6F9	thumb	DoBalloonSoundEffect
0x080FA6FC	0x080FA6FF	thumb	FldEff_Nop47
0x080FA700	0x080FA703	thumb	FldEff_Nop48
0x080FA704	0x080FA753	thumb	DoSecretBaseBreakableDoorEffect
0x080FA754	0x080FA791	thumb	Task_ShatterSecretBaseBreakableDoor
0x080FA794	0x080FA7EB	thumb	ShatterSecretBaseBreakableDoor
0x080FA7EC	0x080FA96F	thumb	Task_SecretBaseMusicNoteMatSound
0x080FA970	0x080FA9A3	thumb	PlaySecretBaseMusicNoteMatSound
0x080FA9A4	0x080FA9CF	thumb	SpriteCB_GlitterMatSparkle
0x080FA9D0	0x080FAA7B	thumb	DoSecretBaseGlitterMatSparkle
0x080FAA7C	0x080FABA3	thumb	FldEff_SandPillar
0x080FABA4	0x080FAC23	thumb	SpriteCB_SandPillar_BreakTop
0x080FAC24	0x080FAC67	thumb	SpriteCB_SandPillar_BreakBase
0x080FAC68	0x080FAC77	thumb	SpriteCB_SandPillar_End
0x080FAC78	0x080FADE3	thumb	InteractWithShieldOrTVDecoration
0x080FADE4	0x080FAE37	thumb	IsLargeBreakableDecoration
0x080FAE38	0x080FAEA5	thumb	Task_FieldPoisonEffect
0x080FAEA8	0x080FAEBF	thumb	FldEffPoison_Start
0x080FAEC0	0x080FAED3	thumb	FldEffPoison_IsActive
0x080FAED4	0x080FAEEF	thumb	Task_WateringBerryTreeAnim
0x080FAEF0	0x080FAF63	thumb	Task_WateringBerryTreeAnim_Start
0x080FAF64	0x080FAFD3	thumb	Task_WateringBerryTreeAnim_Continue
0x080FAFD4	0x080FAFF7	thumb	Task_WateringBerryTreeAnim_End
0x080FAFF8	0x080FB00B	thumb	DoWateringBerryTreeAnim
0x080FB00C	0x080FB073	thumb	CreateRecordMixingLights
0x080FB074	0x080FB0AF	thumb	DestroyRecordMixingLights
0x080FB0B0	0x080FB0DB	thumb	GetTruckCameraBobbingY
0x080FB0DC	0x080FB0F5	thumb	GetTruckBoxYMovement
0x080FB0F8	0x080FB1AB	thumb	Task_Truck1
0x080FB1AC	0x080FB2BF	thumb	Task_Truck2
0x080FB2C0	0x080FB36B	thumb	Task_Truck3
0x080FB36C	0x080FB4DD	thumb	Task_HandleTruckSequence
0x080FB4E0	0x080FB53F	thumb	ExecuteTruckSequence
0x080FB540	0x080FB59B	thumb	EndTruckSequence
0x080FB59C	0x080FB5E7	thumb	TrySetPortholeWarpDestination
0x080FB5E8	0x080FB6EB	thumb	Task_HandlePorthole
0x080FB6EC	0x080FB765	thumb	ShowSSTidalWhileSailing
0x080FB768	0x080FB7A3	thumb	FieldCB_ShowPortholeView
0x080FB7A4	0x080FB7E7	thumb	LookThroughPorthole
0x080FB7E8	0x080FB815	thumb	GetCurrentMapRotatingGatePuzzleType
0x080FB818	0x080FB853	thumb	RotatingGate_ResetAllGateOrientations
0x080FB854	0x080FB86D	thumb	RotatingGate_GetGateOrientation
0x080FB870	0x080FB88F	thumb	RotatingGate_SetGateOrientation
0x080FB890	0x080FB8CB	thumb	RotatingGate_RotateInDirection
0x080FB8CC	0x080FB927	thumb	RotatingGate_LoadPuzzleConfig
0x080FB928	0x080FB9FB	thumb	RotatingGate_CreateGatesWithinViewport
0x080FB9FC	0x080FBAE1	thumb	RotatingGate_CreateGate
0x080FBAE4	0x080FBB61	thumb	SpriteCallback_RotatingGate
0x080FBB64	0x080FBBFF	thumb	RotatingGate_HideGatesOutsideViewport
0x080FBC00	0x080FBC0F	thumb	LoadRotatingGatePics
0x080FBC10	0x080FBCDB	thumb	RotatingGate_DestroyGatesOutsideViewport
0x080FBCDC	0x080FBDB3	thumb	RotatingGate_CanRotate
0x080FBDB4	0x080FBE07	thumb	RotatingGate_HasArm
0x080FBE08	0x080FBE3B	thumb	RotatingGate_TriggerRotationAnimation
0x080FBE3C	0x080FBE8F	thumb	RotatingGate_GetRotationInfo
0x080FBE90	0x080FBEA5	thumb	RotatingGate_InitPuzzle
0x080FBEA8	0x080FBECF	thumb	RotatingGatePuzzleCameraUpdate
0x080FBED0	0x080FBEED	thumb	RotatingGate_InitPuzzleAndGraphics
0x080FBEF0	0x080FBFD3	thumb	CheckForRotatingGatePuzzleCollision
0x080FBFD4	0x080FC09F	thumb	CheckForRotatingGatePuzzleCollisionWithoutAnimation
0x080FC0A0	0x080FC0B3	thumb	GetSafariZoneFlag
0x080FC0B4	0x080FC0C3	thumb	SetSafariZoneFlag
0x080FC0C4	0x080FC0D3	thumb	ResetSafariZoneFlag
0x080FC0D4	0x080FC113	thumb	EnterSafariMode
0x080FC114	0x080FC14B	thumb	ExitSafariMode
0x080FC14C	0x080FC17F	thumb	SafariZoneTakeStep
0x080FC180	0x080FC18F	thumb	SafariZoneRetirePrompt
0x080FC190	0x080FC227	thumb	CB2_EndSafariBattle
0x080FC228	0x080FC243	thumb	ClearPokeblockFeeder
0x080FC244	0x080FC257	thumb	ClearAllPokeblockFeeders
0x080FC258	0x080FC2E7	thumb	GetPokeblockFeederInFront
0x080FC2E8	0x080FC387	thumb	GetPokeblockFeederWithinRange
0x080FC388	0x080FC3B5	thumb	SafariZoneGetPokeblockInFront
0x080FC3B8	0x080FC3E5	thumb	SafariZoneGetActivePokeblock
0x080FC3E8	0x080FC47F	thumb	SafariZoneActivatePokeblockFeeder
0x080FC480	0x080FC4B3	thumb	DecrementFeederStepCounters
0x080FC4B4	0x080FC4F1	thumb	GetInFrontFeederPokeblockAndSteps
0x080FC4F4	0x080FC52F	thumb	LinkContest_SendBlock
0x080FC530	0x080FC559	thumb	LinkContest_GetBlockReceived
0x080FC55C	0x080FC57F	thumb	LinkContest_GetBlockReceivedFromAllPlayers
0x080FC580	0x080FC5BF	thumb	Task_LinkContest_Init
0x080FC5C0	0x080FC5DB	thumb	Task_LinkContest_StartInitFlags
0x080FC5DC	0x080FC66F	thumb	Task_LinkContest_InitFlags
0x080FC670	0x080FC6BB	thumb	LinkContest_TryLinkStandby
0x080FC6BC	0x080FC803	thumb	Task_LinkContest_CommunicateMonsRS
0x080FC804	0x080FC893	thumb	Task_LinkContest_CommunicateRngRS
0x080FC894	0x080FC997	thumb	Task_LinkContest_CommunicateCategoryRS
0x080FC998	0x080FC9F5	thumb	Task_LinkContest_CommunicateMonIdxs
0x080FC9F8	0x080FCACB	thumb	Task_LinkContest_CommunicateMoveSelections
0x080FCACC	0x080FCC87	thumb	Task_LinkContest_CommunicateFinalStandings
0x080FCC88	0x080FCE47	thumb	Task_LinkContest_CommunicateAppealsState
0x080FCE48	0x080FCF3F	thumb	Task_LinkContest_CommunicateLeaderIdsRS
0x080FCF40	0x080FCFCF	thumb	Task_LinkContest_CommunicateRound1Points
0x080FCFD0	0x080FD05F	thumb	Task_LinkContest_CommunicateTurnOrder
0x080FD060	0x080FD0DB	thumb	SetUpItemUseCallback
0x080FD0DC	0x080FD123	thumb	SetUpItemUseOnFieldCallback
0x080FD124	0x080FD13B	thumb	FieldCB_UseItemOnField
0x080FD13C	0x080FD163	thumb	Task_CallItemUseOnFieldCallback
0x080FD164	0x080FD1C7	thumb	DisplayCannotUseItemMessage
0x080FD1C8	0x080FD1DF	thumb	DisplayDadsAdviceCannotUseItemMessage
0x080FD1E0	0x080FD1F7	thumb	DisplayCannotDismountBikeMessage
0x080FD1F8	0x080FD21B	thumb	Task_CloseCantUseKeyItemMessage
0x080FD21C	0x080FD253	thumb	CheckIfItemIsTMHMOrEvolutionStone
0x080FD254	0x080FD277	thumb	CB2_CheckMail
0x080FD278	0x080FD297	thumb	ItemUseOutOfBattle_Mail
0x080FD298	0x080FD357	thumb	ItemUseOutOfBattle_Bike
0x080FD358	0x080FD391	thumb	ItemUseOnFieldCB_Bike
0x080FD394	0x080FD425	thumb	CanFish
0x080FD428	0x080FD467	thumb	ItemUseOutOfBattle_Rod
0x080FD468	0x080FD48F	thumb	ItemUseOnFieldCB_Rod
0x080FD490	0x080FD4B7	thumb	ItemUseOutOfBattle_Itemfinder
0x080FD4B8	0x080FD503	thumb	ItemUseOnFieldCB_Itemfinder
0x080FD504	0x080FD5CB	thumb	Task_UseItemfinder
0x080FD5CC	0x080FD5EF	thumb	Task_CloseItemfinderMessage
0x080FD5F0	0x080FD6D3	thumb	ItemfinderCheckForHiddenItems
0x080FD6D4	0x080FD72F	thumb	IsHiddenItemPresentAtCoords
0x080FD730	0x080FD7C7	thumb	IsHiddenItemPresentInConnection
0x080FD7C8	0x080FD8DF	thumb	CheckForHiddenItemsInMapConnection
0x080FD8E0	0x080FD9AD	thumb	SetDistanceOfClosestHiddenItem
0x080FD9B0	0x080FDA23	thumb	GetDirectionToHiddenItem
0x080FDA24	0x080FDA93	thumb	PlayerFaceHiddenItem
0x080FDA94	0x080FDADB	thumb	Task_HiddenItemNearby
0x080FDADC	0x080FDB6B	thumb	Task_StandingOnHiddenItem
0x080FDB6C	0x080FDBEB	thumb	ItemUseOutOfBattle_PokeblockCase
0x080FDBEC	0x080FDBFF	thumb	CB2_OpenPokeblockFromBag
0x080FDC00	0x080FDC33	thumb	Task_OpenRegisteredPokeblockCase
0x080FDC34	0x080FDCA3	thumb	ItemUseOutOfBattle_CoinCase
0x080FDCA4	0x080FDD0F	thumb	ItemUseOutOfBattle_PowderJar
0x080FDD10	0x080FDD73	thumb	ItemUseOutOfBattle_Berry
0x080FDD74	0x080FDDA3	thumb	ItemUseOnFieldCB_Berry
0x080FDDA4	0x080FDE07	thumb	ItemUseOutOfBattle_WailmerPail
0x080FDE08	0x080FDE2B	thumb	ItemUseOnFieldCB_WailmerPailBerry
0x080FDE2C	0x080FDE79	thumb	TryToWaterSudowoodo
0x080FDE7C	0x080FDE9F	thumb	ItemUseOnFieldCB_WailmerPailSudowoodo
0x080FDEA0	0x080FDEBB	thumb	ItemUseOutOfBattle_Medicine
0x080FDEBC	0x080FDED7	thumb	ItemUseOutOfBattle_ReduceEV
0x080FDED8	0x080FDEF3	thumb	ItemUseOutOfBattle_SacredAsh
0x080FDEF4	0x080FDF0F	thumb	ItemUseOutOfBattle_PPRecovery
0x080FDF10	0x080FDF2B	thumb	ItemUseOutOfBattle_PPUp
0x080FDF2C	0x080FDF47	thumb	ItemUseOutOfBattle_RareCandy
0x080FDF48	0x080FDF8F	thumb	ItemUseOutOfBattle_TMHM
0x080FDF90	0x080FDFBB	thumb	BootUpSoundTMHM
0x080FDFBC	0x080FE023	thumb	Task_ShowTMHMContainedMessage
0x080FE024	0x080FE03B	thumb	UseTMHMYesNo
0x080FE03C	0x080FE057	thumb	UseTMHM
0x080FE058	0x080FE0B9	thumb	RemoveUsedItem
0x080FE0BC	0x080FE123	thumb	ItemUseOutOfBattle_Repel
0x080FE124	0x080FE163	thumb	Task_StartUseRepel
0x080FE164	0x080FE1CF	thumb	Task_UseRepel
0x080FE1D0	0x080FE233	thumb	Task_UsedBlackWhiteFlute
0x080FE234	0x080FE2BB	thumb	ItemUseOutOfBattle_BlackWhiteFlute
0x080FE2BC	0x080FE2D7	thumb	Task_UseDigEscapeRopeOnField
0x080FE2D8	0x080FE313	thumb	ItemUseOnFieldCB_EscapeRope
0x080FE314	0x080FE331	thumb	CanUseDigOrEscapeRopeOnCurMap
0x080FE334	0x080FE377	thumb	ItemUseOutOfBattle_EscapeRope
0x080FE378	0x080FE393	thumb	ItemUseOutOfBattle_EvolutionStone
0x080FE394	0x080FE407	thumb	ItemUseInBattle_PokeBall
0x080FE408	0x080FE43F	thumb	Task_CloseStatIncreaseMessage
0x080FE440	0x080FE4B7	thumb	Task_UseStatIncreaseItem
0x080FE4B8	0x080FE54B	thumb	ItemUseInBattle_StatIncrease
0x080FE54C	0x080FE58F	thumb	ItemUseInBattle_ShowPartyMenu
0x080FE590	0x080FE5AB	thumb	ItemUseInBattle_Medicine
0x080FE5AC	0x080FE5C7	thumb	ItemUseInBattle_SacredAsh
0x080FE5C8	0x080FE5E3	thumb	ItemUseInBattle_PPRecovery
0x080FE5E4	0x080FE64F	thumb	ItemUseInBattle_Escape
0x080FE650	0x080FE77B	thumb	ItemUseOutOfBattle_EnigmaBerry
0x080FE77C	0x080FE81F	thumb	ItemUseInBattle_EnigmaBerry
0x080FE820	0x080FE83F	thumb	ItemUseOutOfBattle_CannotUse
0x080FE840	0x080FE897	thumb	AnimMovePowderParticle
0x080FE898	0x080FE8DF	thumb	AnimMovePowderParticle_Step
0x080FE8E0	0x080FE92F	thumb	AnimPowerAbsorptionOrb
0x080FE930	0x080FE987	thumb	AnimSolarBeamBigOrb
0x080FE988	0x080FE9E3	thumb	AnimSolarBeamSmallOrb
0x080FE9E4	0x080FEA57	thumb	AnimSolarBeamSmallOrb_Step
0x080FEA58	0x080FEAD7	thumb	AnimTask_CreateSmallSolarBeamOrbs
0x080FEAD8	0x080FEB27	thumb	AnimAbsorptionOrb
0x080FEB28	0x080FEB41	thumb	AnimAbsorptionOrb_Step
0x080FEB44	0x080FEBFB	thumb	AnimHyperBeamOrb
0x080FEBFC	0x080FEC47	thumb	AnimHyperBeamOrb_Step
0x080FEC48	0x080FECB7	thumb	AnimLeechSeed
0x080FECB8	0x080FECEF	thumb	AnimLeechSeed_Step
0x080FECF0	0x080FED27	thumb	AnimLeechSeedSprouts
0x080FED28	0x080FED73	thumb	AnimSporeParticle
0x080FED74	0x080FEE1B	thumb	AnimSporeParticle_Step
0x080FEE1C	0x080FEE75	thumb	AnimTask_SporeDoubleBattle
0x080FEE78	0x080FEECB	thumb	AnimPetalDanceBigFlower
0x080FEECC	0x080FEF43	thumb	AnimPetalDanceBigFlower_Step
0x080FEF44	0x080FEF97	thumb	AnimPetalDanceSmallFlower
0x080FEF98	0x080FEFFB	thumb	AnimPetalDanceSmallFlower_Step
0x080FEFFC	0x080FF043	thumb	AnimRazorLeafParticle
0x080FF044	0x080FF08F	thumb	AnimRazorLeafParticle_Step1
0x080FF090	0x080FF0F1	thumb	AnimRazorLeafParticle_Step2
0x080FF0F4	0x080FF1BF	thumb	AnimTranslateLinearSingleSineWave
0x080FF1C0	0x080FF265	thumb	AnimTranslateLinearSingleSineWave_Step
0x080FF268	0x080FF2BB	thumb	AnimMoveTwisterParticle
0x080FF2BC	0x080FF373	thumb	AnimMoveTwisterParticle_Step
0x080FF374	0x080FF3AF	thumb	AnimConstrictBinding
0x080FF3B0	0x080FF3EB	thumb	AnimConstrictBinding_Step1
0x080FF3EC	0x080FF457	thumb	AnimConstrictBinding_Step2
0x080FF458	0x080FF53B	thumb	AnimTask_ShrinkTargetCopy
0x080FF53C	0x080FF5CB	thumb	AnimTask_DuplicateAndShrinkToPos_Step1
0x080FF5CC	0x080FF697	thumb	AnimTask_DuplicateAndShrinkToPos_Step2
0x080FF698	0x080FF767	thumb	AnimMimicOrb
0x080FF768	0x080FF7EB	thumb	AnimIngrainRoot
0x080FF7EC	0x080FF8DB	thumb	AnimFrenzyPlantRoot
0x080FF8DC	0x080FF931	thumb	AnimRootFlickerOut
0x080FF934	0x080FF9B7	thumb	AnimIngrainOrb
0x080FF9B8	0x080FF9DF	thumb	InitItemBagData
0x080FF9E0	0x080FFA83	thumb	moveAlongLinearPath
0x080FFA84	0x080FFAB1	thumb	AnimItemSteal_Step2
0x080FFAB4	0x080FFB17	thumb	AnimItemSteal_Step1
0x080FFB18	0x080FFB8F	thumb	AnimPresent
0x080FFB90	0x080FFBF1	thumb	AnimKnockOffOpponentsItem
0x080FFBF4	0x080FFC6F	thumb	AnimKnockOffItem
0x080FFC70	0x080FFCB3	thumb	AnimPresentHealParticle
0x080FFCB4	0x080FFD2B	thumb	AnimItemSteal
0x080FFD2C	0x080FFDBB	thumb	AnimItemSteal_Step3
0x080FFDBC	0x080FFE55	thumb	AnimTrickBag
0x080FFE58	0x080FFEC3	thumb	AnimTrickBag_Step1
0x080FFEC4	0x080FFF7B	thumb	AnimTrickBag_Step2
0x080FFF7C	0x080FFFBD	thumb	AnimTrickBag_Step3
0x080FFFC0	0x08100127	thumb	AnimTask_LeafBlade
0x08100128	0x08100501	thumb	AnimTask_LeafBlade_Step
0x08100504	0x08100521	thumb	LeafBladeGetPosFactor
0x08100524	0x081005D3	thumb	AnimTask_LeafBlade_Step2
0x081005D4	0x0810063F	thumb	AnimTask_LeafBlade_Step2_Callback
0x08100640	0x0810074B	thumb	AnimFlyingParticle
0x0810074C	0x081007C1	thumb	AnimFlyingParticle_Step
0x081007C4	0x08100897	thumb	AnimTask_CycleMagicalLeafPal
0x08100898	0x0810099F	thumb	AnimNeedleArmSpike
0x081009A0	0x081009DB	thumb	AnimNeedleArmSpike_Step
0x081009DC	0x081009F5	thumb	AnimWhipHit_WaitEnd
0x081009F8	0x08100A4F	thumb	AnimSlidingHit
0x08100A50	0x08100A93	thumb	AnimWhipHit
0x08100A94	0x08100ADF	thumb	AnimFlickeringPunch
0x08100AE0	0x08100B87	thumb	AnimCuttingSlice
0x08100B88	0x08100CCB	thumb	AnimAirCutterSlice
0x08100CCC	0x08100D37	thumb	AnimSlice_Step
0x08100D38	0x08100E1B	thumb	UnusedFlickerAnim
0x08100E1C	0x08100E7F	thumb	AnimCirclingMusicNote
0x08100E80	0x08100EED	thumb	AnimCirclingMusicNote_Step
0x08100EF0	0x08100FD3	thumb	AnimProtect
0x08100FD4	0x081010CB	thumb	AnimProtect_Step
0x081010CC	0x08101137	thumb	AnimMilkBottle
0x08101138	0x08101295	thumb	AnimMilkBottle_Step1
0x08101298	0x08101309	thumb	AnimMilkBottle_Step2
0x0810130C	0x0810135B	thumb	AnimGrantingStars
0x0810135C	0x0810143F	thumb	AnimSparklingStars
0x08101440	0x0810149F	thumb	AnimBubbleBurst
0x081014A0	0x081014F1	thumb	AnimBubbleBurst_Step
0x081014F4	0x0810155F	thumb	AnimSleepLetterZ
0x08101560	0x081015A9	thumb	AnimSleepLetterZ_Step
0x081015AC	0x081015D3	thumb	AnimLockOnTarget
0x081015D4	0x08101683	thumb	AnimLockOnTarget_Step1
0x08101684	0x081016B7	thumb	AnimLockOnTarget_Step2
0x081016B8	0x08101773	thumb	AnimLockOnTarget_Step3
0x08101774	0x0810181F	thumb	AnimLockOnTarget_Step4
0x08101820	0x08101847	thumb	AnimLockOnTarget_Step5
0x08101848	0x08101895	thumb	AnimLockOnTarget_Step6
0x08101898	0x0810193F	thumb	AnimLockOnMoveTarget
0x08101940	0x08101997	thumb	AnimBowMon
0x08101998	0x081019E7	thumb	AnimBowMon_Step1
0x081019E8	0x08101A73	thumb	AnimBowMon_Step1_Callback
0x08101A74	0x08101AC3	thumb	AnimBowMon_Step2
0x08101AC4	0x08101AE7	thumb	AnimBowMon_Step3
0x08101AE8	0x08101B83	thumb	AnimBowMon_Step3_Callback
0x08101B84	0x08101B8D	thumb	AnimBowMon_Step4
0x08101B90	0x08101B9F	thumb	AnimTipMon
0x08101BA0	0x08101C93	thumb	AnimTipMon_Step
0x08101C94	0x08101D2B	thumb	AnimTask_SkullBashPosition
0x08101D2C	0x08101EEB	thumb	AnimTask_SkullBashPositionSet
0x08101EEC	0x08101F3D	thumb	AnimTask_SkullBashPositionReset
0x08101F40	0x08101FA7	thumb	AnimSlashSlice
0x08101FA8	0x08101FEF	thumb	AnimFalseSwipeSlice
0x08101FF0	0x08102043	thumb	AnimFalseSwipePositionedSlice
0x08102044	0x0810207B	thumb	AnimFalseSwipeSlice_Step1
0x0810207C	0x0810208B	thumb	AnimFalseSwipeSlice_Step2
0x0810208C	0x081020D7	thumb	AnimFalseSwipeSlice_Step3
0x081020D8	0x0810213B	thumb	AnimEndureEnergy
0x0810213C	0x0810217B	thumb	AnimEndureEnergy_Step
0x0810217C	0x081021CB	thumb	AnimSharpenSphere
0x081021CC	0x08102267	thumb	AnimSharpenSphere_Step
0x08102268	0x081022D3	thumb	AnimConversion
0x081022D4	0x08102349	thumb	AnimTask_ConversionAlphaBlend
0x0810234C	0x0810237B	thumb	AnimConversion2
0x0810237C	0x081023DF	thumb	AnimConversion2_Step
0x081023E0	0x08102433	thumb	AnimTask_Conversion2AlphaBlend
0x08102434	0x081024A7	thumb	AnimTask_HideBattlersHealthbox
0x081024A8	0x081024DF	thumb	AnimTask_ShowBattlersHealthbox
0x081024E0	0x08102527	thumb	AnimMoon
0x08102528	0x0810253D	thumb	AnimMoon_Step
0x08102540	0x08102583	thumb	AnimMoonlightSparkle
0x08102584	0x081025BF	thumb	AnimMoonlightSparkle_Step
0x081025C0	0x081026A7	thumb	AnimTask_MoonlightEndFade
0x081026A8	0x08102843	thumb	AnimTask_MoonlightEndFade_Step
0x08102844	0x0810296B	thumb	AnimHornHit
0x0810296C	0x081029B3	thumb	AnimHornHit_Step
0x081029B4	0x08102ADD	thumb	AnimTask_DoubleTeam
0x08102AE0	0x08102B3B	thumb	AnimTask_DoubleTeam_Step
0x08102B3C	0x08102BCB	thumb	AnimDoubleTeam
0x08102BCC	0x08102BE7	thumb	AnimSuperFang
0x08102BE8	0x08102C9F	thumb	AnimTask_MusicNotesRainbowBlend
0x08102CA0	0x08102CD3	thumb	AnimTask_MusicNotesClearRainbowBlend
0x08102CD4	0x08102D8B	thumb	AnimWavyMusicNotes
0x08102D8C	0x08102DE3	thumb	AnimWavyMusicNotes_CalcVelocity
0x08102DE4	0x08102EAF	thumb	AnimWavyMusicNotes_Step
0x08102EB0	0x08102F3F	thumb	AnimFlyingMusicNotes
0x08102F40	0x08102FB7	thumb	AnimFlyingMusicNotes_Step
0x08102FB8	0x08103027	thumb	AnimBellyDrumHand
0x08103028	0x081030AF	thumb	AnimSlowFlyingMusicNotes
0x081030B0	0x0810310B	thumb	AnimSlowFlyingMusicNotes_Step
0x0810310C	0x08103163	thumb	SetSpriteNextToMonHead
0x08103164	0x081031CF	thumb	AnimThoughtBubble
0x081031D0	0x08103207	thumb	AnimThoughtBubble_Step
0x08103208	0x0810324F	thumb	AnimMetronomeFinger
0x08103250	0x08103283	thumb	AnimMetronomeFinger_Step
0x08103284	0x081032FF	thumb	AnimFollowMeFinger
0x08103300	0x0810331F	thumb	AnimFollowMeFinger_Step1
0x08103320	0x0810338F	thumb	AnimFollowMeFinger_Step2
0x08103390	0x081033EF	thumb	AnimTauntFinger
0x081033F0	0x0810342B	thumb	AnimTauntFinger_Step1
0x0810342C	0x08103447	thumb	AnimTauntFinger_Step2
0x08103448	0x08103497	thumb	AnimCirclingFinger
0x08103498	0x081034D7	thumb	AnimBouncingMusicNote
0x081034D8	0x0810353B	thumb	AnimBouncingMusicNote_Step
0x0810353C	0x0810358B	thumb	AnimVibrateBattlerBack_Step
0x0810358C	0x0810361F	thumb	AnimVibrateBattlerBack
0x08103620	0x08103657	thumb	AnimMovingClamp
0x08103658	0x0810367F	thumb	AnimMovingClamp_Step
0x08103680	0x0810369D	thumb	AnimMovingClamp_End
0x081036A0	0x081036DB	thumb	AnimTask_Withdraw
0x081036DC	0x081037D5	thumb	AnimTask_Withdraw_Step
0x081037D8	0x0810387B	thumb	AnimKinesisZapEnergy
0x0810387C	0x0810389F	thumb	AnimSwordsDanceBlade
0x081038A0	0x081038C7	thumb	AnimSwordsDanceBlade_Step
0x081038C8	0x081039CB	thumb	AnimSonicBoomProjectile
0x081039CC	0x081039FF	thumb	AnimAirWaveProjectile_Step2
0x08103A00	0x08103AA3	thumb	AnimAirWaveProjectile_Step1
0x08103AA4	0x08103BE3	thumb	AnimAirWaveProjectile
0x08103BE4	0x08103C0B	thumb	AirCutterProjectileStep2
0x08103C0C	0x08103CEF	thumb	AirCutterProjectileStep1
0x08103CF0	0x08103FE7	thumb	AnimTask_AirCutterProjectile
0x08103FE8	0x08104017	thumb	AnimVoidLines
0x08104018	0x08104087	thumb	AnimVoidLines_Step
0x08104088	0x0810413B	thumb	AnimCoinThrow
0x0810413C	0x08104153	thumb	AnimFallingCoin
0x08104154	0x081041C3	thumb	AnimFallingCoin_Step
0x081041C4	0x0810421B	thumb	AnimBulletSeed
0x0810421C	0x0810429F	thumb	AnimBulletSeed_Step1
0x081042A0	0x08104303	thumb	AnimBulletSeed_Step2
0x08104304	0x08104363	thumb	AnimRazorWindTornado
0x08104364	0x081043F7	thumb	AnimViceGripPincer
0x081043F8	0x08104411	thumb	AnimViceGripPincer_Step
0x08104414	0x081044BB	thumb	AnimGuillotinePincer
0x081044BC	0x0810452F	thumb	AnimGuillotinePincer_Step1
0x08104530	0x08104593	thumb	AnimGuillotinePincer_Step2
0x08104594	0x081045AD	thumb	AnimGuillotinePincer_Step3
0x081045B0	0x08104613	thumb	AnimTask_GrowAndGrayscale
0x08104614	0x08104673	thumb	AnimTask_GrowAndGrayscale_Step
0x08104674	0x081046CB	thumb	AnimTask_Minimize
0x081046CC	0x081047FF	thumb	AnimTask_Minimize_Step
0x08104800	0x081048EF	thumb	CreateMinimizeSprite
0x081048F0	0x08104937	thumb	ClonedMinizeSprite_Step
0x08104938	0x08104997	thumb	AnimTask_Splash
0x08104998	0x08104AB3	thumb	AnimTask_Splash_Step
0x08104AB4	0x08104AEF	thumb	AnimTask_GrowAndShrink
0x08104AF0	0x08104B1B	thumb	AnimTask_GrowAndShrink_Step
0x08104B1C	0x08104BAB	thumb	AnimBreathPuff
0x08104BAC	0x08104C37	thumb	AnimAngerMark
0x08104C38	0x08104C77	thumb	AnimTask_ThrashMoveMonHorizontal
0x08104C78	0x08104CA3	thumb	AnimTask_ThrashMoveMonHorizontal_Step
0x08104CA4	0x08104D27	thumb	AnimTask_ThrashMoveMonVertical
0x08104D28	0x08104E71	thumb	AnimTask_ThrashMoveMonVertical_Step
0x08104E74	0x08104F53	thumb	AnimTask_SketchDrawMon
0x08104F54	0x0810501B	thumb	AnimTask_SketchDrawMon_Step
0x0810501C	0x08105077	thumb	AnimPencil
0x08105078	0x081051C1	thumb	AnimPencil_Step
0x081051C4	0x08105283	thumb	AnimBlendThinRing
0x08105284	0x081052A3	thumb	AnimHyperVoiceRing_WaitEnd
0x081052A4	0x081054E7	thumb	AnimHyperVoiceRing
0x081054E8	0x08105537	thumb	AnimUproarRing
0x08105538	0x0810557B	thumb	AnimSoftBoiledEgg
0x0810557C	0x081055F3	thumb	AnimSoftBoiledEgg_Step1
0x081055F4	0x0810561B	thumb	AnimSoftBoiledEgg_Step2
0x0810561C	0x08105693	thumb	AnimSoftBoiledEgg_Step3
0x08105694	0x081056D3	thumb	AnimSoftBoiledEgg_Step3_Callback1
0x081056D4	0x0810571B	thumb	AnimSoftBoiledEgg_Step3_Callback2
0x0810571C	0x0810575B	thumb	AnimSoftBoiledEgg_Step4
0x0810575C	0x0810577B	thumb	AnimSoftBoiledEgg_Step4_Callback
0x0810577C	0x081057B7	thumb	AnimTask_AttackerStretchAndDisappear
0x081057B8	0x0810580F	thumb	AnimTask_AttackerStretchAndDisappear_Step
0x08105810	0x08105877	thumb	AnimTask_ExtremeSpeedImpact
0x08105878	0x0810599B	thumb	AnimTask_ExtremeSpeedImpact_Step
0x0810599C	0x081059DF	thumb	AnimTask_ExtremeSpeedMonReappear
0x081059E0	0x08105AAB	thumb	AnimTask_ExtremeSpeedMonReappear_Step
0x08105AAC	0x08105B07	thumb	AnimTask_SpeedDust
0x08105B08	0x08105C47	thumb	AnimTask_SpeedDust_Step
0x08105C48	0x08105CB3	thumb	AnimSpeedDust
0x08105CB4	0x08105D5F	thumb	AnimTask_LoadMusicNotesPals
0x08105D60	0x08105D87	thumb	AnimTask_FreeMusicNotesPals
0x08105D88	0x08105DE7	thumb	SetMusicNotePalette
0x08105DE8	0x08105E5F	thumb	AnimHealBellMusicNote
0x08105E60	0x08105EAF	thumb	AnimMagentaHeart
0x08105EB0	0x08105F2F	thumb	AnimTask_FakeOut
0x08105F30	0x08105F83	thumb	AnimTask_FakeOut_Step1
0x08105F84	0x0810601F	thumb	AnimTask_FakeOut_Step2
0x08106020	0x081060AF	thumb	AnimTask_StretchTargetUp
0x081060B0	0x0810613F	thumb	AnimTask_StretchAttackerUp
0x08106140	0x0810618B	thumb	AnimRedHeartProjectile
0x0810618C	0x081061C1	thumb	AnimRedHeartProjectile_Step
0x081061C4	0x08106249	thumb	AnimParticleBurst
0x0810624C	0x0810627B	thumb	AnimRedHeartRising
0x0810627C	0x081062E7	thumb	AnimRedHeartRising_Step
0x081062E8	0x081063A7	thumb	AnimTask_HeartsBackground
0x081063A8	0x081064F7	thumb	AnimTask_HeartsBackground_Step
0x081064F8	0x081065EB	thumb	AnimTask_ScaryFace
0x081065EC	0x0810673B	thumb	AnimTask_ScaryFace_Step
0x0810673C	0x0810679B	thumb	AnimOrbitFast
0x0810679C	0x08106877	thumb	AnimOrbitFast_Step
0x08106878	0x081068CB	thumb	AnimOrbitScatter
0x081068CC	0x08106913	thumb	AnimOrbitScatter_Step
0x08106914	0x08106943	thumb	AnimSpitUpOrb_Step
0x08106944	0x0810699B	thumb	AnimSpitUpOrb
0x0810699C	0x081069B5	thumb	AnimEyeSparkle_Step
0x081069B8	0x081069CF	thumb	AnimEyeSparkle
0x081069D0	0x08106A63	thumb	AnimAngel
0x08106A64	0x08106ACD	thumb	AnimPinkHeart_Step
0x08106AD0	0x08106B53	thumb	AnimPinkHeart
0x08106B54	0x08106C7D	thumb	AnimDevil
0x08106C80	0x08106CCD	thumb	AnimFurySwipes
0x08106CD0	0x08106D5B	thumb	AnimMovementWaves
0x08106D5C	0x08106D8F	thumb	AnimMovementWaves_Step
0x08106D90	0x08106DD3	thumb	AnimTask_UproarDistortion
0x08106DD4	0x08106DFF	thumb	AnimTask_UproarDistortion_Step
0x08106E00	0x08106EC7	thumb	AnimJaggedMusicNote
0x08106EC8	0x08106EFF	thumb	AnimJaggedMusicNote_Step
0x08106F00	0x08106F5F	thumb	AnimPerishSongMusicNote2
0x08106F60	0x08107017	thumb	AnimPerishSongMusicNote
0x08107018	0x0810703B	thumb	AnimPerishSongMusicNote_Step1
0x0810703C	0x081070AB	thumb	AnimPerishSongMusicNote_Step2
0x081070AC	0x08107143	thumb	AnimGuardRing
0x08107144	0x08107167	thumb	AnimTask_IsFuryCutterHitRight
0x08107168	0x08107187	thumb	AnimTask_GetFuryCutterHitCount
0x08107188	0x0810721B	thumb	AnimTask_CreateRaindrops
0x0810721C	0x08107227	thumb	AnimRainDrop
0x08107228	0x0810725D	thumb	AnimRainDrop_Step
0x08107260	0x0810737F	thumb	AnimWaterBubbleProjectile
0x08107380	0x08107407	thumb	AnimWaterBubbleProjectile_Step1
0x08107408	0x0810742F	thumb	AnimWaterBubbleProjectile_Step2
0x08107430	0x0810744B	thumb	AnimWaterBubbleProjectile_Step3
0x0810744C	0x081074E3	thumb	AnimAuroraBeamRings
0x081074E4	0x08107527	thumb	AnimAuroraBeamRings_Step
0x08107528	0x0810756B	thumb	AnimTask_RotateAuroraRingColors
0x0810756C	0x081075EB	thumb	AnimTask_RotateAuroraRingColors_Step
0x081075EC	0x08107673	thumb	AnimToTargetInSinWave
0x08107674	0x081076C5	thumb	AnimToTargetInSinWave_Step
0x081076C8	0x081076F3	thumb	AnimTask_StartSinAnimTimer
0x081076F4	0x0810772F	thumb	AnimTask_RunSinAnimTimer
0x08107730	0x081077A3	thumb	AnimHydroCannonCharge
0x081077A4	0x081077BD	thumb	AnimHydroCannonCharge_Step
0x081077C0	0x08107893	thumb	AnimHydroCannonBeam
0x08107894	0x081078CF	thumb	AnimWaterGunDroplet
0x081078D0	0x0810790B	thumb	AnimSmallBubblePair
0x0810790C	0x08107951	thumb	AnimSmallBubblePair_Step
0x08107954	0x08107B83	thumb	AnimTask_CreateSurfWave
0x08107B84	0x08107CC3	thumb	AnimTask_CreateSurfWave_Step1
0x08107CC4	0x08107D57	thumb	AnimTask_CreateSurfWave_Step2
0x08107D58	0x08108033	thumb	AnimTask_SurfWaveScanlineEffect
0x08108034	0x08108097	thumb	AnimSmallDriftingBubbles
0x08108098	0x081080E3	thumb	AnimSmallDriftingBubbles_Step
0x081080E4	0x0810813F	thumb	AnimTask_WaterSpoutLaunch
0x08108140	0x08108381	thumb	AnimTask_WaterSpoutLaunch_Step
0x08108384	0x08108407	thumb	GetWaterSpoutPowerForAnim
0x08108408	0x0810851B	thumb	CreateWaterSpoutLaunchDroplets
0x0810851C	0x081085C7	thumb	AnimSmallWaterOrb
0x081085C8	0x0810862B	thumb	AnimTask_WaterSpoutRain
0x0810862C	0x0810871B	thumb	AnimTask_WaterSpoutRain_Step
0x0810871C	0x081087BF	thumb	CreateWaterSpoutRainDroplet
0x081087C0	0x0810886B	thumb	AnimWaterSpoutRain
0x0810886C	0x081088E3	thumb	AnimWaterSpoutRainHit
0x081088E4	0x08108977	thumb	AnimTask_WaterSport
0x08108978	0x08108ABD	thumb	AnimTask_WaterSport_Step
0x08108AC0	0x08108B2B	thumb	CreateWaterSportDroplet
0x08108B2C	0x08108B93	thumb	AnimWaterSportDroplet
0x08108B94	0x08108BDF	thumb	AnimWaterSportDroplet_Step
0x08108BE0	0x08108C07	thumb	AnimWaterPulseBubble
0x08108C08	0x08108C51	thumb	AnimWaterPulseBubble_Step
0x08108C54	0x08108C91	thumb	AnimWaterPulseRingBubble
0x08108C94	0x08108CDB	thumb	AnimWaterPulseRing
0x08108CDC	0x08108D51	thumb	AnimWaterPulseRing_Step
0x08108D54	0x08108EC7	thumb	CreateWaterPulseRingBubbles
0x08108EC8	0x08108F07	thumb	AnimFireSpiralInward
0x08108F08	0x08108F4B	thumb	AnimFireSpread
0x08108F4C	0x08108FBB	thumb	AnimFirePlume
0x08108FBC	0x08109027	thumb	AnimLargeFlame
0x08109028	0x08109063	thumb	AnimLargeFlame_Step
0x08109064	0x081090D7	thumb	AnimUnusedSmallEmber
0x081090D8	0x0810916B	thumb	AnimUnusedSmallEmber_Step
0x0810916C	0x08109197	thumb	AnimSunlight
0x08109198	0x081091FF	thumb	AnimEmberFlare
0x08109200	0x0810921B	thumb	AnimBurnFlame
0x0810921C	0x08109243	thumb	AnimFireRing
0x08109244	0x0810929B	thumb	AnimFireRing_Step1
0x0810929C	0x08109313	thumb	AnimFireRing_Step2
0x08109314	0x08109335	thumb	AnimFireRing_Step3
0x08109338	0x08109363	thumb	UpdateFireRingCircleOffset
0x08109364	0x081093A3	thumb	AnimFireCross
0x081093A4	0x081093E3	thumb	AnimFireSpiralOutward
0x081093E4	0x0810940B	thumb	AnimFireSpiralOutward_Step1
0x0810940C	0x0810945D	thumb	AnimFireSpiralOutward_Step2
0x08109460	0x081094CF	thumb	AnimTask_EruptionLaunchRocks
0x081094D0	0x081097B1	thumb	AnimTask_EruptionLaunchRocks_Step
0x081097B4	0x081098EB	thumb	CreateEruptionLaunchRocks
0x081098EC	0x0810992F	thumb	AnimEruptionLaunchRock
0x08109930	0x08109981	thumb	GetEruptionLaunchRockInitialYPos
0x08109984	0x0810999F	thumb	InitEruptionLaunchRockCoordData
0x081099A0	0x08109A0F	thumb	UpdateEruptionLaunchRockPos
0x08109A10	0x08109A63	thumb	AnimEruptionFallingRock
0x08109A64	0x08109AF9	thumb	AnimEruptionFallingRock_Step
0x08109AFC	0x08109C4B	thumb	AnimWillOWispOrb
0x08109C4C	0x08109CAF	thumb	AnimWillOWispOrb_Step
0x08109CB0	0x08109DBB	thumb	AnimWillOWispFire
0x08109DBC	0x08109E2B	thumb	AnimTask_MoveHeatWaveTargets
0x08109E2C	0x0810A05F	thumb	AnimTask_MoveHeatWaveTargets_Step
0x0810A060	0x0810A093	thumb	AnimTask_BlendBackground
0x0810A094	0x0810A1A7	thumb	AnimTask_ShakeTargetInPattern
0x0810A1A8	0x0810A1F7	thumb	AnimLightning
0x0810A1F8	0x0810A211	thumb	AnimLightning_Step
0x0810A214	0x0810A257	thumb	AnimUnusedSpinningFist
0x0810A258	0x0810A271	thumb	AnimUnusedSpinningFist_Step
0x0810A274	0x0810A307	thumb	AnimUnusedCirclingShock
0x0810A308	0x0810A46B	thumb	AnimSparkElectricity
0x0810A46C	0x0810A4F3	thumb	AnimZapCannonSpark
0x0810A4F4	0x0810A569	thumb	AnimZapCannonSpark_Step
0x0810A56C	0x0810A5B9	thumb	AnimThunderboltOrb_Step
0x0810A5BC	0x0810A627	thumb	AnimThunderboltOrb
0x0810A628	0x0810A6EB	thumb	AnimSparkElectricityFlashing
0x0810A6EC	0x0810A759	thumb	AnimSparkElectricityFlashing_Step
0x0810A75C	0x0810A7DB	thumb	AnimElectricity
0x0810A7DC	0x0810A833	thumb	AnimTask_ElectricBolt
0x0810A834	0x0810A9DB	thumb	AnimTask_ElectricBolt_Step
0x0810A9DC	0x0810AA29	thumb	AnimElectricBoltSegment
0x0810AA2C	0x0810AAAF	thumb	AnimThunderWave
0x0810AAB0	0x0810AAFB	thumb	AnimThunderWave_Step
0x0810AAFC	0x0810AB77	thumb	AnimTask_ElectricChargingParticles
0x0810AB78	0x0810AC8B	thumb	AnimTask_ElectricChargingParticles_Step
0x0810AC8C	0x0810ACBF	thumb	AnimElectricChargingParticles_Step
0x0810ACC0	0x0810ACD7	thumb	AnimElectricChargingParticles
0x0810ACD8	0x0810AD2F	thumb	AnimGrowingChargeOrb
0x0810AD30	0x0810AD97	thumb	AnimElectricPuff
0x0810AD98	0x0810ADF7	thumb	AnimVoltTackleOrbSlide
0x0810ADF8	0x0810AE5B	thumb	AnimVoltTackleOrbSlide_Step
0x0810AE5C	0x0810AFCB	thumb	AnimTask_VoltTackleAttackerReappear
0x0810AFCC	0x0810B153	thumb	AnimTask_VoltTackleBolt
0x0810B154	0x0810B1EF	thumb	CreateVoltTackleBolt
0x0810B1F0	0x0810B23B	thumb	AnimVoltTackleBolt
0x0810B23C	0x0810B299	thumb	AnimGrowingShockWaveOrb
0x0810B29C	0x0810B42D	thumb	AnimTask_ShockWaveProgressingBolt
0x0810B430	0x0810B519	thumb	CreateShockWaveBoltSprite
0x0810B51C	0x0810B55B	thumb	AnimShockWaveProgressingBolt
0x0810B55C	0x0810B613	thumb	AnimTask_ShockWaveLightning
0x0810B614	0x0810B683	thumb	CreateShockWaveLightningSprite
0x0810B684	0x0810B6C3	thumb	AnimShockWaveLightning
0x0810B6C4	0x0810B847	thumb	AnimUnusedIceCrystalThrow
0x0810B848	0x0810B8AB	thumb	AnimUnusedIceCrystalThrow_Step
0x0810B8AC	0x0810B8EB	thumb	AnimIcePunchSwirlingParticle
0x0810B8EC	0x0810B973	thumb	AnimIceBeamParticle
0x0810B974	0x0810B9E7	thumb	AnimIceEffectParticle
0x0810B9E8	0x0810BA21	thumb	AnimFlickerIceEffectParticle
0x0810BA24	0x0810BB5F	thumb	AnimSwirlingSnowball
0x0810BB60	0x0810BBC7	thumb	AnimSwirlingSnowball_Step1
0x0810BBC8	0x0810BC4B	thumb	AnimSwirlingSnowball_Step2
0x0810BC4C	0x0810BC93	thumb	AnimSwirlingSnowball_End
0x0810BC94	0x0810BDD7	thumb	AnimMoveParticleBeyondTarget
0x0810BDD8	0x0810BE47	thumb	AnimWiggleParticleTowardsTarget
0x0810BE48	0x0810BECD	thumb	AnimWaveFromCenterOfTarget
0x0810BED0	0x0810C007	thumb	InitSwirlingFogAnim
0x0810C008	0x0810C09D	thumb	AnimSwirlingFogAnim
0x0810C0A0	0x0810C163	thumb	AnimTask_HazeScrollingFog
0x0810C164	0x0810C2EF	thumb	AnimTask_HazeScrollingFog_Step
0x0810C2F0	0x0810C323	thumb	AnimThrowMistBall
0x0810C324	0x0810C3EF	thumb	AnimTask_MistBallFog
0x0810C3F0	0x0810C55F	thumb	AnimTask_MistBallFog_Step
0x0810C560	0x0810C6D3	thumb	InitPoisonGasCloudAnim
0x0810C6D4	0x0810C917	thumb	MovePoisonGasCloud
0x0810C918	0x0810C933	thumb	AnimTask_Hail
0x0810C934	0x0810C9E1	thumb	AnimTask_Hail2
0x0810C9E4	0x0810CB55	thumb	GenerateHailParticle
0x0810CB58	0x0810CC3B	thumb	AnimHailBegin
0x0810CC3C	0x0810CC87	thumb	AnimHailContinue
0x0810CC88	0x0810CD1B	thumb	InitIceBallAnim
0x0810CD1C	0x0810CD4B	thumb	AnimThrowIceBall
0x0810CD4C	0x0810CDAF	thumb	InitIceBallParticle
0x0810CDB0	0x0810CDFB	thumb	AnimIceBallParticle
0x0810CDFC	0x0810CE2B	thumb	AnimTask_GetIceBallCounter
0x0810CE2C	0x0810CE67	thumb	AnimUnusedHumanoidFoot
0x0810CE68	0x0810CEB3	thumb	AnimSlideHandOrFootToTarget
0x0810CEB4	0x0810CEDF	thumb	AnimJumpKick
0x0810CEE0	0x0810CF2F	thumb	AnimBasicFistOrFoot
0x0810CF30	0x0810D0B7	thumb	AnimFistOrFootRandomPos
0x0810D0B8	0x0810D109	thumb	AnimFistOrFootRandomPos_Step
0x0810D10C	0x0810D163	thumb	AnimCrossChopHand
0x0810D164	0x0810D1B3	thumb	AnimCrossChopHand_Step
0x0810D1B4	0x0810D23F	thumb	AnimSlidingKick
0x0810D240	0x0810D277	thumb	AnimSlidingKick_Step
0x0810D278	0x0810D2AF	thumb	AnimSpinningKickOrPunch
0x0810D2B0	0x0810D2E3	thumb	AnimSpinningKickOrPunchFinish
0x0810D2E4	0x0810D307	thumb	AnimStompFoot
0x0810D308	0x0810D35F	thumb	AnimStompFoot_Step
0x0810D360	0x0810D37B	thumb	AnimStompFoot_End
0x0810D37C	0x0810D409	thumb	AnimDizzyPunchDuck
0x0810D40C	0x0810D47B	thumb	AnimBrickBreakWall
0x0810D47C	0x0810D4F3	thumb	AnimBrickBreakWall_Step
0x0810D4F4	0x0810D5DB	thumb	AnimBrickBreakWallShard
0x0810D5DC	0x0810D607	thumb	AnimBrickBreakWallShard_Step
0x0810D608	0x0810D6A7	thumb	AnimSuperpowerOrb
0x0810D6A8	0x0810D713	thumb	AnimSuperpowerOrb_Step
0x0810D714	0x0810D76F	thumb	AnimSuperpowerRock
0x0810D770	0x0810D82F	thumb	AnimSuperpowerRock_Step1
0x0810D830	0x0810D873	thumb	AnimSuperpowerRock_Step2
0x0810D874	0x0810D95F	thumb	AnimSuperpowerFireball
0x0810D960	0x0810D981	thumb	AnimArmThrustHit_Step
0x0810D984	0x0810DA0F	thumb	AnimArmThrustHit
0x0810DA10	0x0810DA7B	thumb	AnimRevengeScratch
0x0810DA7C	0x0810DABB	thumb	AnimFocusPunchFist
0x0810DABC	0x0810DBAB	thumb	AnimTask_MoveSkyUppercutBg
0x0810DBAC	0x0810DC0F	thumb	AnimSludgeProjectile
0x0810DC10	0x0810DC29	thumb	AnimSludgeProjectile_Step
0x0810DC2C	0x0810DCB3	thumb	AnimAcidPoisonBubble
0x0810DCB4	0x0810DCCD	thumb	AnimAcidPoisonBubble_Step
0x0810DCD0	0x0810DD23	thumb	AnimSludgeBombHitParticle
0x0810DD24	0x0810DD4F	thumb	AnimSludgeBombHitParticle_Step
0x0810DD50	0x0810DDC3	thumb	AnimAcidPoisonDroplet
0x0810DDC4	0x0810DE2B	thumb	AnimBubbleEffect
0x0810DE2C	0x0810DE6D	thumb	AnimBubbleEffect_Step
0x0810DE70	0x0810DE97	thumb	AnimEllipticalGust
0x0810DE98	0x0810DED7	thumb	AnimEllipticalGust_Step
0x0810DED8	0x0810DF17	thumb	AnimTask_AnimateGustTornadoPalette
0x0810DF18	0x0810DFA7	thumb	AnimTask_AnimateGustTornadoPalette_Step
0x0810DFA8	0x0810E027	thumb	AnimGustToTarget
0x0810E028	0x0810E041	thumb	AnimGustToTarget_Step
0x0810E044	0x0810E13B	thumb	AnimAirWaveCrescent
0x0810E13C	0x0810E183	thumb	AnimFlyBallUp
0x0810E184	0x0810E1C5	thumb	AnimFlyBallUp_Step
0x0810E1C8	0x0810E24B	thumb	AnimFlyBallAttack
0x0810E24C	0x0810E2C7	thumb	AnimFlyBallAttack_Step
0x0810E2C8	0x0810E313	thumb	DestroyAnimSpriteAfterTimer
0x0810E314	0x0810E51F	thumb	AnimFallingFeather
0x0810E520	0x0810EA4B	thumb	AnimFallingFeather_Step
0x0810EA4C	0x0810EA9F	thumb	AnimUnusedBubbleThrow
0x0810EAA0	0x0810EB3F	thumb	AnimWhirlwindLine
0x0810EB40	0x0810EB87	thumb	AnimWhirlwindLine_Step
0x0810EB88	0x0810EC33	thumb	AnimTask_DrillPeckHitSplats
0x0810EC34	0x0810EC91	thumb	AnimBounceBallShrink
0x0810EC94	0x0810ED27	thumb	AnimBounceBallLand
0x0810ED28	0x0810ED6F	thumb	AnimDiveBall
0x0810ED70	0x0810EDCF	thumb	AnimDiveBall_Step1
0x0810EDD0	0x0810EE11	thumb	AnimDiveBall_Step2
0x0810EE14	0x0810EEF7	thumb	AnimDiveWaterSplash
0x0810EEF8	0x0810EFA7	thumb	AnimSprayWaterDroplet
0x0810EFA8	0x0810F003	thumb	AnimSprayWaterDroplet_Step
0x0810F004	0x0810F017	thumb	AnimUnusedFlashingLight
0x0810F018	0x0810F081	thumb	AnimUnusedFlashingLight_Step
0x0810F084	0x0810F13F	thumb	AnimSkyAttackBird
0x0810F140	0x0810F183	thumb	AnimSkyAttackBird_Step
0x0810F184	0x0810F1EB	thumb	AnimTask_SetAttackerVisibility
0x0810F1EC	0x0810F33F	thumb	AnimDefensiveWall
0x0810F340	0x0810F3C7	thumb	AnimDefensiveWall_Step1
0x0810F3C8	0x0810F3FD	thumb	AnimDefensiveWall_Step2
0x0810F400	0x0810F46B	thumb	AnimDefensiveWall_Step3
0x0810F46C	0x0810F523	thumb	AnimDefensiveWall_Step4
0x0810F524	0x0810F58B	thumb	AnimDefensiveWall_Step5
0x0810F58C	0x0810F631	thumb	AnimWallSparkle
0x0810F634	0x0810F6AF	thumb	AnimBentSpoon
0x0810F6B0	0x0810F73F	thumb	AnimQuestionMark
0x0810F740	0x0810F773	thumb	AnimQuestionMark_Step1
0x0810F774	0x0810F7D1	thumb	AnimQuestionMark_Step2
0x0810F7D4	0x0810F80F	thumb	AnimTask_MeditateStretchAttacker
0x0810F810	0x0810F83B	thumb	AnimTask_MeditateStretchAttacker_Step
0x0810F83C	0x0810F897	thumb	AnimTask_Teleport
0x0810F898	0x0810F93F	thumb	AnimTask_Teleport_Step
0x0810F940	0x0810F9D3	thumb	AnimTask_ImprisonOrbs
0x0810F9D4	0x0810FB5F	thumb	AnimTask_ImprisonOrbs_Step
0x0810FB60	0x0810FBA7	thumb	AnimRedX_Step
0x0810FBA8	0x0810FBEF	thumb	AnimRedX
0x0810FBF0	0x0810FD3B	thumb	AnimTask_SkillSwap
0x0810FD3C	0x0810FDED	thumb	AnimTask_SkillSwap_Step
0x0810FDF0	0x0810FE13	thumb	AnimSkillSwapOrb
0x0810FE14	0x0810FF33	thumb	AnimTask_ExtrasensoryDistortion
0x0810FF34	0x08110031	thumb	AnimTask_ExtrasensoryDistortion_Step
0x08110034	0x08110133	thumb	AnimTask_TransparentCloneGrowAndShrink
0x08110134	0x0811023D	thumb	AnimTask_TransparentCloneGrowAndShrink_Step
0x08110240	0x08110365	thumb	AnimPsychoBoost
0x08110368	0x08110437	thumb	AnimMegahornHorn
0x08110438	0x081104E3	thumb	AnimLeechLifeNeedle
0x081104E4	0x0811057B	thumb	AnimTranslateWebThread
0x0811057C	0x081105B3	thumb	AnimTranslateWebThread_Step
0x081105B4	0x0811062F	thumb	AnimStringWrap
0x08110630	0x0811067B	thumb	AnimStringWrap_Step
0x0811067C	0x081106A3	thumb	AnimSpiderWeb
0x081106A4	0x081106FF	thumb	AnimSpiderWeb_Step
0x08110700	0x0811071F	thumb	AnimSpiderWeb_End
0x08110720	0x0811084F	thumb	AnimTranslateStinger
0x08110850	0x081108CB	thumb	AnimMissileArc
0x081108CC	0x08110993	thumb	AnimMissileArc_Step
0x08110994	0x081109EF	thumb	AnimTailGlowOrb
0x081109F0	0x08110A6F	thumb	AnimFallingRock
0x08110A70	0x08110AB3	thumb	AnimFallingRock_Step
0x08110AB4	0x08110B37	thumb	AnimRockFragment
0x08110B38	0x08110B7F	thumb	AnimParticleInVortex
0x08110B80	0x08110BCB	thumb	AnimParticleInVortex_Step
0x08110BCC	0x08110CAF	thumb	AnimTask_LoadSandstormBackground
0x08110CB0	0x08110E4B	thumb	AnimTask_LoadSandstormBackground_Step
0x08110E4C	0x08110F2F	thumb	AnimFlyingSandCrescent
0x08110F30	0x08110F73	thumb	AnimRaiseSprite
0x08110F74	0x081110A3	thumb	AnimTask_Rollout
0x081110A4	0x08111211	thumb	AnimTask_Rollout_Step
0x08111214	0x0811131B	thumb	CreateRolloutDirtSprite
0x0811131C	0x0811135B	thumb	AnimRolloutParticle
0x0811135C	0x08111387	thumb	GetRolloutCounter
0x08111388	0x081113C7	thumb	AnimRockTomb
0x081113C8	0x08111415	thumb	AnimRockTomb_Step
0x08111418	0x08111443	thumb	AnimRockBlastRock
0x08111444	0x0811149B	thumb	AnimRockScatter
0x0811149C	0x081114EB	thumb	AnimRockScatter_Step
0x081114EC	0x0811152B	thumb	AnimTask_GetSeismicTossDamageLevel
0x0811152C	0x0811158F	thumb	AnimTask_MoveSeismicTossBg
0x08111590	0x0811160B	thumb	AnimTask_SeismicTossBgAccelerateDownAtEnd
0x0811160C	0x08111673	thumb	AnimConfuseRayBallBounce
0x08111674	0x081116E7	thumb	AnimConfuseRayBallBounce_Step1
0x081116E8	0x08111763	thumb	AnimConfuseRayBallBounce_Step2
0x08111764	0x081117F3	thumb	UpdateConfuseRayBallBlend
0x081117F4	0x08111813	thumb	AnimConfuseRayBallSpiral
0x08111814	0x08111889	thumb	AnimConfuseRayBallSpiral_Step
0x0811188C	0x08111913	thumb	AnimTask_NightShadeClone
0x08111914	0x0811196B	thumb	AnimTask_NightShadeClone_Step1
0x0811196C	0x081119DD	thumb	AnimTask_NightShadeClone_Step2
0x081119E0	0x08111A87	thumb	AnimShadowBall
0x08111A88	0x08111B9B	thumb	AnimShadowBall_Step
0x08111B9C	0x08111BB3	thumb	AnimLick
0x08111BB4	0x08111C4F	thumb	AnimLick_Step
0x08111C50	0x08111D77	thumb	AnimTask_NightmareClone
0x08111D78	0x08111E4D	thumb	AnimTask_NightmareClone_Step
0x08111E50	0x08111E77	thumb	AnimTask_SpiteTargetShadow
0x08111E78	0x081120DB	thumb	AnimTask_SpiteTargetShadow_Step1
0x081120DC	0x0811216F	thumb	AnimTask_SpiteTargetShadow_Step2
0x08112170	0x08112263	thumb	AnimTask_SpiteTargetShadow_Step3
0x08112264	0x08112383	thumb	AnimDestinyBondWhiteShadow
0x08112384	0x081123C1	thumb	AnimDestinyBondWhiteShadow_Step
0x081123C4	0x081125DF	thumb	AnimTask_DestinyBondWhiteShadow
0x081125E0	0x08112757	thumb	AnimTask_DestinyBondWhiteShadow_Step
0x08112758	0x0811280B	thumb	AnimTask_CurseStretchingBlackBg
0x0811280C	0x08112993	thumb	AnimTask_CurseStretchingBlackBg_Step1
0x08112994	0x081129EF	thumb	AnimTask_CurseStretchingBlackBg_Step2
0x081129F0	0x08112A4B	thumb	AnimCurseNail
0x08112A4C	0x08112AC9	thumb	AnimCurseNail_Step1
0x08112ACC	0x08112B43	thumb	AnimCurseNail_Step2
0x08112B44	0x08112B77	thumb	AnimCurseNail_End
0x08112B78	0x08112C4B	thumb	AnimGhostStatusSprite
0x08112C4C	0x08112C6B	thumb	AnimGhostStatusSprite_Step
0x08112C6C	0x08112D0F	thumb	AnimTask_GrudgeFlames
0x08112D10	0x08112E9B	thumb	AnimTask_GrudgeFlames_Step
0x08112E9C	0x08112F5F	thumb	AnimGrudgeFlame
0x08112F60	0x08112FB7	thumb	AnimMonMoveCircular
0x08112FB8	0x08113063	thumb	AnimMonMoveCircular_Step
0x08113064	0x081130FF	thumb	AnimOutrageFlame
0x08113100	0x081131B3	thumb	StartDragonFireTranslation
0x081131B4	0x08113223	thumb	AnimDragonRageFirePlume
0x08113224	0x0811324F	thumb	AnimDragonFireToTarget
0x08113250	0x081132DF	thumb	AnimDragonDanceOrb
0x081132E0	0x081133E7	thumb	AnimDragonDanceOrb_Step
0x081133E8	0x081134B7	thumb	AnimTask_DragonDanceWaver
0x081134B8	0x08113571	thumb	AnimTask_DragonDanceWaver_Step
0x08113574	0x081135EB	thumb	UpdateDragonDanceScanlineEffect
0x081135EC	0x0811369B	thumb	AnimOverheatFlame
0x0811369C	0x081136E5	thumb	AnimOverheatFlame_Step
0x081136E8	0x0811375B	thumb	AnimTask_AttackerFadeToInvisible
0x0811375C	0x081137E3	thumb	AnimTask_AttackerFadeToInvisible_Step
0x081137E4	0x0811381B	thumb	AnimTask_AttackerFadeFromInvisible
0x0811381C	0x08113887	thumb	AnimTask_AttackerFadeFromInvisible_Step
0x08113888	0x081138D3	thumb	AnimTask_InitAttackerFadeFromInvisible
0x081138D4	0x0811394F	thumb	AnimUnusedBagSteal
0x08113950	0x081139D9	thumb	AnimUnusedBagSteal_Step
0x081139DC	0x08113A17	thumb	AnimBite
0x08113A18	0x08113A57	thumb	AnimBite_Step1
0x08113A58	0x08113A8D	thumb	AnimBite_Step2
0x08113A90	0x08113B8F	thumb	AnimTearDrop
0x08113B90	0x08113BA9	thumb	AnimTearDrop_Step
0x08113BAC	0x08113D5F	thumb	AnimTask_MoveAttackerMementoShadow
0x08113D60	0x08113E77	thumb	AnimTask_MoveAttackerMementoShadow_Step
0x08113E78	0x081140C7	thumb	AnimTask_MoveTargetMementoShadow
0x081140C8	0x08114243	thumb	AnimTask_MoveTargetMementoShadow_Step
0x08114244	0x08114373	thumb	DoMementoShadowEffect
0x08114374	0x081143BF	thumb	SetAllBattlersSpritePriority
0x081143C0	0x0811446F	thumb	AnimTask_InitMementoShadow
0x08114470	0x081144BB	thumb	AnimTask_MementoHandleBg
0x081144BC	0x081144F7	thumb	AnimClawSlash
0x081144F8	0x08114747	thumb	AnimTask_MetallicShine
0x08114748	0x0811489B	thumb	AnimTask_MetallicShine_Step
0x0811489C	0x0811495F	thumb	AnimTask_SetGrayscaleOrOriginalPal
0x08114960	0x08114993	thumb	GetIsDoomDesireHitTurn
0x08114994	0x081149FB	thumb	AnimBonemerangProjectile
0x081149FC	0x08114A5F	thumb	AnimBonemerangProjectile_Step
0x08114A60	0x08114A79	thumb	AnimBonemerangProjectile_End
0x08114A7C	0x08114AEF	thumb	AnimBoneHitProjectile
0x08114AF0	0x08114B7F	thumb	AnimDirtScatter
0x08114B80	0x08114C0F	thumb	AnimMudSportDirt
0x08114C10	0x08114C49	thumb	AnimMudSportDirtRising
0x08114C4C	0x08114CB9	thumb	AnimMudSportDirtFalling
0x08114CBC	0x08114CFB	thumb	AnimTask_DigDownMovement
0x08114CFC	0x08114EB3	thumb	AnimTask_DigBounceMovement
0x08114EB4	0x08114F13	thumb	AnimTask_DigEndBounceMovementSetInvisible
0x08114F14	0x08114F53	thumb	AnimTask_DigUpMovement
0x08114F54	0x08114FD7	thumb	AnimTask_DigSetVisibleUnderground
0x08114FD8	0x081150DF	thumb	AnimTask_DigRiseUpFromHole
0x081150E0	0x0811519F	thumb	SetDigScanlineEffect
0x081151A0	0x08115227	thumb	AnimDirtPlumeParticle
0x08115228	0x08115241	thumb	AnimDirtPlumeParticle_Step
0x08115244	0x081152DB	thumb	AnimDigDirtMound
0x081152DC	0x081153AB	thumb	AnimTask_HorizontalShake
0x081153AC	0x081154A3	thumb	AnimTask_ShakePlatforms
0x081154A4	0x08115587	thumb	AnimTask_ShakeBattlers
0x08115588	0x081155FF	thumb	SetBattlersXOffsetForShake
0x08115600	0x08115627	thumb	AnimTask_IsPowerOver99
0x08115628	0x081156CF	thumb	AnimTask_PositionFissureBgOnBattler
0x081156D0	0x0811572B	thumb	WaitForFissureCompletion
0x0811572C	0x08115797	thumb	AnimConfusionDuck
0x08115798	0x081157FB	thumb	AnimConfusionDuck_Step
0x081157FC	0x0811583B	thumb	AnimSimplePaletteBlend
0x0811583C	0x08115883	thumb	UnpackSelectedBattlePalettes
0x08115884	0x081158A3	thumb	AnimSimplePaletteBlend_Step
0x081158A4	0x081158F7	thumb	AnimComplexPaletteBlend
0x081158F8	0x08115981	thumb	AnimComplexPaletteBlend_Step1
0x08115984	0x081159B3	thumb	AnimComplexPaletteBlend_Step2
0x081159B4	0x08115A03	thumb	AnimCirclingSparkle
0x08115A04	0x08115A53	thumb	AnimTask_BlendColorCycle
0x08115A54	0x08115AA3	thumb	BlendColorCycle
0x08115AA4	0x08115B0B	thumb	AnimTask_BlendColorCycleLoop
0x08115B0C	0x08115BC7	thumb	AnimTask_BlendColorCycleExclude
0x08115BC8	0x08115C17	thumb	BlendColorCycleExclude
0x08115C18	0x08115C7F	thumb	AnimTask_BlendColorCycleExcludeLoop
0x08115C80	0x08115CCF	thumb	AnimTask_BlendColorCycleByTag
0x08115CD0	0x08115D2B	thumb	BlendColorCycleByTag
0x08115D2C	0x08115D93	thumb	AnimTask_BlendColorCycleByTagLoop
0x08115D94	0x08115DFF	thumb	AnimTask_FlashAnimTagWithColor
0x08115E00	0x08115EB7	thumb	AnimTask_FlashAnimTagWithColor_Step1
0x08115EB8	0x08115F0F	thumb	AnimTask_FlashAnimTagWithColor_Step2
0x08115F10	0x08115F93	thumb	AnimTask_InvertScreenColor
0x08115F94	0x081160A3	thumb	AnimTask_TintPalettes
0x081160A4	0x08116147	thumb	AnimShakeMonOrBattlePlatforms
0x08116148	0x081161F3	thumb	AnimShakeMonOrBattlePlatforms_Step
0x081161F4	0x081162A1	thumb	AnimShakeMonOrBattlePlatforms_UpdateCoordOffsetEnabled
0x081162A4	0x081162F7	thumb	AnimTask_ShakeBattlePlatforms
0x081162F8	0x08116387	thumb	AnimTask_ShakeBattlePlatforms_Step
0x08116388	0x081163CF	thumb	AnimHitSplatBasic
0x081163D0	0x0811641F	thumb	AnimHitSplatPersistent
0x08116420	0x08116457	thumb	AnimHitSplatHandleInvert
0x08116458	0x081164EF	thumb	AnimHitSplatRandom
0x081164F0	0x0811655F	thumb	AnimHitSplatOnMonEdge
0x08116560	0x081165A7	thumb	AnimCrossImpact
0x081165A8	0x081165E3	thumb	AnimFlashingHitSplat
0x081165E4	0x0811661D	thumb	AnimFlashingHitSplat_Step
0x08116620	0x08116663	thumb	AnimTask_BlendBattleAnimPal
0x08116664	0x0811675B	thumb	AnimTask_BlendBattleAnimPalExclude
0x0811675C	0x08116847	thumb	AnimTask_SetCamouflageBlend
0x08116848	0x08116873	thumb	AnimTask_BlendParticle
0x08116874	0x081168B7	thumb	StartBlendAnimSpriteColor
0x081168B8	0x0811695F	thumb	AnimTask_BlendSpriteColor_Step2
0x08116960	0x0811699F	thumb	AnimTask_HardwarePaletteFade
0x081169A0	0x081169BF	thumb	AnimTask_HardwarePaletteFade_Step
0x081169C0	0x081169F7	thumb	AnimTask_TraceMonBlended
0x081169F8	0x08116ACF	thumb	AnimTask_TraceMonBlended_Step
0x08116AD0	0x08116B13	thumb	AnimMonTrace
0x08116B14	0x08116D63	thumb	AnimTask_DrawFallingWhiteLinesOnAttacker
0x08116D64	0x08116EB3	thumb	AnimTask_DrawFallingWhiteLinesOnAttacker_Step
0x08116EB4	0x08116F03	thumb	InitStatsChangeAnimation
0x08116F04	0x081170EB	thumb	StatsChangeAnimation_Step1
0x081170EC	0x081172EB	thumb	StatsChangeAnimation_Step2
0x081172EC	0x08117493	thumb	StatsChangeAnimation_Step3
0x08117494	0x081174FF	thumb	AnimTask_Flash
0x08117500	0x081175C3	thumb	AnimTask_Flash_Step
0x081175C4	0x0811760F	thumb	SetPalettesToColor
0x08117610	0x0811765F	thumb	AnimTask_BlendNonAttackerPalettes
0x08117660	0x081176D7	thumb	AnimTask_StartSlidingBg
0x081176D8	0x08117753	thumb	AnimTask_UpdateSlidingBg
0x08117754	0x0811777F	thumb	AnimTask_GetAttackerSide
0x08117780	0x081177AB	thumb	AnimTask_GetTargetSide
0x081177AC	0x081177E3	thumb	AnimTask_GetTargetIsAttackerPartner
0x081177E4	0x08117853	thumb	AnimTask_SetAllNonAttackersInvisiblity
0x08117854	0x08117A5F	thumb	StartMonScrollingBgMask
0x08117A60	0x08117C23	thumb	UpdateMonScrollingBgMask
0x08117C24	0x08117C43	thumb	AnimTask_GetBattleEnvironment
0x08117C44	0x08117C6F	thumb	AnimTask_AllocBackupPalBuffer
0x08117C70	0x08117C9F	thumb	AnimTask_FreeBackupPalBuffer
0x08117CA0	0x08117D3B	thumb	AnimTask_CopyPalUnfadedToBackup
0x08117D3C	0x08117DD7	thumb	AnimTask_CopyPalUnfadedFromBackup
0x08117DD8	0x08117E5F	thumb	AnimTask_CopyPalFadedToUnfaded
0x08117E60	0x08117E93	thumb	AnimTask_IsContest
0x08117E94	0x08117EC3	thumb	AnimTask_SetAnimAttackerAndTargetForEffectTgt
0x08117EC4	0x08117F0F	thumb	AnimTask_IsTargetSameSide
0x08117F10	0x08117F2F	thumb	AnimTask_SetAnimTargetToBattlerTarget
0x08117F30	0x08117F5F	thumb	AnimTask_SetAnimAttackerAndTargetForEffectAtk
0x08117F60	0x08117FCF	thumb	AnimTask_SetAttackerInvisibleWaitForSignal
0x08117FD0	0x0811802B	thumb	AnimTask_WaitAndRestoreVisibility
0x0811802C	0x0811813F	thumb	SetAnimBgAttribute
0x08118140	0x081181D1	thumb	GetAnimBgAttribute
0x081181D4	0x0811828B	thumb	HandleIntroSlide
0x0811828C	0x081182EB	thumb	BattleIntroSlideEnd
0x081182EC	0x08118537	thumb	BattleIntroSlide1
0x08118538	0x08118843	thumb	BattleIntroSlide2
0x08118844	0x08118ABF	thumb	BattleIntroSlide3
0x08118AC0	0x08118D67	thumb	BattleIntroSlideLink
0x08118D68	0x08118FB9	thumb	BattleIntroSlidePartner
0x08118FBC	0x08119093	thumb	DrawBattlerOnBg
0x08119094	0x08119163	thumb	DrawBattlerOnBgDMA
0x08119164	0x08119199	thumb	MovePlayerOnBike
0x0811919C	0x081191CB	thumb	MovePlayerOnMachBike
0x081191CC	0x08119221	thumb	GetMachBikeTransition
0x08119224	0x08119235	thumb	MachBikeTransition_FaceDirection
0x08119238	0x0811927F	thumb	MachBikeTransition_TurnDirection
0x08119280	0x08119343	thumb	MachBikeTransition_TrySpeedUp
0x08119344	0x081193C7	thumb	MachBikeTransition_TrySlowDown
0x081193C8	0x081193FF	thumb	MovePlayerOnAcroBike
0x08119400	0x0811942B	thumb	CheckMovementInputAcroBike
0x0811942C	0x081194C5	thumb	AcroBikeHandleInputNormal
0x081194C8	0x0811953F	thumb	AcroBikeHandleInputTurning
0x08119540	0x081195DD	thumb	AcroBikeHandleInputWheelieStanding
0x081195E0	0x08119687	thumb	AcroBikeHandleInputBunnyHop
0x08119688	0x08119763	thumb	AcroBikeHandleInputWheelieMoving
0x08119764	0x081197BF	thumb	AcroBikeHandleInputSidewaysJump
0x081197C0	0x081197E3	thumb	AcroBikeHandleInputTurnJump
0x081197E4	0x081197F1	thumb	AcroBikeTransition_FaceDirection
0x081197F4	0x0811982F	thumb	AcroBikeTransition_TurnDirection
0x08119830	0x081198BF	thumb	AcroBikeTransition_Moving
0x081198C0	0x081198FB	thumb	AcroBikeTransition_NormalToWheelie
0x081198FC	0x08119937	thumb	AcroBikeTransition_WheelieToNormal
0x08119938	0x08119973	thumb	AcroBikeTransition_WheelieIdle
0x08119974	0x081199AF	thumb	AcroBikeTransition_WheelieHoppingStanding
0x081199B0	0x08119A23	thumb	AcroBikeTransition_WheelieHoppingMoving
0x08119A24	0x08119A93	thumb	AcroBikeTransition_SideJump
0x08119A94	0x08119AA1	thumb	AcroBikeTransition_TurnJump
0x08119AA4	0x08119B31	thumb	AcroBikeTransition_WheelieMoving
0x08119B34	0x08119BC1	thumb	AcroBikeTransition_WheelieRisingMoving
0x08119BC4	0x08119C3B	thumb	AcroBikeTransition_WheelieLoweringMoving
0x08119C3C	0x08119C63	thumb	Bike_TryAcroBikeHistoryUpdate
0x08119C64	0x08119CCB	thumb	AcroBike_TryHistoryUpdate
0x08119CCC	0x08119D2D	thumb	HasPlayerInputTakenLongerThanList
0x08119D30	0x08119D7F	thumb	AcroBike_GetJumpDirection
0x08119D80	0x08119DBB	thumb	Bike_UpdateDirTimerHistory
0x08119DBC	0x08119DF7	thumb	Bike_UpdateABStartSelectHistory
0x08119DF8	0x08119E35	thumb	Bike_DPadToDirection
0x08119E38	0x08119EA3	thumb	GetBikeCollision
0x08119EA4	0x08119EED	thumb	GetBikeCollisionAt
0x08119EF0	0x08119F15	thumb	RS_IsRunningDisallowed
0x08119F18	0x08119F4D	thumb	IsRunningDisallowedByMetatile
0x08119F50	0x08119F73	thumb	Bike_TryAdvanceCyclingRoadCollisions
0x08119F74	0x08119FC1	thumb	CanBikeFaceDirOnMetatile
0x08119FC4	0x08119FF5	thumb	WillPlayerCollideWithCollision
0x08119FF8	0x0811A041	thumb	IsBikingDisallowedByPlayer
0x0811A044	0x0811A07D	thumb	IsPlayerNotUsingAcroBikeOnBumpySlope
0x0811A080	0x0811A0CF	thumb	GetOnOffBike
0x0811A0D0	0x0811A113	thumb	BikeClearState
0x0811A114	0x0811A127	thumb	Bike_UpdateBikeCounterSpeed
0x0811A128	0x0811A137	thumb	Bike_SetBikeStill
0x0811A138	0x0811A187	thumb	GetPlayerSpeed
0x0811A188	0x0811A1DB	thumb	Bike_HandleBumpySlopeJump
0x0811A1DC	0x0811A209	thumb	IsRunningDisallowed
0x0811A20C	0x0811A277	thumb	DoEasyChatScreen
0x0811A278	0x0811A28D	thumb	CB2_EasyChatScreen
0x0811A290	0x0811A2A1	thumb	VBlankCB_EasyChatScreen
0x0811A2A4	0x0811A2BF	thumb	StartEasyChatScreen
0x0811A2C0	0x0811A2FB	thumb	Task_InitEasyChatScreen
0x0811A2FC	0x0811A427	thumb	Task_EasyChatScreen
0x0811A428	0x0811A4CD	thumb	InitEasyChatScreen
0x0811A4D0	0x0811A4EF	thumb	ExitEasyChatScreen
0x0811A4F0	0x0811A7E3	thumb	ShowEasyChatScreen
0x0811A7E4	0x0811A857	thumb	CB2_QuizLadyQuestion
0x0811A858	0x0811A867	thumb	QuizLadyShowQuizQuestion
0x0811A868	0x0811A88B	thumb	GetQuizLadyScreenByFuncId
0x0811A88C	0x0811A8A3	thumb	IsFuncIdForQuizLadyScreen
0x0811A8A4	0x0811A8CB	thumb	EnterQuizLadyScreen
0x0811A8CC	0x0811A8EF	thumb	DoQuizAnswerEasyChatScreen
0x0811A8F0	0x0811A913	thumb	DoQuizQuestionEasyChatScreen
0x0811A914	0x0811A937	thumb	DoQuizSetAnswerEasyChatScreen
0x0811A938	0x0811A95B	thumb	DoQuizSetQuestionEasyChatScreen
0x0811A95C	0x0811AA8F	thumb	InitEasyChatScreenStruct
0x0811AA90	0x0811AAAB	thumb	FreeEasyChatScreenStruct
0x0811AAAC	0x0811AB43	thumb	HandleEasyChatInput
0x0811AB44	0x0811AB67	thumb	IsCurrentFrame2x5
0x0811AB68	0x0811ACDB	thumb	HandleEasyChatInput_Phrase
0x0811ACDC	0x0811AE43	thumb	HandleEasyChatInput_MainScreenButtons
0x0811AE44	0x0811AEFD	thumb	HandleEasyChatInput_Keyboard
0x0811AF00	0x0811AF89	thumb	HandleEasyChatInput_WordSelect
0x0811AF8C	0x0811AFE9	thumb	HandleEasyChatInput_ExitPrompt
0x0811AFEC	0x0811B03F	thumb	HandleEasyChatInput_ConfirmWordsYesNo
0x0811B040	0x0811B089	thumb	HandleEasyChatInput_DeleteAllYesNo
0x0811B08C	0x0811B0BB	thumb	HandleEasyChatInput_QuizQuestion
0x0811B0BC	0x0811B0E7	thumb	HandleEasyChatInput_WaitForMsg
0x0811B0E8	0x0811B0F7	thumb	HandleEasyChatInput_StartConfirmLyrics
0x0811B0F8	0x0811B14F	thumb	HandleEasyChatInput_ConfirmLyricsYesNo
0x0811B150	0x0811B183	thumb	StartConfirmExitPrompt
0x0811B184	0x0811B1B1	thumb	DoDeleteAllButton
0x0811B1B4	0x0811B261	thumb	TryConfirmWords
0x0811B264	0x0811B2A3	thumb	DoQuizButton
0x0811B2A4	0x0811B2AF	thumb	GetEasyChatBackupState
0x0811B2B0	0x0811B329	thumb	SelectKeyboardGroup
0x0811B32C	0x0811B33B	thumb	ExitKeyboardToMainScreen
0x0811B33C	0x0811B367	thumb	StartSwitchKeyboardMode
0x0811B368	0x0811B393	thumb	DeleteSelectedWord
0x0811B394	0x0811B3E1	thumb	SelectNewWord
0x0811B3E4	0x0811B417	thumb	SaveCurrentPhrase
0x0811B418	0x0811B453	thumb	ResetCurrentPhrase
0x0811B454	0x0811B487	thumb	ResetCurrentPhraseToSaved
0x0811B488	0x0811B4AB	thumb	SetSelectedWord
0x0811B4AC	0x0811B4E9	thumb	DidPhraseChange
0x0811B4EC	0x0811B527	thumb	GetEasyChatCompleted
0x0811B528	0x0811B565	thumb	MoveKeyboardCursor
0x0811B568	0x0811B631	thumb	MoveKeyboardCursor_GroupNames
0x0811B634	0x0811B6C3	thumb	MoveKeyboardCursor_Alphabet
0x0811B6C4	0x0811B743	thumb	MoveKeyboardCursor_ButtonWindow
0x0811B744	0x0811B767	thumb	SetKeyboardCursorInButtonWindow
0x0811B768	0x0811B793	thumb	SetKeyboardCursorToLastColumn
0x0811B794	0x0811B8C7	thumb	MoveWordSelectCursor
0x0811B8C8	0x0811B8E7	thumb	GetWordIndexToReplace
0x0811B8E8	0x0811B907	thumb	GetSelectedGroupIndex
0x0811B908	0x0811B93F	thumb	GetSelectedAlphabetGroupId
0x0811B940	0x0811B95F	thumb	GetSelectedWordIndex
0x0811B960	0x0811B977	thumb	GetLastAlphabetColumn
0x0811B978	0x0811B99F	thumb	ReduceToValidKeyboardColumn
0x0811B9A0	0x0811B9C7	thumb	ReduceToValidWordSelectColumn
0x0811B9C8	0x0811BA19	thumb	IsSelectedKeyboardIndexInvalid
0x0811BA1C	0x0811BA3B	thumb	IsSelectedWordIndexInvalid
0x0811BA3C	0x0811BA5B	thumb	FooterHasFourOptions
0x0811BA5C	0x0811BA67	thumb	GetEasyChatScreenType
0x0811BA68	0x0811BA87	thumb	GetEasyChatScreenFrameId
0x0811BA88	0x0811BA93	thumb	GetTitleText
0x0811BA94	0x0811BA9F	thumb	GetCurrentPhrase
0x0811BAA0	0x0811BAAB	thumb	GetNumRows
0x0811BAAC	0x0811BAB7	thumb	GetNumColumns
0x0811BAB8	0x0811BAC3	thumb	GetMainCursorColumn
0x0811BAC4	0x0811BACF	thumb	GetMainCursorRow
0x0811BAD0	0x0811BB07	thumb	GetEasyChatInstructionsText
0x0811BB08	0x0811BB3F	thumb	GetEasyChatConfirmText
0x0811BB40	0x0811BB87	thumb	GetEasyChatConfirmExitText
0x0811BB88	0x0811BB9B	thumb	GetEasyChatConfirmDeletionText
0x0811BB9C	0x0811BBAF	thumb	GetKeyboardCursorColAndRow
0x0811BBB0	0x0811BBBB	thumb	GetInAlphabetMode
0x0811BBBC	0x0811BBC7	thumb	GetKeyboardScrollOffset
0x0811BBC8	0x0811BBDB	thumb	GetWordSelectColAndRow
0x0811BBDC	0x0811BBE7	thumb	GetWordSelectScrollOffset
0x0811BBE8	0x0811BBF3	thumb	GetWordSelectLastRow
0x0811BBF4	0x0811BBF7	thumb	UnusedDummy
0x0811BBF8	0x0811BC29	thumb	CanScrollUp
0x0811BC2C	0x0811BC6D	thumb	CanScrollDown
0x0811BC70	0x0811BC79	thumb	FooterHasFourOptions_
0x0811BC7C	0x0811BCB9	thumb	IsPhraseDifferentThanPlayerInput
0x0811BCBC	0x0811BCC7	thumb	GetDisplayedPersonType
0x0811BCC8	0x0811BCF1	thumb	GetEachChatScreenTemplateId
0x0811BCF4	0x0811BD2B	thumb	IsCurrentPhraseEmpty
0x0811BD2C	0x0811BD63	thumb	IsCurrentPhraseFull
0x0811BD64	0x0811BDAF	thumb	IsQuizQuestionEmpty
0x0811BDB0	0x0811BDEF	thumb	IsQuizAnswerEmpty
0x0811BDF0	0x0811BE53	thumb	GetQuizTitle
0x0811BE54	0x0811BE9B	thumb	BufferCurrentPhraseToStringVar2
0x0811BE9C	0x0811BF1F	thumb	SetSpecialEasyChatResult
0x0811BF20	0x0811BF3F	thumb	DidPlayerInputMysteryGiftPhrase
0x0811BF40	0x0811BF77	thumb	DidPlayerInputABerryMasterWifePhrase
0x0811BF78	0x0811BF87	thumb	ClearUnusedField
0x0811BF88	0x0811BF8B	thumb	DummyWordCheck
0x0811BF8C	0x0811BFA1	thumb	InitEasyChatScreenControl
0x0811BFA4	0x0811C13B	thumb	LoadEasyChatScreen
0x0811C13C	0x0811C157	thumb	FreeEasyChatScreenControl
0x0811C158	0x0811C16F	thumb	StartEasyChatFunction
0x0811C170	0x0811C2D3	thumb	RunEasyChatFunction
0x0811C2D4	0x0811C30B	thumb	ReprintPhrase
0x0811C30C	0x0811C3E3	thumb	UpdateMainCursor
0x0811C3E4	0x0811C401	thumb	UpdateMainCursorOnButtons
0x0811C404	0x0811C447	thumb	ShowConfirmExitPrompt
0x0811C448	0x0811C48B	thumb	ShowConfirmPrompt
0x0811C48C	0x0811C4CF	thumb	ShowConfirmDeleteAllPrompt
0x0811C4D0	0x0811C517	thumb	ClosePrompt
0x0811C518	0x0811C553	thumb	ClosePromptAfterDeleteAll
0x0811C554	0x0811C61D	thumb	OpenKeyboard
0x0811C620	0x0811C6BD	thumb	CloseKeyboard
0x0811C6C0	0x0811C77D	thumb	SwitchKeyboardMode
0x0811C780	0x0811C78B	thumb	UpdateKeyboardCursor
0x0811C78C	0x0811C7D1	thumb	GroupNamesScrollDown
0x0811C7D4	0x0811C82F	thumb	GroupNamesScrollUp
0x0811C830	0x0811C8ED	thumb	OpenWordSelect
0x0811C8F0	0x0811C999	thumb	CloseWordSelect
0x0811C99C	0x0811CA59	thumb	ShowConfirmLyricsPrompt
0x0811CA5C	0x0811CB15	thumb	ReturnToKeyboard
0x0811CB18	0x0811CB23	thumb	UpdateWordSelectCursor
0x0811CB24	0x0811CB95	thumb	WordSelectScrollDown
0x0811CB98	0x0811CC07	thumb	WordSelectScrollUp
0x0811CC08	0x0811CC8D	thumb	WordSelectPageScrollDown
0x0811CC90	0x0811CD11	thumb	WordSelectPageScrollUp
0x0811CD14	0x0811CD51	thumb	ShowCreateQuizMsg
0x0811CD54	0x0811CD91	thumb	ShowSelectAnswerMsg
0x0811CD94	0x0811CDD1	thumb	ShowSongTooShortMsg
0x0811CDD4	0x0811CE11	thumb	ShowCantDeleteLyricsMsg
0x0811CE14	0x0811CE51	thumb	ShowCombineTwoWordsMsg
0x0811CE54	0x0811CE91	thumb	ShowCantExitMsg
0x0811CE94	0x0811CF03	thumb	InitEasyChatScreenControl_
0x0811CF04	0x0811CF63	thumb	InitEasyChatBgs
0x0811CF64	0x0811CFCB	thumb	LoadEasyChatPalettes
0x0811CFCC	0x0811D027	thumb	PrintTitle
0x0811D028	0x0811D057	thumb	PrintEasyChatText
0x0811D058	0x0811D0BB	thumb	PrintEasyChatTextWithColors
0x0811D0BC	0x0811D103	thumb	PrintInitialInstructions
0x0811D104	0x0811D213	thumb	PrintEasyChatStdMessage
0x0811D214	0x0811D22F	thumb	CreateEasyChatYesNoMenu
0x0811D230	0x0811D2C7	thumb	AddPhraseWindow
0x0811D2C8	0x0811D423	thumb	PrintCurrentPhrase
0x0811D424	0x0811D60B	thumb	BufferFrameTilemap
0x0811D60C	0x0811D683	thumb	AdjustBgTilemapForFooter
0x0811D684	0x0811D695	thumb	DrawLowerWindow
0x0811D698	0x0811D6D3	thumb	InitLowerWindowText
0x0811D6D4	0x0811D6F1	thumb	PrintKeyboardText
0x0811D6F4	0x0811D757	thumb	PrintKeyboardGroupNames
0x0811D758	0x0811D793	thumb	PrintKeyboardAlphabet
0x0811D794	0x0811D7A1	thumb	PrintInitialWordSelectText
0x0811D7A4	0x0811D7C7	thumb	PrintWordSelectNextRowDown
0x0811D7C8	0x0811D7E9	thumb	PrintWordSelectNextRowUp
0x0811D7EC	0x0811D82D	thumb	PrintWordSelectRowsPageDown
0x0811D830	0x0811D861	thumb	PrintWordSelectRowsPageUp
0x0811D864	0x0811D94D	thumb	PrintWordSelectText
0x0811D950	0x0811D9B1	thumb	EraseWordSelectRows
0x0811D9B4	0x0811D9C9	thumb	ClearWordSelectWindow
0x0811D9CC	0x0811DAA3	thumb	InitLowerWindowAnim
0x0811DAA4	0x0811DADB	thumb	UpdateLowerWindowAnim
0x0811DADC	0x0811DC27	thumb	DrawLowerWindowFrame
0x0811DC28	0x0811DD83	thumb	BufferLowerWindowFrame
0x0811DD84	0x0811DDAB	thumb	ResetLowerWindowScroll
0x0811DDAC	0x0811DE0F	thumb	InitLowerWindowScroll
0x0811DE10	0x0811DE45	thumb	UpdateLowerWindowScroll
0x0811DE48	0x0811DE5B	thumb	GetLowerWindowScrollOffset
0x0811DE5C	0x0811DE8F	thumb	SetWindowDimensions
0x0811DE90	0x0811DEC3	thumb	LoadEasyChatGfx
0x0811DEC4	0x0811DF27	thumb	CreateMainCursorSprite
0x0811DF28	0x0811DF5F	thumb	SpriteCB_Cursor
0x0811DF60	0x0811DF8F	thumb	SetMainCursorPos
0x0811DF90	0x0811DFAF	thumb	StopMainCursorAnim
0x0811DFB0	0x0811DFC7	thumb	StartMainCursorAnim
0x0811DFC8	0x0811E04F	thumb	CreateRectangleCursorSprites
0x0811E050	0x0811E087	thumb	DestroyRectangleCursorSprites
0x0811E088	0x0811E0EB	thumb	UpdateRectangleCursorPos
0x0811E0EC	0x0811E1A3	thumb	SetRectangleCursorPos_GroupMode
0x0811E1A4	0x0811E287	thumb	SetRectangleCursorPos_AlphabetMode
0x0811E288	0x0811E2DB	thumb	CreateWordSelectCursorSprite
0x0811E2DC	0x0811E30B	thumb	SpriteCB_WordSelectCursor
0x0811E30C	0x0811E349	thumb	UpdateWordSelectCursorPos
0x0811E34C	0x0811E37F	thumb	SetWordSelectCursorPos
0x0811E380	0x0811E3AB	thumb	DestroyWordSelectCursorSprite
0x0811E3AC	0x0811E417	thumb	CreateSideWindowSprites
0x0811E418	0x0811E4AB	thumb	ShowSideWindow
0x0811E4AC	0x0811E4CF	thumb	HideModeWindow
0x0811E4D0	0x0811E559	thumb	DestroySideWindowSprites
0x0811E55C	0x0811E577	thumb	SetModeWindowToTransition
0x0811E578	0x0811E5B7	thumb	UpdateModeWindowAnim
0x0811E5B8	0x0811E5D3	thumb	IsModeWindowAnimActive
0x0811E5D4	0x0811E64B	thumb	CreateScrollIndicatorSprites
0x0811E64C	0x0811E6AF	thumb	UpdateScrollIndicatorsVisibility
0x0811E6B0	0x0811E6DF	thumb	HideScrollIndicators
0x0811E6E0	0x0811E71F	thumb	SetScrollIndicatorXPos
0x0811E720	0x0811E793	thumb	CreateStartSelectButtonSprites
0x0811E794	0x0811E7F7	thumb	UpdateStartSelectButtonsVisibility
0x0811E7F8	0x0811E827	thumb	HideStartSelectButtons
0x0811E828	0x0811E8E3	thumb	TryAddInterviewObjectEvents
0x0811E8E4	0x0811E91F	thumb	GetFooterIndex
0x0811E920	0x0811E947	thumb	GetFooterOptionXOffset
0x0811E948	0x0811EA27	thumb	AddMainScreenButtonWindow
0x0811EA28	0x0811EA6B	thumb	IsEasyChatGroupUnlocked
0x0811EA6C	0x0811EAA3	thumb	EasyChat_GetNumWordsInGroup
0x0811EAA4	0x0811EB0F	thumb	IsEasyChatWordInvalid
0x0811EB10	0x0811EB61	thumb	IsBardWordInvalid
0x0811EB64	0x0811EBBB	thumb	GetEasyChatWord
0x0811EBBC	0x0811EC07	thumb	CopyEasyChatWord
0x0811EC08	0x0811EC97	thumb	ConvertEasyChatWordsToString
0x0811EC98	0x0811ED79	thumb	UnusedConvertEasyChatWordsToString
0x0811ED7C	0x0811EDC3	thumb	GetEasyChatWordStringLength
0x0811EDC4	0x0811EE37	thumb	CanPhraseFitInXRowsYCols
0x0811EE38	0x0811EE8F	thumb	GetRandomEasyChatWordFromGroup
0x0811EE90	0x0811EEC9	thumb	GetRandomEasyChatWordFromUnlockedGroup
0x0811EECC	0x0811EF6B	thumb	ShowEasyChatProfile
0x0811EF6C	0x0811EF97	thumb	BufferDeepLinkPhrase
0x0811EF98	0x0811EFBF	thumb	IsTrendySayingUnlocked
0x0811EFC0	0x0811EFEF	thumb	UnlockTrendySaying
0x0811EFF0	0x0811F019	thumb	GetNumTrendySayingsUnlocked
0x0811F01C	0x0811F08F	thumb	UnlockRandomTrendySaying
0x0811F090	0x0811F0F7	thumb	GetRandomUnlockedTrendySaying
0x0811F0F8	0x0811F105	thumb	EasyChatIsNationalPokedexEnabled
0x0811F108	0x0811F183	thumb	GetRandomUnlockedEasyChatPokemon
0x0811F184	0x0811F28B	thumb	InitEasyChatPhrases
0x0811F28C	0x0811F2B7	thumb	InitEasyChatScreenWordData
0x0811F2B8	0x0811F2D3	thumb	FreeEasyChatScreenWordData
0x0811F2D4	0x0811F3AB	thumb	SetUnlockedEasyChatGroups
0x0811F3AC	0x0811F3B7	thumb	GetNumUnlockedEasyChatGroups
0x0811F3B8	0x0811F3DD	thumb	GetUnlockedEasyChatGroupId
0x0811F3E0	0x0811F423	thumb	BufferEasyChatWordGroupName
0x0811F424	0x0811F433	thumb	GetEasyChatWordGroupName
0x0811F434	0x0811F46B	thumb	CopyEasyChatWordPadded
0x0811F46C	0x0811F545	thumb	SetUnlockedWordsByAlphabet
0x0811F548	0x0811F577	thumb	SetSelectedWordGroup
0x0811F578	0x0811F5AF	thumb	GetWordFromSelectedGroup
0x0811F5B0	0x0811F5C3	thumb	GetNumWordsInSelectedGroup
0x0811F5C4	0x0811F6B7	thumb	SetSelectedWordGroup_GroupMode
0x0811F6B8	0x0811F72B	thumb	SetSelectedWordGroup_AlphabetMode
0x0811F72C	0x0811F763	thumb	IsEasyChatGroupUnlocked2
0x0811F764	0x0811F837	thumb	IsEasyChatIndexAndGroupUnlocked
0x0811F838	0x0811F85D	thumb	IsRestrictedWordSpecies
0x0811F860	0x0811F88B	thumb	IsEasyChatWordUnlocked
0x0811F88C	0x0811F8BB	thumb	InitializeEasyChatWordArray
0x0811F8BC	0x0811F8D7	thumb	InitQuestionnaireWords
0x0811F8D8	0x0811F90B	thumb	IsEasyChatAnswerUnlocked
0x0811F90C	0x0811F917	thumb	InitMonMarkingsMenu
0x0811F918	0x0811F95F	thumb	BufferMenuWindowTiles
0x0811F960	0x0811FA8F	thumb	BufferMenuFrameTiles
0x0811FA90	0x0811FAA3	thumb	BufferMonMarkingsMenuTiles
0x0811FAA4	0x0811FAF7	thumb	OpenMonMarkingsMenu
0x0811FAF8	0x0811FBA3	thumb	FreeMonMarkingsMenu
0x0811FBA4	0x0811FC7D	thumb	HandleMonMarkingsMenuInput
0x0811FC80	0x0811FF3B	thumb	CreateMonMarkingsMenuSprites
0x0811FF3C	0x0811FF3D	thumb	SpriteCB_Dummy
0x0811FF40	0x0811FF79	thumb	SpriteCB_Marking
0x0811FF7C	0x0811FF93	thumb	SpriteCB_Cursor
0x0811FF94	0x0811FFB3	thumb	CreateMonMarkingAllCombosSprite
0x0811FFB4	0x0811FFD3	thumb	CreateMonMarkingComboSprite
0x0811FFD4	0x08120083	thumb	CreateMarkingComboSprite
0x08120084	0x0812009F	thumb	UpdateMonMarkingTiles
0x081200A0	0x081200F7	thumb	SetupBard
0x081200F8	0x0812011B	thumb	SetupHipster
0x0812011C	0x08120125	thumb	SetupStoryteller
0x08120128	0x08120153	thumb	SetupGiddy
0x08120154	0x0812015D	thumb	SetupTrader
0x08120160	0x081201C7	thumb	SetMauvilleOldMan
0x081201C8	0x081201DB	thumb	GetCurrentMauvilleOldMan
0x081201DC	0x081201F3	thumb	Script_GetCurrentMauvilleMan
0x081201F4	0x0812020F	thumb	HasBardSongBeenChanged
0x08120210	0x0812027F	thumb	SaveBardSongLyrics
0x08120280	0x0812033F	thumb	PrepareSongText
0x08120340	0x08120357	thumb	PlayBardSong
0x08120358	0x08120373	thumb	HasHipsterTaughtWord
0x08120374	0x0812038B	thumb	SetHipsterTaughtWord
0x0812038C	0x081203C3	thumb	HipsterTryTeachWord
0x081203C4	0x081203FB	thumb	GiddyShouldTellAnotherTale
0x081203FC	0x081204DB	thumb	GenerateGiddyLine
0x081204DC	0x08120625	thumb	InitGiddyTaleList
0x08120628	0x0812063F	thumb	ResetBardFlag
0x08120640	0x08120657	thumb	ResetHipsterFlag
0x08120658	0x08120661	thumb	ResetTraderFlag
0x08120664	0x0812066D	thumb	ResetStorytellerFlag
0x08120670	0x081206BD	thumb	ResetMauvilleOldManFlag
0x081206C0	0x081206EF	thumb	StartBardSong
0x081206F0	0x081206FB	thumb	EnableTextPrinters
0x081206FC	0x08120707	thumb	DisableTextPrinters
0x08120708	0x08120747	thumb	DrawSongTextWindow
0x08120748	0x08120943	thumb	BardSing
0x08120944	0x08120B59	thumb	Task_BardSong
0x08120B5C	0x08120B6F	thumb	SetMauvilleOldManObjEventGfx
0x08120B70	0x08120C0B	thumb	SanitizeMauvilleOldManForRuby
0x08120C0C	0x08120CCD	thumb	SetMauvilleOldManLanguage
0x08120CD0	0x08120D33	thumb	SanitizeReceivedEmeraldOldMan
0x08120D34	0x08120E07	thumb	SanitizeReceivedRubyOldMan
0x08120E08	0x08120E4F	thumb	StorytellerSetup
0x08120E50	0x08120E73	thumb	Storyteller_ResetFlag
0x08120E74	0x08120E87	thumb	StorytellerGetGameStat
0x08120E88	0x08120EB3	thumb	GetStoryByStat
0x08120EB4	0x08120EBF	thumb	GetStoryTitleByStat
0x08120EC0	0x08120ECB	thumb	GetStoryTextByStat
0x08120ECC	0x08120ED7	thumb	GetStoryActionByStat
0x08120ED8	0x08120F07	thumb	GetFreeStorySlot
0x08120F08	0x08120F2B	thumb	StorytellerGetRecordedTrainerStat
0x08120F2C	0x08120F4B	thumb	StorytellerSetRecordedTrainerStat
0x08120F4C	0x08120F7B	thumb	HasTrainerStatIncreased
0x08120F7C	0x08120FAB	thumb	GetStoryByStattellerPlayerName
0x08120FAC	0x08120FDB	thumb	StorytellerSetPlayerName
0x08120FDC	0x08121063	thumb	StorytellerRecordNewStat
0x08121064	0x081210B5	thumb	ScrambleStatList
0x081210B8	0x08121177	thumb	StorytellerInitializeRandomStat
0x08121178	0x081211EB	thumb	StorytellerDisplayStory
0x081211EC	0x081212FB	thumb	PrintStoryList
0x081212FC	0x08121387	thumb	Task_StoryListMenu
0x08121388	0x0812139B	thumb	StorytellerStoryListMenu
0x0812139C	0x081213AF	thumb	Script_StorytellerDisplayStory
0x081213B0	0x081213D7	thumb	StorytellerGetFreeStorySlot
0x081213D8	0x08121423	thumb	StorytellerUpdateStat
0x08121424	0x0812144D	thumb	HasStorytellerAlreadyRecorded
0x08121450	0x08121477	thumb	Script_StorytellerInitializeRandomStat
0x08121478	0x081215EB	thumb	ReadMail
0x081215EC	0x081219EF	thumb	MailReadBuildGraphics
0x081219F0	0x08121A1B	thumb	CB2_InitMailRead
0x08121A1C	0x08121B1B	thumb	BufferMailText
0x08121B1C	0x08121C4F	thumb	PrintMailText
0x08121C50	0x08121C61	thumb	VBlankCB_MailRead
0x08121C64	0x08121C97	thumb	CB2_MailRead
0x08121C98	0x08121CBF	thumb	CB2_WaitForPaletteExitOnKeyPress
0x08121CC0	0x08121CFF	thumb	CB2_ExitOnKeyPress
0x08121D00	0x08121D9F	thumb	CB2_ExitMailReadFreeVars
0x08121DA0	0x08121E0F	thumb	ResetVramOamAndBgCntRegs
0x08121E10	0x08121E65	thumb	ResetAllBgsCoordinates
0x08121E68	0x08121E79	thumb	SetVBlankHBlankCallbacksToNull
0x08121E7C	0x08121F1F	thumb	DisplayMessageAndContinueTask
0x08121F20	0x08121F3B	thumb	RunTextPrintersRetIsActive
0x08121F3C	0x08121F67	thumb	Task_ContinueTaskAfterMessagePrints
0x08121F68	0x08121F93	thumb	DoYesNoFuncWithChoice
0x08121F94	0x08121FDB	thumb	CreateYesNoMenuWithCallbacks
0x08121FDC	0x08122033	thumb	Task_CallYesOrNoCallback
0x08122034	0x081220CD	thumb	AdjustQuantityAccordingToDPadInput
0x081220D0	0x0812210B	thumb	GetLRKeysPressed
0x0812210C	0x08122147	thumb	GetLRKeysPressedAndHeld
0x08122148	0x08122179	thumb	IsHoldingItemAllowed
0x0812217C	0x081221AB	thumb	IsWritingMailAllowed
0x081221AC	0x081221CD	thumb	MenuHelpers_IsLinkActive
0x081221D0	0x081221EB	thumb	IsActiveOverworldLinkBusy
0x081221EC	0x0812220B	thumb	MenuHelpers_ShouldWaitForLinkRecv
0x0812220C	0x08122259	thumb	SetItemListPerPageCount
0x0812225C	0x08122295	thumb	SetCursorWithinListBounds
0x08122298	0x08122327	thumb	SetCursorScrollWithinListBounds
0x08122328	0x08122343	thumb	LoadListMenuSwapLineGfx
0x08122344	0x081223AF	thumb	CreateSwapLineSprites
0x081223B0	0x081223FB	thumb	DestroySwapLineSprites
0x081223FC	0x08122447	thumb	SetSwapLineSpritesInvisibility
0x08122448	0x081224D3	thumb	UpdateSwapLineSpritesPos
0x081224D4	0x0812257F	thumb	InitDewfordTrend
0x08122580	0x081226D7	thumb	UpdateDewfordTrendPerDay
0x081226D8	0x08122803	thumb	TrySetTrendyPhrase
0x08122804	0x08122879	thumb	SortTrends
0x0812287C	0x08122997	thumb	ReceiveDewfordTrendData
0x08122998	0x081229C7	thumb	BufferTrendyPhraseString
0x081229C8	0x08122A2F	thumb	IsTrendyPhraseBoring
0x08122A30	0x08122A57	thumb	GetDewfordHallPaintingNameIndex
0x08122A58	0x08122B27	thumb	CompareTrends
0x08122B28	0x08122BAF	thumb	SeedTrendRng
0x08122BB0	0x08122BED	thumb	IsPhraseInSavedTrends
0x08122BF0	0x08122C19	thumb	IsEasyChatPairEqual
0x08122C1C	0x08122C5B	thumb	GetSavedTrendIndex
0x08122C5C	0x08122C93	thumb	GetHealLocationIndexByMap
0x08122C94	0x08122CB9	thumb	GetHealLocationByMap
0x08122CBC	0x08122CD9	thumb	GetHealLocation
0x08122CDC	0x08122CF5	thumb	InitRegionMap
0x08122CF8	0x08122D85	thumb	InitRegionMapData
0x08122D88	0x08122DAF	thumb	ShowRegionMapForPokedexAreaScreen
0x08122DB0	0x0812302F	thumb	LoadRegionMapGfx
0x08123030	0x0812305B	thumb	BlendRegionMap
0x0812305C	0x081230AB	thumb	FreeRegionMapIconResources
0x081230AC	0x081230C3	thumb	DoRegionMapInputCallback
0x081230C4	0x0812318F	thumb	ProcessRegionMapInput_Full
0x08123190	0x08123253	thumb	MoveRegionMapCursor_Full
0x08123254	0x08123333	thumb	ProcessRegionMapInput_Zoomed
0x08123334	0x08123417	thumb	MoveRegionMapCursor_Zoomed
0x08123418	0x08123511	thumb	SetRegionMapDataForZoom
0x08123514	0x081236C3	thumb	UpdateRegionMapZoom
0x081236C4	0x0812378B	thumb	CalcZoomScrollParams
0x0812378C	0x081237B3	thumb	RegionMap_SetBG2XAndBG2Y
0x081237B4	0x08123823	thumb	UpdateRegionMapVideoRegs
0x08123824	0x0812386B	thumb	PokedexAreaScreen_UpdateRegionMapVariablesAndVideoRegs
0x0812386C	0x081238AB	thumb	GetMapSecIdAt
0x081238AC	0x08123BFF	thumb	InitMapBasedOnPlayerLocation
0x08123C00	0x08123D57	thumb	RegionMap_InitializeStateBasedOnSSTidalLocation
0x08123D58	0x08123E99	thumb	GetMapsecType
0x08123E9C	0x08123EB1	thumb	GetRegionMapSecIdAt
0x08123EB4	0x08123F03	thumb	CorrectSpecialMapSecId_Internal
0x08123F04	0x08123F2F	thumb	GetTerraOrMarineCaveMapSecId
0x08123F30	0x08123F73	thumb	GetMarineCaveCoords
0x08123F74	0x08123F9B	thumb	IsPlayerInAquaHideout
0x08123F9C	0x08123FAD	thumb	CorrectSpecialMapSecId
0x08123FB0	0x08124037	thumb	GetPositionOfCursorWithinMapSec
0x08124038	0x08124087	thumb	RegionMap_IsMapSecIdInNextRow
0x08124088	0x081240CF	thumb	SpriteCB_CursorMapFull
0x081240D0	0x081240D1	thumb	SpriteCB_CursorMapZoomed
0x081240D4	0x08124237	thumb	CreateRegionMapCursor
0x08124238	0x08124267	thumb	FreeRegionMapCursorSprite
0x08124268	0x08124277	thumb	SetUnkCursorSpriteData
0x08124278	0x08124287	thumb	ClearUnkCursorSpriteData
0x08124288	0x081243AF	thumb	CreateRegionMapPlayerIcon
0x081243B0	0x081243DB	thumb	HideRegionMapPlayerIcon
0x081243DC	0x0812445B	thumb	UnhideRegionMapPlayerIcon
0x0812445C	0x081244E9	thumb	SpriteCB_PlayerIconMapZoomed
0x081244EC	0x081244F5	thumb	SpriteCB_PlayerIconMapFull
0x081244F8	0x0812454B	thumb	SpriteCB_PlayerIcon
0x0812454C	0x0812456B	thumb	TrySetPlayerIconBlink
0x0812456C	0x081245DB	thumb	GetMapName
0x081245DC	0x0812460D	thumb	GetMapNameGeneric
0x08124610	0x0812462F	thumb	GetMapNameHandleAquaHideout
0x08124630	0x08124657	thumb	GetMapSecDimensions
0x08124658	0x08124667	thumb	IsRegionMapZoomed
0x08124668	0x0812468F	thumb	IsEventIslandMapSecId
0x08124690	0x081248BF	thumb	CB2_OpenFlyMap
0x081248C0	0x081248D1	thumb	VBlankCB_FlyMap
0x081248D4	0x081248F3	thumb	CB2_FlyMap
0x081248F4	0x08124903	thumb	SetFlyMapCallback
0x08124904	0x08124A6F	thumb	DrawFlyDestTextWindow
0x08124A70	0x08124AD3	thumb	LoadFlyDestIcons
0x08124AD4	0x08124BE3	thumb	CreateFlyDestIcons
0x08124BE4	0x08124CBB	thumb	TryCreateRedOutlineFlyDestIcons
0x08124CBC	0x08124D11	thumb	SpriteCB_FlyDestIcon
0x08124D14	0x08124D63	thumb	CB_FadeInFlyMap
0x08124D64	0x08124E0B	thumb	CB_HandleFlyMapInput
0x08124E0C	0x08124F2B	thumb	CB_ExitFlyMap
0x08124F2C	0x081250B7	thumb	ApplyImageProcessingEffects
0x081250B8	0x0812516F	thumb	ApplyImageEffect_RedChannelGrayscale
0x08125170	0x0812522F	thumb	ApplyImageEffect_RedChannelGrayscaleHighlight
0x08125230	0x0812524F	thumb	ApplyImageEffect_Pointillism
0x08125250	0x081252E7	thumb	ApplyImageEffect_Grayscale
0x081252E8	0x081253A3	thumb	ApplyImageEffect_Blur
0x081253A4	0x08125447	thumb	ApplyImageEffect_PersonalityColor
0x08125448	0x081254DF	thumb	ApplyImageEffect_BlackAndWhite
0x081254E0	0x0812562F	thumb	ApplyImageEffect_BlackOutline
0x08125630	0x081256C7	thumb	ApplyImageEffect_Invert
0x081256C8	0x081257F7	thumb	ApplyImageEffect_Shimmer
0x081257F8	0x0812589F	thumb	ApplyImageEffect_BlurRight
0x081258A0	0x08125953	thumb	ApplyImageEffect_BlurDown
0x08125954	0x08125B25	thumb	AddPointillismPoints
0x08125B28	0x08125B5B	thumb	ConvertColorToGrayscale
0x08125B5C	0x08125B97	thumb	QuantizePixel_PersonalityColor
0x08125B98	0x08125C67	thumb	GetColorFromPersonality
0x08125C68	0x08125C97	thumb	QuantizePixel_BlackAndWhite
0x08125C98	0x08125CC7	thumb	QuantizePixel_BlackOutline
0x08125CC8	0x08125CF3	thumb	QuantizePixel_Invert
0x08125CF4	0x08125E17	thumb	QuantizePixel_MotionBlur
0x08125E18	0x08125F37	thumb	QuantizePixel_Blur
0x08125F38	0x08126055	thumb	QuantizePixel_BlurHard
0x08126058	0x081261A3	thumb	ConvertImageProcessingToGBA
0x081261A4	0x0812626D	thumb	ApplyImageProcessingQuantization
0x08126270	0x08126317	thumb	SetPresetPalette_PrimaryColors
0x08126318	0x08126333	thumb	SetPresetPalette_BlackAndWhite
0x08126334	0x0812636F	thumb	SetPresetPalette_GrayscaleSmall
0x08126370	0x081263A3	thumb	SetPresetPalette_Grayscale
0x081263A4	0x081264FB	thumb	QuantizePalette_Standard
0x081264FC	0x081265B3	thumb	QuantizePalette_BlackAndWhite
0x081265B4	0x08126663	thumb	QuantizePalette_GrayscaleSmall
0x08126664	0x08126713	thumb	QuantizePalette_Grayscale
0x08126714	0x081267C3	thumb	QuantizePalette_PrimaryColors
0x081267C4	0x08126837	thumb	QuantizePixel_Standard
0x08126838	0x08126905	thumb	QuantizePixel_PrimaryColors
0x08126908	0x08126939	thumb	QuantizePixel_GrayscaleSmall
0x0812693C	0x08126967	thumb	QuantizePixel_Grayscale
0x08126968	0x081269D3	thumb	InitDecorationContextItems
0x081269D4	0x08126A57	thumb	AddDecorationWindow
0x08126A58	0x08126A87	thumb	RemoveDecorationWindow
0x08126A88	0x08126ABB	thumb	AddDecorationActionsWindow
0x08126ABC	0x08126AD7	thumb	InitDecorationActionsWindow
0x08126AD8	0x08126B2B	thumb	DoSecretBaseDecorationMenu
0x08126B2C	0x08126B7F	thumb	DoPlayerRoomDecorationMenu
0x08126B80	0x08126C05	thumb	HandleDecorationActionsMenuInput
0x08126C08	0x08126C47	thumb	PrintCurMainMenuDescription
0x08126C48	0x08126CA3	thumb	DecorationMenuAction_Decorate
0x08126CA4	0x08126D0F	thumb	DecorationMenuAction_PutAway
0x08126D10	0x08126D6B	thumb	DecorationMenuAction_Toss
0x08126D6C	0x08126DA3	thumb	DecorationMenuAction_Cancel
0x08126DA4	0x08126DCB	thumb	ReturnToDecorationActionsAfterInvalidSelection
0x08126DCC	0x08126DFB	thumb	SecretBasePC_PrepMenuForSelectingStoredDecors
0x08126DFC	0x08126E43	thumb	InitDecorationCategoriesWindow
0x08126E44	0x08126E8B	thumb	ReinitDecorationCategoriesWindow
0x08126E8C	0x08126F67	thumb	PrintDecorationCategoryMenuItems
0x08126F68	0x08127057	thumb	PrintDecorationCategoryMenuItem
0x08127058	0x08127085	thumb	ColorMenuItemString
0x08127088	0x081270E7	thumb	HandleDecorationCategoriesMenuInput
0x081270E8	0x0812717F	thumb	SelectDecorationCategory
0x08127180	0x0812719B	thumb	ReturnToDecorationCategoriesAfterInvalidSelection
0x0812719C	0x081271C9	thumb	ExitDecorationCategoriesMenu
0x081271CC	0x08127207	thumb	ReturnToActionsMenuFromCategories
0x08127208	0x0812724F	thumb	ShowDecorationCategoriesWindow
0x08127250	0x08127267	thumb	CopyDecorationCategoryName
0x08127268	0x08127281	thumb	ExitTraderDecorationMenu
0x08127284	0x081272C7	thumb	InitDecorationItemsMenuLimits
0x081272C8	0x081272F7	thumb	InitDecorationItemsMenuScrollAndCursor
0x081272F8	0x0812732F	thumb	InitDecorationItemsMenuScrollAndCursor2
0x08127330	0x08127453	thumb	PrintDecorationItemMenuItems
0x08127454	0x0812747F	thumb	CopyDecorationMenuItemName
0x08127480	0x0812749D	thumb	DecorationItemsMenu_OnCursorMove
0x081274A0	0x081274FF	thumb	DecorationItemsMenu_PrintDecorationInUse
0x08127500	0x08127553	thumb	AddDecorationItemsScrollIndicators
0x08127554	0x0812757F	thumb	RemoveDecorationItemsScrollIndicators
0x08127580	0x08127599	thumb	AddDecorationItemsWindow
0x0812759C	0x0812761F	thumb	InitDecorationItemsWindow
0x08127620	0x0812764B	thumb	ShowDecorationItemsWindow
0x0812764C	0x08127717	thumb	HandleDecorationItemsMenuInput
0x08127718	0x08127743	thumb	ShowDecorationCategorySummaryWindow
0x08127744	0x081277A7	thumb	PrintDecorationItemDescription
0x081277A8	0x081277B9	thumb	RemoveDecorationItemsOtherWindows
0x081277BC	0x081277E7	thumb	IsDecorationIndexInSecretBase
0x081277E8	0x08127813	thumb	IsDecorationIndexInPlayersRoom
0x08127814	0x081279B3	thumb	IdentifyOwnedDecorationsCurrentlyInUseInternal
0x081279B4	0x081279C1	thumb	IdentifyOwnedDecorationsCurrentlyInUse
0x081279C4	0x08127A11	thumb	IsSelectedDecorInThePC
0x08127A14	0x08127A2D	thumb	Task_ShowDecorationItemsWindow
0x08127A30	0x08127A5B	thumb	DontTossDecoration
0x08127A5C	0x08127A8B	thumb	ReturnToDecorationItemsAfterInvalidSelection
0x08127A8C	0x08127ACB	thumb	DecorationItemsMenuAction_Cancel
0x08127ACC	0x08127B03	thumb	SetInitialPositions
0x08127B04	0x08127B53	thumb	WarpToInitialPosition
0x08127B54	0x08127B8F	thumb	GetDecorationElevation
0x08127B90	0x08127D37	thumb	ShowDecorationOnMap_
0x08127D38	0x08127E17	thumb	ShowDecorationOnMap
0x08127E18	0x08127F35	thumb	SetDecoration
0x08127F38	0x08127F67	thumb	HasDecorationSpace
0x08127F68	0x0812805F	thumb	DecorationItemsMenuAction_AttemptPlace
0x08128060	0x08128117	thumb	Task_PlaceDecoration
0x08128118	0x081281A7	thumb	ConfigureCameraObjectForPlacingDecoration
0x081281A8	0x0812826B	thumb	SetUpPlacingDecorationPlayerAvatar
0x0812826C	0x081283BB	thumb	SetUpDecorationShape
0x081283BC	0x08128413	thumb	AttemptPlaceDecoration
0x08128414	0x08128483	thumb	AttemptCancelPlaceDecoration
0x08128484	0x081284A9	thumb	IsSecretBaseTrainerSpot
0x081284AC	0x081284F3	thumb	IsntInitialPosition
0x081284F4	0x0812853B	thumb	IsFloorOrBoardAndHole
0x0812853C	0x0812894D	thumb	CanPlaceDecoration
0x08128950	0x081289CF	thumb	AttemptPlaceDecoration_
0x081289D0	0x081289EF	thumb	PlaceDecorationPrompt
0x081289F0	0x08128AAB	thumb	PlaceDecoration
0x08128AAC	0x08128B7F	thumb	PlaceDecoration_
0x08128B80	0x08128B9F	thumb	CancelDecoratingPrompt
0x08128BA0	0x08128BBB	thumb	CancelDecorating
0x08128BBC	0x08128BEB	thumb	CancelDecorating_
0x08128BEC	0x08128C63	thumb	c1_overworld_prev_quest
0x08128C64	0x08128CD3	thumb	Task_InitDecorationItemsWindow
0x08128CD4	0x08128D0F	thumb	FieldCB_InitDecorationItemsWindow
0x08128D10	0x08128DB3	thumb	ApplyCursorMovement_IsInvalid
0x08128DB4	0x08128DDD	thumb	IsHoldingDirection
0x08128DE0	0x08128E17	thumb	ResetCursorMovement
0x08128E18	0x08128FD7	thumb	Task_SelectLocation
0x08128FD8	0x0812901F	thumb	ContinueDecorating
0x08129020	0x08129047	thumb	CantPlaceDecorationPrompt
0x08129048	0x08129067	thumb	ClearPlaceDecorationGraphicsDataBuffer
0x08129068	0x08129087	thumb	CopyPalette
0x08129088	0x081291A1	thumb	CopyTile
0x081291A4	0x081291CB	thumb	SetDecorSelectionBoxTiles
0x081291CC	0x081291E7	thumb	GetMetatile
0x081291E8	0x0812925B	thumb	SetDecorSelectionMetatiles
0x0812925C	0x081292CF	thumb	SetDecorSelectionBoxOamAttributes
0x081292D0	0x081292E7	thumb	InitializePuttingAwayCursorSprite
0x081292E8	0x08129331	thumb	InitializePuttingAwayCursorSprite2
0x08129334	0x081293D7	thumb	gpu_pal_decompress_alloc_tag_and_upload
0x081293D8	0x08129499	thumb	AddDecorationIconObjectFromIconTable
0x0812949C	0x081294BF	thumb	GetDecorationIconPicOrPalette
0x081294C0	0x081295CB	thumb	AddDecorationIconObjectFromObjectEvent
0x081295CC	0x081296EB	thumb	AddDecorationIconObject
0x081296EC	0x08129707	thumb	ClearDecorationContextIndex
0x08129708	0x081297AB	thumb	PutAwayDecorationIteration
0x081297AC	0x081297F5	thumb	GetObjectEventLocalIdByFlag
0x081297F8	0x081298EB	thumb	ClearRearrangementNonSprites
0x081298EC	0x081299AB	thumb	Task_PutAwayDecoration
0x081299AC	0x081299DB	thumb	HasDecorationsInUse
0x081299DC	0x08129ABB	thumb	SetUpPuttingAwayDecorationPlayerAvatar
0x08129ABC	0x08129B33	thumb	Task_ContinuePuttingAwayDecorations
0x08129B34	0x08129BCB	thumb	ContinuePuttingAwayDecorations
0x08129BCC	0x08129BF7	thumb	AttemptPutAwayDecoration
0x08129BF8	0x08129C73	thumb	AttemptCancelPutAwayDecoration
0x08129C74	0x08129D63	thumb	AttemptPutAwayDecoration_
0x08129D64	0x08129D8B	thumb	ContinuePuttingAwayDecorationsPrompt
0x08129D8C	0x08129E0B	thumb	SetDecorRearrangementShape
0x08129E0C	0x08129E73	thumb	SetCameraSpritePosition
0x08129E74	0x08129F1D	thumb	DecorationIsUnderCursor
0x08129F20	0x08129FC5	thumb	SetDecorRearrangementFlagIdIfFlagUnset
0x08129FC8	0x0812A03F	thumb	AttemptMarkSpriteDecorUnderCursorForRemoval
0x0812A040	0x0812A0E7	thumb	MarkSpriteDecorsInBoundsForRemoval
0x0812A0E8	0x0812A19F	thumb	AttemptMarkDecorUnderCursorForRemoval
0x0812A1A0	0x0812A1BF	thumb	ReturnDecorationPrompt
0x0812A1C0	0x0812A1EF	thumb	PutAwayDecoration
0x0812A1F0	0x0812A20F	thumb	StopPuttingAwayDecorationsPrompt
0x0812A210	0x0812A22B	thumb	StopPuttingAwayDecorations
0x0812A22C	0x0812A25B	thumb	StopPuttingAwayDecorations_
0x0812A25C	0x0812A2C3	thumb	Task_StopPuttingAwayDecorations
0x0812A2C4	0x0812A333	thumb	Task_ReinitializeDecorationMenuHandler
0x0812A334	0x0812A36B	thumb	FieldCB_StopPuttingAwayDecorations
0x0812A36C	0x0812A39B	thumb	InitializeCameraSprite1
0x0812A39C	0x0812A3C7	thumb	LoadPlayerSpritePalette
0x0812A3C8	0x0812A3D3	thumb	FreePlayerSpritePalette
0x0812A3D4	0x0812A457	thumb	DecorationItemsMenuAction_AttemptToss
0x0812A458	0x0812A477	thumb	TossDecorationPrompt
0x0812A478	0x0812A4DB	thumb	TossDecoration
0x0812A4DC	0x0812A53F	thumb	Task_FadeToSlotMachine
0x0812A540	0x0812A587	thumb	PlaySlotMachine
0x0812A588	0x0812A66F	thumb	CB2_SlotMachineSetup
0x0812A670	0x0812A685	thumb	CB2_SlotMachine
0x0812A688	0x0812A6D3	thumb	SlotMachine_VBlankCB
0x0812A6D4	0x0812A70F	thumb	PlaySlotMachine_Internal
0x0812A710	0x0812A74B	thumb	SlotMachine_InitFromTask
0x0812A74C	0x0812A74D	thumb	SlotMachineDummyTask
0x0812A750	0x0812A79B	thumb	SlotMachineSetup_InitBgsWindows
0x0812A79C	0x0812A7BB	thumb	SlotMachineSetup_InitVBlank
0x0812A7BC	0x0812A80F	thumb	SlotMachineSetup_InitVRAM
0x0812A810	0x0812A833	thumb	SlotMachineSetup_InitOAM
0x0812A834	0x0812A8C3	thumb	SlotMachineSetup_InitGpuRegs
0x0812A8C4	0x0812A9AB	thumb	InitSlotMachine
0x0812A9AC	0x0812A9CB	thumb	SlotMachineSetup_InitPalsSpritesTasks
0x0812A9CC	0x0812AA47	thumb	SlotMachineSetup_InitTilemaps
0x0812AA48	0x0812AA77	thumb	SlotMachineSetup_LoadGfxAndTilemaps
0x0812AA78	0x0812AA8D	thumb	CreateSlotMachineSprites
0x0812AA90	0x0812AAA5	thumb	CreateGameplayTasks
0x0812AAA8	0x0812AAC7	thumb	CreateSlotMachineTasks
0x0812AAC8	0x0812AB03	thumb	Task_SlotMachine
0x0812AB04	0x0812AB37	thumb	SlotTask_UnfadeScreen
0x0812AB38	0x0812AB5F	thumb	SlotTask_WaitUnfade
0x0812AB60	0x0812ABA5	thumb	SlotTask_ReadyNewSpin
0x0812ABA8	0x0812ABC7	thumb	SlotTask_ReadyNewReelTimeSpin
0x0812ABC8	0x0812ABF7	thumb	SlotTask_AskInsertBet
0x0812ABF8	0x0812ACF3	thumb	SlotTask_HandleBetInput
0x0812ACF4	0x0812AD33	thumb	SlotTask_PrintMsg_Need3Coins
0x0812AD34	0x0812AD5F	thumb	SlotTask_WaitMsg_Need3Coins
0x0812AD60	0x0812AD7F	thumb	SlotTask_WaitInfoBox
0x0812AD80	0x0812ADF3	thumb	SlotTask_StartSpin
0x0812ADF4	0x0812AE23	thumb	SlotTask_StartReelTimeSpin
0x0812AE24	0x0812AE4B	thumb	SlotTask_ResetBiasFailure
0x0812AE4C	0x0812AE87	thumb	SlotTask_WaitReelStop
0x0812AE88	0x0812AEC3	thumb	SlotTask_WaitAllReelsStop
0x0812AEC4	0x0812AFFB	thumb	SlotTask_CheckMatches
0x0812AFFC	0x0812B01B	thumb	SlotTask_WaitPayout
0x0812B01C	0x0812B093	thumb	SlotTask_EndPayout
0x0812B094	0x0812B0D7	thumb	SlotTask_MatchedPower
0x0812B0D8	0x0812B107	thumb	SlotTask_WaitReelTimeAnim
0x0812B108	0x0812B12F	thumb	SlotTask_ResetBetTiles
0x0812B130	0x0812B157	thumb	SlotTask_NoMatches
0x0812B158	0x0812B1AF	thumb	SlotTask_AskQuit
0x0812B1B0	0x0812B213	thumb	SlotTask_HandleQuitInput
0x0812B214	0x0812B253	thumb	SlotTask_PrintMsg_MaxCoins
0x0812B254	0x0812B27F	thumb	SlotTask_WaitMsg_MaxCoins
0x0812B280	0x0812B2BF	thumb	SlotTask_PrintMsg_NoMoreCoins
0x0812B2C0	0x0812B2EB	thumb	SlotTask_WaitMsg_NoMoreCoins
0x0812B2EC	0x0812B32B	thumb	SlotTask_EndGame
0x0812B32C	0x0812B4EB	thumb	SlotTask_FreeDataStructures
0x0812B4EC	0x0812B55B	thumb	DrawMachineBias
0x0812B55C	0x0812B57B	thumb	ResetBiasFailure
0x0812B57C	0x0812B5AF	thumb	GetBiasSymbol
0x0812B5B0	0x0812B5EB	thumb	ShouldTrySpecialBias
0x0812B5EC	0x0812B633	thumb	TrySelectBias_Special
0x0812B634	0x0812B6CB	thumb	TrySelectBias_Regular
0x0812B6CC	0x0812B6FF	thumb	GetReelTimeSpinProbability
0x0812B700	0x0812B75F	thumb	GetReelTimeDraw
0x0812B760	0x0812B78B	thumb	ShouldReelTimeMachineExplode
0x0812B78C	0x0812B827	thumb	ReelTimeSpeed
0x0812B828	0x0812B85B	thumb	CheckMatch
0x0812B85C	0x0812B8CF	thumb	CheckMatch_CenterRow
0x0812B8D0	0x0812B99F	thumb	CheckMatch_TopAndBottom
0x0812B9A0	0x0812BA6B	thumb	CheckMatch_Diagonals
0x0812BA6C	0x0812BAB9	thumb	GetMatchFromSymbols
0x0812BABC	0x0812BADB	thumb	AwardPayout
0x0812BADC	0x0812BAF9	thumb	IsFinalTask_Task_Payout
0x0812BAFC	0x0812BB33	thumb	Task_Payout
0x0812BB34	0x0812BB67	thumb	PayoutTask_Init
0x0812BB68	0x0812BC1F	thumb	PayoutTask_GivePayout
0x0812BC20	0x0812BC43	thumb	PayoutTask_Free
0x0812BC44	0x0812BC97	thumb	GetSymbolAtRest
0x0812BC98	0x0812BCE7	thumb	GetSymbol
0x0812BCE8	0x0812BD27	thumb	GetReelTimeSymbol
0x0812BD28	0x0812BD6F	thumb	AdvanceSlotReel
0x0812BD70	0x0812BDD3	thumb	AdvanceSlotReelToNextSymbol
0x0812BDD4	0x0812BE0B	thumb	AdvanceReeltimeReel
0x0812BE0C	0x0812BE5B	thumb	AdvanceReeltimeReelToNextSymbol
0x0812BE5C	0x0812BEA3	thumb	CreateReelTasks
0x0812BEA4	0x0812BEDB	thumb	SpinSlotReel
0x0812BEDC	0x0812BF03	thumb	StopSlotReel
0x0812BF04	0x0812BF2B	thumb	IsSlotReelMoving
0x0812BF2C	0x0812BF63	thumb	Task_Reel
0x0812BF64	0x0812BF67	thumb	ReelTask_StayStill
0x0812BF68	0x0812BF87	thumb	ReelTask_Spin
0x0812BF88	0x0812C01B	thumb	ReelTask_DecideStop
0x0812C01C	0x0812C0DF	thumb	ReelTask_MoveToStop
0x0812C0E0	0x0812C137	thumb	ReelTask_ShakingStop
0x0812C138	0x0812C183	thumb	DecideStop_Bias_Reel1
0x0812C184	0x0812C1C3	thumb	EitherSymbolAtPos_Reel1
0x0812C1C4	0x0812C217	thumb	AreCherriesOnScreen_Reel1
0x0812C218	0x0812C235	thumb	BiasedTowardCherryOr7s
0x0812C238	0x0812C28F	thumb	DecideStop_Bias_Reel1_Bet1
0x0812C290	0x0812C39D	thumb	DecideStop_Bias_Reel1_Bet2or3
0x0812C3A0	0x0812C3C7	thumb	DecideStop_Bias_Reel2
0x0812C3C8	0x0812C413	thumb	DecideStop_Bias_Reel2_Bet1or2
0x0812C414	0x0812C4BB	thumb	DecideStop_Bias_Reel2_Bet3
0x0812C4BC	0x0812C4FF	thumb	DecideStop_Bias_Reel3
0x0812C500	0x0812C55B	thumb	DecideStop_Bias_Reel3_Bet1or2
0x0812C55C	0x0812C5DB	thumb	DecideStop_Bias_Reel3_Bet3
0x0812C5DC	0x0812C607	thumb	DecideStop_NoBias_Reel1
0x0812C608	0x0812C627	thumb	IfSymbol7_SwitchColor
0x0812C628	0x0812C64B	thumb	DecideStop_NoBias_Reel2
0x0812C64C	0x0812C6CB	thumb	DecideStop_NoBias_Reel2_Bet1
0x0812C6CC	0x0812C74B	thumb	DecideStop_NoBias_Reel2_Bet2
0x0812C74C	0x0812C851	thumb	DecideStop_NoBias_Reel2_Bet3
0x0812C854	0x0812C879	thumb	MismatchedSyms_77
0x0812C87C	0x0812C8AB	thumb	MismatchedSyms_777
0x0812C8AC	0x0812C8FB	thumb	NeitherMatchNor7Mismatch
0x0812C8FC	0x0812C91F	thumb	DecideStop_NoBias_Reel3
0x0812C920	0x0812CA07	thumb	DecideStop_NoBias_Reel3_Bet1
0x0812CA08	0x0812CB7F	thumb	DecideStop_NoBias_Reel3_Bet2
0x0812CB80	0x0812CD3D	thumb	DecideStop_NoBias_Reel3_Bet3
0x0812CD40	0x0812CD73	thumb	PressStopReelButton
0x0812CD74	0x0812CDA3	thumb	Task_PressStopReelButton
0x0812CDA4	0x0812CDD7	thumb	StopReelButton_Press
0x0812CDD8	0x0812CDF3	thumb	StopReelButton_Wait
0x0812CDF4	0x0812CE2B	thumb	StopReelButton_Unpress
0x0812CE2C	0x0812CE53	thumb	LightenMatchLine
0x0812CE54	0x0812CE7B	thumb	DarkenMatchLine
0x0812CE7C	0x0812CEB7	thumb	LightenBetTiles
0x0812CEB8	0x0812CEF3	thumb	DarkenBetTiles
0x0812CEF4	0x0812CF33	thumb	CreateInvisibleFlashMatchLineSprites
0x0812CF34	0x0812CF6B	thumb	FlashMatchLine
0x0812CF6C	0x0812CFB5	thumb	IsMatchLineDoneFlashingBeforePayout
0x0812CFB8	0x0812CFE9	thumb	TryStopMatchLinesFlashing
0x0812CFEC	0x0812D021	thumb	TryStopMatchLineFlashing
0x0812D024	0x0812D0AF	thumb	SpriteCB_FlashMatchingLines
0x0812D0B0	0x0812D0DF	thumb	FlashSlotMachineLights
0x0812D0E0	0x0812D127	thumb	TryStopSlotMachineLights
0x0812D128	0x0812D187	thumb	Task_FlashSlotMachineLights
0x0812D188	0x0812D1A7	thumb	CreatePikaPowerBoltTask
0x0812D1A8	0x0812D1DB	thumb	AddPikaPowerBolt
0x0812D1DC	0x0812D20B	thumb	ResetPikaPowerBolts
0x0812D20C	0x0812D22F	thumb	IsPikaPowerBoltAnimating
0x0812D230	0x0812D25F	thumb	Task_CreatePikaPowerBolt
0x0812D260	0x0812D261	thumb	PikaPowerBolt_Idle
0x0812D264	0x0812D28B	thumb	PikaPowerBolt_AddBolt
0x0812D28C	0x0812D30B	thumb	PikaPowerBolt_WaitAnim
0x0812D30C	0x0812D393	thumb	PikaPowerBolt_ClearAll
0x0812D394	0x0812D3B1	thumb	ResetPikaPowerBoltTask
0x0812D3B4	0x0812D4AB	thumb	LoadPikaPowerMeter
0x0812D4AC	0x0812D4CB	thumb	BeginReelTime
0x0812D4CC	0x0812D4E9	thumb	IsReelTimeTaskDone
0x0812D4EC	0x0812D51B	thumb	Task_ReelTime
0x0812D51C	0x0812D593	thumb	ReelTime_Init
0x0812D594	0x0812D60B	thumb	ReelTime_WindowEnter
0x0812D60C	0x0812D63B	thumb	ReelTime_WaitStartPikachu
0x0812D63C	0x0812D6EB	thumb	ReelTime_PikachuSpeedUp1
0x0812D6EC	0x0812D73F	thumb	ReelTime_PikachuSpeedUp2
0x0812D740	0x0812D771	thumb	ReelTime_WaitReel
0x0812D774	0x0812D7E1	thumb	ReelTime_CheckExplode
0x0812D7E4	0x0812D86F	thumb	ReelTime_LandOnOutcome
0x0812D870	0x0812D91F	thumb	ReelTime_PikachuReact
0x0812D920	0x0812D94D	thumb	ReelTime_WaitClearPikaPower
0x0812D950	0x0812D9A3	thumb	ReelTime_CloseWindow
0x0812D9A4	0x0812DA1F	thumb	ReelTime_DestroySprites
0x0812DA20	0x0812DA6B	thumb	ReelTime_SetReelSpeed
0x0812DA6C	0x0812DA8F	thumb	ReelTime_EndSuccess
0x0812DA90	0x0812DB03	thumb	ReelTime_ExplodeMachine
0x0812DB04	0x0812DB8B	thumb	ReelTime_WaitExplode
0x0812DB8C	0x0812DBBB	thumb	ReelTime_WaitSmoke
0x0812DBBC	0x0812DC07	thumb	ReelTime_EndFailure
0x0812DC08	0x0812DC4F	thumb	LoadReelTimeWindowTilemap
0x0812DC50	0x0812DC7F	thumb	ClearReelTimeWindowTilemap
0x0812DC80	0x0812DCB3	thumb	OpenInfoBox
0x0812DCB4	0x0812DCD1	thumb	IsInfoBoxClosed
0x0812DCD4	0x0812DD03	thumb	Task_InfoBox
0x0812DD04	0x0812DD27	thumb	InfoBox_FadeIn
0x0812DD28	0x0812DD47	thumb	InfoBox_WaitFade
0x0812DD48	0x0812DD77	thumb	InfoBox_DrawWindow
0x0812DD78	0x0812DDC3	thumb	InfoBox_AddText
0x0812DDC4	0x0812DE13	thumb	InfoBox_WaitInput
0x0812DE14	0x0812DE2D	thumb	InfoBox_LoadSlotMachineTilemap
0x0812DE30	0x0812DE45	thumb	InfoBox_CreateDigitalDisplay
0x0812DE48	0x0812DE7B	thumb	InfoBox_LoadPikaPowerMeter
0x0812DE7C	0x0812DE93	thumb	InfoBox_FreeTask
0x0812DE94	0x0812DEE3	thumb	CreateDigitalDisplayTask
0x0812DEE4	0x0812DF67	thumb	CreateDigitalDisplayScene
0x0812DF68	0x0812DFD9	thumb	AddDigitalDisplaySprite
0x0812DFDC	0x0812E053	thumb	DestroyDigitalDisplayScene
0x0812E054	0x0812E0AD	thumb	IsDigitalDisplayAnimFinished
0x0812E0B0	0x0812E0DF	thumb	Task_DigitalDisplay
0x0812E0E0	0x0812E0E1	thumb	DigitalDisplay_Idle
0x0812E0E4	0x0812E153	thumb	CreateReelSymbolSprites
0x0812E154	0x0812E1C7	thumb	SpriteCB_ReelSymbol
0x0812E1C8	0x0812E22F	thumb	CreateCreditPayoutNumberSprites
0x0812E230	0x0812E2A7	thumb	CreateCoinNumberSprite
0x0812E2A8	0x0812E2FF	thumb	SpriteCB_CoinNumber
0x0812E300	0x0812E33B	thumb	CreateReelBackgroundSprite
0x0812E33C	0x0812E3E7	thumb	CreateReelTimePikachuSprite
0x0812E3E8	0x0812E423	thumb	DestroyReelTimePikachuSprite
0x0812E424	0x0812E473	thumb	SpriteCB_ReelTimePikachu
0x0812E474	0x0812E5A7	thumb	CreateReelTimeMachineSprites
0x0812E5A8	0x0812E64F	thumb	CreateBrokenReelTimeMachineSprite
0x0812E650	0x0812E6C3	thumb	CreateReelTimeNumberSprites
0x0812E6C4	0x0812E70B	thumb	SpriteCB_ReelTimeNumbers
0x0812E70C	0x0812E7CB	thumb	CreateReelTimeShadowSprites
0x0812E7CC	0x0812E82B	thumb	CreateReelTimeNumberGapSprite
0x0812E82C	0x0812E8C3	thumb	DestroyReelTimeMachineSprites
0x0812E8C4	0x0812E8F7	thumb	DestroyReelTimeShadowSprites
0x0812E8F8	0x0812E933	thumb	DestroyBrokenReelTimeMachineSprite
0x0812E934	0x0812E9E7	thumb	CreateReelTimeBoltSprites
0x0812E9E8	0x0812EA43	thumb	SpriteCB_ReelTimeBolt
0x0812EA44	0x0812EA7B	thumb	SetReelTimeBoltDelay
0x0812EA7C	0x0812EAAF	thumb	DestroyReelTimeBoltSprites
0x0812EAB0	0x0812EB47	thumb	CreateReelTimePikachuAuraSprites
0x0812EB48	0x0812EBAB	thumb	SpriteCB_ReelTimePikachuAura
0x0812EBAC	0x0812EBCB	thumb	SetReelTimePikachuAuraFlashDelay
0x0812EBCC	0x0812EC1F	thumb	DestroyReelTimePikachuAuraSprites
0x0812EC20	0x0812EC63	thumb	CreateReelTimeExplosionSprite
0x0812EC64	0x0812EC6F	thumb	SpriteCB_ReelTimeExplosion
0x0812EC70	0x0812EC93	thumb	DestroyReelTimeExplosionSprite
0x0812EC94	0x0812ED1F	thumb	CreateReelTimeDuckSprites
0x0812ED20	0x0812ED89	thumb	SpriteCB_ReelTimeDuck
0x0812ED8C	0x0812EDBF	thumb	DestroyReelTimeDuckSprites
0x0812EDC0	0x0812EE13	thumb	CreateReelTimeSmokeSprite
0x0812EE14	0x0812EEA5	thumb	SpriteCB_ReelTimeSmoke
0x0812EEA8	0x0812EECB	thumb	IsReelTimeSmokeAnimFinished
0x0812EECC	0x0812EEFF	thumb	DestroyReelTimeSmokeSprite
0x0812EF00	0x0812EF53	thumb	CreatePikaPowerBoltSprite
0x0812EF54	0x0812EF6B	thumb	SpriteCB_PikaPowerBolt
0x0812EF6C	0x0812EF97	thumb	DestroyPikaPowerBoltSprite
0x0812EF98	0x0812EFDB	thumb	CreateStdDigitalDisplaySprite
0x0812EFDC	0x0812F077	thumb	CreateDigitalDisplaySprite
0x0812F078	0x0812F07D	thumb	SpriteCB_DigitalDisplay_Static
0x0812F080	0x0812F103	thumb	SpriteCB_DigitalDisplay_Smoke
0x0812F104	0x0812F119	thumb	SpriteCB_DigitalDisplay_SmokeNE
0x0812F11C	0x0812F131	thumb	SpriteCB_DigitalDisplay_SmokeSW
0x0812F134	0x0812F14D	thumb	SpriteCB_DigitalDisplay_SmokeSE
0x0812F150	0x0812F1B7	thumb	SpriteCB_DigitalDisplay_Reel
0x0812F1B8	0x0812F219	thumb	SpriteCB_DigitalDisplay_Time
0x0812F21C	0x0812F2CB	thumb	SpriteCB_DigitalDisplay_ReelTimeNumber
0x0812F2CC	0x0812F36B	thumb	SpriteCB_DigitalDisplay_PokeballRocking
0x0812F36C	0x0812F3B3	thumb	SpriteCB_DigitalDisplay_Stop
0x0812F3B4	0x0812F46D	thumb	SpriteCB_DigitalDisplay_AButtonStop
0x0812F470	0x0812F513	thumb	SpriteCB_DigitalDisplay_PokeballShining
0x0812F514	0x0812F5DF	thumb	SpriteCB_DigitalDisplay_RegBonus
0x0812F5E0	0x0812F647	thumb	SpriteCB_DigitalDisplay_BigBonus
0x0812F648	0x0812F77F	thumb	SpriteCB_DigitalDisplay_AButtonStart
0x0812F780	0x0812F781	thumb	EndDigitalDisplayScene_Dummy
0x0812F784	0x0812F791	thumb	EndDigitalDisplayScene_StopReel
0x0812F794	0x0812F7BF	thumb	EndDigitalDisplayScene_Win
0x0812F7C0	0x0812F7E3	thumb	EndDigitalDisplayScene_InsertBet
0x0812F7E4	0x0812F89F	thumb	LoadSlotMachineGfx
0x0812F8A0	0x0812F907	thumb	LoadReelBackground
0x0812F908	0x0812F957	thumb	LoadMenuGfx
0x0812F958	0x0812F965	thumb	LoadMenuAndReelOverlayTilemaps
0x0812F968	0x0812F97F	thumb	LoadSlotMachineMenuTilemap
0x0812F980	0x0812FA77	thumb	LoadSlotMachineReelOverlay
0x0812FA78	0x0812FAF3	thumb	SetReelButtonTilemap
0x0812FAF4	0x0812FB13	thumb	LoadInfoBoxTilemap
0x0812FB14	0x0812FBC3	thumb	SetDigitalDisplayImagePtrs
0x0812FBC4	0x0812FDA7	thumb	AllocDigitalDisplayGfx
0x0812FDA8	0x0812FDEB	thumb	SetContestWinnerForPainting
0x0812FDEC	0x0812FDF5	thumb	CB2_ContestPainting
0x0812FDF8	0x0812FE09	thumb	CB2_HoldContestPainting
0x0812FE0C	0x0812FE57	thumb	CB2_QuitContestPainting
0x0812FE58	0x0812FFC7	thumb	ShowContestPainting
0x0812FFC8	0x08130097	thumb	HoldContestPainting
0x08130098	0x0813010B	thumb	InitContestPaintingWindow
0x0813010C	0x081301EB	thumb	PrintContestPaintingCaption
0x081301EC	0x08130237	thumb	InitContestPaintingBg
0x08130238	0x0813027F	thumb	InitContestPaintingVars
0x08130280	0x081302CF	thumb	UpdateContestPaintingMosaicEffect
0x081302D0	0x081302E5	thumb	VBlankCB_ContestPainting
0x081302E8	0x0813037F	thumb	InitContestMonPixels
0x08130380	0x0813042F	thumb	_InitContestMonPixels
0x08130430	0x08130687	thumb	LoadContestPaintingFrame
0x08130688	0x081306CB	thumb	InitPaintingMonOamData
0x081306CC	0x08130735	thumb	GetImageEffectForContestWinner
0x08130738	0x0813075F	thumb	AllocPaintingResources
0x08130760	0x08130883	thumb	DoContestPaintingImageProcessing
0x08130884	0x081308C7	thumb	CreateContestPaintingPicture
0x081308C8	0x0813094F	thumb	BattleAI_HandleItemUseBeforeAISetup
0x08130950	0x08130BA3	thumb	BattleAI_SetupAIData
0x08130BA4	0x08130BDB	thumb	BattleAI_ChooseMoveOrAction
0x08130BDC	0x08130CF3	thumb	ChooseMoveOrAction_Singles
0x08130CF4	0x08130F47	thumb	ChooseMoveOrAction_Doubles
0x08130F48	0x08131071	thumb	BattleAI_DoAIProcessing
0x08131074	0x081310ED	thumb	RecordLastUsedMoveByTarget
0x081310F0	0x08131117	thumb	ClearBattlerMoveHistory
0x08131118	0x0813112F	thumb	RecordAbilityBattle
0x08131130	0x08131147	thumb	ClearBattlerAbilityHistory
0x08131148	0x0813115F	thumb	RecordItemEffectBattle
0x08131160	0x08131177	thumb	ClearBattlerItemEffectHistory
0x08131178	0x081311B7	thumb	Cmd_if_random_less_than
0x081311B8	0x081311F7	thumb	Cmd_if_random_greater_than
0x081311F8	0x08131237	thumb	Cmd_if_random_equal
0x08131238	0x08131277	thumb	Cmd_if_random_not_equal
0x08131278	0x081312BB	thumb	Cmd_score
0x081312BC	0x08131321	thumb	Cmd_if_hp_less_than
0x08131324	0x08131389	thumb	Cmd_if_hp_more_than
0x0813138C	0x081313F1	thumb	Cmd_if_hp_equal
0x081313F4	0x08131459	thumb	Cmd_if_hp_not_equal
0x0813145C	0x081314CF	thumb	Cmd_if_status
0x081314D0	0x08131543	thumb	Cmd_if_not_status
0x08131544	0x081315B7	thumb	Cmd_if_status2
0x081315B8	0x0813162B	thumb	Cmd_if_not_status2
0x0813162C	0x0813169B	thumb	Cmd_if_status3
0x0813169C	0x0813170B	thumb	Cmd_if_not_status3
0x0813170C	0x08131787	thumb	Cmd_if_side_affecting
0x08131788	0x08131803	thumb	Cmd_if_not_side_affecting
0x08131804	0x0813183F	thumb	Cmd_if_less_than
0x08131840	0x0813187B	thumb	Cmd_if_more_than
0x0813187C	0x081318B7	thumb	Cmd_if_equal
0x081318B8	0x081318F3	thumb	Cmd_if_not_equal
0x081318F4	0x08131945	thumb	Cmd_if_less_than_ptr
0x08131948	0x08131999	thumb	Cmd_if_more_than_ptr
0x0813199C	0x081319ED	thumb	Cmd_if_equal_ptr
0x081319F0	0x08131A41	thumb	Cmd_if_not_equal_ptr
0x08131A44	0x08131A87	thumb	Cmd_if_move
0x08131A88	0x08131ACB	thumb	Cmd_if_not_move
0x08131ACC	0x08131B33	thumb	Cmd_if_in_bytes
0x08131B34	0x08131B9D	thumb	Cmd_if_not_in_bytes
0x08131BA0	0x08131C0B	thumb	Cmd_if_in_hwords
0x08131C0C	0x08131C79	thumb	Cmd_if_not_in_hwords
0x08131C7C	0x08131CE9	thumb	Cmd_if_user_has_attacking_move
0x08131CEC	0x08131D59	thumb	Cmd_if_user_has_no_attacking_moves
0x08131D5C	0x08131D7F	thumb	Cmd_get_turn_count
0x08131D80	0x08131E6F	thumb	Cmd_get_type
0x08131E70	0x08131EB3	thumb	BattleAI_GetWantedBattler
0x08131EB4	0x08131F1B	thumb	Cmd_is_of_type
0x08131F1C	0x08131F47	thumb	Cmd_get_considered_move_power
0x08131F48	0x0813214B	thumb	Cmd_get_how_powerful_move_is
0x0813214C	0x081321A3	thumb	Cmd_get_last_used_battler_move
0x081321A4	0x081321DF	thumb	Cmd_if_equal_
0x081321E0	0x0813221B	thumb	Cmd_if_not_equal_
0x0813221C	0x08132267	thumb	Cmd_if_user_goes
0x08132268	0x081322B3	thumb	Cmd_if_user_doesnt_go
0x081322B4	0x081322B5	thumb	Cmd_nop_2A
0x081322B8	0x081322B9	thumb	Cmd_nop_2B
0x081322BC	0x081323B7	thumb	Cmd_count_usable_party_mons
0x081323B8	0x081323D3	thumb	Cmd_get_considered_move
0x081323D4	0x081323FF	thumb	Cmd_get_considered_move_effect
0x08132400	0x0813251B	thumb	Cmd_get_ability
0x0813251C	0x08132613	thumb	Cmd_check_ability
0x08132614	0x081326FF	thumb	Cmd_get_highest_type_effectiveness
0x08132700	0x081327CD	thumb	Cmd_if_type_effectiveness
0x081327D0	0x081327D1	thumb	Cmd_nop_32
0x081327D4	0x081327D5	thumb	Cmd_nop_33
0x081327D8	0x081328B7	thumb	Cmd_if_status_in_party
0x081328B8	0x08132993	thumb	Cmd_if_status_not_in_party
0x08132994	0x081329FF	thumb	Cmd_get_weather
0x08132A00	0x08132A4B	thumb	Cmd_if_effect
0x08132A4C	0x08132A97	thumb	Cmd_if_not_effect
0x08132A98	0x08132AFF	thumb	Cmd_if_stat_level_less_than
0x08132B00	0x08132B67	thumb	Cmd_if_stat_level_more_than
0x08132B68	0x08132BCF	thumb	Cmd_if_stat_level_equal
0x08132BD0	0x08132C37	thumb	Cmd_if_stat_level_not_equal
0x08132C38	0x08132D33	thumb	Cmd_if_can_faint
0x08132D34	0x08132E17	thumb	Cmd_if_cant_faint
0x08132E18	0x08132F45	thumb	Cmd_if_has_move
0x08132F48	0x0813301D	thumb	Cmd_if_doesnt_have_move
0x08133020	0x08133115	thumb	Cmd_if_has_move_with_effect
0x08133118	0x081331F9	thumb	Cmd_if_doesnt_have_move_with_effect
0x081331FC	0x08133281	thumb	Cmd_if_any_move_disabled_or_encored
0x08133284	0x08133311	thumb	Cmd_if_curr_move_disabled_or_encored
0x08133314	0x08133327	thumb	Cmd_flee
0x08133328	0x08133387	thumb	Cmd_if_random_safari_flee
0x08133388	0x0813339B	thumb	Cmd_watch
0x0813339C	0x08133413	thumb	Cmd_get_hold_effect
0x08133414	0x08133493	thumb	Cmd_if_holds_item
0x08133494	0x081334EB	thumb	Cmd_get_gender
0x081334EC	0x08133537	thumb	Cmd_is_first_turn_for
0x08133538	0x08133583	thumb	Cmd_get_stockpile_count
0x08133584	0x081335AB	thumb	Cmd_is_double_battle
0x081335AC	0x081335F7	thumb	Cmd_get_used_held_item
0x081335F8	0x08133623	thumb	Cmd_get_move_type_from_result
0x08133624	0x0813364F	thumb	Cmd_get_move_power_from_result
0x08133650	0x0813367B	thumb	Cmd_get_move_effect_from_result
0x0813367C	0x081336C7	thumb	Cmd_get_protect_count
0x081336C8	0x081336C9	thumb	Cmd_nop_52
0x081336CC	0x081336CD	thumb	Cmd_nop_53
0x081336D0	0x081336D1	thumb	Cmd_nop_54
0x081336D4	0x081336D5	thumb	Cmd_nop_55
0x081336D8	0x081336D9	thumb	Cmd_nop_56
0x081336DC	0x081336DD	thumb	Cmd_nop_57
0x081336E0	0x0813370F	thumb	Cmd_call
0x08133710	0x0813372F	thumb	Cmd_goto
0x08133730	0x08133753	thumb	Cmd_end
0x08133754	0x08133829	thumb	Cmd_if_level_cond
0x0813382C	0x0813387B	thumb	Cmd_if_target_taunted
0x0813387C	0x081338CB	thumb	Cmd_if_target_not_taunted
0x081338CC	0x0813391B	thumb	Cmd_if_target_is_ally
0x0813391C	0x0813396B	thumb	Cmd_if_flash_fired
0x0813396C	0x0813398F	thumb	AIStackPushVar
0x08133990	0x081339B7	thumb	AIStackPushVar_cursor
0x081339B8	0x081339F7	thumb	AIStackPop
0x081339F8	0x08133A5F	thumb	TraderSetup
0x08133A60	0x08133A77	thumb	Trader_ResetFlag
0x08133A78	0x08133BE3	thumb	CreateAvailableDecorationsMenu
0x08133BE4	0x08133C47	thumb	Task_BufferDecorSelectionAndCloseWindow
0x08133C48	0x08133CD7	thumb	Task_HandleGetDecorationMenuInput
0x08133CD8	0x08133CF3	thumb	GetTraderTradedFlag
0x08133CF4	0x08133D2B	thumb	DoesPlayerHaveNoDecorations
0x08133D2C	0x08133D8B	thumb	IsDecorationCategoryFull
0x08133D8C	0x08133D9F	thumb	TraderShowDecorationMenu
0x08133DA0	0x08133E1B	thumb	DecorationItemsMenuAction_Trade
0x08133E1C	0x08133E37	thumb	ExitTraderMenu
0x08133E38	0x08133EBF	thumb	TraderDoDecorationTrade
0x08133EC0	0x08133EDB	thumb	TraderMenuGetDecoration
0x08133EDC	0x08133EF7	thumb	GetStarterPokemon
0x08133EF8	0x08133F09	thumb	VblankCB_StarterChoose
0x08133F0C	0x081341DF	thumb	CB2_ChooseStarter
0x081341E0	0x081341F9	thumb	CB2_StarterChoose
0x081341FC	0x0813425B	thumb	Task_StarterChoose
0x0813425C	0x0813433F	thumb	Task_HandleStarterChooseInput
0x08134340	0x0813438F	thumb	Task_WaitForStarterSprite
0x08134390	0x081343FF	thumb	Task_AskConfirmStarter
0x08134400	0x081344AB	thumb	Task_HandleConfirmStarterInput
0x081344AC	0x081344C7	thumb	Task_DeclineStarter
0x081344C8	0x08134603	thumb	CreateStarterPokemonLabel
0x08134604	0x0813463F	thumb	ClearStarterLabel
0x08134640	0x08134667	thumb	Task_MoveStarterChooseCursor
0x08134668	0x0813468F	thumb	Task_CreateStarterLabel
0x08134690	0x081346DB	thumb	CreatePokemonFrontSprite
0x081346DC	0x0813473B	thumb	SpriteCB_SelectionHand
0x0813473C	0x08134773	thumb	SpriteCB_Pokeball
0x08134774	0x081347B3	thumb	SpriteCB_StarterPokemon
0x081347B4	0x081347C5	thumb	VBlankCB_WallClock
0x081347C8	0x0813498B	thumb	LoadWallClockGraphics
0x0813498C	0x081349F3	thumb	WallClockInit
0x081349F4	0x08134B43	thumb	CB2_StartWallClock
0x08134B44	0x08134C9B	thumb	CB2_ViewWallClock
0x08134C9C	0x08134CB5	thumb	CB2_WallClock
0x08134CB8	0x08134CE7	thumb	Task_SetClock_WaitFadeIn
0x08134CE8	0x08134DC3	thumb	Task_SetClock_HandleInput
0x08134DC4	0x08134E2F	thumb	Task_SetClock_AskConfirm
0x08134E30	0x08134EA3	thumb	Task_SetClock_HandleConfirmInput
0x08134EA4	0x08134EE7	thumb	Task_SetClock_Confirmed
0x08134EE8	0x08134F0F	thumb	Task_SetClock_Exit
0x08134F10	0x08134F3F	thumb	Task_ViewClock_WaitFadeIn
0x08134F40	0x08134F77	thumb	Task_ViewClock_HandleInput
0x08134F78	0x08134FAF	thumb	Task_ViewClock_FadeOut
0x08134FB0	0x08134FD3	thumb	Task_ViewClock_Exit
0x08134FD4	0x08134FF9	thumb	CalcMinHandDelta
0x08134FFC	0x0813504B	thumb	CalcNewMinHandAngle
0x0813504C	0x081350E5	thumb	AdvanceClock
0x081350E8	0x0813512D	thumb	UpdateClockPeriod
0x08135130	0x081351A9	thumb	InitClockWithRtc
0x081351AC	0x08135243	thumb	SpriteCB_MinuteHand
0x08135244	0x081352DB	thumb	SpriteCB_HourHand
0x081352DC	0x0813537F	thumb	SpriteCB_PMIndicator
0x08135380	0x08135423	thumb	SpriteCB_AMIndicator
0x08135424	0x08135477	thumb	CheckObjectGraphicsInFrontOfPlayer
0x08135478	0x0813549B	thumb	CreateFieldMoveTask
0x0813549C	0x0813552B	thumb	Task_DoFieldMove_Init
0x0813552C	0x08135577	thumb	Task_DoFieldMove_ShowMonAfterPose
0x08135578	0x0813561B	thumb	Task_DoFieldMove_WaitForMon
0x0813561C	0x08135653	thumb	Task_DoFieldMove_RunFunc
0x08135654	0x081356C3	thumb	SetUpFieldMove_RockSmash
0x081356C4	0x081356E3	thumb	FieldCallback_RockSmash
0x081356E4	0x08135713	thumb	FldEff_UseRockSmash
0x08135714	0x08135729	thumb	FieldMove_RockSmash
0x0813572C	0x0813575F	thumb	SetUpFieldMove_Dig
0x08135760	0x0813577F	thumb	FieldCallback_Dig
0x08135780	0x081357BB	thumb	FldEff_UseDig
0x081357BC	0x081357FB	thumb	StartDigFieldEffect
0x081357FC	0x081358F3	thumb	OpenPokeblockCase
0x081358F4	0x08135907	thumb	OpenPokeblockCaseInBattle
0x08135908	0x0813591B	thumb	OpenPokeblockCaseOnFeeder
0x0813591C	0x08135935	thumb	CB2_PokeblockMenu
0x08135938	0x08135949	thumb	VBlankCB_PokeblockMenu
0x0813594C	0x08135975	thumb	CB2_InitPokeblockMenu
0x08135978	0x08135BD9	thumb	InitPokeblockMenu
0x08135BDC	0x08135C37	thumb	HandleInitBackgrounds
0x08135C38	0x08135D21	thumb	LoadPokeblockMenuGfx
0x08135D24	0x08135D7B	thumb	HandleInitWindows
0x08135D7C	0x08135DAB	thumb	PrintOnPokeblockWindow
0x08135DAC	0x08135E2B	thumb	DrawPokeblockMenuTitleText
0x08135E2C	0x08135F03	thumb	UpdatePokeblockList
0x08135F04	0x08135F6F	thumb	PutPokeblockListMenuString
0x08135F70	0x08135FCB	thumb	MovePokeblockMenuCursor
0x08135FCC	0x0813610F	thumb	DrawPokeblockInfo
0x08136110	0x0813613D	thumb	DrawPokeblockMenuHighlight
0x08136140	0x081361AF	thumb	CompactPokeblockSlots
0x081361B0	0x0813624B	thumb	SwapPokeblockMenuItems
0x0813624C	0x0813625B	thumb	ResetPokeblockScrollPositions
0x0813625C	0x081362DF	thumb	SetMenuItemsCountAndMaxShowed
0x081362E0	0x08136341	thumb	LimitMenuScrollAndRow
0x08136344	0x081363BB	thumb	SetInitialScroll
0x081363BC	0x08136417	thumb	CreateScrollArrows
0x08136418	0x08136443	thumb	DestroyScrollArrows
0x08136444	0x0813646F	thumb	CreatePokeblockCaseSprite
0x08136470	0x081364EB	thumb	SpriteCB_ShakePokeblockCase
0x081364EC	0x08136523	thumb	FadePaletteAndSetTaskToClosePokeblockCase
0x08136524	0x081365C7	thumb	Task_FreeDataAndExitPokeblockCase
0x081365C8	0x0813671B	thumb	Task_HandlePokeblockMenuInput
0x0813671C	0x08136853	thumb	Task_HandlePokeblocksSwapInput
0x08136854	0x08136937	thumb	UpdatePokeblockSwapMenu
0x08136938	0x081369DF	thumb	ShowPokeblockActionsWindow
0x081369E0	0x08136A4F	thumb	Task_HandlePokeblockActionsInput
0x08136A50	0x08136A73	thumb	PokeblockAction_UseOnField
0x08136A74	0x08136A9F	thumb	UsePokeblockOnField
0x08136AA0	0x08136AB3	thumb	ReturnToPokeblockCaseOnField
0x08136AB4	0x08136B47	thumb	PokeblockAction_Toss
0x08136B48	0x08136B77	thumb	CreateTossPokeblockYesNoMenu
0x08136B78	0x08136BBF	thumb	TossedPokeblockMessage
0x08136BC0	0x08136C53	thumb	TossPokeblock
0x08136C54	0x08136C8B	thumb	CloseTossPokeblockWindow
0x08136C8C	0x08136D2B	thumb	PokeblockAction_UseInBattle
0x08136D2C	0x08136D8F	thumb	PokeblockAction_UseOnPokeblockFeeder
0x08136D90	0x08136DE7	thumb	PokeblockAction_GiveToContestLady
0x08136DE8	0x08136E1F	thumb	PokeblockAction_Cancel
0x08136E20	0x08136E87	thumb	ClearPokeblock
0x08136E88	0x08136EA1	thumb	ClearPokeblocks
0x08136EA4	0x08136ED9	thumb	GetHighestPokeblocksFlavorLevel
0x08136EDC	0x08136EF1	thumb	GetPokeblocksFeel
0x08136EF4	0x08136F29	thumb	GetFirstFreePokeblockSlot
0x08136F2C	0x08136F67	thumb	AddPokeblock
0x08136F68	0x08136F99	thumb	TryClearPokeblock
0x08136F9C	0x08136FE1	thumb	GetPokeblockData
0x08136FE4	0x08137043	thumb	PokeblockGetGain
0x08137044	0x08137067	thumb	PokeblockCopyName
0x08137068	0x081370B1	thumb	CopyMonFavoritePokeblockName
0x081370B4	0x081370F9	thumb	GetPokeblocksFlavor
0x081370FC	0x08137177	thumb	SetUpFieldMove_Flash
0x08137178	0x081371B3	thumb	FieldCallback_Flash
0x081371B4	0x081371D3	thumb	FldEff_UseFlash
0x081371D4	0x081371E9	thumb	CB2_ChangeMapMain
0x081371EC	0x081371FD	thumb	VBC_ChangeMapVBlank
0x08137200	0x08137303	thumb	CB2_DoChangeMap
0x08137304	0x0813735F	thumb	TryDoMapTransition
0x08137360	0x081373A7	thumb	GetMapPairFadeToType
0x081373A8	0x081373EF	thumb	GetMapPairFadeFromType
0x081373F0	0x08137403	thumb	DoExitCaveTransition
0x08137404	0x0813741F	thumb	Task_ExitCaveTransition1
0x08137420	0x081374C3	thumb	Task_ExitCaveTransition2
0x081374C4	0x0813750B	thumb	Task_ExitCaveTransition3
0x0813750C	0x08137573	thumb	Task_ExitCaveTransition4
0x08137574	0x081375A7	thumb	Task_ExitCaveTransition5
0x081375A8	0x081375BB	thumb	DoEnterCaveTransition
0x081375BC	0x081375D7	thumb	Task_EnterCaveTransition1
0x081375D8	0x08137677	thumb	Task_EnterCaveTransition2
0x08137678	0x081376DB	thumb	Task_EnterCaveTransition3
0x081376DC	0x08137733	thumb	Task_EnterCaveTransition4
0x08137734	0x0813787B	thumb	GameClear
0x0813787C	0x0813788F	thumb	SetCB2WhiteOut
0x08137890	0x081378BB	thumb	GetMirageRnd
0x081378BC	0x081378E3	thumb	SetMirageRnd
0x081378E4	0x08137903	thumb	InitMirageRnd
0x08137904	0x0813793B	thumb	UpdateMirageRnd
0x0813793C	0x08137985	thumb	IsMirageIslandPresent
0x08137988	0x081379D7	thumb	UpdateShoalTideFlag
0x081379D8	0x081379F7	thumb	Task_WaitWeather
0x081379F8	0x08137A0B	thumb	WaitWeather
0x08137A0C	0x08137A1F	thumb	InitBirchState
0x08137A20	0x08137A4B	thumb	UpdateBirchState
0x08137A4C	0x08137A97	thumb	ScriptGetPokedexInfo
0x08137A98	0x08137C0F	thumb	GetPokedexRatingText
0x08137C10	0x08137C27	thumb	ShowPokedexRatingMessage
0x08137C28	0x08137C3B	thumb	AccessHallOfFamePC
0x08137C3C	0x08137C5B	thumb	ReturnFromHallOfFamePC
0x08137C5C	0x08137C93	thumb	ReshowPCMenuAfterHallOfFamePC
0x08137C94	0x08137CB3	thumb	Task_WaitForPaletteFade
0x08137CB4	0x08137CC7	thumb	Special_ShowDiploma
0x08137CC8	0x08137CEB	thumb	Special_ViewWallClock
0x08137CEC	0x08137D0B	thumb	ResetCyclingRoadChallengeData
0x08137D0C	0x08137D33	thumb	Special_BeginCyclingRoadChallenge
0x08137D34	0x08137D5B	thumb	GetPlayerAvatarBike
0x08137D5C	0x08137E6B	thumb	DetermineCyclingRoadResults
0x08137E6C	0x08137E9B	thumb	FinishCyclingRoadChallenge
0x08137E9C	0x08137EFB	thumb	RecordCyclingRoadResults
0x08137EFC	0x08137F43	thumb	GetRecordedCyclingRoadResults
0x08137F44	0x08137F8F	thumb	UpdateCyclingRoadState
0x08137F90	0x08137FAF	thumb	SetSSTidalFlag
0x08137FB0	0x08137FBF	thumb	ResetSSTidalFlag
0x08137FC0	0x08137FFB	thumb	CountSSTidalStep
0x08137FFC	0x081380D7	thumb	GetSSTidalLocation
0x081380D8	0x0813811D	thumb	ShouldDoWallyCall
0x08138120	0x08138165	thumb	ShouldDoScottFortreeCall
0x08138168	0x081381AD	thumb	ShouldDoScottBattleFrontierCall
0x081381B0	0x081381F5	thumb	ShouldDoRoxanneCall
0x081381F8	0x0813823D	thumb	ShouldDoRivalRayquazaCall
0x08138240	0x0813829F	thumb	GetLinkPartnerNames
0x081382A0	0x0813842B	thumb	SpawnLinkPartnerObjectEvent
0x0813842C	0x081384EF	thumb	LoadLinkPartnerObjectEventSpritePalette
0x081384F0	0x0813853F	thumb	MauvilleGymPressSwitch
0x08138540	0x0813874F	thumb	MauvilleGymSetDefaultBarriers
0x08138750	0x081388E3	thumb	MauvilleGymDeactivatePuzzle
0x081388E4	0x0813890F	thumb	PetalburgGymSlideOpenRoomDoors
0x08138910	0x08138975	thumb	Task_PetalburgGymSlideOpenRoomDoors
0x08138978	0x08138AA3	thumb	PetalburgGymSetDoorMetatiles
0x08138AA4	0x08138ABF	thumb	PetalburgGymUnlockRoomDoors
0x08138AC0	0x08138ACF	thumb	ShowFieldMessageStringVar4
0x08138AD0	0x08138AEF	thumb	StorePlayerCoordsInVars
0x08138AF0	0x08138B0F	thumb	GetPlayerTrainerIdOnesDigit
0x08138B10	0x08138B47	thumb	GetPlayerBigGuyGirlString
0x08138B48	0x08138B7F	thumb	GetRivalSonDaughterString
0x08138B80	0x08138B8B	thumb	GetBattleOutcome
0x08138B8C	0x08138BC7	thumb	CableCarWarp
0x08138BC8	0x08138BDB	thumb	SetHiddenItemFlag
0x08138BDC	0x08138C03	thumb	GetWeekCount
0x08138C04	0x08138C83	thumb	GetLeadMonFriendshipScore
0x08138C84	0x08138C93	thumb	CB2_FieldShowRegionMap
0x08138C94	0x08138CA3	thumb	FieldShowRegionMap
0x08138CA4	0x08138CE7	thumb	DoPCTurnOnEffect
0x08138CE8	0x08138D0F	thumb	Task_PCTurnOnEffect
0x08138D10	0x08138D87	thumb	PCTurnOnEffect
0x08138D88	0x08138E1F	thumb	PCTurnOnEffect_SetMetatile
0x08138E20	0x08138E29	thumb	DoPCTurnOffEffect
0x08138E2C	0x08138EBF	thumb	PCTurnOffEffect
0x08138EC0	0x08138F03	thumb	DoLotteryCornerComputerEffect
0x08138F04	0x08138F2B	thumb	Task_LotteryCornerComputerEffect
0x08138F2C	0x08138FAB	thumb	LotteryCornerComputerEffect
0x08138FAC	0x08138FD3	thumb	EndLotteryCornerComputerEffect
0x08138FD4	0x08138FEB	thumb	SetTrickHouseNuggetFlag
0x08138FEC	0x08139003	thumb	ResetTrickHouseNuggetFlag
0x08139004	0x0813902D	thumb	CheckLeadMonCool
0x08139030	0x08139059	thumb	CheckLeadMonBeauty
0x0813905C	0x08139085	thumb	CheckLeadMonCute
0x08139088	0x081390B1	thumb	CheckLeadMonSmart
0x081390B4	0x081390DD	thumb	CheckLeadMonTough
0x081390E0	0x08139157	thumb	IsGrassTypeInParty
0x08139158	0x081391AB	thumb	SpawnCameraObject
0x081391AC	0x081391CF	thumb	RemoveCameraObject
0x081391D0	0x081391FF	thumb	GetPokeblockNameByMonNature
0x08139200	0x08139227	thumb	GetSecretBaseNearbyMapName
0x08139228	0x08139237	thumb	GetBattleTowerSinglesStreak
0x08139238	0x08139247	thumb	BufferEReaderTrainerName
0x08139248	0x081392AB	thumb	GetSlotMachineId
0x081392AC	0x081392D1	thumb	FoundAbandonedShipRoom1Key
0x081392D4	0x081392F5	thumb	FoundAbandonedShipRoom2Key
0x081392F8	0x0813931D	thumb	FoundAbandonedShipRoom4Key
0x08139320	0x08139345	thumb	FoundAbandonedShipRoom6Key
0x08139348	0x0813936F	thumb	LeadMonHasEffortRibbon
0x08139370	0x081393C7	thumb	GiveLeadMonEffortRibbon
0x081393C8	0x081393F9	thumb	Special_AreLeadMonEVsMaxedOut
0x081393FC	0x08139459	thumb	TryUpdateRusturfTunnelState
0x0813945C	0x0813946B	thumb	SetShoalItemFlag
0x0813946C	0x081394D7	thumb	LoadWallyZigzagoon
0x081394D8	0x0813952D	thumb	IsStarterInParty
0x08139530	0x0813953D	thumb	ScriptCheckFreePokemonStorageSpace
0x08139540	0x0813955D	thumb	IsPokerusInParty
0x08139560	0x081395BB	thumb	ShakeCamera
0x081395BC	0x0813961F	thumb	Task_ShakeCamera
0x08139620	0x08139631	thumb	StopCameraShake
0x08139634	0x08139645	thumb	FoundBlackGlasses
0x08139648	0x08139667	thumb	SetRoute119Weather
0x08139668	0x08139687	thumb	SetRoute123Weather
0x08139688	0x081396DD	thumb	GetLeadMonIndex
0x081396E0	0x08139707	thumb	ScriptGetPartyMonSpecies
0x08139708	0x08139709	thumb	TryInitBattleTowerAwardManObjectEvent
0x0813970C	0x08139751	thumb	GetDaysUntilPacifidlogTMAvailable
0x08139754	0x0813976F	thumb	SetPacifidlogTMReceivedDay
0x08139770	0x081397C3	thumb	MonOTNameNotPlayer
0x081397C4	0x0813986B	thumb	BufferLottoTicketNumber
0x0813986C	0x081398BD	thumb	GetMysteryGiftCardStat
0x081398C0	0x0813990B	thumb	BufferTMHMMoveName
0x0813990C	0x08139949	thumb	IsBadEggInParty
0x0813994C	0x0813997D	thumb	InMultiPartnerRoom
0x08139980	0x08139993	thumb	OffsetCameraForBattle
0x08139994	0x081399F3	thumb	SetDeptStoreFloor
0x081399F4	0x08139A75	thumb	GetDeptStoreDefaultFloorChoice
0x08139A78	0x08139AF3	thumb	MoveElevator
0x08139AF4	0x08139B5F	thumb	Task_MoveElevator
0x08139B60	0x08139C0F	thumb	ShowDeptStoreElevatorFloorSelect
0x08139C10	0x08139C2B	thumb	CloseDeptStoreElevatorWindow
0x08139C2C	0x08139C7F	thumb	MoveElevatorWindowLights
0x08139C80	0x08139D97	thumb	Task_MoveElevatorWindowLights
0x08139D98	0x08139E7F	thumb	BufferVarsForIVRater
0x08139E80	0x08139ECD	thumb	UsedPokemonCenterWarp
0x08139ED0	0x08139EF1	thumb	PlayerNotAtTrainerHillEntrance
0x08139EF4	0x08139F1F	thumb	UpdateFrontierManiac
0x08139F20	0x0813A07F	thumb	ShowFrontierManiacMessage
0x0813A080	0x0813A127	thumb	BufferBattleTowerElevatorFloors
0x0813A128	0x0813A2DB	thumb	ShowScrollableMultichoice
0x0813A2DC	0x0813A42B	thumb	Task_ShowScrollableMultichoice
0x0813A42C	0x0813A46B	thumb	InitScrollableMultichoice
0x0813A46C	0x0813A4EB	thumb	ScrollableMultichoice_MoveCursor
0x0813A4EC	0x0813A56F	thumb	ScrollableMultichoice_ProcessInput
0x0813A570	0x0813A5FF	thumb	CloseScrollableMultichoice
0x0813A600	0x0813A62F	thumb	Task_ScrollableMultichoice_WaitReturnToList
0x0813A630	0x0813A663	thumb	ScrollableMultichoice_TryReturnToList
0x0813A664	0x0813A693	thumb	Task_ScrollableMultichoice_ReturnToList
0x0813A694	0x0813A737	thumb	ScrollableMultichoice_UpdateScrollArrows
0x0813A738	0x0813A767	thumb	ScrollableMultichoice_RemoveScrollArrows
0x0813A768	0x0813A769	thumb	ShowGlassWorkshopMenu
0x0813A76C	0x0813A7B7	thumb	SetBattleTowerLinkPlayerGfx
0x0813A7B8	0x0813A7F3	thumb	ShowNatureGirlMessage
0x0813A7F4	0x0813A81F	thumb	UpdateFrontierGambler
0x0813A820	0x0813A853	thumb	ShowFrontierGamblerLookingMessage
0x0813A854	0x0813A877	thumb	ShowFrontierGamblerGoMessage
0x0813A878	0x0813A8F9	thumb	FrontierGamblerSetWonOrLost
0x0813A8FC	0x0813A957	thumb	UpdateBattlePointsWindow
0x0813A958	0x0813A987	thumb	ShowBattlePointsWindow
0x0813A988	0x0813A9A3	thumb	CloseBattlePointsWindow
0x0813A9A4	0x0813A9CF	thumb	TakeFrontierBattlePoints
0x0813A9D0	0x0813AA01	thumb	GiveFrontierBattlePoints
0x0813AA04	0x0813AA17	thumb	GetFrontierBattlePoints
0x0813AA18	0x0813AA43	thumb	ShowFrontierExchangeCornerItemIconWindow
0x0813AA44	0x0813AA5F	thumb	CloseFrontierExchangeCornerItemIconWindow
0x0813AA60	0x0813ABD3	thumb	FillFrontierExchangeCornerWindowAndItemIcon
0x0813ABD4	0x0813AC43	thumb	ShowFrontierExchangeCornerItemIcon
0x0813AC44	0x0813AC7B	thumb	HideFrontierExchangeCornerItemIcon
0x0813AC7C	0x0813ACE7	thumb	BufferBattleFrontierTutorMoveName
0x0813ACE8	0x0813AD33	thumb	ShowBattleFrontierTutorWindow
0x0813AD34	0x0813ADB7	thumb	ShowBattleFrontierTutorMoveDescription
0x0813ADB8	0x0813ADD3	thumb	CloseBattleFrontierTutorWindow
0x0813ADD4	0x0813AEB3	thumb	ScrollableMultichoice_RedrawPersistentMenu
0x0813AEB4	0x0813AF47	thumb	GetBattleFrontierTutorMoveIndex
0x0813AF48	0x0813AFC7	thumb	ScrollableMultichoice_ClosePersistentMenu
0x0813AFC8	0x0813AFDB	thumb	DoDeoxysRockInteraction
0x0813AFDC	0x0813B0B3	thumb	Task_DeoxysRockInteraction
0x0813B0B4	0x0813B15F	thumb	ChangeDeoxysRockLevel
0x0813B160	0x0813B181	thumb	WaitForDeoxysRockMovement
0x0813B184	0x0813B1CD	thumb	IncrementBirthIslandRockStepCount
0x0813B1D0	0x0813B203	thumb	SetDeoxysRockPalette
0x0813B204	0x0813B20F	thumb	SetPCBoxToSendMon
0x0813B210	0x0813B21B	thumb	GetPCBoxToSendMon
0x0813B21C	0x0813B25F	thumb	ShouldShowBoxWasFullMessage
0x0813B260	0x0813B2E1	thumb	IsDestinationBoxFull
0x0813B2E4	0x0813B373	thumb	CreateAbnormalWeatherEvent
0x0813B374	0x0813B3AF	thumb	GetAbnormalWeatherMapNameAndType
0x0813B3B0	0x0813B483	thumb	AbnormalWeatherHasExpired
0x0813B484	0x0813B48F	thumb	Unused_SetWeatherSunny
0x0813B490	0x0813B4DD	thumb	GetMartEmployeeObjectEventId
0x0813B4E0	0x0813B511	thumb	IsTrainerRegistered
0x0813B514	0x0813B531	thumb	ShouldDistributeEonTicket
0x0813B534	0x0813B567	thumb	BattleTowerReconnectLink
0x0813B568	0x0813B57B	thumb	LinkRetireStatusWithBattleTowerPartner
0x0813B57C	0x0813B7D7	thumb	Task_LinkRetireStatusWithBattleTowerPartner
0x0813B7D8	0x0813B80B	thumb	Script_DoRayquazaScene
0x0813B80C	0x0813B823	thumb	LoopWingFlapSE
0x0813B824	0x0813B87F	thumb	Task_LoopWingFlapSE
0x0813B880	0x0813B8AF	thumb	CloseBattlePikeCurtain
0x0813B8B0	0x0813B967	thumb	Task_CloseBattlePikeCurtain
0x0813B968	0x0813B99F	thumb	GetBattlePyramidHint
0x0813B9A0	0x0813B9BF	thumb	ResetHealLocationFromDewford
0x0813B9C0	0x0813BA0D	thumb	InPokemonCenter
0x0813BA10	0x0813BA2F	thumb	ResetFanClub
0x0813BA30	0x0813BA5F	thumb	TryLoseFansFromPlayTimeAfterLinkBattle
0x0813BA60	0x0813BADB	thumb	UpdateTrainerFanClubGameClear
0x0813BADC	0x0813BB73	thumb	TryGainNewFanFromCounter
0x0813BB74	0x0813BBFF	thumb	PlayerGainRandomTrainerFan
0x0813BC00	0x0813BCA7	thumb	PlayerLoseRandomTrainerFan
0x0813BCA8	0x0813BCE7	thumb	GetNumFansOfPlayerInTrainerFanClub
0x0813BCE8	0x0813BD5D	thumb	TryLoseFansFromPlayTime
0x0813BD60	0x0813BD83	thumb	IsFanClubMemberFanOfPlayer
0x0813BD84	0x0813BDB3	thumb	SetInitialFansOfPlayer
0x0813BDB4	0x0813BE2F	thumb	BufferFanClubTrainerName
0x0813BE30	0x0813BF0F	thumb	BufferFanClubTrainerName_
0x0813BF10	0x0813BF43	thumb	UpdateTrainerFansAfterLinkBattle
0x0813BF44	0x0813BF5F	thumb	DidPlayerGetFirstFans
0x0813BF60	0x0813BF7B	thumb	SetPlayerGotFirstFans
0x0813BF7C	0x0813BF93	thumb	Script_TryGainNewFanFromCounter
0x0813BF94	0x0813BFC3	thumb	ClearLinkBattleRecord
0x0813BFC4	0x0813BFF5	thumb	ClearLinkBattleRecords
0x0813BFF8	0x0813C005	thumb	GetLinkBattleRecordTotalBattles
0x0813C008	0x0813C03B	thumb	FindLinkBattleRecord
0x0813C03C	0x0813C0CF	thumb	SortLinkBattleRecords
0x0813C0D0	0x0813C133	thumb	UpdateLinkBattleRecord
0x0813C134	0x0813C16F	thumb	UpdateLinkBattleGameStats
0x0813C170	0x0813C1F7	thumb	UpdateLinkBattleRecords
0x0813C1F8	0x0813C213	thumb	ClearPlayerLinkBattleRecords
0x0813C214	0x0813C23B	thumb	IncTrainerCardWins
0x0813C23C	0x0813C263	thumb	IncTrainerCardLosses
0x0813C264	0x0813C29D	thumb	UpdateTrainerCardWinsLosses
0x0813C2A0	0x0813C2F3	thumb	UpdatePlayerLinkBattleRecords
0x0813C2F4	0x0813C383	thumb	PrintLinkBattleWinsLossesDraws
0x0813C384	0x0813C4BB	thumb	PrintLinkBattleRecord
0x0813C4BC	0x0813C59F	thumb	ShowLinkBattleRecords
0x0813C5A0	0x0813C5BB	thumb	RemoveRecordsWindow
0x0813C5BC	0x0813C5EB	thumb	Task_TrainerHillWaitForPaletteFade
0x0813C5EC	0x0813C62B	thumb	Task_CloseTrainerHillRecordsOnButton
0x0813C62C	0x0813C663	thumb	Task_BeginPaletteFade
0x0813C664	0x0813C6A7	thumb	Task_ExitTrainerHillRecords
0x0813C6A8	0x0813C6D1	thumb	RemoveTrainerHillRecordsWindow
0x0813C6D4	0x0813C80B	thumb	ClearVramOamPlttRegs
0x0813C80C	0x0813C825	thumb	ClearTasksAndGraphicalStructs
0x0813C828	0x0813C87D	thumb	ResetBgCoordinates
0x0813C880	0x0813C88F	thumb	SetDispcntReg
0x0813C890	0x0813C8D7	thumb	LoadTrainerHillRecordsWindowGfx
0x0813C8D8	0x0813C8E9	thumb	VblankCB_TrainerHillRecords
0x0813C8EC	0x0813C901	thumb	MainCB2_TrainerHillRecords
0x0813C904	0x0813C91B	thumb	ShowTrainerHillRecords
0x0813C91C	0x0813CA53	thumb	CB2_ShowTrainerHillRecords
0x0813CA54	0x0813CA67	thumb	ResetDrawAreaGlowState
0x0813CA68	0x0813CB3F	thumb	DrawAreaGlow
0x0813CB40	0x0813CD03	thumb	FindMapsWithMon
0x0813CD04	0x0813CD63	thumb	SetAreaHasMon
0x0813CD64	0x0813CE33	thumb	SetSpecialMapHasMon
0x0813CE34	0x0813CE47	thumb	GetRegionMapSectionId
0x0813CE48	0x0813CED3	thumb	MapHasSpecies
0x0813CED4	0x0813CF09	thumb	MonListHasSpecies
0x0813CF0C	0x0813D1C7	thumb	BuildAreaGlowTilemap
0x0813D1C8	0x0813D25B	thumb	StartAreaGlow
0x0813D25C	0x0813D3D7	thumb	DoAreaGlow
0x0813D3D8	0x0813D42B	thumb	ShowPokedexAreaScreen
0x0813D42C	0x0813D59F	thumb	Task_ShowPokedexAreaScreen
0x0813D5A0	0x0813D6B3	thumb	Task_HandlePokedexAreaScreenInput
0x0813D6B4	0x0813D6CD	thumb	ResetPokedexAreaMapBg
0x0813D6D0	0x0813D823	thumb	CreateAreaMarkerSprites
0x0813D824	0x0813D8A7	thumb	DestroyAreaScreenSprites
0x0813D8A8	0x0813D8E7	thumb	LoadAreaUnknownGraphics
0x0813D8E8	0x0813D9AF	thumb	CreateAreaUnknownSprites
0x0813D9B0	0x0813D9BD	thumb	CB2_BeginEvolutionScene
0x0813D9C0	0x0813DA3F	thumb	Task_BeginEvolutionScene
0x0813DA40	0x0813DA8B	thumb	BeginEvolutionScene
0x0813DA8C	0x0813DD7B	thumb	EvolutionScene
0x0813DD7C	0x0813DF6F	thumb	CB2_EvolutionSceneLoadGraphics
0x0813DF70	0x0813E1D3	thumb	CB2_TradeEvolutionSceneLoadGraphics
0x0813E1D4	0x0813E3A3	thumb	TradeEvolutionScene
0x0813E3A4	0x0813E3BD	thumb	CB2_EvolutionSceneUpdate
0x0813E3C0	0x0813E3D9	thumb	CB2_TradeEvolutionSceneUpdate
0x0813E3DC	0x0813E56F	thumb	CreateShedinja
0x0813E570	0x0813F1B7	thumb	Task_EvolutionScene
0x0813F1B8	0x0813FCD7	thumb	Task_TradeEvolutionScene
0x0813FCD8	0x0813FCD9	thumb	EvoDummyFunc
0x0813FCDC	0x0813FD63	thumb	VBlankCB_EvolutionScene
0x0813FD64	0x0813FDEB	thumb	VBlankCB_TradeEvolutionScene
0x0813FDEC	0x0813FEA3	thumb	Task_UpdateBgPalette
0x0813FEA4	0x0813FEE7	thumb	CreateBgAnimTask
0x0813FEE8	0x0813FFBF	thumb	Task_AnimateBg
0x0813FFC0	0x0813FFFF	thumb	InitMovingBgPalette
0x08140000	0x081400FF	thumb	StartBgAnimation
0x08140100	0x08140133	thumb	PauseBgPaletteAnim
0x08140134	0x08140173	thumb	StopBgAnimation
0x08140174	0x081401DF	thumb	RestoreBgAfterAnim
0x081401E0	0x08140207	thumb	EvoScene_DoMonAnimAndCry
0x08140208	0x08140235	thumb	EvoScene_IsMonAnimFinished
0x08140238	0x08140263	thumb	CB2_Roulette
0x08140264	0x08140387	thumb	VBlankCB_Roulette
0x08140388	0x08140417	thumb	InitRouletteBgAndWindows
0x08140418	0x0814046F	thumb	FreeRoulette
0x08140470	0x081405CB	thumb	InitRouletteTableData
0x081405CC	0x08140813	thumb	CB2_LoadRoulette
0x08140814	0x081408A7	thumb	Task_SpinWheel
0x081408A8	0x08140913	thumb	Task_StartPlaying
0x08140914	0x08140967	thumb	Task_AskKeepPlaying
0x08140968	0x08140993	thumb	Task_ContinuePlaying
0x08140994	0x081409B7	thumb	Task_StopPlaying
0x081409B8	0x08140B63	thumb	UpdateGridSelectionRect
0x08140B64	0x08140B8B	thumb	UpdateGridSelection
0x08140B8C	0x08140BCF	thumb	Task_StartHandleBetGridInput
0x08140BD0	0x08140CA7	thumb	Task_SelectFirstEmptySquare
0x08140CA8	0x08140D69	thumb	CanMoveSelectionInDir
0x08140D6C	0x08140F6B	thumb	ProcessBetGridInput
0x08140F6C	0x08140FC3	thumb	Task_StartSpin
0x08140FC4	0x0814103F	thumb	Task_PlaceBet
0x08141040	0x081410FB	thumb	Task_HandleBetGridInput
0x081410FC	0x0814118B	thumb	Task_SlideGridOffscreen
0x0814118C	0x08141343	thumb	GetRandomForBallTravelDistance
0x08141344	0x0814155B	thumb	Task_InitBallRoll
0x0814155C	0x081415D3	thumb	Task_RollBall
0x081415D4	0x081416D3	thumb	Task_RecordBallHit
0x081416D4	0x08141777	thumb	Task_SlideGridOnscreen
0x08141778	0x081417FF	thumb	Task_FlashBallOnWinningSquare
0x08141800	0x0814189B	thumb	Task_TryIncrementWins
0x0814189C	0x08141983	thumb	Task_PrintSpinResult
0x08141984	0x08141A17	thumb	Task_GivePayout
0x08141A18	0x08141ABF	thumb	Task_PrintPayout
0x08141AC0	0x08141B57	thumb	Task_EndTurn
0x08141B58	0x08141D0B	thumb	Task_TryPrintEndTurnMsg
0x08141D0C	0x08141DE3	thumb	Task_ClearBoard
0x08141DE4	0x08141E7B	thumb	ExitRoulette
0x08141E7C	0x08141EF7	thumb	Task_ExitRoulette
0x08141EF8	0x08141F7B	thumb	Task_WaitForNextTask
0x08141F7C	0x08141FF3	thumb	StartTaskAfterDelayOrInput
0x08141FF4	0x0814206F	thumb	ResetBallDataForNewSpin
0x08142070	0x081420CF	thumb	ResetHits
0x081420D0	0x081421E7	thumb	RecordHit
0x081421E8	0x08142281	thumb	IsHitInBetSelection
0x08142284	0x081424FB	thumb	FlashSelectionOnWheel
0x081424FC	0x08142757	thumb	DrawGridBackground
0x08142758	0x08142811	thumb	GetMultiplier
0x08142814	0x081428C3	thumb	UpdateWheelPosition
0x081428C4	0x081428E3	thumb	Task_ShowMinBetYesNo
0x081428E4	0x08142917	thumb	Task_FadeToRouletteGame
0x08142918	0x0814297B	thumb	Task_AcceptMinBet
0x0814297C	0x0814299F	thumb	Task_DeclineMinBet
0x081429A0	0x081429EF	thumb	Task_NotEnoughForMinBet
0x081429F0	0x08142A87	thumb	Task_PrintMinBet
0x08142A88	0x08142BC7	thumb	Task_PrintRouletteEntryMsg
0x08142BC8	0x08142C0B	thumb	PlayRoulette
0x08142C0C	0x08142C5D	thumb	LoadOrFreeMiscSpritePalettesAndSheets
0x08142C60	0x08142CCF	thumb	CreateWheelIconSprite
0x08142CD0	0x08142E3B	thumb	CreateGridSprites
0x08142E3C	0x08142E6F	thumb	DestroyGridSprites
0x08142E70	0x08142F7B	thumb	ShowHideGridIcons
0x08142F7C	0x08143037	thumb	CreateGridBallSprites
0x08143038	0x0814314F	thumb	ShowHideGridBalls
0x08143150	0x081431E3	thumb	ShowHideWinSlotCursor
0x081431E4	0x0814327F	thumb	CreateWheelIconSprites
0x08143280	0x08143313	thumb	SpriteCB_WheelIcon
0x08143314	0x08143513	thumb	CreateInterfaceSprites
0x08143514	0x08143613	thumb	SetCreditDigits
0x08143614	0x081436CD	thumb	GetMultiplierAnimId
0x081436D0	0x0814372B	thumb	SetMultiplierSprite
0x0814372C	0x0814390B	thumb	SetBallCounterNumLeft
0x0814390C	0x0814391B	thumb	SpriteCB_GridSquare
0x0814391C	0x0814399B	thumb	CreateWheelCenterSprite
0x0814399C	0x081439C7	thumb	SpriteCB_WheelCenter
0x081439C8	0x08143A3F	thumb	CreateWheelBallSprites
0x08143A40	0x08143AC7	thumb	HideWheelBalls
0x08143AC8	0x08143B11	thumb	UpdateBallRelativeWheelAngle
0x08143B14	0x08143B47	thumb	UpdateSlotBelowBall
0x08143B48	0x08143B83	thumb	GetBallDistanceToSlotMidpoint
0x08143B84	0x08143C8F	thumb	UpdateBallPos
0x08143C90	0x08143CFB	thumb	SpriteCB_BallLandInSlot
0x08143CFC	0x08143E13	thumb	SpriteCB_UnstickBall_ShroomishBallFall
0x08143E14	0x08143FA3	thumb	SpriteCB_UnstickBall_Shroomish
0x08143FA4	0x0814404F	thumb	SpriteCB_UnstickBall_TaillowDrop
0x08144050	0x08144127	thumb	SpriteCB_UnstickBall_TaillowPickUp
0x08144128	0x08144167	thumb	SpriteCB_UnstickBall_Taillow
0x08144168	0x081441A7	thumb	SpriteCB_UnstickBall
0x081441A8	0x08144261	thumb	SpriteCB_RollBall_TryLandAdjacent
0x08144264	0x0814440F	thumb	SpriteCB_RollBall_TryLand
0x08144410	0x08144513	thumb	SpriteCB_RollBall_Slow
0x08144514	0x081445D7	thumb	SpriteCB_RollBall_Medium
0x081445D8	0x081446AB	thumb	SpriteCB_RollBall_Fast
0x081446AC	0x081446DB	thumb	SpriteCB_RollBall_Start
0x081446DC	0x081448B7	thumb	CreateShroomishSprite
0x081448B8	0x08144A23	thumb	CreateTaillowSprite
0x08144A24	0x08144C6F	thumb	SetBallStuck
0x08144C70	0x08144CCF	thumb	SpriteCB_ShroomishExit
0x08144CD0	0x08144D93	thumb	SpriteCB_ShroomishShakeScreen
0x08144D94	0x08144E5F	thumb	SpriteCB_ShroomishFall
0x08144E60	0x08144F93	thumb	SpriteCB_Shroomish
0x08144F94	0x08144FAD	thumb	SpriteCB_TaillowShadow_Flash
0x08144FB0	0x0814502F	thumb	SpriteCB_Taillow_FlyAway
0x08145030	0x081450D7	thumb	SpriteCB_Taillow_PickUpBall
0x081450D8	0x08145217	thumb	SpriteCB_Taillow_FlyIn
0x08145218	0x08145293	thumb	SpriteCB_TaillowShadow_FlyIn
0x08145294	0x08145353	thumb	SpriteCB_Taillow
0x08145354	0x0814545B	thumb	LoadCryWaveformWindow
0x0814545C	0x08145533	thumb	UpdateCryWaveformWindow
0x08145534	0x08145587	thumb	CryScreenPlayButton
0x08145588	0x081455A7	thumb	PlayCryScreenCry
0x081455A8	0x0814560B	thumb	BufferCryWaveformSegment
0x0814560C	0x08145647	thumb	DrawWaveformFlatline
0x08145648	0x081456A7	thumb	AdvancePlayhead
0x081456A8	0x08145813	thumb	DrawWaveformSegment
0x08145814	0x08145823	thumb	DrawWaveformWindow
0x08145824	0x0814584D	thumb	ShiftWaveformOver
0x08145850	0x08145913	thumb	LoadCryMeter
0x08145914	0x0814596B	thumb	FreeCryScreen
0x0814596C	0x08145B23	thumb	SpriteCB_CryMeterNeedle
0x08145B24	0x08145B53	thumb	SetCryMeterNeedleTarget
0x08145B54	0x08145BAB	thumb	PrintCoinsString
0x08145BAC	0x08145C13	thumb	ShowCoinsWindow
0x08145C14	0x08145C2F	thumb	HideCoinsWindow
0x08145C30	0x08145C57	thumb	GetCoins
0x08145C58	0x08145C7F	thumb	SetCoins
0x08145C80	0x08145CCB	thumb	AddCoins
0x08145CCC	0x08145CF3	thumb	RemoveCoins
0x08145CF4	0x08145D47	thumb	GetLandmarkName
0x08145D48	0x08145DC3	thumb	GetLandmarks
0x08145DC4	0x08145E0B	thumb	SetUpFieldMove_Strength
0x08145E0C	0x08145E2B	thumb	FieldCallback_Strength
0x08145E2C	0x08145E73	thumb	FldEff_UseStrength
0x08145E74	0x08145E83	thumb	StartStrengthFieldEffect
0x08145E84	0x08145EDB	thumb	CB2_TestBattleTransition
0x08145EDC	0x08145EF3	thumb	TestBattleTransition
0x08145EF4	0x08145F0F	thumb	BattleTransition_StartOnField
0x08145F10	0x08145F1D	thumb	BattleTransition_Start
0x08145F20	0x08145F6B	thumb	IsBattleTransitionDone
0x08145F6C	0x08145FA7	thumb	LaunchBattleTransitionTask
0x08145FA8	0x08145FDF	thumb	Task_BattleTransition
0x08145FE0	0x0814602F	thumb	Transition_StartIntro
0x08146030	0x08146061	thumb	Transition_WaitForIntro
0x08146064	0x0814608B	thumb	Transition_StartMain
0x0814608C	0x081460BB	thumb	Transition_WaitForMain
0x081460BC	0x0814610B	thumb	Task_Intro
0x0814610C	0x08146143	thumb	Task_Blur
0x08146144	0x08146175	thumb	Blur_Init
0x08146178	0x081461D7	thumb	Blur_Main
0x081461D8	0x08146203	thumb	Blur_End
0x08146204	0x0814623B	thumb	Task_Swirl
0x0814623C	0x081462A7	thumb	Swirl_Init
0x081462A8	0x0814631F	thumb	Swirl_End
0x08146320	0x08146357	thumb	VBlankCB_Swirl
0x08146358	0x08146383	thumb	HBlankCB_Swirl
0x08146384	0x081463BB	thumb	Task_Shuffle
0x081463BC	0x0814641F	thumb	Shuffle_Init
0x08146420	0x081464AF	thumb	Shuffle_End
0x081464B0	0x081464E7	thumb	VBlankCB_Shuffle
0x081464E8	0x08146513	thumb	HBlankCB_Shuffle
0x08146514	0x0814654B	thumb	Task_BigPokeball
0x0814654C	0x08146583	thumb	Task_Aqua
0x08146584	0x081465BB	thumb	Task_Magma
0x081465BC	0x081465F3	thumb	Task_Regice
0x081465F4	0x0814662B	thumb	Task_Registeel
0x0814662C	0x08146663	thumb	Task_Regirock
0x08146664	0x0814669B	thumb	Task_Kyogre
0x0814669C	0x0814670B	thumb	InitPatternWeaveTransition
0x0814670C	0x0814675F	thumb	Aqua_Init
0x08146760	0x081467B3	thumb	Magma_Init
0x081467B4	0x081467FF	thumb	Regi_Init
0x08146800	0x08146853	thumb	BigPokeball_Init
0x08146854	0x081468E3	thumb	BigPokeball_SetGfx
0x081468E4	0x0814692B	thumb	Aqua_SetGfx
0x0814692C	0x08146973	thumb	Magma_SetGfx
0x08146974	0x081469CB	thumb	Regice_SetGfx
0x081469CC	0x08146A23	thumb	Registeel_SetGfx
0x08146A24	0x08146A7B	thumb	Regirock_SetGfx
0x08146A7C	0x08146AC7	thumb	Kyogre_Init
0x08146AC8	0x08146B23	thumb	Kyogre_PaletteFlash
0x08146B24	0x08146B7B	thumb	Kyogre_PaletteBrighten
0x08146B7C	0x08146BA7	thumb	WeatherDuo_FadeOut
0x08146BA8	0x08146BF7	thumb	WeatherDuo_End
0x08146BF8	0x08146C8B	thumb	PatternWeave_Blend1
0x08146C8C	0x08146D1F	thumb	PatternWeave_Blend2
0x08146D20	0x08146D8F	thumb	PatternWeave_FinishAppear
0x08146D90	0x08146DAB	thumb	FramesCountdown
0x08146DAC	0x08146DD7	thumb	WeatherTrio_BgFadeBlack
0x08146DD8	0x08146DF7	thumb	WeatherTrio_WaitFade
0x08146DF8	0x08146EBF	thumb	PatternWeave_CircularMask
0x08146EC0	0x08146F3B	thumb	VBlankCB_SetWinAndBlend
0x08146F3C	0x08146F67	thumb	VBlankCB_PatternWeave
0x08146F68	0x08146F93	thumb	VBlankCB_CircularMask
0x08146F94	0x08146FCB	thumb	Task_PokeballsTrail
0x08146FCC	0x08147017	thumb	PokeballsTrail_Init
0x08147018	0x081470A3	thumb	PokeballsTrail_Main
0x081470A4	0x081470CF	thumb	PokeballsTrail_End
0x081470D0	0x0814713B	thumb	FldEff_PokeballTrail
0x0814713C	0x08147203	thumb	SpriteCB_FldEffPokeballTrail
0x08147204	0x0814723B	thumb	Task_ClockwiseWipe
0x0814723C	0x081472A3	thumb	ClockwiseWipe_Init
0x081472A4	0x08147333	thumb	ClockwiseWipe_TopRight
0x08147334	0x08147427	thumb	ClockwiseWipe_Right
0x08147428	0x081474AF	thumb	ClockwiseWipe_Bottom
0x081474B0	0x081475AF	thumb	ClockwiseWipe_Left
0x081475B0	0x08147647	thumb	ClockwiseWipe_TopLeft
0x08147648	0x08147687	thumb	ClockwiseWipe_End
0x08147688	0x08147717	thumb	VBlankCB_ClockwiseWipe
0x08147718	0x0814774F	thumb	Task_Ripple
0x08147750	0x081477A7	thumb	Ripple_Init
0x081477A8	0x08147887	thumb	Ripple_Main
0x08147888	0x081478BF	thumb	VBlankCB_Ripple
0x081478C0	0x081478EB	thumb	HBlankCB_Ripple
0x081478EC	0x08147923	thumb	Task_Wave
0x08147924	0x0814797B	thumb	Wave_Init
0x0814797C	0x08147A17	thumb	Wave_Main
0x08147A18	0x08147A57	thumb	Wave_End
0x08147A58	0x08147AE3	thumb	VBlankCB_Wave
0x08147AE4	0x08147B03	thumb	Task_Sidney
0x08147B04	0x08147B23	thumb	Task_Phoebe
0x08147B24	0x08147B43	thumb	Task_Glacia
0x08147B44	0x08147B63	thumb	Task_Drake
0x08147B64	0x08147B83	thumb	Task_Champion
0x08147B84	0x08147BBB	thumb	DoMugshotTransition
0x08147BBC	0x08147C23	thumb	Mugshot_Init
0x08147C24	0x08147CE3	thumb	Mugshot_SetGfx
0x08147CE4	0x08147DCF	thumb	Mugshot_ShowBanner
0x08147DD0	0x08147E4B	thumb	Mugshot_StartOpponentSlide
0x08147E4C	0x08147E87	thumb	Mugshot_WaitStartPlayerSlide
0x08147E88	0x08147F3F	thumb	Mugshot_WaitPlayerSlide
0x08147F40	0x08148007	thumb	Mugshot_GradualWhiteFade
0x08148008	0x0814803F	thumb	Mugshot_InitFadeWhiteToBlack
0x08148040	0x0814808B	thumb	Mugshot_FadeToBlack
0x0814808C	0x081480CB	thumb	Mugshot_End
0x081480CC	0x0814815F	thumb	VBlankCB_Mugshots
0x08148160	0x081481DF	thumb	VBlankCB_MugshotsFadeOut
0x081481E0	0x08148217	thumb	HBlankCB_Mugshots
0x08148218	0x0814837F	thumb	Mugshots_CreateTrainerPics
0x08148380	0x081483A7	thumb	SpriteCB_MugshotTrainerPic
0x081483A8	0x081483AB	thumb	MugshotTrainerPic_Pause
0x081483AC	0x081483F7	thumb	MugshotTrainerPic_Init
0x081483F8	0x08148429	thumb	MugshotTrainerPic_Slide
0x0814842C	0x08148457	thumb	MugshotTrainerPic_SlideSlow
0x08148458	0x08148481	thumb	MugshotTrainerPic_SlideOffscreen
0x08148484	0x0814849B	thumb	SetTrainerPicSlideDirection
0x0814849C	0x081484B7	thumb	IncrementTrainerPicState
0x081484B8	0x081484CF	thumb	IsTrainerPicSlideDone
0x081484D0	0x08148507	thumb	Task_Slice
0x08148508	0x0814858F	thumb	Slice_Init
0x08148590	0x0814865B	thumb	Slice_Main
0x0814865C	0x0814869B	thumb	Slice_End
0x0814869C	0x08148727	thumb	VBlankCB_Slice
0x08148728	0x0814875F	thumb	HBlankCB_Slice
0x08148760	0x08148797	thumb	Task_ShredSplit
0x08148798	0x08148863	thumb	ShredSplit_Init
0x08148864	0x08148AD3	thumb	ShredSplit_Main
0x08148AD4	0x08148B13	thumb	ShredSplit_BrokenCheck
0x08148B14	0x08148B53	thumb	ShredSplit_End
0x08148B54	0x08148B8B	thumb	Task_Blackhole
0x08148B8C	0x08148BC3	thumb	Task_BlackholePulsate
0x08148BC4	0x08148C27	thumb	Blackhole_Init
0x08148C28	0x08148CE5	thumb	Blackhole_GrowEnd
0x08148CE8	0x08148D6B	thumb	Blackhole_Vibrate
0x08148D6C	0x08148E53	thumb	BlackholePulsate_Main
0x08148E54	0x08148E8B	thumb	Task_RectangularSpiral
0x08148E8C	0x08148F4B	thumb	RectangularSpiral_Init
0x08148F4C	0x08149007	thumb	RectangularSpiral_Main
0x08149008	0x08149047	thumb	RectangularSpiral_End
0x08149048	0x0814913D	thumb	UpdateRectangularSpiralLine
0x08149140	0x08149177	thumb	Task_Groudon
0x08149178	0x081491C7	thumb	Groudon_Init
0x081491C8	0x08149223	thumb	Groudon_PaletteFlash
0x08149224	0x0814927B	thumb	Groudon_PaletteBrighten
0x0814927C	0x081492B3	thumb	Task_Rayquaza
0x081492B4	0x08149357	thumb	Rayquaza_Init
0x08149358	0x08149387	thumb	Rayquaza_SetGfx
0x08149388	0x081493D7	thumb	Rayquaza_PaletteFlash
0x081493D8	0x0814940F	thumb	Rayquaza_FadeToBlack
0x08149410	0x0814943B	thumb	Rayquaza_WaitFade
0x0814943C	0x0814946B	thumb	Rayquaza_SetBlack
0x0814946C	0x08149507	thumb	Rayquaza_TriRing
0x08149508	0x08149577	thumb	VBlankCB_Rayquaza
0x08149578	0x081495AF	thumb	Task_WhiteBarsFade
0x081495B0	0x08149627	thumb	WhiteBarsFade_Init
0x08149628	0x0814969B	thumb	WhiteBarsFade_StartBars
0x0814969C	0x081496D7	thumb	WhiteBarsFade_WaitBars
0x081496D8	0x0814973F	thumb	WhiteBarsFade_BlendToBlack
0x08149740	0x08149773	thumb	WhiteBarsFade_End
0x08149774	0x08149803	thumb	VBlankCB_WhiteBarsFade
0x08149804	0x0814983F	thumb	VBlankCB_WhiteBarsFade_Blend
0x08149840	0x08149863	thumb	HBlankCB_WhiteBarsFade
0x08149864	0x0814995B	thumb	SpriteCB_WhiteBarFade
0x0814995C	0x08149993	thumb	Task_GridSquares
0x08149994	0x081499E7	thumb	GridSquares_Init
0x081499E8	0x08149A3F	thumb	GridSquares_Main
0x08149A40	0x08149A6B	thumb	GridSquares_End
0x08149A6C	0x08149AA3	thumb	Task_AngledWipes
0x08149AA4	0x08149B07	thumb	AngledWipes_Init
0x08149B08	0x08149B83	thumb	AngledWipes_SetWipeData
0x08149B84	0x08149C5F	thumb	AngledWipes_DoWipe
0x08149C60	0x08149CCB	thumb	AngledWipes_TryEnd
0x08149CCC	0x08149CE7	thumb	AngledWipes_StartNext
0x08149CE8	0x08149D77	thumb	VBlankCB_AngledWipes
0x08149D78	0x08149DDB	thumb	CreateIntroTask
0x08149DDC	0x08149DF9	thumb	IsIntroTaskDone
0x08149DFC	0x08149E33	thumb	Task_BattleTransition_Intro
0x08149E34	0x08149E8F	thumb	TransitionIntro_FadeToGray
0x08149E90	0x08149F05	thumb	TransitionIntro_FadeFromGray
0x08149F08	0x08149F2B	thumb	InitTransitionData
0x08149F2C	0x08149F3D	thumb	VBlankCB_BattleTransition
0x08149F40	0x08149F57	thumb	GetBg0TilemapDst
0x08149F58	0x08149F83	thumb	GetBg0TilesDst
0x08149F84	0x08149F95	thumb	FadeScreenBlack
0x08149F98	0x0814A013	thumb	SetSinWave
0x0814A014	0x0814A1AB	thumb	SetCircularMask
0x0814A1AC	0x0814A225	thumb	InitBlackWipe
0x0814A228	0x0814A323	thumb	UpdateBlackWipe
0x0814A324	0x0814A373	thumb	FrontierLogoWiggle_Init
0x0814A374	0x0814A3BB	thumb	FrontierLogoWiggle_SetGfx
0x0814A3BC	0x0814A3F3	thumb	Task_FrontierLogoWiggle
0x0814A3F4	0x0814A42B	thumb	Task_FrontierLogoWave
0x0814A42C	0x0814A4D3	thumb	FrontierLogoWave_Init
0x0814A4D4	0x0814A4FF	thumb	FrontierLogoWave_SetGfx
0x0814A500	0x0814A54F	thumb	FrontierLogoWave_InitScanline
0x0814A550	0x0814A683	thumb	FrontierLogoWave_Main
0x0814A684	0x0814A6CB	thumb	VBlankCB_FrontierLogoWave
0x0814A6CC	0x0814A6EF	thumb	HBlankCB_FrontierLogoWave
0x0814A6F0	0x0814A727	thumb	Task_FrontierSquares
0x0814A728	0x0814A75F	thumb	Task_FrontierSquaresSpiral
0x0814A760	0x0814A797	thumb	Task_FrontierSquaresScroll
0x0814A798	0x0814A827	thumb	FrontierSquares_Init
0x0814A828	0x0814A897	thumb	FrontierSquares_Draw
0x0814A898	0x0814A95F	thumb	FrontierSquares_Shrink
0x0814A960	0x0814AA03	thumb	FrontierSquaresSpiral_Init
0x0814AA04	0x0814AA83	thumb	FrontierSquaresSpiral_Outward
0x0814AA84	0x0814AAB7	thumb	FrontierSquaresSpiral_SetBlack
0x0814AAB8	0x0814AB9F	thumb	FrontierSquaresSpiral_Inward
0x0814ABA0	0x0814ABE1	thumb	FrontierSquares_End
0x0814ABE4	0x0814AC37	thumb	Task_ScrollBg
0x0814AC38	0x0814AD47	thumb	FrontierSquaresScroll_Init
0x0814AD48	0x0814ADB3	thumb	FrontierSquaresScroll_Draw
0x0814ADB4	0x0814ADD7	thumb	FrontierSquaresScroll_SetBlack
0x0814ADD8	0x0814AE3F	thumb	FrontierSquaresScroll_Erase
0x0814AE40	0x0814AEAB	thumb	FrontierSquaresScroll_End
0x0814AEAC	0x0814AEAD	thumb	SpriteCB_Null2
0x0814AEB0	0x0814AECB	thumb	SetControllerToLinkPartner
0x0814AECC	0x0814AF1B	thumb	LinkPartnerBufferRunCommand
0x0814AF1C	0x0814AF53	thumb	CompleteOnBattlerSpriteCallbackDummy
0x0814AF54	0x0814AFBB	thumb	FreeTrainerSpriteAfterSlide
0x0814AFBC	0x0814B003	thumb	Intro_DelayAndEnd
0x0814B004	0x0814B0E7	thumb	Intro_WaitForHealthbox
0x0814B0E8	0x0814B28F	thumb	Intro_ShowHealthbox
0x0814B290	0x0814B2CF	thumb	WaitForMonAnimAfterLoad
0x0814B2D0	0x0814B33F	thumb	CompleteOnHealthbarDone
0x0814B340	0x0814B3DB	thumb	FreeMonSpriteAfterFaintAnim
0x0814B3DC	0x0814B44B	thumb	FreeMonSpriteAfterSwitchOutAnim
0x0814B44C	0x0814B461	thumb	CompleteOnInactiveTextPrinter
0x0814B464	0x0814B4DF	thumb	DoHitAnimBlinkSpriteEffect
0x0814B4E0	0x0814B553	thumb	SwitchIn_ShowSubstitute
0x0814B554	0x0814B5A7	thumb	SwitchIn_WaitAndEnd
0x0814B5A8	0x0814B69B	thumb	SwitchIn_ShowHealthbox
0x0814B69C	0x0814B73F	thumb	SwitchIn_TryShinyAnim
0x0814B740	0x0814B7B7	thumb	LinkPartnerBufferExecCompleted
0x0814B7B8	0x0814B7E7	thumb	CompleteOnFinishedStatusAnimation
0x0814B7E8	0x0814B817	thumb	CompleteOnFinishedBattleAnimation
0x0814B818	0x0814B889	thumb	LinkPartnerHandleGetMonData
0x0814B88C	0x0814C037	thumb	CopyLinkPartnerMonData
0x0814C038	0x0814C041	thumb	LinkPartnerHandleGetRawMonData
0x0814C044	0x0814C09B	thumb	LinkPartnerHandleSetMonData
0x0814C09C	0x0814CA97	thumb	SetLinkPartnerMonData
0x0814CA98	0x0814CB0B	thumb	LinkPartnerHandleSetRawMonData
0x0814CB0C	0x0814CC27	thumb	LinkPartnerHandleLoadMonSprite
0x0814CC28	0x0814CC97	thumb	LinkPartnerHandleSwitchInAnim
0x0814CC98	0x0814CE13	thumb	StartSendOutAnim
0x0814CE14	0x0814CEA3	thumb	LinkPartnerHandleReturnMonToBall
0x0814CEA4	0x0814CF2F	thumb	DoSwitchOutAnimation
0x0814CF30	0x0814D0E3	thumb	LinkPartnerHandleDrawTrainerPic
0x0814D0E4	0x0814D0ED	thumb	LinkPartnerHandleTrainerSlide
0x0814D0F0	0x0814D19B	thumb	LinkPartnerHandleTrainerSlideBack
0x0814D19C	0x0814D287	thumb	LinkPartnerHandleFaintAnimation
0x0814D288	0x0814D291	thumb	LinkPartnerHandlePaletteFade
0x0814D294	0x0814D29D	thumb	LinkPartnerHandleSuccessBallThrowAnim
0x0814D2A0	0x0814D2A9	thumb	LinkPartnerHandleBallThrowAnim
0x0814D2AC	0x0814D2B5	thumb	LinkPartnerHandlePause
0x0814D2B8	0x0814D40B	thumb	LinkPartnerHandleMoveAnimation
0x0814D40C	0x0814D58D	thumb	LinkPartnerDoMoveAnimation
0x0814D590	0x0814D5E7	thumb	LinkPartnerHandlePrintString
0x0814D5E8	0x0814D5F1	thumb	LinkPartnerHandlePrintSelectionString
0x0814D5F4	0x0814D5FD	thumb	LinkPartnerHandleChooseAction
0x0814D600	0x0814D609	thumb	LinkPartnerHandleYesNoBox
0x0814D60C	0x0814D615	thumb	LinkPartnerHandleChooseMove
0x0814D618	0x0814D621	thumb	LinkPartnerHandleChooseItem
0x0814D624	0x0814D62D	thumb	LinkPartnerHandleChoosePokemon
0x0814D630	0x0814D639	thumb	LinkPartnerHandleCmd23
0x0814D63C	0x0814D72B	thumb	LinkPartnerHandleHealthBarUpdate
0x0814D72C	0x0814D735	thumb	LinkPartnerHandleExpUpdate
0x0814D738	0x0814D7AF	thumb	LinkPartnerHandleStatusIconUpdate
0x0814D7B0	0x0814D817	thumb	LinkPartnerHandleStatusAnimation
0x0814D818	0x0814D821	thumb	LinkPartnerHandleStatusXor
0x0814D824	0x0814D82D	thumb	LinkPartnerHandleDataTransfer
0x0814D830	0x0814D839	thumb	LinkPartnerHandleDMA3Transfer
0x0814D83C	0x0814D845	thumb	LinkPartnerHandlePlayBGM
0x0814D848	0x0814D851	thumb	LinkPartnerHandleCmd32
0x0814D854	0x0814D85D	thumb	LinkPartnerHandleTwoReturnValues
0x0814D860	0x0814D869	thumb	LinkPartnerHandleChosenMonReturnValue
0x0814D86C	0x0814D875	thumb	LinkPartnerHandleOneReturnValue
0x0814D878	0x0814D881	thumb	LinkPartnerHandleOneReturnValue_Duplicate
0x0814D884	0x0814D89F	thumb	LinkPartnerHandleClearUnkVar
0x0814D8A0	0x0814D8D7	thumb	LinkPartnerHandleSetUnkVar
0x0814D8D8	0x0814D8EF	thumb	LinkPartnerHandleClearUnkFlag
0x0814D8F0	0x0814D917	thumb	LinkPartnerHandleToggleUnkFlag
0x0814D918	0x0814D987	thumb	LinkPartnerHandleHitAnimation
0x0814D988	0x0814D991	thumb	LinkPartnerHandleCantSwitch
0x0814D994	0x0814D9D7	thumb	LinkPartnerHandlePlaySE
0x0814D9D8	0x0814DA31	thumb	LinkPartnerHandlePlayFanfareOrBGM
0x0814DA34	0x0814DA73	thumb	LinkPartnerHandleFaintingCry
0x0814DA74	0x0814DAA7	thumb	LinkPartnerHandleIntroSlide
0x0814DAA8	0x0814DCCB	thumb	LinkPartnerHandleIntroTrainerBallThrow
0x0814DCCC	0x0814DDD7	thumb	Task_StartSendOutAnim
0x0814DDD8	0x0814DE9B	thumb	LinkPartnerHandleDrawPartyStatusSummary
0x0814DE9C	0x0814DEE3	thumb	EndDrawPartyStatusSummary
0x0814DEE4	0x0814DF33	thumb	LinkPartnerHandleHidePartyStatusSummary
0x0814DF34	0x0814DF3D	thumb	LinkPartnerHandleEndBounceEffect
0x0814DF40	0x0814DF9F	thumb	LinkPartnerHandleSpriteInvisibility
0x0814DFA0	0x0814E013	thumb	LinkPartnerHandleBattleAnimation
0x0814E014	0x0814E033	thumb	LinkPartnerHandleLinkStandbyMsg
0x0814E034	0x0814E03D	thumb	LinkPartnerHandleResetActionMoveSelection
0x0814E040	0x0814E0BF	thumb	LinkPartnerHandleEndLinkBattle
0x0814E0C0	0x0814E0C1	thumb	LinkPartnerCmdEnd
0x0814E0C4	0x0814E6EF	thumb	BufferStringBattle
0x0814E6F0	0x0814E6FF	thumb	BattleStringExpandPlaceholdersToDisplayedString
0x0814E700	0x0814E761	thumb	TryGetStatusString
0x0814E764	0x0814F645	thumb	BattleStringExpandPlaceholders
0x0814F648	0x0814F8F5	thumb	ExpandBattleTextBuffPlaceholders
0x0814F8F8	0x0814F94F	thumb	ChooseMoveUsedParticle
0x0814F950	0x0814F9EB	thumb	ChooseTypeOfMoveUsedString
0x0814F9EC	0x0814FBA9	thumb	BattlePutTextOnWindow
0x0814FBAC	0x0814FC1F	thumb	SetPpNumbersPaletteInMoveSelection
0x0814FC20	0x0814FC6D	thumb	GetCurrentPpToMaxPpState
0x0814FC70	0x0814FC9B	thumb	Task_LoadCableCar
0x0814FC9C	0x0814FCC7	thumb	CableCar
0x0814FCC8	0x0815023B	thumb	CB2_LoadCableCar
0x0815023C	0x08150255	thumb	CB2_CableCar
0x08150258	0x081503E3	thumb	CB2_EndCableCar
0x081503E4	0x0815054F	thumb	Task_CableCar
0x08150550	0x08150663	thumb	Task_AnimateBgGoingUp
0x08150664	0x081507FF	thumb	Task_AnimateBgGoingDown
0x08150800	0x08150863	thumb	VBlankCB_CableCar
0x08150864	0x08150865	thumb	SpriteCB_Cable
0x08150868	0x08150947	thumb	SpriteCB_CableCar
0x08150948	0x08150A65	thumb	SpriteCB_Player
0x08150A68	0x08150AF1	thumb	SpriteCB_HikerGoingUp
0x08150AF4	0x08150B6B	thumb	SpriteCB_HikerGoingDown
0x08150B6C	0x08150D27	thumb	SetBgRegs
0x08150D28	0x08151087	thumb	CreateCableCarSprites
0x08151088	0x0815115B	thumb	BufferNextGroundSegment
0x0815115C	0x081511B7	thumb	AnimateGroundGoingUp
0x081511B8	0x08151213	thumb	AnimateGroundGoingDown
0x08151214	0x08151387	thumb	DrawNextGroundSegmentGoingUp
0x08151388	0x081514C7	thumb	DrawNextGroundSegmentGoingDown
0x081514C8	0x08151533	thumb	InitGroundTilemapData
0x08151534	0x0815154F	thumb	MathUtil_Mul16
0x08151550	0x08151573	thumb	MathUtil_Mul16Shift
0x08151574	0x081515AF	thumb	MathUtil_Mul32
0x081515B0	0x081515D1	thumb	MathUtil_Div16
0x081515D4	0x081515FB	thumb	MathUtil_Div16Shift
0x081515FC	0x08151623	thumb	MathUtil_Div32
0x08151624	0x0815163B	thumb	MathUtil_Inv16
0x0815163C	0x08151659	thumb	MathUtil_Inv16Shift
0x0815165C	0x08151677	thumb	MathUtil_Inv32
0x08151678	0x0815168B	thumb	RouletteFlash_Reset
0x0815168C	0x0815170F	thumb	RouletteFlash_Add
0x08151710	0x08151743	thumb	RouletteFlash_Remove
0x08151744	0x0815194B	thumb	RouletteFlash_FadePalette
0x0815194C	0x081519DB	thumb	RouletteFlash_FlashPalette
0x081519DC	0x08151A45	thumb	RouletteFlash_Run
0x08151A48	0x08151A9B	thumb	RouletteFlash_Enable
0x08151A9C	0x08151B39	thumb	RouletteFlash_Stop
0x08151B3C	0x08151B67	thumb	InitPulseBlend
0x08151B68	0x08151BD1	thumb	InitPulseBlendPaletteSettings
0x08151BD4	0x08151C4F	thumb	ClearPulseBlendPalettesSettings
0x08151C50	0x08151CA5	thumb	UnloadUsedPulseBlendPalettes
0x08151CA8	0x08151D25	thumb	MarkUsedPulseBlendPalettes
0x08151D28	0x08151E4F	thumb	UnmarkUsedPulseBlendPalettes
0x08151E50	0x08152005	thumb	UpdatePulseBlend
0x08152008	0x08152057	thumb	FillTilemapRect
0x08152058	0x081520A7	thumb	SetTilemapRect
0x081520A8	0x08152131	thumb	FillTilemapRect_Unused
0x08152134	0x081521BD	thumb	SetTilemapRect_Unused
0x081521C0	0x08152253	thumb	ConfettiUtil_Init
0x08152254	0x081522D3	thumb	ConfettiUtil_Free
0x081522D4	0x081523F3	thumb	ConfettiUtil_Update
0x081523F4	0x08152437	thumb	SetAnimAndTileNum
0x08152438	0x08152473	thumb	ConfettiUtil_SetCallback
0x08152474	0x081524C1	thumb	ConfettiUtil_SetData
0x081524C4	0x081525CF	thumb	ConfettiUtil_AddNew
0x081525D0	0x0815264F	thumb	ConfettiUtil_Remove
0x08152650	0x0815267F	thumb	ClearSaveData
0x08152680	0x0815269B	thumb	Save_ResetSaveCounters
0x0815269C	0x081526FF	thumb	SetDamagedSectorBits
0x08152700	0x0815279F	thumb	WriteSaveSectorOrSlot
0x081527A0	0x0815288F	thumb	HandleWriteSector
0x08152890	0x08152907	thumb	HandleWriteSectorNBytes
0x08152908	0x08152933	thumb	TryWriteSector
0x08152934	0x0815298F	thumb	RestoreSaveBackupVarsAndIncrement
0x08152990	0x081529D3	thumb	RestoreSaveBackupVars
0x081529D4	0x08152A31	thumb	HandleWriteIncrementalSector
0x08152A34	0x08152A7F	thumb	HandleReplaceSectorAndVerify
0x08152A80	0x08152C1D	thumb	HandleReplaceSector
0x08152C20	0x08152CAB	thumb	WriteSectorSignatureByte_NoOffset
0x08152CAC	0x08152D43	thumb	CopySectorSignatureByte
0x08152D44	0x08152DCF	thumb	WriteSectorSignatureByte
0x08152DD0	0x08152E0D	thumb	TryLoadSaveSlot
0x08152E10	0x08152EC7	thumb	CopySaveSlotData
0x08152EC8	0x081530DB	thumb	GetSaveValidStatus
0x081530DC	0x0815314B	thumb	TryLoadSaveSector
0x0815314C	0x08153163	thumb	ReadFlashSector
0x08153164	0x0815318F	thumb	CalculateChecksum
0x08153190	0x08153203	thumb	UpdateSaveAddresses
0x08153204	0x08153337	thumb	HandleSavingData
0x08153338	0x0815337F	thumb	TrySavingData
0x08153380	0x081533A9	thumb	LinkFullSave_Init
0x081533AC	0x081533DF	thumb	LinkFullSave_WriteSector
0x081533E0	0x08153407	thumb	LinkFullSave_ReplaceLastSector
0x08153408	0x0815342F	thumb	LinkFullSave_SetLastSectorSignature
0x08153430	0x08153473	thumb	WriteSaveBlock2
0x08153474	0x081534CF	thumb	WriteSaveBlock1Sector
0x081534D0	0x0815355B	thumb	LoadGameSave
0x0815355C	0x081535DB	thumb	GetSaveBlocksPointersBaseOffset
0x081535DC	0x08153633	thumb	TryReadSpecialSaveSector
0x08153634	0x08153687	thumb	TryWriteSpecialSaveSector
0x08153688	0x081537CB	thumb	Task_LinkFullSave
0x081537CC	0x08153803	thumb	CheckCompatibility
0x08153804	0x0815381F	thumb	SetIncompatible
0x08153820	0x0815384F	thumb	InitMysteryEventScript
0x08153850	0x0815386F	thumb	RunMysteryEventScriptCommand
0x08153870	0x08153883	thumb	InitMysteryEventScriptContext
0x08153884	0x0815389F	thumb	RunMysteryEventScriptContextCommand
0x081538A0	0x081538C3	thumb	RunMysteryEventScript
0x081538C4	0x081538CF	thumb	SetMysteryEventScriptStatus
0x081538D0	0x081538F7	thumb	CalcRecordMixingGiftChecksum
0x081538F8	0x08153943	thumb	IsRecordMixingGiftValid
0x08153944	0x0815396F	thumb	ClearRecordMixingGift
0x08153970	0x081539D3	thumb	SetRecordMixingGift
0x081539D4	0x08153A23	thumb	GetRecordMixingGift
0x08153A24	0x08153A2F	thumb	MEScrCmd_end
0x08153A30	0x08153A7F	thumb	MEScrCmd_checkcompat
0x08153A80	0x08153A83	thumb	MEScrCmd_nop
0x08153A84	0x08153A91	thumb	MEScrCmd_setstatus
0x08153A94	0x08153ACB	thumb	MEScrCmd_setmsg
0x08153ACC	0x08153AE7	thumb	MEScrCmd_runscript
0x08153AE8	0x08153BAD	thumb	MEScrCmd_setenigmaberry
0x08153BB0	0x08153BE3	thumb	MEScrCmd_giveribbon
0x08153BE4	0x08153C49	thumb	MEScrCmd_initramscript
0x08153C4C	0x08153C6F	thumb	MEScrCmd_givenationaldex
0x08153C70	0x08153C9B	thumb	MEScrCmd_addrareword
0x08153C9C	0x08153CC5	thumb	MEScrCmd_setrecordmixinggift
0x08153CC8	0x08153DD3	thumb	MEScrCmd_givepokemon
0x08153DD4	0x08153E1B	thumb	MEScrCmd_addtrainer
0x08153E1C	0x08153E3F	thumb	MEScrCmd_enableresetrtc
0x08153E40	0x08153E85	thumb	MEScrCmd_checksum
0x08153E88	0x08153ED1	thumb	MEScrCmd_crc
0x08153ED4	0x08153F97	thumb	SetUpReflection
0x08153F98	0x08153FAB	thumb	GetReflectionVerticalOffset
0x08153FAC	0x08154019	thumb	LoadObjectReflectionPalette
0x0815401C	0x08154075	thumb	LoadObjectRegularReflectionPalette
0x08154078	0x081540A7	thumb	LoadObjectHighBridgeReflectionPalette
0x081540A8	0x08154227	thumb	UpdateObjectReflectionSprite
0x08154228	0x08154277	thumb	CreateWarpArrowSprite
0x08154278	0x08154297	thumb	SetSpriteInvisible
0x08154298	0x0815433F	thumb	ShowWarpArrowSprite
0x08154340	0x081543E3	thumb	FldEff_Shadow
0x081543E4	0x081544AB	thumb	UpdateShadowFieldEffect
0x081544AC	0x0815454F	thumb	FldEff_TallGrass
0x08154550	0x08154657	thumb	UpdateTallGrassFieldEffect
0x08154658	0x081546C7	thumb	FldEff_JumpTallGrass
0x081546C8	0x08154755	thumb	FindTallGrassFieldEffectSpriteId
0x08154758	0x081547FF	thumb	FldEff_LongGrass
0x08154800	0x081548FB	thumb	UpdateLongGrassFieldEffect
0x081548FC	0x0815496B	thumb	FldEff_JumpLongGrass
0x0815496C	0x08154A0F	thumb	FldEff_ShortGrass
0x08154A10	0x08154B03	thumb	UpdateShortGrassFieldEffect
0x08154B04	0x08154B77	thumb	FldEff_SandFootprints
0x08154B78	0x08154BEB	thumb	FldEff_DeepSandFootprints
0x08154BEC	0x08154C5F	thumb	FldEff_BikeTireTracks
0x08154C60	0x08154C7B	thumb	UpdateFootprintsTireTracksFieldEffect
0x08154C7C	0x08154C9D	thumb	FadeFootprintsTireTracks_Step0
0x08154CA0	0x08154CE9	thumb	FadeFootprintsTireTracks_Step1
0x08154CEC	0x08154D8F	thumb	FldEff_Splash
0x08154D90	0x08154E1B	thumb	UpdateSplashFieldEffect
0x08154E1C	0x08154E8B	thumb	FldEff_JumpSmallSplash
0x08154E8C	0x08154EFB	thumb	FldEff_JumpBigSplash
0x08154EFC	0x08154FB3	thumb	FldEff_FeetInFlowingWater
0x08154FB4	0x08155053	thumb	UpdateFeetInFlowingWaterFieldEffect
0x08155054	0x081550B3	thumb	FldEff_Ripple
0x081550B4	0x08155157	thumb	FldEff_HotSpringsWater
0x08155158	0x081551EF	thumb	UpdateHotSpringsWaterFieldEffect
0x081551F0	0x0815525B	thumb	FldEff_UnusedGrass
0x0815525C	0x081552C7	thumb	FldEff_UnusedGrass2
0x081552C8	0x08155333	thumb	FldEff_UnusedSand
0x08155334	0x0815539F	thumb	FldEff_WaterSurfacing
0x081553A0	0x081553D3	thumb	StartAshFieldEffect
0x081553D4	0x0815545F	thumb	FldEff_Ash
0x08155460	0x0815547B	thumb	UpdateAshFieldEffect
0x0815547C	0x081554A9	thumb	UpdateAshFieldEffect_Wait
0x081554AC	0x0815550B	thumb	UpdateAshFieldEffect_Show
0x0815550C	0x08155531	thumb	UpdateAshFieldEffect_End
0x08155534	0x081555AB	thumb	FldEff_SurfBlob
0x081555AC	0x081555D7	thumb	SetSurfBlob_BobState
0x081555D8	0x08155603	thumb	SetSurfBlob_DontSyncAnim
0x08155604	0x08155637	thumb	SetSurfBlob_PlayerOffset
0x08155638	0x0815563F	thumb	GetSurfBlob_BobState
0x08155640	0x08155649	thumb	GetSurfBlob_DontSyncAnim
0x0815564C	0x08155657	thumb	GetSurfBlob_HasPlayerOffset
0x08155658	0x081556AF	thumb	UpdateSurfBlobFieldEffect
0x081556B0	0x081556E7	thumb	SynchronizeSurfAnim
0x081556E8	0x0815577B	thumb	SynchronizeSurfPosition
0x0815577C	0x081557FD	thumb	UpdateBobbingEffect
0x08155800	0x0815584F	thumb	StartUnderwaterSurfBlobBobbing
0x08155850	0x0815588F	thumb	SpriteCB_UnderwaterSurfBlob
0x08155890	0x081558FF	thumb	FldEff_Dust
0x08155900	0x081559BB	thumb	FldEff_SandPile
0x081559BC	0x08155A87	thumb	UpdateSandPileFieldEffect
0x08155A88	0x08155AEB	thumb	FldEff_Bubbles
0x08155AEC	0x08155B2B	thumb	UpdateBubblesFieldEffect
0x08155B2C	0x08155B9F	thumb	FldEff_BerryTreeGrowthSparkle
0x08155BA0	0x08155BAF	thumb	ShowTreeDisguiseFieldEffect
0x08155BB0	0x08155BBF	thumb	ShowMountainDisguiseFieldEffect
0x08155BC0	0x08155BCF	thumb	ShowSandDisguiseFieldEffect
0x08155BD0	0x08155C87	thumb	ShowDisguiseFieldEffect
0x08155C88	0x08155D77	thumb	UpdateDisguiseFieldEffect
0x08155D78	0x08155D9F	thumb	StartRevealDisguise
0x08155DA0	0x08155DDB	thumb	UpdateRevealDisguise
0x08155DDC	0x08155E4F	thumb	FldEff_Sparkle
0x08155E50	0x08155E9D	thumb	UpdateSparkleFieldEffect
0x08155EA0	0x08155EA7	thumb	InitRayquazaForFigure8Anim
0x08155EA8	0x08155F7D	thumb	AnimateRayquazaInFigure8
0x08155F80	0x08156193	thumb	UpdateRayquazaSpotlightEffect
0x08156194	0x081561CD	thumb	UpdateJumpImpactEffect
0x081561D0	0x081561F9	thumb	WaitFieldEffectSpriteAnim
0x081561FC	0x081562C3	thumb	UpdateGrassFieldEffectSubpriority
0x081562C4	0x08156323	thumb	ContestAI_ResetAI
0x08156324	0x081563AF	thumb	ContestAI_GetActionToUse
0x081563B0	0x081564A9	thumb	ContestAI_DoAIProcessing
0x081564AC	0x081564D9	thumb	GetContestantIdByTurn
0x081564DC	0x0815652D	thumb	ContestAICmd_score
0x08156530	0x0815654F	thumb	ContestAICmd_get_appeal_num
0x08156550	0x08156593	thumb	ContestAICmd_if_appeal_num_less_than
0x08156594	0x081565D7	thumb	ContestAICmd_if_appeal_num_more_than
0x081565D8	0x0815661B	thumb	ContestAICmd_if_appeal_num_eq
0x0815661C	0x0815665F	thumb	ContestAICmd_if_appeal_num_not_eq
0x08156660	0x08156683	thumb	ContestAICmd_get_excitement
0x08156684	0x081566C7	thumb	ContestAICmd_if_excitement_less_than
0x081566C8	0x0815670B	thumb	ContestAICmd_if_excitement_more_than
0x0815670C	0x0815674F	thumb	ContestAICmd_if_excitement_eq
0x08156750	0x08156793	thumb	ContestAICmd_if_excitement_not_eq
0x08156794	0x081567BB	thumb	ContestAICmd_get_user_order
0x081567BC	0x081567FF	thumb	ContestAICmd_if_user_order_less_than
0x08156800	0x08156843	thumb	ContestAICmd_if_user_order_more_than
0x08156844	0x08156887	thumb	ContestAICmd_if_user_order_eq
0x08156888	0x081568CB	thumb	ContestAICmd_if_user_order_not_eq
0x081568CC	0x0815690B	thumb	ContestAICmd_get_user_condition
0x0815690C	0x0815694F	thumb	ContestAICmd_if_user_condition_less_than
0x08156950	0x08156993	thumb	ContestAICmd_if_user_condition_more_than
0x08156994	0x081569D7	thumb	ContestAICmd_if_user_condition_eq
0x081569D8	0x08156A1B	thumb	ContestAICmd_if_user_condition_not_eq
0x08156A1C	0x08156A47	thumb	ContestAICmd_get_points
0x08156A48	0x08156A95	thumb	ContestAICmd_if_points_less_than
0x08156A98	0x08156AE5	thumb	ContestAICmd_if_points_more_than
0x08156AE8	0x08156B35	thumb	ContestAICmd_if_points_eq
0x08156B38	0x08156B85	thumb	ContestAICmd_if_points_not_eq
0x08156B88	0x08156BB3	thumb	ContestAICmd_get_preliminary_points
0x08156BB4	0x08156C01	thumb	ContestAICmd_if_preliminary_points_less_than
0x08156C04	0x08156C51	thumb	ContestAICmd_if_preliminary_points_more_than
0x08156C54	0x08156CA1	thumb	ContestAICmd_if_preliminary_points_eq
0x08156CA4	0x08156CF1	thumb	ContestAICmd_if_preliminary_points_not_eq
0x08156CF4	0x08156D17	thumb	ContestAICmd_get_contest_type
0x08156D18	0x08156D5B	thumb	ContestAICmd_if_contest_type_eq
0x08156D5C	0x08156D9F	thumb	ContestAICmd_if_contest_type_not_eq
0x08156DA0	0x08156DE3	thumb	ContestAICmd_get_move_excitement
0x08156DE4	0x08156E29	thumb	ContestAICmd_if_move_excitement_less_than
0x08156E2C	0x08156E71	thumb	ContestAICmd_if_move_excitement_more_than
0x08156E74	0x08156EB9	thumb	ContestAICmd_if_move_excitement_eq
0x08156EBC	0x08156F01	thumb	ContestAICmd_if_move_excitement_not_eq
0x08156F04	0x08156F43	thumb	ContestAICmd_get_move_effect
0x08156F44	0x08156F87	thumb	ContestAICmd_if_move_effect_eq
0x08156F88	0x08156FCB	thumb	ContestAICmd_if_move_effect_not_eq
0x08156FCC	0x08157017	thumb	ContestAICmd_get_move_effect_type
0x08157018	0x0815705B	thumb	ContestAICmd_if_move_effect_type_eq
0x0815705C	0x0815709F	thumb	ContestAICmd_if_move_effect_type_not_eq
0x081570A0	0x08157129	thumb	ContestAICmd_check_most_appealing_move
0x0815712C	0x08157173	thumb	ContestAICmd_if_most_appealing_move
0x08157174	0x081571FD	thumb	ContestAICmd_check_most_jamming_move
0x08157200	0x08157247	thumb	ContestAICmd_if_most_jamming_move
0x08157248	0x081572A3	thumb	ContestAICmd_get_num_move_hearts
0x081572A4	0x081572E7	thumb	ContestAICmd_if_num_move_hearts_less_than
0x081572E8	0x0815732B	thumb	ContestAICmd_if_num_move_hearts_more_than
0x0815732C	0x0815736F	thumb	ContestAICmd_if_num_move_hearts_eq
0x08157370	0x081573B3	thumb	ContestAICmd_if_num_move_hearts_not_eq
0x081573B4	0x0815740F	thumb	ContestAICmd_get_num_move_jam_hearts
0x08157410	0x08157453	thumb	ContestAICmd_if_num_move_jam_hearts_less_than
0x08157454	0x08157497	thumb	ContestAICmd_if_num_move_jam_hearts_more_than
0x08157498	0x081574DB	thumb	ContestAICmd_if_num_move_jam_hearts_eq
0x081574DC	0x0815751F	thumb	ContestAICmd_if_num_move_jam_hearts_not_eq
0x08157520	0x08157577	thumb	ContestAICmd_get_move_used_count
0x08157578	0x081575BB	thumb	ContestAICmd_if_most_used_count_less_than
0x081575BC	0x081575FF	thumb	ContestAICmd_if_most_used_count_more_than
0x08157600	0x08157643	thumb	ContestAICmd_if_most_used_count_eq
0x08157644	0x08157687	thumb	ContestAICmd_if_most_used_count_not_eq
0x08157688	0x081576FF	thumb	ContestAICmd_check_combo_starter
0x08157700	0x08157747	thumb	ContestAICmd_if_combo_starter
0x08157748	0x0815778F	thumb	ContestAICmd_if_not_combo_starter
0x08157790	0x08157807	thumb	ContestAICmd_check_combo_finisher
0x08157808	0x0815784F	thumb	ContestAICmd_if_combo_finisher
0x08157850	0x08157897	thumb	ContestAICmd_if_not_combo_finisher
0x08157898	0x081578F7	thumb	ContestAICmd_check_would_finish_combo
0x081578F8	0x0815793F	thumb	ContestAICmd_if_would_finish_combo
0x08157940	0x08157987	thumb	ContestAICmd_if_would_not_finish_combo
0x08157988	0x081579CB	thumb	ContestAICmd_get_condition
0x081579CC	0x08157A0F	thumb	ContestAICmd_if_condition_less_than
0x08157A10	0x08157A53	thumb	ContestAICmd_if_condition_more_than
0x08157A54	0x08157A97	thumb	ContestAICmd_if_condition_eq
0x08157A98	0x08157ADB	thumb	ContestAICmd_if_condition_not_eq
0x08157ADC	0x08157B37	thumb	ContestAICmd_get_used_combo_starter
0x08157B38	0x08157B7B	thumb	ContestAICmd_if_used_combo_starter_less_than
0x08157B7C	0x08157BBF	thumb	ContestAICmd_if_used_combo_starter_more_than
0x08157BC0	0x08157C03	thumb	ContestAICmd_if_used_combo_starter_eq
0x08157C04	0x08157C47	thumb	ContestAICmd_if_used_combo_starter_not_eq
0x08157C48	0x08157C93	thumb	ContestAICmd_check_can_participate
0x08157C94	0x08157CDB	thumb	ContestAICmd_if_can_participate
0x08157CDC	0x08157D23	thumb	ContestAICmd_if_cannot_participate
0x08157D24	0x08157D5F	thumb	ContestAICmd_get_completed_combo
0x08157D60	0x08157DA7	thumb	ContestAICmd_if_completed_combo
0x08157DA8	0x08157DEF	thumb	ContestAICmd_if_not_completed_combo
0x08157DF0	0x08157E3B	thumb	ContestAICmd_get_points_diff
0x08157E3C	0x08157E83	thumb	ContestAICmd_if_points_more_than_mon
0x08157E84	0x08157ECB	thumb	ContestAICmd_if_points_less_than_mon
0x08157ECC	0x08157F13	thumb	ContestAICmd_if_points_eq_mon
0x08157F14	0x08157F5B	thumb	ContestAICmd_if_points_not_eq_mon
0x08157F5C	0x08157F9F	thumb	ContestAICmd_get_preliminary_points_diff
0x08157FA0	0x08157FE7	thumb	ContestAICmd_if_preliminary_points_more_than_mon
0x08157FE8	0x0815802F	thumb	ContestAICmd_if_preliminary_points_less_than_mon
0x08158030	0x08158077	thumb	ContestAICmd_if_preliminary_points_eq_mon
0x08158078	0x081580BF	thumb	ContestAICmd_if_preliminary_points_not_eq_mon
0x081580C0	0x08158107	thumb	ContestAICmd_get_used_moves_effect
0x08158108	0x0815814B	thumb	ContestAICmd_if_used_moves_effect_less_than
0x0815814C	0x0815818F	thumb	ContestAICmd_if_used_moves_effect_more_than
0x08158190	0x081581D3	thumb	ContestAICmd_if_used_moves_effect_eq
0x081581D4	0x08158217	thumb	ContestAICmd_if_used_moves_effect_not_eq
0x08158218	0x08158253	thumb	ContestAICmd_get_used_moves_excitement
0x08158254	0x08158297	thumb	ContestAICmd_if_used_moves_excitement_less_than
0x08158298	0x081582DB	thumb	ContestAICmd_if_used_moves_excitement_more_than
0x081582DC	0x0815831F	thumb	ContestAICmd_if_used_moves_excitement_eq
0x08158320	0x08158363	thumb	ContestAICmd_if_used_moves_excitement_not_eq
0x08158364	0x081583B7	thumb	ContestAICmd_get_used_moves_effect_type
0x081583B8	0x081583FB	thumb	ContestAICmd_if_used_moves_effect_type_eq
0x081583FC	0x0815843F	thumb	ContestAICmd_if_used_moves_effect_type_not_eq
0x08158440	0x0815846B	thumb	ContestAICmd_save_result
0x0815846C	0x0815849B	thumb	ContestAICmd_setvar
0x0815849C	0x081584D3	thumb	ContestAICmd_add
0x081584D4	0x08158507	thumb	ContestAICmd_addvar
0x08158508	0x0815853B	thumb	ContestAICmd_addvar_duplicate
0x0815853C	0x0815858B	thumb	ContestAICmd_if_less_than
0x0815858C	0x081585DB	thumb	ContestAICmd_if_greater_than
0x081585DC	0x0815862B	thumb	ContestAICmd_if_eq
0x0815862C	0x0815867B	thumb	ContestAICmd_if_not_eq
0x0815867C	0x081586CD	thumb	ContestAICmd_if_less_than_var
0x081586D0	0x08158721	thumb	ContestAICmd_if_greater_than_var
0x08158724	0x08158775	thumb	ContestAICmd_if_eq_var
0x08158778	0x081587C9	thumb	ContestAICmd_if_not_eq_var
0x081587CC	0x08158819	thumb	ContestAICmd_if_random_less_than
0x0815881C	0x08158869	thumb	ContestAICmd_if_random_greater_than
0x0815886C	0x0815888B	thumb	ContestAICmd_goto
0x0815888C	0x081588BB	thumb	ContestAICmd_call
0x081588BC	0x081588DF	thumb	ContestAICmd_end
0x081588E0	0x08158907	thumb	AIStackPushVar
0x08158908	0x08158947	thumb	AIStackPop
0x08158948	0x081589A3	thumb	ContestAICmd_check_user_has_exciting_move
0x081589A4	0x081589EB	thumb	ContestAICmd_if_user_has_exciting_move
0x081589EC	0x08158A33	thumb	ContestAICmd_if_user_doesnt_have_exciting_move
0x08158A34	0x08158A9F	thumb	ContestAICmd_check_user_has_move
0x08158AA0	0x08158AE7	thumb	ContestAICmd_if_user_has_move
0x08158AE8	0x08158B2F	thumb	ContestAICmd_if_user_doesnt_have_move
0x08158B30	0x08158B97	thumb	SoundTask_FireBlast
0x08158B98	0x08158C03	thumb	SoundTask_FireBlast_Step1
0x08158C04	0x08158C57	thumb	SoundTask_FireBlast_Step2
0x08158C58	0x08158D07	thumb	SoundTask_LoopSEAdjustPanning
0x08158D08	0x08158D8B	thumb	SoundTask_LoopSEAdjustPanning_Step
0x08158D8C	0x08158E9B	thumb	SoundTask_PlayCryHighPitch
0x08158E9C	0x08158FF3	thumb	SoundTask_PlayDoubleCry
0x08158FF4	0x08159075	thumb	SoundTask_PlayDoubleCry_Step
0x08159078	0x081590B5	thumb	SoundTask_WaitForCry
0x081590B8	0x0815913B	thumb	SoundTask_PlayCryWithEcho
0x0815913C	0x0815920D	thumb	SoundTask_PlayCryWithEcho_Step
0x08159210	0x08159243	thumb	SoundTask_PlaySE1WithPanning
0x08159244	0x08159277	thumb	SoundTask_PlaySE2WithPanning
0x08159278	0x08159307	thumb	SoundTask_AdjustPanningVar
0x08159308	0x08159367	thumb	SoundTask_AdjustPanningVar_Step
0x08159368	0x08159369	thumb	SpriteCB_Null4
0x0815936C	0x08159387	thumb	SetControllerToSafari
0x08159388	0x081593D7	thumb	SafariBufferRunCommand
0x081593D8	0x0815955B	thumb	HandleInputChooseAction
0x0815955C	0x08159593	thumb	CompleteOnBattlerSpriteCallbackDummy
0x08159594	0x081595A9	thumb	CompleteOnInactiveTextPrinter
0x081595AC	0x081595E3	thumb	CompleteOnHealthboxSpriteCallbackDummy
0x081595E4	0x08159623	thumb	SafariSetBattleEndCallbacks
0x08159624	0x0815965F	thumb	CompleteOnSpecialAnimDone
0x08159660	0x08159697	thumb	SafariOpenPokeblockCase
0x08159698	0x081596D3	thumb	CompleteWhenChosePokeblock
0x081596D4	0x08159703	thumb	CompleteOnFinishedBattleAnimation
0x08159704	0x0815977B	thumb	SafariBufferExecCompleted
0x0815977C	0x081597AB	thumb	CompleteOnFinishedStatusAnimation
0x081597AC	0x081597B5	thumb	SafariHandleGetMonData
0x081597B8	0x081597C1	thumb	SafariHandleGetRawMonData
0x081597C4	0x081597CD	thumb	SafariHandleSetMonData
0x081597D0	0x081597D9	thumb	SafariHandleSetRawMonData
0x081597DC	0x081597E5	thumb	SafariHandleLoadMonSprite
0x081597E8	0x081597F1	thumb	SafariHandleSwitchInAnim
0x081597F4	0x081597FD	thumb	SafariHandleReturnMonToBall
0x08159800	0x081598DF	thumb	SafariHandleDrawTrainerPic
0x081598E0	0x081598E9	thumb	SafariHandleTrainerSlide
0x081598EC	0x081598F5	thumb	SafariHandleTrainerSlideBack
0x081598F8	0x08159901	thumb	SafariHandleFaintAnimation
0x08159904	0x0815990D	thumb	SafariHandlePaletteFade
0x08159910	0x08159963	thumb	SafariHandleSuccessBallThrowAnim
0x08159964	0x081599C3	thumb	SafariHandleBallThrowAnim
0x081599C4	0x081599CD	thumb	SafariHandlePause
0x081599D0	0x081599D9	thumb	SafariHandleMoveAnimation
0x081599DC	0x08159A2F	thumb	SafariHandlePrintString
0x08159A30	0x08159A53	thumb	SafariHandlePrintSelectionString
0x08159A54	0x08159A93	thumb	HandleChooseActionAfterDma3
0x08159A94	0x08159AFB	thumb	SafariHandleChooseAction
0x08159AFC	0x08159B05	thumb	SafariHandleYesNoBox
0x08159B08	0x08159B11	thumb	SafariHandleChooseMove
0x08159B14	0x08159B53	thumb	SafariHandleChooseItem
0x08159B54	0x08159B5D	thumb	SafariHandleChoosePokemon
0x08159B60	0x08159B69	thumb	SafariHandleCmd23
0x08159B6C	0x08159B75	thumb	SafariHandleHealthBarUpdate
0x08159B78	0x08159B81	thumb	SafariHandleExpUpdate
0x08159B84	0x08159BBF	thumb	SafariHandleStatusIconUpdate
0x08159BC0	0x08159BC9	thumb	SafariHandleStatusAnimation
0x08159BCC	0x08159BD5	thumb	SafariHandleStatusXor
0x08159BD8	0x08159BE1	thumb	SafariHandleDataTransfer
0x08159BE4	0x08159BED	thumb	SafariHandleDMA3Transfer
0x08159BF0	0x08159BF9	thumb	SafariHandlePlayBGM
0x08159BFC	0x08159C05	thumb	SafariHandleCmd32
0x08159C08	0x08159C11	thumb	SafariHandleTwoReturnValues
0x08159C14	0x08159C1D	thumb	SafariHandleChosenMonReturnValue
0x08159C20	0x08159C29	thumb	SafariHandleOneReturnValue
0x08159C2C	0x08159C35	thumb	SafariHandleOneReturnValue_Duplicate
0x08159C38	0x08159C41	thumb	SafariHandleClearUnkVar
0x08159C44	0x08159C4D	thumb	SafariHandleSetUnkVar
0x08159C50	0x08159C59	thumb	SafariHandleClearUnkFlag
0x08159C5C	0x08159C65	thumb	SafariHandleToggleUnkFlag
0x08159C68	0x08159C71	thumb	SafariHandleHitAnimation
0x08159C74	0x08159C7D	thumb	SafariHandleCantSwitch
0x08159C80	0x08159CC3	thumb	SafariHandlePlaySE
0x08159CC4	0x08159D1D	thumb	SafariHandlePlayFanfareOrBGM
0x08159D20	0x08159D5B	thumb	SafariHandleFaintingCry
0x08159D5C	0x08159D8F	thumb	SafariHandleIntroSlide
0x08159D90	0x08159DEB	thumb	SafariHandleIntroTrainerBallThrow
0x08159DEC	0x08159DF5	thumb	SafariHandleDrawPartyStatusSummary
0x08159DF8	0x08159E01	thumb	SafariHandleHidePartyStatusSummary
0x08159E04	0x08159E0D	thumb	SafariHandleEndBounceEffect
0x08159E10	0x08159E19	thumb	SafariHandleSpriteInvisibility
0x08159E1C	0x08159E77	thumb	SafariHandleBattleAnimation
0x08159E78	0x08159E81	thumb	SafariHandleLinkStandbyMsg
0x08159E84	0x08159E8D	thumb	SafariHandleResetActionMoveSelection
0x08159E90	0x08159EEB	thumb	SafariHandleEndLinkBattle
0x08159EEC	0x08159EED	thumb	SafariCmdEnd
0x08159EF0	0x08159F0F	thumb	SetUpFieldMove_SweetScent
0x08159F10	0x08159F2B	thumb	FieldCallback_SweetScent
0x08159F2C	0x08159F5B	thumb	FldEff_SweetScent
0x08159F5C	0x08159FEB	thumb	StartSweetScentFieldEffect
0x08159FEC	0x0815A08F	thumb	TrySweetScentEncounter
0x0815A090	0x0815A0D3	thumb	FailSweetScentEncounter
0x0815A0D4	0x0815A113	thumb	AnimBlackSmoke
0x0815A114	0x0815A15D	thumb	AnimBlackSmoke_Step
0x0815A160	0x0815A1AF	thumb	AnimTask_SmokescreenImpact
0x0815A1B0	0x0815A1F3	thumb	AnimWhiteHalo
0x0815A1F4	0x0815A233	thumb	AnimWhiteHalo_Step1
0x0815A234	0x0815A253	thumb	AnimWhiteHalo_Step2
0x0815A254	0x0815A2EF	thumb	AnimTealAlert
0x0815A2F0	0x0815A31B	thumb	AnimMeanLookEye
0x0815A31C	0x0815A3AB	thumb	AnimMeanLookEye_Step1
0x0815A3AC	0x0815A3EF	thumb	AnimMeanLookEye_Step2
0x0815A3F0	0x0815A49B	thumb	AnimMeanLookEye_Step3
0x0815A49C	0x0815A503	thumb	AnimMeanLookEye_Step4
0x0815A504	0x0815A52B	thumb	AnimTask_SetPsychicBackground
0x0815A52C	0x0815A5C7	thumb	SetPsychicBackground_Step
0x0815A5C8	0x0815A5EF	thumb	AnimTask_FadeScreenToWhite
0x0815A5F0	0x0815A6C3	thumb	FadeScreenToWhite_Step
0x0815A6C4	0x0815A73B	thumb	AnimSpikes
0x0815A73C	0x0815A76B	thumb	AnimSpikes_Step1
0x0815A76C	0x0815A7AF	thumb	AnimSpikes_Step2
0x0815A7B0	0x0815A7EB	thumb	AnimLeer
0x0815A7EC	0x0815A8A9	thumb	AnimLetterZ
0x0815A8AC	0x0815A8C5	thumb	AnimFang
0x0815A8C8	0x0815A903	thumb	AnimTask_IsTargetPlayerSide
0x0815A904	0x0815A933	thumb	AnimTask_IsHealingMove
0x0815A934	0x0815A99F	thumb	AnimSpotlight
0x0815A9A0	0x0815AA6B	thumb	AnimSpotlight_Step1
0x0815AA6C	0x0815AAA3	thumb	AnimSpotlight_Step2
0x0815AAA4	0x0815AB5B	thumb	AnimClappingHand
0x0815AB5C	0x0815ABCD	thumb	AnimClappingHand_Step
0x0815ABD0	0x0815ABEB	thumb	AnimClappingHand2
0x0815ABEC	0x0815AC8B	thumb	AnimTask_CreateSpotlight
0x0815AC8C	0x0815ACCF	thumb	AnimTask_RemoveSpotlight
0x0815ACD0	0x0815AD4B	thumb	AnimRapidSpin
0x0815AD4C	0x0815ADAD	thumb	AnimRapidSpin_Step
0x0815ADB0	0x0815AED7	thumb	AnimTask_RapinSpinMonElevation
0x0815AED8	0x0815AFEF	thumb	RapinSpinMonElevation_Step
0x0815AFF0	0x0815B053	thumb	AnimTask_TormentAttacker
0x0815B054	0x0815B239	thumb	TormentAttacker_Step
0x0815B23C	0x0815B27B	thumb	TormentAttacker_Callback
0x0815B27C	0x0815B337	thumb	AnimTriAttackTriangle
0x0815B338	0x0815B393	thumb	AnimTask_DefenseCurlDeformMon
0x0815B394	0x0815B49B	thumb	AnimBatonPassPokeball
0x0815B49C	0x0815B4D3	thumb	AnimWishStar
0x0815B4D4	0x0815B56F	thumb	AnimWishStar_Step
0x0815B570	0x0815B5CF	thumb	AnimMiniTwinklingStar
0x0815B5D0	0x0815B65B	thumb	AnimMiniTwinklingStar_Step
0x0815B65C	0x0815B6B3	thumb	AnimTask_StockpileDeformMon
0x0815B6B4	0x0815B70B	thumb	AnimTask_SpitUpDeformMon
0x0815B70C	0x0815B775	thumb	AnimSwallowBlueOrb
0x0815B778	0x0815B7CF	thumb	AnimTask_SwallowDeformMon
0x0815B7D0	0x0815BB17	thumb	AnimTask_TransformMon
0x0815BB18	0x0815BB57	thumb	AnimTask_IsMonInvisible
0x0815BB58	0x0815BB83	thumb	AnimTask_CastformGfxDataChange
0x0815BB84	0x0815BE03	thumb	AnimTask_MorningSunLightBeam
0x0815BE04	0x0815BF43	thumb	AnimGreenStar
0x0815BF44	0x0815BFF3	thumb	AnimGreenStar_Step1
0x0815BFF4	0x0815C04F	thumb	AnimGreenStar_Step2
0x0815C050	0x0815C0A3	thumb	AnimGreenStar_Callback
0x0815C0A4	0x0815C3A7	thumb	AnimTask_DoomDesireLightBeam
0x0815C3A8	0x0815C3FF	thumb	AnimTask_StrongFrustrationGrowAndShrink
0x0815C400	0x0815C477	thumb	AnimWeakFrustrationAngerMark
0x0815C478	0x0815C547	thumb	AnimTask_RockMonBackAndForth
0x0815C548	0x0815C6AD	thumb	AnimTask_RockMonBackAndForth_Step
0x0815C6B0	0x0815C6FF	thumb	AnimSweetScentPetal
0x0815C700	0x0815C76F	thumb	AnimSweetScentPetal_Step
0x0815C770	0x0815C7C3	thumb	AnimTask_FlailMovement
0x0815C7C4	0x0815C95B	thumb	AnimTask_FlailMovement_Step
0x0815C95C	0x0815CA1F	thumb	AnimPainSplitProjectile
0x0815CA20	0x0815CB87	thumb	AnimTask_PainSplitMovement
0x0815CB88	0x0815CC33	thumb	AnimFlatterConfetti
0x0815CC34	0x0815CC93	thumb	AnimFlatterConfetti_Step
0x0815CC94	0x0815CD0B	thumb	AnimFlatterSpotlight
0x0815CD0C	0x0815CDB3	thumb	AnimFlatterSpotlight_Step
0x0815CDB4	0x0815CDFB	thumb	AnimReversalOrb
0x0815CDFC	0x0815CED7	thumb	AnimReversalOrb_Step
0x0815CED8	0x0815D15F	thumb	AnimTask_RolePlaySilhouette
0x0815D160	0x0815D1BB	thumb	AnimTask_RolePlaySilhouette_Step1
0x0815D1BC	0x0815D23F	thumb	AnimTask_RolePlaySilhouette_Step2
0x0815D240	0x0815D397	thumb	AnimTask_AcidArmor
0x0815D398	0x0815D64B	thumb	AnimTask_AcidArmor_Step
0x0815D64C	0x0815D693	thumb	AnimTask_DeepInhale
0x0815D694	0x0815D72B	thumb	AnimTask_DeepInhale_Step
0x0815D72C	0x0815D793	thumb	InitYawnCloudPosition
0x0815D794	0x0815D7B1	thumb	UpdateYawnCloudPosition
0x0815D7B4	0x0815D803	thumb	AnimYawnCloud
0x0815D804	0x0815D86F	thumb	AnimYawnCloud_Step
0x0815D870	0x0815D8D7	thumb	AnimSmokeBallEscapeCloud
0x0815D8D8	0x0815DA1F	thumb	AnimTask_SlideMonForFocusBand_Step2
0x0815DA20	0x0815DB8F	thumb	AnimTask_SlideMonForFocusBand_Step1
0x0815DB90	0x0815DCA3	thumb	AnimTask_SlideMonForFocusBand
0x0815DCA4	0x0815DD47	thumb	AnimTask_SquishAndSweatDroplets
0x0815DD48	0x0815DDDF	thumb	AnimTask_SquishAndSweatDroplets_Step
0x0815DDE0	0x0815DEBB	thumb	CreateSweatDroplets
0x0815DEBC	0x0815DF0B	thumb	AnimFacadeSweatDrop
0x0815DF0C	0x0815DF63	thumb	AnimTask_FacadeColorBlend
0x0815DF64	0x0815DFCB	thumb	AnimTask_FacadeColorBlend_Step
0x0815DFCC	0x0815E01B	thumb	AnimTask_StatusClearedEffect
0x0815E01C	0x0815E0DB	thumb	AnimRoarNoiseLine
0x0815E0DC	0x0815E113	thumb	AnimRoarNoiseLine_Step
0x0815E114	0x0815E20B	thumb	AnimTask_GlareEyeDots
0x0815E20C	0x0815E349	thumb	AnimTask_GlareEyeDots_Step
0x0815E34C	0x0815E401	thumb	GetGlareEyeDotCoords
0x0815E404	0x0815E443	thumb	AnimGlareEyeDot
0x0815E444	0x0815E47B	thumb	AnimAssistPawprint
0x0815E47C	0x0815E5CB	thumb	AnimTask_BarrageBall
0x0815E5CC	0x0815E6D7	thumb	AnimTask_BarrageBall_Step
0x0815E6D8	0x0815E783	thumb	AnimSmellingSaltsHand
0x0815E784	0x0815E83F	thumb	AnimSmellingSaltsHand_Step
0x0815E840	0x0815E897	thumb	AnimTask_SmellingSaltsSquish
0x0815E898	0x0815E953	thumb	AnimTask_SmellingSaltsSquish_Step
0x0815E954	0x0815E9BB	thumb	AnimSmellingSaltExclamation
0x0815E9BC	0x0815EA13	thumb	AnimSmellingSaltExclamation_Step
0x0815EA14	0x0815EA5F	thumb	AnimHelpingHandClap
0x0815EA60	0x0815EC45	thumb	AnimHelpingHandClap_Step
0x0815EC48	0x0815ECE3	thumb	AnimTask_HelpingHandAttackerMovement
0x0815ECE4	0x0815EE83	thumb	AnimTask_HelpingHandAttackerMovement_Step
0x0815EE84	0x0815EF07	thumb	AnimForesightMagnifyingGlass
0x0815EF08	0x0815F10B	thumb	AnimForesightMagnifyingGlass_Step
0x0815F10C	0x0815F18B	thumb	AnimMeteorMashStar_Step
0x0815F18C	0x0815F20B	thumb	AnimMeteorMashStar
0x0815F20C	0x0815F32F	thumb	AnimTask_MonToSubstitute
0x0815F330	0x0815F48B	thumb	AnimTask_MonToSubstituteDoll
0x0815F48C	0x0815F4EF	thumb	AnimBlockX
0x0815F4F0	0x0815F61F	thumb	AnimBlockX_Step
0x0815F620	0x0815F79B	thumb	AnimTask_OdorSleuthMovement
0x0815F79C	0x0815F7C3	thumb	AnimTask_OdorSleuthMovementWaitFinish
0x0815F7C4	0x0815F89F	thumb	MoveOdorSleuthClone
0x0815F8A0	0x0815F8F3	thumb	AnimTask_GetReturnPowerLevel
0x0815F8F4	0x0815FE7F	thumb	AnimTask_SnatchOpposingMonMove
0x0815FE80	0x0815FFC1	thumb	AnimUnusedItemBagSteal
0x0815FFC4	0x08160163	thumb	AnimTask_SnatchPartnerMove
0x08160164	0x081601DB	thumb	AnimTask_TeeterDanceMovement
0x081601DC	0x081602DF	thumb	AnimTask_TeeterDanceMovement_Step
0x081602E0	0x08160337	thumb	AnimKnockOffStrike_Step
0x08160338	0x081603A7	thumb	AnimKnockOffStrike
0x081603A8	0x081603F3	thumb	AnimRecycle
0x081603F4	0x081604ED	thumb	AnimRecycle_Step
0x081604F0	0x08160541	thumb	AnimTask_GetWeather
0x08160544	0x0816058B	thumb	AnimTask_SlackOffSquish
0x0816058C	0x08160623	thumb	AnimTask_SlackOffSquish_Step
0x08160624	0x08160635	thumb	VBlankCB_MoveRelearner
0x08160638	0x08160663	thumb	TeachMoveRelearnerMove
0x08160664	0x0816069F	thumb	Task_WaitForFadeOut
0x081606A0	0x0816073F	thumb	CB2_InitLearnMove
0x08160740	0x081607EB	thumb	CB2_InitLearnMoveReturnFromSelectMove
0x081607EC	0x0816082B	thumb	InitMoveRelearnerBackgroundLayers
0x0816082C	0x08160849	thumb	CB2_MoveRelearnerMain
0x0816084C	0x08160867	thumb	PrintMessageWithPlaceholders
0x08160868	0x08160E9F	thumb	DoMoveRelearnerMain
0x08160EA0	0x08160EDF	thumb	FreeMoveRelearnerResources
0x08160EE0	0x08160F4F	thumb	HideHeartSpritesAndShowTeachMoveText
0x08160F50	0x08161053	thumb	HandleInput
0x08161054	0x08161073	thumb	GetCurrentSelectedMove
0x08161074	0x081610B7	thumb	ShowTeachMoveText
0x081610B8	0x081611AB	thumb	CreateUISprites
0x081611AC	0x08161233	thumb	AddScrollArrows
0x08161234	0x0816127F	thumb	RemoveScrollArrows
0x08161280	0x0816137B	thumb	CreateLearnableMovesList
0x0816137C	0x08161507	thumb	MoveRelearnerShowHideHearts
0x08161508	0x0816155F	thumb	SetUpFieldMove_SoftBoiled
0x08161560	0x081615A7	thumb	ChooseMonForSoftboiled
0x081615A8	0x0816166B	thumb	Task_TryUseSoftboiledOnPartyMon
0x0816166C	0x081616BF	thumb	Task_SoftboiledRestoreHealth
0x081616C0	0x08161723	thumb	Task_DisplayHPRestoredMessage
0x08161724	0x08161783	thumb	Task_FinishSoftboiled
0x08161784	0x081617B7	thumb	Task_ChooseNewMonForSoftboiled
0x081617B8	0x081617F3	thumb	CantUseSoftboiledOnMon
0x081617F4	0x0816187F	thumb	SetDecorationInventoriesPointers
0x08161880	0x081618B3	thumb	ClearDecorationInventory
0x081618B4	0x081618CD	thumb	ClearDecorationInventories
0x081618D0	0x08161915	thumb	GetFirstEmptyDecorSlot
0x08161918	0x0816195D	thumb	CheckHasDecoration
0x08161960	0x081619A7	thumb	DecorationAdd
0x081619A8	0x081619D9	thumb	DecorationCheckSpace
0x081619DC	0x08161A37	thumb	DecorationRemove
0x08161A38	0x08161ACF	thumb	CondenseDecorationsInCategory
0x08161AD0	0x08161B0F	thumb	GetNumOwnedDecorationsInCategory
0x08161B10	0x08161B33	thumb	GetNumOwnedDecorations
0x08161B34	0x08161B5F	thumb	ClearRoamerData
0x08161B60	0x08161B93	thumb	ClearRoamerLocationData
0x08161B94	0x08161CBB	thumb	CreateInitialRoamerMon
0x08161CBC	0x08161CD7	thumb	InitRoamer
0x08161CD8	0x08161CFF	thumb	UpdateLocationHistoryForRoamer
0x08161D00	0x08161D53	thumb	RoamerMoveToOtherLocationSet
0x08161D54	0x08161DE7	thumb	RoamerMove
0x08161DE8	0x08161E25	thumb	IsRoamerAt
0x08161E28	0x08161EDB	thumb	CreateRoamerMonInstance
0x08161EDC	0x08161F15	thumb	TryStartRoamerEncounter
0x08161F18	0x08161F4B	thumb	UpdateRoamerHPStatus
0x08161F4C	0x08161F63	thumb	SetRoamerInactive
0x08161F64	0x08161F73	thumb	GetRoamerLocation
0x08161F74	0x08161F93	thumb	CallBattleTowerFunc
0x08161F94	0x08162053	thumb	InitTowerChallenge
0x08162054	0x081620F3	thumb	GetTowerData
0x081620F4	0x081621BF	thumb	SetTowerData
0x081621C0	0x0816222B	thumb	SetTowerBattleWon
0x0816222C	0x081623EF	thumb	ChooseSpecialBattleTowerTrainer
0x081623F0	0x08162547	thumb	SetNextFacilityOpponent
0x08162548	0x081625B3	thumb	GetRandomScaledFrontierTrainerId
0x081625B4	0x08162613	thumb	GetRandomScaledFrontierTrainerIdRange
0x08162614	0x08162793	thumb	SetBattleFacilityTrainerGfxId
0x08162794	0x081627A3	thumb	SetEReaderTrainerGfxId
0x081627A4	0x0816289F	thumb	GetBattleFacilityTrainerGfxId
0x081628A0	0x08162A9F	thumb	PutNewBattleTowerRecord
0x08162AA0	0x08162BD7	thumb	GetFrontierTrainerFrontSpriteId
0x08162BD8	0x08162D33	thumb	GetFrontierOpponentClass
0x08162D34	0x08162E1F	thumb	GetFrontierTrainerFacilityClass
0x08162E20	0x08162F67	thumb	GetFrontierTrainerName
0x08162F68	0x08163047	thumb	IsFrontierTrainerFemale
0x08163048	0x0816306B	thumb	FillFrontierTrainerParty
0x0816306C	0x0816309F	thumb	FillFrontierTrainersParties
0x081630A0	0x081630C3	thumb	FillTentTrainerParty
0x081630C4	0x08163443	thumb	FillTrainerParty
0x08163444	0x08163523	thumb	Unused_CreateApprenticeMons
0x08163524	0x0816358F	thumb	GetRandomFrontierMonFromSet
0x08163590	0x081635D3	thumb	FillFactoryTrainerParty
0x081635D4	0x0816379B	thumb	FillFactoryFrontierTrainerParty
0x0816379C	0x081638AB	thumb	FillFactoryTentTrainerParty
0x081638AC	0x08163913	thumb	FrontierSpeechToString
0x08163914	0x081639AB	thumb	GetOpponentIntroSpeech
0x081639AC	0x08163A8B	thumb	HandleSpecialTrainerBattleEnd
0x08163A8C	0x08163AC3	thumb	Task_StartBattleAfterTransition
0x08163AC4	0x08163E8F	thumb	DoSpecialTrainerBattle
0x08163E90	0x08163EE3	thumb	SaveCurrentWinStreak
0x08163EE4	0x0816403F	thumb	SaveBattleTowerRecord
0x08164040	0x081640D7	thumb	SaveTowerChallenge
0x081640D8	0x081640D9	thumb	BattleTowerNop1
0x081640DC	0x081640DD	thumb	BattleTowerNop2
0x081640E0	0x08164187	thumb	GetApprenticeMultiPartnerParty
0x08164188	0x0816429F	thumb	GetRecordMixFriendMultiPartnerParty
0x081642A0	0x081646BB	thumb	LoadMultiPartnerCandidatesData
0x081646BC	0x08164827	thumb	GetPotentialPartnerMoveAndSpecies
0x08164828	0x08164B73	thumb	ShowPartnerCandidateMessage
0x08164B74	0x08164DCB	thumb	LoadLinkMultiOpponentsData
0x08164DCC	0x08164DE3	thumb	TowerTryCloseLink
0x08164DE4	0x08164E03	thumb	SetMultiPartnerGfx
0x08164E04	0x08164ED7	thumb	SetTowerInterviewData
0x08164ED8	0x08164F6F	thumb	ValidateBattleTowerRecordChecksums
0x08164F70	0x08164F91	thumb	CalcEmeraldBattleTowerChecksum
0x08164F94	0x08164FB5	thumb	CalcRubyBattleTowerChecksum
0x08164FB8	0x08164FC9	thumb	ClearBattleTowerRecord
0x08164FCC	0x08164FFB	thumb	GetCurrentBattleTowerWinStreak
0x08164FFC	0x08165029	thumb	GetMonCountForBattleMode
0x0816502C	0x0816515B	thumb	AwardBattleTowerRibbons
0x0816515C	0x08165243	thumb	FillEReaderTrainerWithPlayerData
0x08165244	0x08165263	thumb	GetEreaderTrainerFrontSpriteId
0x08165264	0x08165283	thumb	GetEreaderTrainerClassId
0x08165284	0x081652B3	thumb	GetEreaderTrainerName
0x081652B4	0x08165327	thumb	ValidateEReaderTrainer
0x08165328	0x08165349	thumb	SetEReaderTrainerChecksum
0x0816534C	0x0816535D	thumb	ClearEReaderTrainer
0x08165360	0x0816537B	thumb	CopyEReaderTrainerGreeting
0x0816537C	0x081653CB	thumb	CopyEReaderTrainerFarewellMessage
0x081653CC	0x08165403	thumb	TryHideBattleTowerReporter
0x08165404	0x0816587B	thumb	FillPartnerParty
0x0816587C	0x081659DB	thumb	RubyBattleTowerRecordToEmerald
0x081659DC	0x08165AE7	thumb	EmeraldBattleTowerRecordToRuby
0x08165AE8	0x08165B07	thumb	CalcApprenticeChecksum
0x08165B08	0x08165B1F	thumb	ClearApprentice
0x08165B20	0x08165B87	thumb	ValidateApprenticesChecksums
0x08165B88	0x08165C3F	thumb	GetBattleTowerTrainerLanguage
0x08165C40	0x08165C8F	thumb	SetFacilityPtrsGetLevel
0x08165C90	0x08165CB3	thumb	GetFrontierEnemyMonLevel
0x08165CB4	0x08165D07	thumb	GetHighestLevelInPlayerParty
0x08165D08	0x08165D3F	thumb	GetFrontierTrainerFixedIvs
0x08165D40	0x08165D75	thumb	GetBattleTentTrainerId
0x08165D78	0x08165E17	thumb	SetTentPtrsGetLevel
0x08165E18	0x08165EA3	thumb	SetNextBattleTentOpponent
0x08165EA4	0x081660B7	thumb	FillTentTrainerParty_
0x081660B8	0x08166123	thumb	FacilityClassToGraphicsId
0x08166124	0x08166187	thumb	ValidateBattleTowerRecord
0x08166188	0x08166203	thumb	TrySetLinkBattleTowerEnemyPartyLevel
0x08166204	0x0816624B	thumb	ChooseMonToGivePokeblock
0x0816624C	0x081662BF	thumb	CB2_ReturnAndChooseMonToGivePokeblock
0x081662C0	0x08166303	thumb	CB2_ReturnToUsePokeblockMenu
0x08166304	0x08166319	thumb	CB2_ShowUsePokeblockMenuForResults
0x0816631C	0x0816633F	thumb	CB2_UsePokeblockMenu
0x08166340	0x0816636B	thumb	VBlankCB_UsePokeblockMenu
0x0816636C	0x0816637F	thumb	SetUsePokeblockCallback
0x08166380	0x08166563	thumb	LoadUsePokeblockMenu
0x08166564	0x08166633	thumb	ShowUsePokeblockMenu
0x08166634	0x0816681B	thumb	UsePokeblockMenu
0x0816681C	0x081668F7	thumb	FeedPokeblockToMon
0x081668F8	0x08166A33	thumb	ShowUsePokeblockMenuForResults
0x08166A34	0x08166BEB	thumb	ShowPokeblockResults
0x08166BEC	0x08166D43	thumb	CloseUsePokeblockMenu
0x08166D44	0x08166DE3	thumb	AskUsePokeblock
0x08166DE4	0x08166E21	thumb	HandleAskUsePokeblockInput
0x08166E24	0x08166EDB	thumb	PrintFirstEnhancement
0x08166EDC	0x08166F4F	thumb	TryPrintNextEnhancement
0x08166F50	0x08166F93	thumb	PrintWontEatAnymore
0x08166F94	0x08166FAD	thumb	EraseMenuWindow
0x08166FB0	0x08166FD3	thumb	PrintMenuWindowText
0x08166FD4	0x08167023	thumb	BufferEnhancedText
0x08167024	0x08167053	thumb	GetMonConditions
0x08167054	0x08167103	thumb	AddPokeblockToConditions
0x08167104	0x08167183	thumb	CalculateConditionEnhancements
0x08167184	0x08167267	thumb	CalculatePokeblockEffectiveness
0x08167268	0x081672A1	thumb	IsSheenMaxed
0x081672A4	0x081672E3	thumb	GetPartyIdFromSelectionId
0x081672E4	0x08167323	thumb	GetSelectionIdFromPartyId
0x08167324	0x08167335	thumb	GetPartyIdFromSelectionId_
0x08167338	0x081673DB	thumb	LoadAndCreateUpDownSprites
0x081673DC	0x0816741F	thumb	SpriteCB_UpDown
0x08167420	0x081674BB	thumb	LoadPartyInfo
0x081674BC	0x0816753B	thumb	LoadInitialMonInfo
0x0816753C	0x08167607	thumb	LoadMonInfo
0x08167608	0x0816775F	thumb	UpdateMonPic
0x08167760	0x0816792F	thumb	LoadAndCreateSelectionIcons
0x08167930	0x08167B9F	thumb	LoadUsePokeblockMenuGfx
0x08167BA0	0x08167C9F	thumb	UpdateMonInfoText
0x08167CA0	0x08167EA3	thumb	UpdateSelection
0x08167EA4	0x08167FA3	thumb	LoadNewSelection_CancelToMon
0x08167FA4	0x08168045	thumb	LoadNewSelection_MonToCancel
0x08168048	0x08168167	thumb	LoadNewSelection_MonToMon
0x08168168	0x0816817F	thumb	SpriteCB_MonPic
0x08168180	0x081681B3	thumb	SpriteCB_SelectionIconPokeball
0x081681B4	0x081681F3	thumb	SpriteCB_SelectionIconCancel
0x081681F4	0x08168245	thumb	CalculateNumAdditionalSparkles
0x08168248	0x08168293	thumb	LoadConditionGfx
0x08168294	0x08168327	thumb	CreateConditionSprite
0x08168328	0x08168373	thumb	LoadConditionTitle
0x08168374	0x081683B3	thumb	SpriteCB_Condition
0x081683B4	0x081683B5	thumb	SpriteCB_Null7
0x081683B8	0x081683F3	thumb	SetControllerToWally
0x081683F4	0x08168443	thumb	WallyBufferRunCommand
0x08168444	0x08168569	thumb	WallyHandleActions
0x0816856C	0x081685A3	thumb	CompleteOnBattlerSpriteCallbackDummy
0x081685A4	0x081685B9	thumb	CompleteOnInactiveTextPrinter
0x081685BC	0x081685D3	thumb	CompleteOnFinishedAnimation
0x081685D4	0x0816860F	thumb	OpenBagAfterPaletteFade
0x08168610	0x0816864B	thumb	CompleteOnChosenItem
0x0816864C	0x08168817	thumb	Intro_TryShinyAnimShowHealthbox
0x08168818	0x08168933	thumb	Intro_WaitForShinyAnimAndHealthbox
0x08168934	0x081689A3	thumb	CompleteOnHealthbarDone
0x081689A4	0x08168A1F	thumb	DoHitAnimBlinkSpriteEffect
0x08168A20	0x08168A8F	thumb	DoSwitchOutAnimation
0x08168A90	0x08168AC7	thumb	CompleteOnBankSpriteCallbackDummy2
0x08168AC8	0x08168AF7	thumb	CompleteOnFinishedBattleAnimation
0x08168AF8	0x08168B6F	thumb	WallyBufferExecCompleted
0x08168B70	0x08168B9F	thumb	CompleteOnFinishedStatusAnimation
0x08168BA0	0x08168C11	thumb	WallyHandleGetMonData
0x08168C14	0x081693BF	thumb	CopyWallyMonData
0x081693C0	0x081693C9	thumb	WallyHandleGetRawMonData
0x081693CC	0x08169423	thumb	WallyHandleSetMonData
0x08169424	0x08169E1F	thumb	SetWallyMonData
0x08169E20	0x08169E29	thumb	WallyHandleSetRawMonData
0x08169E2C	0x08169E35	thumb	WallyHandleLoadMonSprite
0x08169E38	0x08169E41	thumb	WallyHandleSwitchInAnim
0x08169E44	0x08169EC7	thumb	WallyHandleReturnMonToBall
0x08169EC8	0x08169F93	thumb	WallyHandleDrawTrainerPic
0x08169F94	0x0816A05F	thumb	WallyHandleTrainerSlide
0x0816A060	0x0816A069	thumb	WallyHandleTrainerSlideBack
0x0816A06C	0x0816A075	thumb	WallyHandleFaintAnimation
0x0816A078	0x0816A081	thumb	WallyHandlePaletteFade
0x0816A084	0x0816A0D7	thumb	WallyHandleSuccessBallThrowAnim
0x0816A0D8	0x0816A137	thumb	WallyHandleBallThrowAnim
0x0816A138	0x0816A141	thumb	WallyHandlePause
0x0816A144	0x0816A26B	thumb	WallyHandleMoveAnimation
0x0816A26C	0x0816A3B7	thumb	WallyDoMoveAnimation
0x0816A3B8	0x0816A40B	thumb	WallyHandlePrintString
0x0816A40C	0x0816A42F	thumb	WallyHandlePrintSelectionString
0x0816A430	0x0816A46F	thumb	HandleChooseActionAfterDma3
0x0816A470	0x0816A4D7	thumb	WallyHandleChooseAction
0x0816A4D8	0x0816A4E1	thumb	WallyHandleYesNoBox
0x0816A4E4	0x0816A579	thumb	WallyHandleChooseMove
0x0816A57C	0x0816A5BB	thumb	WallyHandleChooseItem
0x0816A5BC	0x0816A5C5	thumb	WallyHandleChoosePokemon
0x0816A5C8	0x0816A5D1	thumb	WallyHandleCmd23
0x0816A5D4	0x0816A6D3	thumb	WallyHandleHealthBarUpdate
0x0816A6D4	0x0816A6DD	thumb	WallyHandleExpUpdate
0x0816A6E0	0x0816A6E9	thumb	WallyHandleStatusIconUpdate
0x0816A6EC	0x0816A6F5	thumb	WallyHandleStatusAnimation
0x0816A6F8	0x0816A701	thumb	WallyHandleStatusXor
0x0816A704	0x0816A70D	thumb	WallyHandleDataTransfer
0x0816A710	0x0816A719	thumb	WallyHandleDMA3Transfer
0x0816A71C	0x0816A725	thumb	WallyHandlePlayBGM
0x0816A728	0x0816A731	thumb	WallyHandleCmd32
0x0816A734	0x0816A73D	thumb	WallyHandleTwoReturnValues
0x0816A740	0x0816A749	thumb	WallyHandleChosenMonReturnValue
0x0816A74C	0x0816A755	thumb	WallyHandleOneReturnValue
0x0816A758	0x0816A761	thumb	WallyHandleOneReturnValue_Duplicate
0x0816A764	0x0816A76D	thumb	WallyHandleClearUnkVar
0x0816A770	0x0816A779	thumb	WallyHandleSetUnkVar
0x0816A77C	0x0816A785	thumb	WallyHandleClearUnkFlag
0x0816A788	0x0816A791	thumb	WallyHandleToggleUnkFlag
0x0816A794	0x0816A803	thumb	WallyHandleHitAnimation
0x0816A804	0x0816A80D	thumb	WallyHandleCantSwitch
0x0816A810	0x0816A83F	thumb	WallyHandlePlaySE
0x0816A840	0x0816A899	thumb	WallyHandlePlayFanfareOrBGM
0x0816A89C	0x0816A8D7	thumb	WallyHandleFaintingCry
0x0816A8D8	0x0816A90B	thumb	WallyHandleIntroSlide
0x0816A90C	0x0816AA7F	thumb	WallyHandleIntroTrainerBallThrow
0x0816AA80	0x0816AC03	thumb	StartSendOutAnim
0x0816AC04	0x0816AC77	thumb	Task_StartSendOutAnim
0x0816AC78	0x0816ACFB	thumb	WallyHandleDrawPartyStatusSummary
0x0816ACFC	0x0816AD05	thumb	WallyHandleHidePartyStatusSummary
0x0816AD08	0x0816AD11	thumb	WallyHandleEndBounceEffect
0x0816AD14	0x0816AD1D	thumb	WallyHandleSpriteInvisibility
0x0816AD20	0x0816AD7B	thumb	WallyHandleBattleAnimation
0x0816AD7C	0x0816AD85	thumb	WallyHandleLinkStandbyMsg
0x0816AD88	0x0816AD91	thumb	WallyHandleResetActionMoveSelection
0x0816AD94	0x0816ADEF	thumb	WallyHandleEndLinkBattle
0x0816ADF0	0x0816ADF1	thumb	WallyCmdEnd
0x0816ADF4	0x0816AE57	thumb	NewGameInitPCItems
0x0816AE58	0x0816AE97	thumb	BedroomPC
0x0816AE98	0x0816AED7	thumb	PlayerPC
0x0816AED8	0x0816AF97	thumb	InitPlayerPCMenu
0x0816AF98	0x0816B05F	thumb	PlayerPCProcessMenuInput
0x0816B060	0x0816B07B	thumb	ReshowPlayerPC
0x0816B07C	0x0816B0A7	thumb	PlayerPC_ItemStorage
0x0816B0A8	0x0816B137	thumb	PlayerPC_Mailbox
0x0816B138	0x0816B145	thumb	PlayerPC_Decoration
0x0816B148	0x0816B18F	thumb	PlayerPC_TurnOff
0x0816B190	0x0816B21B	thumb	InitItemStorageMenu
0x0816B21C	0x0816B245	thumb	ItemStorageMenuPrint
0x0816B248	0x0816B2C5	thumb	ItemStorageMenuProcessInput
0x0816B2C8	0x0816B2EF	thumb	ItemStorage_Deposit
0x0816B2F0	0x0816B31B	thumb	Task_ItemStorage_Deposit
0x0816B31C	0x0816B33B	thumb	CB2_PlayerPCExitBagMenu
0x0816B33C	0x0816B367	thumb	ItemStorage_ReshowAfterBagMenu
0x0816B368	0x0816B397	thumb	ItemStorage_HandleReturnToProcessInput
0x0816B398	0x0816B3E3	thumb	ItemStorage_Withdraw
0x0816B3E4	0x0816B42F	thumb	ItemStorage_Toss
0x0816B430	0x0816B4A3	thumb	ItemStorage_Enter
0x0816B4A4	0x0816B4BD	thumb	ItemStorage_Exit
0x0816B4C0	0x0816B4DB	thumb	SetPlayerPCListCount
0x0816B4DC	0x0816B50F	thumb	ItemStorage_EraseMainMenu
0x0816B510	0x0816B54B	thumb	GetMailboxMailCount
0x0816B54C	0x0816B5F7	thumb	Mailbox_CompactMailList
0x0816B5F8	0x0816B673	thumb	Mailbox_DrawMailboxMenu
0x0816B674	0x0816B72F	thumb	Mailbox_ProcessInput
0x0816B730	0x0816B797	thumb	Mailbox_PrintWhatToDoWithPlayerMailText
0x0816B798	0x0816B7DB	thumb	Mailbox_ReturnToPlayerPC
0x0816B7DC	0x0816B82B	thumb	Mailbox_PrintMailOptions
0x0816B82C	0x0816B877	thumb	Mailbox_MailOptionsProcessInput
0x0816B878	0x0816B8A3	thumb	Mailbox_DoMailRead
0x0816B8A4	0x0816B8FF	thumb	Mailbox_FadeAndReadMail
0x0816B900	0x0816B91F	thumb	Mailbox_ReturnToFieldFromReadMail
0x0816B920	0x0816B963	thumb	Mailbox_ReshowAfterMail
0x0816B964	0x0816B993	thumb	Mailbox_HandleReturnToProcessInput
0x0816B994	0x0816B9AF	thumb	Mailbox_MoveToBag
0x0816B9B0	0x0816B9D7	thumb	Mailbox_AskConfirmMoveToBag
0x0816B9D8	0x0816BA15	thumb	Mailbox_HandleConfirmMoveToBag
0x0816BA18	0x0816BAAB	thumb	Mailbox_DoMailMoveToBag
0x0816BAAC	0x0816BAB9	thumb	Mailbox_CancelMoveToBag
0x0816BABC	0x0816BAF7	thumb	Mailbox_Give
0x0816BAF8	0x0816BB27	thumb	Mailbox_DoGiveMailPokeMenu
0x0816BB28	0x0816BB47	thumb	Mailbox_ReturnToMailListAfterDeposit
0x0816BB48	0x0816BBB7	thumb	Mailbox_UpdateMailListAfterDeposit
0x0816BBB8	0x0816BBD3	thumb	Mailbox_NoPokemonForMail
0x0816BBD4	0x0816BC13	thumb	Mailbox_Cancel
0x0816BC14	0x0816BC57	thumb	ItemStorage_Init
0x0816BC58	0x0816BC7B	thumb	ItemStorage_Free
0x0816BC7C	0x0816BCC3	thumb	ItemStorage_AddWindow
0x0816BCC4	0x0816BD03	thumb	ItemStorage_RemoveWindow
0x0816BD04	0x0816BDC7	thumb	ItemStorage_RefreshListMenu
0x0816BDC8	0x0816BDD9	thumb	CopyItemName_PlayerPC
0x0816BDDC	0x0816BE43	thumb	ItemStorage_MoveCursor
0x0816BE44	0x0816BEEF	thumb	ItemStorage_PrintMenuItem
0x0816BEF0	0x0816BF5F	thumb	ItemStorage_PrintDescription
0x0816BF60	0x0816BF9B	thumb	ItemStorage_AddScrollIndicator
0x0816BF9C	0x0816BFB7	thumb	ItemStorage_RemoveScrollIndicator
0x0816BFB8	0x0816BFDF	thumb	ItemStorage_SetSwapArrow
0x0816BFE0	0x0816C05F	thumb	ItemStorage_DrawSwapArrow
0x0816C060	0x0816C0C7	thumb	ItemStorage_DrawItemIcon
0x0816C0C8	0x0816C10F	thumb	ItemStorage_EraseItemIcon
0x0816C110	0x0816C13F	thumb	ItemStorage_CompactList
0x0816C140	0x0816C157	thumb	ItemStorage_CompactCursor
0x0816C158	0x0816C227	thumb	ItemStorage_CreateListMenu
0x0816C228	0x0816C2BD	thumb	ItemStorage_GetMessage
0x0816C2C0	0x0816C30B	thumb	ItemStorage_PrintMessage
0x0816C30C	0x0816C3A3	thumb	ItemStorage_ProcessInput
0x0816C3A4	0x0816C3FF	thumb	ItemStorage_ReturnToMenuSelect
0x0816C400	0x0816C44F	thumb	ItemStorage_ExitItemList
0x0816C450	0x0816C4FB	thumb	ItemStorage_StartItemSwap
0x0816C4FC	0x0816C59F	thumb	ItemStorage_ProcessItemSwapInput
0x0816C5A0	0x0816C68F	thumb	ItemStorage_FinishItemSwap
0x0816C690	0x0816C6BB	thumb	ItemStorage_UpdateSwapLinePos
0x0816C6BC	0x0816C71B	thumb	ItemStorage_PrintItemQuantity
0x0816C71C	0x0816C817	thumb	ItemStorage_DoItemAction
0x0816C818	0x0816C8F9	thumb	ItemStorage_HandleQuantityRolling
0x0816C8FC	0x0816C9B7	thumb	ItemStorage_DoItemWithdraw
0x0816C9B8	0x0816CA93	thumb	ItemStorage_DoItemToss
0x0816CA94	0x0816CAC7	thumb	ItemStorage_TossItemYes
0x0816CAC8	0x0816CB03	thumb	ItemStorage_TossItemNo
0x0816CB04	0x0816CB73	thumb	ItemStorage_HandleRemoveItem
0x0816CB74	0x0816CBBF	thumb	ItemStorage_HandleErrorMessageInput
0x0816CBC0	0x0816CBE7	thumb	ItemStorage_ReturnToListInput
0x0816CBE8	0x0816CBFD	thumb	VBlankCB_Intro
0x0816CC00	0x0816CC53	thumb	MainCB2_Intro
0x0816CC54	0x0816CC6F	thumb	MainCB2_EndIntro
0x0816CC70	0x0816CCB7	thumb	LoadCopyrightGraphics
0x0816CCB8	0x0816CCC7	thumb	SerialCB_CopyrightScreen
0x0816CCC8	0x0816CEA9	thumb	SetUpCopyrightScreen
0x0816CEAC	0x0816CF0B	thumb	CB2_InitCopyrightScreenAfterBootup
0x0816CF0C	0x0816CF15	thumb	CB2_InitCopyrightScreenAfterTitleScreen
0x0816CF18	0x0816D12B	thumb	Task_Scene1_Load
0x0816D12C	0x0816D18F	thumb	Task_Scene1_FadeIn
0x0816D190	0x0816D29F	thumb	Task_Scene1_WaterDrops
0x0816D2A0	0x0816D337	thumb	Task_CreateSparkles
0x0816D338	0x0816D353	thumb	SpriteCB_Sparkle
0x0816D354	0x0816D457	thumb	Task_Scene1_PanUp
0x0816D458	0x0816D48B	thumb	Task_Scene1_End
0x0816D48C	0x0816D4E3	thumb	Task_Scene2_Load
0x0816D4E4	0x0816D64F	thumb	Task_Scene2_CreateSprites
0x0816D650	0x0816D7E7	thumb	Task_Scene2_BikeRide
0x0816D7E8	0x0816D81B	thumb	Task_Scene2_End
0x0816D81C	0x0816D9BF	thumb	SpriteCB_Volbeat
0x0816D9C0	0x0816DAE7	thumb	SpriteCB_Torchic
0x0816DAE8	0x0816DBA9	thumb	SpriteCB_Manectric
0x0816DBAC	0x0816DC63	thumb	Task_Scene3_Load
0x0816DC64	0x0816DCFB	thumb	Task_Scene3_SpinPokeball
0x0816DCFC	0x0816DD27	thumb	Task_Scene3_WaitGroudon
0x0816DD28	0x0816DDD7	thumb	Task_Scene3_LoadGroudon
0x0816DDD8	0x0816DE7B	thumb	Task_Scene3_InitGroudonBg
0x0816DE7C	0x0816DECF	thumb	Task_Scene3_NarrowWindow
0x0816DED0	0x0816DEEB	thumb	Task_Scene3_EndNarrowWindow
0x0816DEEC	0x0816DF2B	thumb	Task_Scene3_StartGroudon
0x0816DF2C	0x0816E18F	thumb	Task_Scene3_Groudon
0x0816E190	0x0816E1F7	thumb	CreateGroudonRockSprites
0x0816E1F8	0x0816E29F	thumb	SpriteCB_GroudonRocks
0x0816E2A0	0x0816E357	thumb	Task_Scene3_LoadKyogre
0x0816E358	0x0816E6D3	thumb	Task_Scene3_Kyogre
0x0816E6D4	0x0816E74B	thumb	CreateKyogreBubbleSprites_Body
0x0816E74C	0x0816E7B3	thumb	CreateKyogreBubbleSprites_Fins
0x0816E7B4	0x0816E887	thumb	SpriteCB_KyogreBubbles
0x0816E888	0x0816E953	thumb	Task_Scene3_LoadClouds1
0x0816E954	0x0816E997	thumb	Task_Scene3_LoadClouds2
0x0816E998	0x0816E9DB	thumb	Task_Scene3_InitClouds
0x0816E9DC	0x0816EAB7	thumb	Task_Scene3_Clouds
0x0816EAB8	0x0816EB43	thumb	Task_Scene3_LoadLightning
0x0816EB44	0x0816EC6B	thumb	Task_Scene3_Lightning
0x0816EC6C	0x0816ED1F	thumb	SpriteCB_Lightning
0x0816ED20	0x0816EDB3	thumb	Task_Scene3_LoadRayquazaAttack
0x0816EDB4	0x0816EE8F	thumb	Task_Scene3_Rayquaza
0x0816EE90	0x0816EEA7	thumb	Task_EndIntroMovie
0x0816EEA8	0x0816F0BF	thumb	Task_RayquazaAttack
0x0816F0C0	0x0816F125	thumb	IntroResetGpuRegs
0x0816F128	0x0816F1DF	thumb	Task_BlendLogoIn
0x0816F1E0	0x0816F2A7	thumb	Task_BlendLogoOut
0x0816F2A8	0x0816F317	thumb	PanFadeAndZoomScreen
0x0816F318	0x0816F3A1	thumb	SpriteCB_WaterDrop_Ripple
0x0816F3A4	0x0816F451	thumb	SpriteCB_WaterDropHalf
0x0816F454	0x0816F46B	thumb	SpriteCB_WaterDrop
0x0816F46C	0x0816F5B3	thumb	SpriteCB_WaterDrop_Slide
0x0816F5B4	0x0816F65F	thumb	SpriteCB_WaterDrop_ReachLeafEnd
0x0816F660	0x0816F6CF	thumb	SpriteCB_WaterDrop_DangleFromLeaf
0x0816F6D0	0x0816F74F	thumb	SpriteCB_WaterDrop_Fall
0x0816F750	0x0816F7CF	thumb	SpriteCB_WaterDropShort
0x0816F7D0	0x0816F9D3	thumb	CreateWaterDrop
0x0816F9D4	0x0816FAAF	thumb	SpriteCB_PlayerOnBicycle
0x0816FAB0	0x0816FB37	thumb	SpriteCB_Flygon
0x0816FB38	0x0816FD43	thumb	SpriteCB_LogoLetter
0x0816FD44	0x0816FDB5	thumb	SpriteCB_GameFreakLogo
0x0816FDB8	0x0816FEDB	thumb	CreateGameFreakLogoSprites
0x0816FEDC	0x0817003F	thumb	SpriteCB_FlygonSilhouette
0x08170040	0x081700F7	thumb	SpriteCB_RayquazaOrb
0x081700F8	0x0817018B	thumb	ReloadSave
0x0817018C	0x081701C3	thumb	FieldInitRegionMap
0x081701C4	0x0817025F	thumb	MCB2_InitRegionMapRegisters
0x08170260	0x08170271	thumb	VBCB_FieldUpdateRegionMap
0x08170274	0x0817028D	thumb	MCB2_FieldUpdateRegionMap
0x08170290	0x08170427	thumb	FieldUpdateRegionMap
0x08170428	0x08170477	thumb	PrintRegionMapSecName
0x08170478	0x0817065F	thumb	AnimTask_UnusedLevelUpHealthBox
0x08170660	0x08170833	thumb	AnimTask_UnusedLevelUpHealthBox_Step
0x08170834	0x0817091F	thumb	LoadHealthboxPalsForLevelUp
0x08170920	0x0817094B	thumb	AnimTask_LoadHealthboxPalsForLevelUp
0x0817094C	0x081709EB	thumb	FreeHealthboxPalsForLevelUp
0x081709EC	0x08170A0B	thumb	AnimTask_FreeHealthboxPalsForLevelUp
0x08170A0C	0x08170A37	thumb	AnimTask_FlashHealthboxOnLevelUp
0x08170A38	0x08170B03	thumb	AnimTask_FlashHealthboxOnLevelUp_Step
0x08170B04	0x08170BAF	thumb	AnimTask_SwitchOutShrinkMon
0x08170BB0	0x08170CFB	thumb	AnimTask_SwitchOutBallEffect
0x08170CFC	0x08170D23	thumb	AnimTask_LoadBallGfx
0x08170D24	0x08170D4B	thumb	AnimTask_FreeBallGfx
0x08170D4C	0x08170D83	thumb	AnimTask_IsBallBlockedByTrainer
0x08170D84	0x08170E01	thumb	ItemIdToBallId
0x08170E04	0x08170EEF	thumb	AnimTask_ThrowBall
0x08170EF0	0x08170F2B	thumb	AnimTask_ThrowBall_Step
0x08170F2C	0x0817102F	thumb	AnimTask_ThrowBall_StandingTrainer
0x08171030	0x081710A7	thumb	AnimTask_ThrowBall_StandingTrainer_Step
0x081710A8	0x08171103	thumb	Task_PlayerThrow_Wait
0x08171104	0x08171133	thumb	SpriteCB_Ball_Throw
0x08171134	0x081711E7	thumb	SpriteCB_Ball_Arc
0x081711E8	0x0817123F	thumb	SpriteCB_Ball_MonShrink
0x08171240	0x0817138B	thumb	SpriteCB_Ball_MonShrink_Step
0x0817138C	0x081713CF	thumb	SpriteCB_Ball_Bounce
0x081713D0	0x081714D3	thumb	SpriteCB_Ball_Bounce_Step
0x081714D4	0x0817151F	thumb	SpriteCB_Ball_Wobble
0x08171520	0x081717B3	thumb	SpriteCB_Ball_Wobble_Step
0x081717B4	0x081717D7	thumb	SpriteCB_Ball_Release
0x081717D8	0x081717F7	thumb	SpriteCB_Ball_Capture
0x081717F8	0x081718D7	thumb	SpriteCB_Ball_Capture_Step
0x081718D8	0x081719BF	thumb	SpriteCB_Ball_FadeOut
0x081719C0	0x081719E9	thumb	DestroySpriteAfterOneFrame
0x081719EC	0x08171AAB	thumb	MakeCaptureStars
0x08171AAC	0x08171AE1	thumb	SpriteCB_CaptureStar_Flicker
0x08171AE4	0x08171BAB	thumb	SpriteCB_Ball_Release_Step
0x08171BAC	0x08171CAB	thumb	SpriteCB_Ball_Release_Wait
0x08171CAC	0x08171CE7	thumb	SpriteCB_Ball_Block
0x08171CE8	0x08171D5F	thumb	SpriteCB_Ball_Block_Step
0x08171D60	0x08171D97	thumb	LoadBallParticleGfx
0x08171D98	0x08171E1F	thumb	AnimateBallOpenParticles
0x08171E20	0x08171E4F	thumb	IncrBallParticleCount
0x08171E50	0x08171F67	thumb	PokeBallOpenParticleAnimation
0x08171F68	0x08171F87	thumb	PokeBallOpenParticleAnimation_Step1
0x08171F88	0x08171FC1	thumb	PokeBallOpenParticleAnimation_Step2
0x08171FC4	0x081720C7	thumb	TimerBallOpenParticleAnimation
0x081720C8	0x081721CB	thumb	DiveBallOpenParticleAnimation
0x081721CC	0x081722CB	thumb	SafariBallOpenParticleAnimation
0x081722CC	0x081723D3	thumb	UltraBallOpenParticleAnimation
0x081723D4	0x08172507	thumb	GreatBallOpenParticleAnimation
0x08172508	0x0817255D	thumb	FanOutBallOpenParticles_Step1
0x08172560	0x0817265B	thumb	RepeatBallOpenParticleAnimation
0x0817265C	0x081726B9	thumb	RepeatBallOpenParticleAnimation_Step1
0x081726BC	0x081727E7	thumb	MasterBallOpenParticleAnimation
0x081727E8	0x081728DF	thumb	PremierBallOpenParticleAnimation
0x081728E0	0x08172941	thumb	PremierBallOpenParticleAnimation_Step1
0x08172944	0x081729E7	thumb	DestroyBallOpenAnimationParticle
0x081729E8	0x08172AAF	thumb	LaunchBallFadeMonTask
0x08172AB0	0x08172B3F	thumb	Task_FadeMon_ToBallColor
0x08172B40	0x08172B8F	thumb	Task_FadeMon_ToNormal
0x08172B90	0x08172BEF	thumb	Task_FadeMon_ToNormal_Step
0x08172BF0	0x08172D97	thumb	AnimTask_SwapMonSpriteToFromSubstitute
0x08172D98	0x08172E9B	thumb	AnimTask_SubstituteFadeToInvisible
0x08172E9C	0x08172ECF	thumb	AnimTask_IsAttackerBehindSubstitute
0x08172ED0	0x08172EEF	thumb	AnimTask_SetTargetToEffectBattler
0x08172EF0	0x08172FEB	thumb	TryShinyAnimation
0x08172FEC	0x081731AF	thumb	Task_ShinyStars
0x081731B0	0x081731FB	thumb	Task_ShinyStars_Wait
0x081731FC	0x0817324F	thumb	SpriteCB_ShinyStars_Encircle
0x08173250	0x081732AF	thumb	SpriteCB_ShinyStars_Diagonal
0x081732B0	0x081732E3	thumb	AnimTask_LoadPokeblockGfx
0x081732E4	0x0817330B	thumb	AnimTask_FreePokeblockGfx
0x0817330C	0x0817339B	thumb	SpriteCB_PokeBlock_Throw
0x0817339C	0x081733D3	thumb	SpriteCB_PokeBlock_LiftArm
0x081733D4	0x081733FF	thumb	SpriteCB_PokeBlock_Arc
0x08173400	0x0817345B	thumb	SpriteCB_ThrowPokeBlock_Free
0x0817345C	0x081734B3	thumb	AnimTask_SetAttackerTargetLeftPos
0x081734B4	0x0817351B	thumb	AnimTask_GetTrappedMoveAnimId
0x0817351C	0x0817354B	thumb	AnimTask_GetBattlersFromArg
0x0817354C	0x0817355D	thumb	VBlankCB_HallOfFame
0x08173560	0x08173579	thumb	CB2_HallOfFame
0x0817357C	0x08173691	thumb	InitHallOfFameScreen
0x08173694	0x081736D7	thumb	CB2_DoHallOfFameScreen
0x081736D8	0x0817371B	thumb	CB2_DoHallOfFameScreenDontSaveData
0x0817371C	0x081738BB	thumb	Task_Hof_InitMonData
0x081738BC	0x081739C3	thumb	Task_Hof_InitTeamSaveData
0x081739C4	0x08173A5B	thumb	Task_Hof_TrySaveData
0x08173A5C	0x08173A8B	thumb	Task_Hof_WaitToDisplayMon
0x08173A8C	0x08173AA7	thumb	Task_Hof_SetMonDisplayTask
0x08173AA8	0x08173BBF	thumb	Task_Hof_DisplayMon
0x08173BC0	0x08173C33	thumb	Task_Hof_PrintMonInfoAfterAnimating
0x08173C34	0x08173D23	thumb	Task_Hof_TryDisplayAnotherMon
0x08173D24	0x08173DBF	thumb	Task_Hof_PaletteFadeAndPrintWelcomeText
0x08173DC0	0x08173EA3	thumb	Task_Hof_DoConfetti
0x08173EA4	0x08173EE1	thumb	Task_Hof_WaitToDisplayPlayer
0x08173EE4	0x08173F83	thumb	Task_Hof_DisplayPlayer
0x08173F84	0x08174027	thumb	Task_Hof_WaitAndPrintPlayerInfo
0x08174028	0x0817405F	thumb	Task_Hof_ExitOnKeyPressed
0x08174060	0x081740AF	thumb	Task_Hof_HandlePaletteOnExit
0x081740B0	0x08174183	thumb	Task_Hof_HandleExit
0x08174184	0x08174193	thumb	StartCredits
0x08174194	0x08174323	thumb	CB2_DoHallOfFamePC
0x08174324	0x081743EB	thumb	Task_HofPC_CopySaveData
0x081743EC	0x081745FB	thumb	Task_HofPC_DrawSpritesPrintText
0x081745FC	0x08174727	thumb	Task_HofPC_PrintMonInfo
0x08174728	0x08174897	thumb	Task_HofPC_HandleInput
0x08174898	0x081748EF	thumb	Task_HofPC_HandlePaletteOnExit
0x081748F0	0x0817499F	thumb	Task_HofPC_HandleExit
0x081749A0	0x08174A07	thumb	Task_HofPC_PrintDataIsCorrupted
0x08174A08	0x08174A37	thumb	Task_HofPC_ExitOnButtonPress
0x08174A38	0x08174A87	thumb	HallOfFame_PrintWelcomeText
0x08174A88	0x08174C97	thumb	HallOfFame_PrintMonInfo
0x08174C98	0x08174EC3	thumb	HallOfFame_PrintPlayerInfo
0x08174EC4	0x08174F6F	thumb	ClearVramOamPltt_LoadHofPal
0x08174F70	0x08174FAB	thumb	LoadHofGfx
0x08174FAC	0x08175023	thumb	InitHofBgs
0x08175024	0x0817511F	thumb	LoadHofBgs
0x08175120	0x081751A1	thumb	SpriteCB_GetOnScreenAndAnimate
0x081751A4	0x081751FB	thumb	SpriteCB_HofConfetti
0x081751FC	0x0817527F	thumb	CreateHofConfettiSprite
0x08175280	0x081752BF	thumb	DoDomeConfetti
0x081752C0	0x081752F3	thumb	StopDomeConfetti
0x081752F4	0x08175363	thumb	UpdateDomeConfetti
0x08175364	0x081754C7	thumb	Task_DoDomeConfetti
0x081754C8	0x081754D9	thumb	VBlankCB_Credits
0x081754DC	0x08175547	thumb	CB2_Credits
0x08175548	0x081755A3	thumb	InitCreditsBgsAndWindows
0x081755A4	0x081755BB	thumb	FreeCreditsBgsAndWindows
0x081755BC	0x0817561D	thumb	PrintCreditsText
0x08175620	0x08175743	thumb	CB2_StartCreditsSequence
0x08175744	0x08175773	thumb	Task_WaitPaletteFade
0x08175774	0x08175807	thumb	Task_CreditsMain
0x08175808	0x08175847	thumb	Task_ReadyBikeScene
0x08175848	0x081758A3	thumb	Task_SetBikeScene
0x081758A4	0x081758E3	thumb	Task_ReadyShowMons
0x081758E4	0x08175A9B	thumb	Task_LoadShowMons
0x08175A9C	0x08175AE3	thumb	Task_CreditsTheEnd1
0x08175AE4	0x08175B1B	thumb	Task_CreditsTheEnd2
0x08175B1C	0x08175B8F	thumb	Task_CreditsTheEnd3
0x08175B90	0x08175BD7	thumb	Task_CreditsTheEnd4
0x08175BD8	0x08175C33	thumb	Task_CreditsTheEnd5
0x08175C34	0x08175CC7	thumb	Task_CreditsTheEnd6
0x08175CC8	0x08175CE3	thumb	Task_CreditsSoftReset
0x08175CE4	0x08175D9F	thumb	ResetGpuAndVram
0x08175DA0	0x0817603B	thumb	Task_UpdatePage
0x0817603C	0x081760FB	thumb	CheckChangeScene
0x081760FC	0x08176249	thumb	Task_ShowMons
0x0817624C	0x08176519	thumb	Task_BikeScene
0x0817651C	0x0817664B	thumb	Task_CycleSceneryPalette
0x0817664C	0x08176AAF	thumb	SetBikeScene
0x08176AB0	0x08176C9D	thumb	LoadBikeScene
0x08176CA0	0x08176D1B	thumb	ResetCreditsTasks
0x08176D1C	0x08176D77	thumb	LoadTheEndScreen
0x08176D78	0x08176DB9	thumb	GetLetterMapTile
0x08176DBC	0x08176E3F	thumb	DrawLetterMapTiles
0x08176E40	0x08176EE7	thumb	DrawTheEnd
0x08176EE8	0x08176F8D	thumb	SpriteCB_Player
0x08176F90	0x0817704D	thumb	SpriteCB_Rival
0x08177050	0x08177223	thumb	SpriteCB_CreditsMon
0x08177224	0x081772B7	thumb	CreateCreditsMonSprite
0x081772B8	0x08177385	thumb	SpriteCB_CreditsMonBg
0x08177388	0x08177555	thumb	DeterminePokemonToShow
0x08177558	0x08177583	thumb	ResetLotteryCorner
0x08177584	0x081775CB	thumb	SetRandomLotteryNumber
0x081775CC	0x081775DF	thumb	RetrieveLotteryNumber
0x081775E0	0x0817778B	thumb	PickLotteryCornerTicket
0x0817778C	0x08177813	thumb	GetMatchingDigits
0x08177814	0x0817783B	thumb	SetLotteryNumber
0x0817783C	0x08177863	thumb	GetLotteryNumber
0x08177864	0x08177871	thumb	SetLotteryNumber16_Unused
0x08177874	0x08177885	thumb	VBlankCB
0x08177888	0x08177A07	thumb	CB2_ShowDiploma
0x08177A08	0x08177A1D	thumb	MainCB2
0x08177A20	0x08177A4F	thumb	Task_DiplomaFadeIn
0x08177A50	0x08177A97	thumb	Task_DiplomaWaitForKeyPress
0x08177A98	0x08177AD3	thumb	Task_DiplomaFadeOut
0x08177AD4	0x08177B43	thumb	DisplayDiplomaText
0x08177B44	0x08177B9B	thumb	InitDiplomaBg
0x08177B9C	0x08177BCB	thumb	InitDiplomaWindow
0x08177BCC	0x08177C13	thumb	PrintDiplomaText
0x08177C14	0x08177C53	thumb	DoBerryTagScreen
0x08177C54	0x08177C6D	thumb	CB2_BerryTagScreen
0x08177C70	0x08177C81	thumb	VblankCB
0x08177C84	0x08177CAD	thumb	CB2_InitBerryTagScreen
0x08177CB0	0x08177E13	thumb	InitBerryTagScreen
0x08177E14	0x08177E87	thumb	HandleInitBackgrounds
0x08177E88	0x08178005	thumb	LoadBerryTagGfx
0x08178008	0x0817804B	thumb	HandleInitWindows
0x0817804C	0x0817808F	thumb	PrintTextInBerryTagScreen
0x08178090	0x081780F3	thumb	AddBerryTagTextToBg0
0x081780F4	0x0817810D	thumb	PrintAllBerryData
0x08178110	0x08178173	thumb	PrintBerryNumberAndName
0x08178174	0x0817824F	thumb	PrintBerrySize
0x08178250	0x081782CF	thumb	PrintBerryFirmness
0x081782D0	0x08178303	thumb	PrintBerryDescription1
0x08178304	0x08178337	thumb	PrintBerryDescription2
0x08178338	0x0817836B	thumb	CreateBerrySprite
0x0817836C	0x0817839B	thumb	DestroyBerrySprite
0x0817839C	0x08178403	thumb	CreateFlavorCircleSprites
0x08178404	0x08178593	thumb	SetFlavorCirclesVisiblity
0x08178594	0x081785CF	thumb	DestroyFlavorCircleSprites
0x081785D0	0x0817860F	thumb	PrepareToCloseBerryTagScreen
0x08178610	0x08178653	thumb	Task_CloseBerryTagScreen
0x08178654	0x081786AB	thumb	Task_HandleInput
0x081786AC	0x08178727	thumb	TryChangeDisplayedBerry
0x08178728	0x081787AB	thumb	HandleBagCursorPositionChange
0x081787AC	0x08178943	thumb	Task_DisplayAnotherBerry
0x08178944	0x08178955	thumb	VBlankCB
0x08178958	0x08178973	thumb	CheckLanguageMatch
0x08178974	0x08178A3F	thumb	CB2_InitMysteryEventMenu
0x08178A40	0x08178A77	thumb	GetEventLoadMessage
0x08178A78	0x08178EC3	thumb	CB2_MysteryEventMenu
0x08178EC4	0x08178F41	thumb	PrintMysteryMenuText
0x08178F44	0x08178F8F	thumb	SaveFailedScreenTextPrint
0x08178F90	0x08178FC7	thumb	DoSaveFailedScreen
0x08178FC8	0x08178FD9	thumb	VBlankCB
0x08178FDC	0x08179287	thumb	CB2_SaveFailedScreen
0x08179288	0x0817938F	thumb	CB2_WipeSave
0x08179390	0x081793DF	thumb	CB2_GameplayCannotBeContinued
0x081793E0	0x08179427	thumb	CB2_FadeAndReturnToTitleScreen
0x08179428	0x08179453	thumb	CB2_ReturnToTitleScreen
0x08179454	0x08179513	thumb	VBlankCB_UpdateClockGraphics
0x08179514	0x08179553	thumb	VerifySectorWipe
0x08179554	0x081795AB	thumb	WipeSector
0x081795AC	0x081795E5	thumb	WipeSectors
0x081795E8	0x08179639	thumb	ShouldDoBrailleDigEffect
0x0817963C	0x081796AB	thumb	DoBrailleDigEffect
0x081796AC	0x081796FB	thumb	CheckRelicanthWailord
0x081796FC	0x081796FD	thumb	ShouldDoBrailleRegirockEffectOld
0x08179700	0x0817973B	thumb	DoSealedChamberShakingEffect_Long
0x0817973C	0x08179777	thumb	DoSealedChamberShakingEffect_Short
0x08179778	0x081797DB	thumb	Task_SealedChamberShakingEffect
0x081797DC	0x08179831	thumb	ShouldDoBrailleRegirockEffect
0x08179834	0x0817984F	thumb	SetUpPuzzleEffectRegirock
0x08179850	0x0817985F	thumb	UseRegirockHm_Callback
0x08179860	0x081798CF	thumb	DoBrailleRegirockEffect
0x081798D0	0x08179915	thumb	ShouldDoBrailleRegisteelEffect
0x08179918	0x08179933	thumb	SetUpPuzzleEffectRegisteel
0x08179934	0x08179943	thumb	UseRegisteelHm_Callback
0x08179944	0x081799B3	thumb	DoBrailleRegisteelEffect
0x081799B4	0x081799B5	thumb	DoBrailleWait
0x081799B8	0x08179A03	thumb	FldEff_UsePuzzleEffect
0x08179A04	0x08179B67	thumb	ShouldDoBrailleRegicePuzzle
0x08179B68	0x08179B81	thumb	CB2_PokeblockFeed
0x08179B84	0x08179B95	thumb	VBlankCB_PokeblockFeed
0x08179B98	0x08179D6D	thumb	LoadPokeblockFeedScene
0x08179D70	0x08179D99	thumb	PreparePokeblockFeedScene
0x08179D9C	0x08179DF3	thumb	HandleInitBackgrounds
0x08179DF4	0x08179FA9	thumb	LoadMonAndSceneGfx
0x08179FAC	0x08179FEB	thumb	HandleInitWindows
0x08179FEC	0x0817A02F	thumb	SetPokeblockSpritePal
0x0817A030	0x0817A167	thumb	Task_HandlePokeblockFeed
0x0817A168	0x0817A193	thumb	LaunchPokeblockFeedTask
0x0817A194	0x0817A1C3	thumb	Task_WaitForAtePokeblockMessage
0x0817A1C4	0x0817A2BF	thumb	Task_PrintAtePokeblockMessage
0x0817A2C0	0x0817A31F	thumb	Task_ExitPokeblockFeed
0x0817A320	0x0817A357	thumb	Task_FadeOutPokeblockFeed
0x0817A358	0x0817A433	thumb	CreateMonSprite
0x0817A434	0x0817A467	thumb	StartMonJumpForPokeblock
0x0817A468	0x0817A4A3	thumb	SpriteCB_MonJumpForPokeblock
0x0817A4A4	0x0817A4F7	thumb	CreatePokeblockCaseSpriteForFeeding
0x0817A4F8	0x0817A56B	thumb	DoPokeblockCaseThrowEffect
0x0817A56C	0x0817A59F	thumb	CreatePokeblockSprite
0x0817A5A0	0x0817A5C9	thumb	SpriteCB_ThrownPokeblock
0x0817A5CC	0x0817A633	thumb	CalculateMonAnimLength
0x0817A634	0x0817A91B	thumb	UpdateMonAnim
0x0817A91C	0x0817A9E3	thumb	InitMonAnimStage
0x0817A9E4	0x0817AA3B	thumb	DoMonAnimStep
0x0817AA3C	0x0817AA53	thumb	FreeMonSpriteOamMatrix
0x0817AA54	0x0817AB67	thumb	CalculateMonAnimMovementEnd
0x0817AB68	0x0817ACC7	thumb	CalculateMonAnimMovement
0x0817ACC8	0x0817ACE3	thumb	CB2_InitClearSaveDataScreen
0x0817ACE4	0x0817AD3F	thumb	Task_DoClearSaveDataScreenYesNo
0x0817AD40	0x0817ADBF	thumb	Task_ClearSaveDataScreenYesNoChoice
0x0817ADC0	0x0817ADE3	thumb	Task_ClearSaveData
0x0817ADE4	0x0817ADF1	thumb	MainCB
0x0817ADF4	0x0817ADFD	thumb	VBlankCB
0x0817AE00	0x0817AFD1	thumb	SetupClearSaveDataScreen
0x0817AFD4	0x0817B02B	thumb	CB2_FadeAndDoReset
0x0817B02C	0x0817B063	thumb	InitClearSaveDataScreenWindows
0x0817B064	0x0817B14F	thumb	LoadIntroPart2Graphics
0x0817B150	0x0817B1C7	thumb	SetIntroPart2BgCnt
0x0817B1C8	0x0817B3A7	thumb	LoadCreditsSceneGraphics
0x0817B3A8	0x0817B3DB	thumb	SetCreditsSceneBgCnt
0x0817B3DC	0x0817B457	thumb	CreateBicycleBgAnimationTask
0x0817B458	0x0817B53F	thumb	Task_BicycleBgAnimation
0x0817B540	0x0817B62B	thumb	CycleSceneryPalette
0x0817B62C	0x0817B697	thumb	SpriteCB_MovingScenery
0x0817B698	0x0817B76B	thumb	CreateMovingScenerySprites
0x0817B76C	0x0817B787	thumb	CreateCloudSprites
0x0817B788	0x0817B7A3	thumb	CreateTreeSprites
0x0817B7A4	0x0817B7BF	thumb	CreateHouseSprites
0x0817B7C0	0x0817B7C1	thumb	SpriteCB_Player
0x0817B7C4	0x0817B833	thumb	SpriteCB_Bicycle
0x0817B834	0x0817B88B	thumb	CreateIntroBrendanSprite
0x0817B88C	0x0817B8E3	thumb	CreateIntroMaySprite
0x0817B8E4	0x0817B8E5	thumb	SpriteCB_FlygonLeftHalf
0x0817B8E8	0x0817B947	thumb	SpriteCB_FlygonRightHalf
0x0817B948	0x0817B9C3	thumb	CreateIntroFlygonSprite_Unused
0x0817B9C4	0x0817BA3F	thumb	CreateIntroFlygonSprite
0x0817BA40	0x0817BA41	thumb	SpriteCB_Sparkle_Dummy
0x0817BA44	0x0817BA7B	thumb	SetEvoSparklesMatrices
0x0817BA7C	0x0817BB35	thumb	SpriteCB_Sparkle_SpiralUpward
0x0817BB38	0x0817BB93	thumb	CreateSparkle_SpiralUpward
0x0817BB94	0x0817BC05	thumb	SpriteCB_Sparkle_ArcDown
0x0817BC08	0x0817BC6F	thumb	CreateSparkle_ArcDown
0x0817BC70	0x0817BCB7	thumb	SpriteCB_Sparkle_CircleInward
0x0817BCB8	0x0817BD1F	thumb	CreateSparkle_CircleInward
0x0817BD20	0x0817BDEF	thumb	SpriteCB_Sparkle_Spray
0x0817BDF0	0x0817BE77	thumb	CreateSparkle_Spray
0x0817BE78	0x0817BE93	thumb	LoadEvoSparkleSpriteAndPal
0x0817BE94	0x0817BEC3	thumb	EvolutionSparkles_SpiralUpward
0x0817BEC4	0x0817BF13	thumb	Task_Sparkles_SpiralUpward_Init
0x0817BF14	0x0817BF83	thumb	Task_Sparkles_SpiralUpward
0x0817BF84	0x0817BFB3	thumb	Task_Sparkles_SpiralUpward_End
0x0817BFB4	0x0817BFCB	thumb	EvolutionSparkles_ArcDown
0x0817BFCC	0x0817BFFF	thumb	Task_Sparkles_ArcDown_Init
0x0817C000	0x0817C057	thumb	Task_Sparkles_ArcDown
0x0817C058	0x0817C065	thumb	Task_Sparkles_ArcDown_End
0x0817C068	0x0817C07F	thumb	EvolutionSparkles_CircleInward
0x0817C080	0x0817C0B3	thumb	Task_Sparkles_CircleInward_Init
0x0817C0B4	0x0817C133	thumb	Task_Sparkles_CircleInward
0x0817C134	0x0817C141	thumb	Task_Sparkles_CircleInward_End
0x0817C144	0x0817C173	thumb	EvolutionSparkles_SprayAndFlash
0x0817C174	0x0817C1D3	thumb	Task_Sparkles_SprayAndFlash_Init
0x0817C1D4	0x0817C25F	thumb	Task_Sparkles_SprayAndFlash
0x0817C260	0x0817C27F	thumb	Task_Sparkles_SprayAndFlash_End
0x0817C280	0x0817C2AF	thumb	EvolutionSparkles_SprayAndFlash_Trade
0x0817C2B0	0x0817C30F	thumb	Task_Sparkles_SprayAndFlashTrade_Init
0x0817C310	0x0817C39B	thumb	Task_Sparkles_SprayAndFlashTrade
0x0817C39C	0x0817C39D	thumb	SpriteCB_EvolutionMonSprite
0x0817C3A0	0x0817C4EB	thumb	CycleEvolutionMonSprite
0x0817C4EC	0x0817C50F	thumb	Task_CycleEvolutionMonSprite_Init
0x0817C510	0x0817C55F	thumb	Task_CycleEvolutionMonSprite_TryEnd
0x0817C560	0x0817C67B	thumb	Task_CycleEvolutionMonSprite_UpdateSize
0x0817C67C	0x0817C72B	thumb	EndOnPostEvoMon
0x0817C72C	0x0817C7DB	thumb	EndOnPreEvoMon
0x0817C7DC	0x0817C7F3	thumb	GetWordPitch
0x0817C7F4	0x0817C857	thumb	GetWordSoundTemplates
0x0817C858	0x0817C8BB	thumb	CalcWordSounds
0x0817C8BC	0x0817C8FB	thumb	SetUpFieldMove_Teleport
0x0817C8FC	0x0817C91B	thumb	FieldCallback_Teleport
0x0817C91C	0x0817C94B	thumb	FldEff_UseTeleport
0x0817C94C	0x0817C95B	thumb	StartTeleportFieldEffect
0x0817C95C	0x0817E0B5	thumb	BattleTv_SetDataBasedOnString
0x0817E0B8	0x0817E0FB	thumb	IsNotSpecialBattleString
0x0817E0FC	0x0817E32B	thumb	BattleTv_SetDataBasedOnMove
0x0817E32C	0x0817E3F3	thumb	BattleTv_SetDataBasedOnAnimation
0x0817E3F4	0x0817E683	thumb	TryPutLinkBattleTvShowOnAir
0x0817E684	0x0817EA7F	thumb	AddMovePoints
0x0817EA80	0x0817EECB	thumb	AddPointsOnFainting
0x0817EECC	0x0817F21B	thumb	TrySetBattleSeminarShow
0x0817F21C	0x0817F2A5	thumb	ShouldCalculateDamage
0x0817F2A8	0x0817F33B	thumb	BattleTv_ClearExplosionFaintCause
0x0817F33C	0x0817F391	thumb	GetBattlerMoveSlotId
0x0817F394	0x0817F3EB	thumb	AddPointsBasedOnWeather
0x0817F3EC	0x0817F3ED	thumb	MonAnimDummySpriteCallback
0x0817F3F0	0x0817F473	thumb	SetPosForRotation
0x0817F474	0x0817F495	thumb	GetSpeciesBackAnimSet
0x0817F498	0x0817F543	thumb	Task_HandleMonAnimation
0x0817F544	0x0817F577	thumb	LaunchAnimationTaskForFrontSprite
0x0817F578	0x0817F593	thumb	StartMonSummaryAnimation
0x0817F594	0x0817F60B	thumb	LaunchAnimationTaskForBackSprite
0x0817F60C	0x0817F617	thumb	SetSpriteCB_MonAnimDummy
0x0817F618	0x0817F66F	thumb	SetAffineData
0x0817F670	0x0817F6D3	thumb	HandleStartAffineAnim
0x0817F6D4	0x0817F70B	thumb	HandleSetAffineData
0x0817F70C	0x0817F723	thumb	TryFlipX
0x0817F724	0x0817F755	thumb	InitAnimData
0x0817F758	0x0817F77B	thumb	AddNewAnim
0x0817F77C	0x0817F805	thumb	ResetSpriteAfterAnim
0x0817F808	0x0817F897	thumb	Anim_CircularStretchTwice
0x0817F898	0x0817F8FB	thumb	Anim_HorizontalVibrate
0x0817F8FC	0x0817F959	thumb	HorizontalSlide
0x0817F95C	0x0817F977	thumb	Anim_HorizontalSlide
0x0817F978	0x0817F9D7	thumb	VerticalSlide
0x0817F9D8	0x0817F9F3	thumb	Anim_VerticalSlide
0x0817F9F4	0x0817FA6B	thumb	VerticalJumps
0x0817FA6C	0x0817FA87	thumb	Anim_VerticalJumps_Big
0x0817FA88	0x0817FB63	thumb	Anim_VerticalJumpsHorizontalJumps
0x0817FB64	0x0817FC1D	thumb	Anim_GrowVibrate
0x0817FC20	0x0817FCC3	thumb	Zigzag
0x0817FCC4	0x0817FCDB	thumb	Anim_ZigzagFast
0x0817FCDC	0x0817FD21	thumb	HorizontalShake
0x0817FD24	0x0817FD43	thumb	Anim_HorizontalShake
0x0817FD44	0x0817FD87	thumb	VerticalShake
0x0817FD88	0x0817FDA3	thumb	Anim_VerticalShake
0x0817FDA4	0x0817FE2F	thumb	Anim_CircularVibrate
0x0817FE30	0x0817FEFD	thumb	Twist
0x0817FF00	0x0817FF3B	thumb	Anim_Twist
0x0817FF3C	0x0817FFB5	thumb	Spin
0x0817FFB8	0x0817FFEF	thumb	Anim_Spin_Long
0x0817FFF0	0x0818008F	thumb	CircleCounterclockwise
0x08180090	0x081800CF	thumb	Anim_CircleCounterclockwise
0x081800D0	0x08180133	thumb	Anim_GlowBlack
0x08180134	0x0818020F	thumb	Anim_HorizontalStretch
0x08180210	0x08180319	thumb	Anim_VerticalStretch
0x0818031C	0x0818039D	thumb	VerticalShakeTwice
0x081803A0	0x081803BB	thumb	Anim_VerticalShakeTwice
0x081803BC	0x08180473	thumb	Anim_TipMoveForward
0x08180474	0x081804F7	thumb	Anim_HorizontalPivot
0x081804F8	0x08180593	thumb	VerticalSlideWobble
0x08180594	0x081805AF	thumb	Anim_VerticalSlideWobble
0x081805B0	0x08180653	thumb	RisingWobble
0x08180654	0x0818066F	thumb	Anim_RisingWobble
0x08180670	0x08180713	thumb	Anim_HorizontalSlideWobble
0x08180714	0x08180809	thumb	VerticalSquishBounce
0x0818080C	0x08180827	thumb	Anim_VerticalSquishBounce
0x08180828	0x081808D5	thumb	ShrinkGrow
0x081808D8	0x081808FD	thumb	Anim_ShrinkGrow
0x08180900	0x08180A4F	thumb	BounceRotateToSides
0x08180A50	0x08180A8B	thumb	Anim_BounceRotateToSides
0x08180A8C	0x08180AF7	thumb	Anim_GlowOrange
0x08180AF8	0x08180B5B	thumb	Anim_GlowRed
0x08180B5C	0x08180BC1	thumb	Anim_GlowBlue
0x08180BC4	0x08180C2F	thumb	Anim_GlowYellow
0x08180C30	0x08180C9B	thumb	Anim_GlowPurple
0x08180C9C	0x08180CB3	thumb	Anim_BackAndLunge
0x08180CB4	0x08180CE7	thumb	BackAndLunge_0
0x08180CE8	0x08180D43	thumb	BackAndLunge_1
0x08180D44	0x08180DBF	thumb	BackAndLunge_2
0x08180DC0	0x08180E27	thumb	BackAndLunge_3
0x08180E28	0x08180E5B	thumb	BackAndLunge_4
0x08180E5C	0x08180E77	thumb	Anim_BackFlip
0x08180E78	0x08180ECF	thumb	BackFlip_0
0x08180ED0	0x08180F2B	thumb	BackFlip_1
0x08180F2C	0x08180FA7	thumb	BackFlip_2
0x08180FA8	0x0818100B	thumb	Anim_Flicker
0x0818100C	0x08181023	thumb	Anim_BackFlipBig
0x08181024	0x08181067	thumb	BackFlipBig_0
0x08181068	0x081810C3	thumb	BackFlipBig_1
0x081810C4	0x081810F7	thumb	BackFlipBig_2
0x081810F8	0x0818110F	thumb	Anim_FrontFlip
0x08181110	0x08181143	thumb	FrontFlip_0
0x08181144	0x081811A3	thumb	FrontFlip_1
0x081811A4	0x081811DF	thumb	FrontFlip_2
0x081811E0	0x08181213	thumb	Anim_TumblingFrontFlip
0x08181214	0x08181353	thumb	TumblingFrontFlip
0x08181354	0x0818136F	thumb	Anim_Figure8
0x08181370	0x08181417	thumb	Figure8
0x08181418	0x081814D3	thumb	Anim_FlashYellow
0x081814D4	0x0818159F	thumb	SwingConcave
0x081815A0	0x081815D3	thumb	Anim_SwingConcave_FastShort
0x081815D4	0x0818169F	thumb	SwingConvex
0x081816A0	0x081816D3	thumb	Anim_SwingConvex_FastShort
0x081816D4	0x08181707	thumb	Anim_RotateUpSlamDown
0x08181708	0x0818176F	thumb	RotateUpSlamDown_0
0x08181770	0x08181793	thumb	RotateUpSlamDown_1
0x08181794	0x0818180F	thumb	RotateUpSlamDown_2
0x08181810	0x0818195F	thumb	DeepVerticalSquishBounce
0x08181960	0x08181993	thumb	Anim_DeepVerticalSquishBounce
0x08181994	0x08181A75	thumb	Anim_HorizontalJumps
0x08181A78	0x08181ABB	thumb	Anim_HorizontalJumpsVerticalStretch
0x08181ABC	0x08181B49	thumb	HorizontalJumpsVerticalStretch_0
0x08181B4C	0x08181C2B	thumb	HorizontalJumpsVerticalStretch_1
0x08181C2C	0x08181CE7	thumb	HorizontalJumpsVerticalStretch_2
0x08181CE8	0x08181DAF	thumb	RotateToSides
0x08181DB0	0x08181DE3	thumb	Anim_RotateToSides_Fast
0x08181DE4	0x08181E8F	thumb	Anim_RotateUpToSides
0x08181E90	0x08181EF7	thumb	Anim_FlickerIncreasing
0x08181EF8	0x08181F13	thumb	Anim_TipHopForward
0x08181F14	0x08181F4F	thumb	TipHopForward_0
0x08181F50	0x08181FBF	thumb	TipHopForward_1
0x08181FC0	0x0818201B	thumb	TipHopForward_2
0x0818201C	0x081820DF	thumb	Anim_PivotShake
0x081820E0	0x081820FB	thumb	Anim_TipAndShake
0x081820FC	0x08182169	thumb	TipAndShake_0
0x0818216C	0x081821C9	thumb	TipAndShake_1
0x081821CC	0x08182247	thumb	TipAndShake_2
0x08182248	0x081822AD	thumb	TipAndShake_3
0x081822B0	0x0818236D	thumb	Anim_VibrateToCorners
0x08182370	0x0818249F	thumb	Anim_GrowInStages
0x081824A0	0x08182545	thumb	Anim_VerticalSpring
0x08182548	0x081825D9	thumb	Anim_VerticalRepeatedSpring
0x081825DC	0x081825F7	thumb	Anim_SpringRising
0x081825F8	0x08182645	thumb	SpringRising_0
0x08182648	0x081826F7	thumb	SpringRising_1
0x081826F8	0x08182763	thumb	SpringRising_2
0x08182764	0x081827F9	thumb	HorizontalSpring
0x081827FC	0x0818282D	thumb	Anim_HorizontalSpring
0x08182830	0x081828C5	thumb	HorizontalRepeatedSpring
0x081828C8	0x081828F9	thumb	Anim_HorizontalRepeatedSpring_Slow
0x081828FC	0x081829A9	thumb	Anim_HorizontalSlideShrink
0x081829AC	0x08182A69	thumb	Anim_LungeGrow
0x08182A6C	0x08182B21	thumb	Anim_CircleIntoBackground
0x08182B24	0x08182C17	thumb	Anim_RapidHorizontalHops
0x08182C18	0x08182D23	thumb	Anim_FourPetal
0x08182D24	0x08182D3F	thumb	Anim_VerticalSquishBounce_Slow
0x08182D40	0x08182D5B	thumb	Anim_HorizontalSlide_Slow
0x08182D5C	0x08182D77	thumb	Anim_VerticalSlide_Slow
0x08182D78	0x08182DB3	thumb	Anim_BounceRotateToSides_Small
0x08182DB4	0x08182DC1	thumb	Anim_BounceRotateToSides_Slow
0x08182DC4	0x08182DD1	thumb	Anim_BounceRotateToSides_SmallSlow
0x08182DD4	0x08182DFF	thumb	Anim_ZigzagSlow
0x08182E00	0x08182E1F	thumb	Anim_HorizontalShake_Slow
0x08182E20	0x08182E3B	thumb	Anim_VertialShake_Slow
0x08182E3C	0x08182E7B	thumb	Anim_Twist_Twice
0x08182E7C	0x08182EBB	thumb	Anim_CircleCounterclockwise_Slow
0x08182EBC	0x08182ED7	thumb	Anim_VerticalShakeTwice_Slow
0x08182ED8	0x08182EF3	thumb	Anim_VerticalSlideWobble_Small
0x08182EF4	0x08182F0F	thumb	Anim_VerticalJumps_Small
0x08182F10	0x08182F47	thumb	Anim_Spin
0x08182F48	0x08182F7F	thumb	Anim_TumblingFrontFlip_Twice
0x08182F80	0x08182FB7	thumb	Anim_DeepVerticalSquishBounce_Twice
0x08182FB8	0x08182FFB	thumb	Anim_HorizontalJumpsVerticalStretch_Twice
0x08182FFC	0x0818302F	thumb	Anim_RotateToSides
0x08183030	0x08183067	thumb	Anim_RotateToSides_Twice
0x08183068	0x0818309B	thumb	Anim_SwingConcave
0x0818309C	0x081830D3	thumb	Anim_SwingConcave_Fast
0x081830D4	0x08183107	thumb	Anim_SwingConvex
0x08183108	0x0818313F	thumb	Anim_SwingConvex_Fast
0x08183140	0x08183193	thumb	VerticalShakeBack
0x08183194	0x081831B3	thumb	Anim_VerticalShakeBack
0x081831B4	0x081831D3	thumb	Anim_VerticalShakeBack_Slow
0x081831D4	0x081832C7	thumb	Anim_VerticalShakeHorizontalSlide_Slow
0x081832C8	0x081833E7	thumb	VerticalStretchBothEnds
0x081833E8	0x08183415	thumb	Anim_VerticalStretchBothEnds_Slow
0x08183418	0x08183543	thumb	HorizontalStretchFar
0x08183544	0x08183571	thumb	Anim_HorizontalStretchFar_Slow
0x08183574	0x08183615	thumb	VerticalShakeLowTwice
0x08183618	0x08183637	thumb	Anim_VerticalShakeLowTwice
0x08183638	0x08183657	thumb	Anim_HorizontalShake_Fast
0x08183658	0x08183673	thumb	Anim_HorizontalSlide_Fast
0x08183674	0x081836D7	thumb	Anim_HorizontalVibrate_Fast
0x081836D8	0x0818373B	thumb	Anim_HorizontalVibrate_Fastest
0x0818373C	0x0818375B	thumb	Anim_VerticalShakeBack_Fast
0x0818375C	0x0818377B	thumb	Anim_VerticalShakeLowTwice_Slow
0x0818377C	0x0818379B	thumb	Anim_VerticalShakeLowTwice_Fast
0x0818379C	0x081837DB	thumb	Anim_CircleCounterclockwise_Long
0x081837DC	0x08183939	thumb	GrowStutter
0x0818393C	0x08183969	thumb	Anim_GrowStutter_Slow
0x0818396C	0x08183A5F	thumb	Anim_VerticalShakeHorizontalSlide
0x08183A60	0x08183B4B	thumb	Anim_VerticalShakeHorizontalSlide_Fast
0x08183B4C	0x08183C0B	thumb	TriangleDown
0x08183C0C	0x08183C2B	thumb	Anim_TriangleDown_Slow
0x08183C2C	0x08183C4B	thumb	Anim_TriangleDown
0x08183C4C	0x08183C6B	thumb	Anim_TriangleDown_Fast
0x08183C6C	0x08183CED	thumb	Grow
0x08183CF0	0x08183D27	thumb	Anim_Grow
0x08183D28	0x08183D5F	thumb	Anim_Grow_Twice
0x08183D60	0x08183D93	thumb	Anim_HorizontalSpring_Fast
0x08183D94	0x08183DC5	thumb	Anim_HorizontalSpring_Slow
0x08183DC8	0x08183DFB	thumb	Anim_HorizontalRepeatedSpring_Fast
0x08183DFC	0x08183E2D	thumb	Anim_HorizontalRepeatedSpring
0x08183E30	0x08183E55	thumb	Anim_ShrinkGrow_Fast
0x08183E58	0x08183E7D	thumb	Anim_ShrinkGrow_Slow
0x08183E80	0x08183EAD	thumb	Anim_VerticalStretchBothEnds
0x08183EB0	0x08183EDF	thumb	Anim_VerticalStretchBothEnds_Twice
0x08183EE0	0x08183F11	thumb	Anim_HorizontalStretchFar_Twice
0x08183F14	0x08183F43	thumb	Anim_HorizontalStretchFar
0x08183F44	0x08183F75	thumb	Anim_GrowStutter_Twice
0x08183F78	0x08183FA7	thumb	Anim_GrowStutter
0x08183FA8	0x08184047	thumb	ConcaveArc
0x08184048	0x0818406F	thumb	Anim_ConcaveArcLarge_Slow
0x08184070	0x08184097	thumb	Anim_ConcaveArcLarge
0x08184098	0x081840C1	thumb	Anim_ConcaveArcLarge_Twice
0x081840C4	0x0818418D	thumb	ConvexDoubleArc
0x08184190	0x081841B9	thumb	Anim_ConvexDoubleArc_Slow
0x081841BC	0x081841E5	thumb	Anim_ConvexDoubleArc
0x081841E8	0x08184211	thumb	Anim_ConvexDoubleArc_Twice
0x08184214	0x0818423B	thumb	Anim_ConcaveArcSmall_Slow
0x0818423C	0x08184263	thumb	Anim_ConcaveArcSmall
0x08184264	0x0818428F	thumb	Anim_ConcaveArcSmall_Twice
0x08184290	0x081842D9	thumb	SetHorizontalDip
0x081842DC	0x0818435D	thumb	Anim_HorizontalDip
0x08184360	0x081843E1	thumb	Anim_HorizontalDip_Fast
0x081843E4	0x08184465	thumb	Anim_HorizontalDip_Twice
0x08184468	0x0818454F	thumb	ShrinkGrowVibrate
0x08184550	0x0818457B	thumb	Anim_ShrinkGrowVibrate_Fast
0x0818457C	0x081845A5	thumb	Anim_ShrinkGrowVibrate
0x081845A8	0x081845D1	thumb	Anim_ShrinkGrowVibrate_Slow
0x081845D4	0x0818460F	thumb	JoltRight
0x08184610	0x0818463F	thumb	JoltRight_0
0x08184640	0x08184677	thumb	JoltRight_1
0x08184678	0x081846B7	thumb	JoltRight_2
0x081846B8	0x081846EB	thumb	JoltRight_3
0x081846EC	0x08184717	thumb	Anim_JoltRight_Fast
0x08184718	0x08184743	thumb	Anim_JoltRight
0x08184744	0x0818476F	thumb	Anim_JoltRight_Slow
0x08184770	0x08184795	thumb	SetShakeFlashYellowPos
0x08184798	0x08184833	thumb	ShakeFlashYellow
0x08184834	0x0818486B	thumb	Anim_ShakeFlashYellow_Fast
0x0818486C	0x081848A3	thumb	Anim_ShakeFlashYellow
0x081848A4	0x081848DD	thumb	Anim_ShakeFlashYellow_Slow
0x081848E0	0x08184933	thumb	ShakeGlow_Blend
0x08184934	0x081849D1	thumb	ShakeGlow_Move
0x081849D4	0x08184A3B	thumb	Anim_ShakeGlowRed_Fast
0x08184A3C	0x08184AA3	thumb	Anim_ShakeGlowRed
0x08184AA4	0x08184B0B	thumb	Anim_ShakeGlowRed_Slow
0x08184B0C	0x08184B75	thumb	Anim_ShakeGlowGreen_Fast
0x08184B78	0x08184BDF	thumb	Anim_ShakeGlowGreen
0x08184BE0	0x08184C47	thumb	Anim_ShakeGlowGreen_Slow
0x08184C48	0x08184CAF	thumb	Anim_ShakeGlowBlue_Fast
0x08184CB0	0x08184D19	thumb	Anim_ShakeGlowBlue
0x08184D1C	0x08184D85	thumb	Anim_ShakeGlowBlue_Slow
0x08184D88	0x08184DA3	thumb	WaitAnimEnd
0x08184DA4	0x08184E57	thumb	RecordedBattle_Init
0x08184E58	0x08184FBB	thumb	RecordedBattle_SetTrainerInfo
0x08184FBC	0x08185007	thumb	RecordedBattle_SetBattlerAction
0x08185008	0x08185053	thumb	RecordedBattle_ClearBattlerAction
0x08185054	0x081850CD	thumb	RecordedBattle_GetBattlerAction
0x081850D0	0x081850DB	thumb	GetRecordedBattleMode
0x081850DC	0x081851A7	thumb	RecordedBattle_BufferNewBattlerData
0x081851A8	0x08185277	thumb	RecordedBattle_RecordAllBattlerData
0x08185278	0x0818528D	thumb	GetNextRecordedDataByte
0x08185290	0x081852AF	thumb	CanCopyRecordedBattleSaveData
0x081852B0	0x081852EF	thumb	IsRecordedBattleSaveValid
0x081852F0	0x08185337	thumb	RecordedBattleToSave
0x08185338	0x08185A53	thumb	MoveRecordedBattleToSaveData
0x08185A54	0x08185A85	thumb	TryCopyRecordedBattleSaveData
0x08185A88	0x08185AAD	thumb	CopyRecordedBattleFromSave
0x08185AB0	0x08185B1B	thumb	CB2_RecordedBattleEnd
0x08185B1C	0x08185B5F	thumb	Task_StartAfterCountdown
0x08185B60	0x08185E23	thumb	SetVariablesForRecordedBattle
0x08185E24	0x08185E8B	thumb	PlayRecordedBattle
0x08185E8C	0x08185E9D	thumb	CB2_RecordedBattle
0x08185EA0	0x08185EAB	thumb	GetRecordedBattleFrontierFacility
0x08185EAC	0x08185EB7	thumb	GetRecordedBattleFronterBrainSymbol
0x08185EB8	0x08185EFB	thumb	RecordedBattle_SaveParties
0x08185EFC	0x08185F3F	thumb	RecordedBattle_RestoreSavedParties
0x08185F40	0x08185F83	thumb	GetActiveBattlerLinkPlayerGender
0x08185F84	0x08185F8F	thumb	RecordedBattle_ClearFrontierPassFlag
0x08185F90	0x08185FAB	thumb	RecordedBattle_SetFrontierPassFlagFromHword
0x08185FAC	0x08185FB7	thumb	RecordedBattle_GetFrontierPassFlag
0x08185FB8	0x08185FC3	thumb	GetBattleSceneInRecordedBattle
0x08185FC4	0x08185FCF	thumb	GetTextSpeedInRecordedBattle
0x08185FD0	0x0818603B	thumb	RecordedBattle_CopyBattlerMoves
0x0818603C	0x08186437	thumb	RecordedBattle_CheckMovesetChanges
0x08186438	0x08186443	thumb	GetAiScriptsInRecordedBattle
0x08186444	0x0818644F	thumb	RecordedBattle_SetPlaybackFinished
0x08186450	0x08186467	thumb	RecordedBattle_CanStopPlayback
0x08186468	0x0818649B	thumb	GetRecordedBattleRecordMixFriendName
0x0818649C	0x081864A7	thumb	GetRecordedBattleRecordMixFriendClass
0x081864A8	0x081864B3	thumb	GetRecordedBattleApprenticeId
0x081864B4	0x081864BF	thumb	GetRecordedBattleRecordMixFriendLanguage
0x081864C0	0x081864CB	thumb	GetRecordedBattleApprenticeLanguage
0x081864CC	0x081864DF	thumb	RecordedBattle_SaveBattleOutcome
0x081864E0	0x081864E7	thumb	GetRecordedBattleEasyChatSpeech
0x081864E8	0x081864E9	thumb	RecordedOpponentDummy
0x081864EC	0x08186507	thumb	SetControllerToRecordedOpponent
0x08186508	0x08186557	thumb	RecordedOpponentBufferRunCommand
0x08186558	0x0818658F	thumb	CompleteOnBattlerSpriteCallbackDummy
0x08186590	0x081865C7	thumb	CompleteOnBankSpriteCallbackDummy2
0x081865C8	0x0818662F	thumb	FreeTrainerSpriteAfterSlide
0x08186630	0x08186677	thumb	Intro_DelayAndEnd
0x08186678	0x0818686B	thumb	Intro_WaitForShinyAnimAndHealthbox
0x0818686C	0x08186C47	thumb	Intro_TryShinyAnimShowHealthbox
0x08186C48	0x08186D03	thumb	TryShinyAnimAfterMonAnim
0x08186D04	0x08186D55	thumb	CompleteOnHealthbarDone
0x08186D58	0x08186D9B	thumb	HideHealthboxAfterMonFaint
0x08186D9C	0x08186E0F	thumb	FreeMonSpriteAfterSwitchOutAnim
0x08186E10	0x08186E25	thumb	CompleteOnInactiveTextPrinter
0x08186E28	0x08186EA3	thumb	DoHitAnimBlinkSpriteEffect
0x08186EA4	0x08186F13	thumb	SwitchIn_ShowSubstitute
0x08186F14	0x08186F93	thumb	SwitchIn_HandleSoundAndEnd
0x08186F94	0x08187083	thumb	SwitchIn_ShowHealthbox
0x08187084	0x0818714B	thumb	SwitchIn_TryShinyAnim
0x0818714C	0x0818717B	thumb	CompleteOnFinishedStatusAnimation
0x0818717C	0x081871AB	thumb	CompleteOnFinishedBattleAnimation
0x081871AC	0x08187223	thumb	RecordedOpponentBufferExecCompleted
0x08187224	0x08187295	thumb	RecordedOpponentHandleGetMonData
0x08187298	0x08187A43	thumb	CopyRecordedOpponentMonData
0x08187A44	0x08187A4D	thumb	RecordedOpponentHandleGetRawMonData
0x08187A50	0x08187AA7	thumb	RecordedOpponentHandleSetMonData
0x08187AA8	0x081883C7	thumb	SetRecordedOpponentMonData
0x081883C8	0x0818843B	thumb	RecordedOpponentHandleSetRawMonData
0x0818843C	0x0818858B	thumb	RecordedOpponentHandleLoadMonSprite
0x0818858C	0x081885D7	thumb	RecordedOpponentHandleSwitchInAnim
0x081885D8	0x08188767	thumb	StartSendOutAnim
0x08188768	0x081887FF	thumb	RecordedOpponentHandleReturnMonToBall
0x08188800	0x0818888B	thumb	DoSwitchOutAnimation
0x0818888C	0x08188A3F	thumb	RecordedOpponentHandleDrawTrainerPic
0x08188A40	0x08188A49	thumb	RecordedOpponentHandleTrainerSlide
0x08188A4C	0x08188AF7	thumb	RecordedOpponentHandleTrainerSlideBack
0x08188AF8	0x08188BA3	thumb	RecordedOpponentHandleFaintAnimation
0x08188BA4	0x08188BAD	thumb	RecordedOpponentHandlePaletteFade
0x08188BB0	0x08188BB9	thumb	RecordedOpponentHandleSuccessBallThrowAnim
0x08188BBC	0x08188BC5	thumb	RecordedOpponentHandleBallThrowAnim
0x08188BC8	0x08188BD1	thumb	RecordedOpponentHandlePause
0x08188BD4	0x08188D0B	thumb	RecordedOpponentHandleMoveAnimation
0x08188D0C	0x08188E8D	thumb	RecordedOpponentDoMoveAnimation
0x08188E90	0x08188EE3	thumb	RecordedOpponentHandlePrintString
0x08188EE4	0x08188EED	thumb	RecordedOpponentHandlePrintSelectionString
0x08188EF0	0x08188F13	thumb	RecordedOpponentHandleChooseAction
0x08188F14	0x08188F1D	thumb	RecordedOpponentHandleYesNoBox
0x08188F20	0x08188F7B	thumb	RecordedOpponentHandleChooseMove
0x08188F7C	0x08188F85	thumb	RecordedOpponentHandleChooseItem
0x08188F88	0x08188FC3	thumb	RecordedOpponentHandleChoosePokemon
0x08188FC4	0x08188FCD	thumb	RecordedOpponentHandleCmd23
0x08188FD0	0x081890BF	thumb	RecordedOpponentHandleHealthBarUpdate
0x081890C0	0x081890C9	thumb	RecordedOpponentHandleExpUpdate
0x081890CC	0x08189143	thumb	RecordedOpponentHandleStatusIconUpdate
0x08189144	0x081891AB	thumb	RecordedOpponentHandleStatusAnimation
0x081891AC	0x081891B5	thumb	RecordedOpponentHandleStatusXor
0x081891B8	0x081891C1	thumb	RecordedOpponentHandleDataTransfer
0x081891C4	0x081891CD	thumb	RecordedOpponentHandleDMA3Transfer
0x081891D0	0x081891D9	thumb	RecordedOpponentHandlePlayBGM
0x081891DC	0x081891E5	thumb	RecordedOpponentHandleCmd32
0x081891E8	0x081891F1	thumb	RecordedOpponentHandleTwoReturnValues
0x081891F4	0x081891FD	thumb	RecordedOpponentHandleChosenMonReturnValue
0x08189200	0x08189209	thumb	RecordedOpponentHandleOneReturnValue
0x0818920C	0x08189215	thumb	RecordedOpponentHandleOneReturnValue_Duplicate
0x08189218	0x08189233	thumb	RecordedOpponentHandleClearUnkVar
0x08189234	0x0818926B	thumb	RecordedOpponentHandleSetUnkVar
0x0818926C	0x08189283	thumb	RecordedOpponentHandleClearUnkFlag
0x08189284	0x081892AB	thumb	RecordedOpponentHandleToggleUnkFlag
0x081892AC	0x0818931B	thumb	RecordedOpponentHandleHitAnimation
0x0818931C	0x08189325	thumb	RecordedOpponentHandleCantSwitch
0x08189328	0x0818936B	thumb	RecordedOpponentHandlePlaySE
0x0818936C	0x081893C5	thumb	RecordedOpponentHandlePlayFanfareOrBGM
0x081893C8	0x08189403	thumb	RecordedOpponentHandleFaintingCry
0x08189404	0x08189437	thumb	RecordedOpponentHandleIntroSlide
0x08189438	0x08189547	thumb	RecordedOpponentHandleIntroTrainerBallThrow
0x08189548	0x0818962B	thumb	Task_StartSendOutAnim
0x0818962C	0x08189647	thumb	SpriteCB_FreeOpponentSprite
0x08189648	0x0818975B	thumb	RecordedOpponentHandleDrawPartyStatusSummary
0x0818975C	0x081897A3	thumb	EndDrawPartyStatusSummary
0x081897A4	0x081897F3	thumb	RecordedOpponentHandleHidePartyStatusSummary
0x081897F4	0x081897FD	thumb	RecordedOpponentHandleEndBounceEffect
0x08189800	0x0818985F	thumb	RecordedOpponentHandleSpriteInvisibility
0x08189860	0x081898C7	thumb	RecordedOpponentHandleBattleAnimation
0x081898C8	0x081898D1	thumb	RecordedOpponentHandleLinkStandbyMsg
0x081898D4	0x081898DD	thumb	RecordedOpponentHandleResetActionMoveSelection
0x081898E0	0x08189943	thumb	RecordedOpponentHandleEndLinkBattle
0x08189944	0x08189945	thumb	RecordedOpponentCmdEnd
0x08189948	0x08189949	thumb	RecordedPlayerDummy
0x0818994C	0x08189967	thumb	SetControllerToRecordedPlayer
0x08189968	0x081899B7	thumb	RecordedPlayerBufferRunCommand
0x081899B8	0x081899EF	thumb	CompleteOnBattlerSpriteCallbackDummy
0x081899F0	0x08189A57	thumb	FreeTrainerSpriteAfterSlide
0x08189A58	0x08189A9F	thumb	Intro_DelayAndEnd
0x08189AA0	0x08189D3F	thumb	Intro_WaitForShinyAnimAndHealthbox
0x08189D40	0x0818A063	thumb	Intro_TryShinyAnimShowHealthbox
0x0818A064	0x0818A0A3	thumb	WaitForMonAnimAfterLoad
0x0818A0A4	0x0818A113	thumb	CompleteOnHealthbarDone
0x0818A114	0x0818A1AF	thumb	FreeMonSpriteAfterFaintAnim
0x0818A1B0	0x0818A21F	thumb	FreeMonSpriteAfterSwitchOutAnim
0x0818A220	0x0818A235	thumb	CompleteOnInactiveTextPrinter
0x0818A238	0x0818A2B3	thumb	DoHitAnimBlinkSpriteEffect
0x0818A2B4	0x0818A327	thumb	SwitchIn_ShowSubstitute
0x0818A328	0x0818A37B	thumb	SwitchIn_WaitAndEnd
0x0818A37C	0x0818A46F	thumb	SwitchIn_ShowHealthbox
0x0818A470	0x0818A513	thumb	SwitchIn_TryShinyAnim
0x0818A514	0x0818A58B	thumb	RecordedPlayerBufferExecCompleted
0x0818A58C	0x0818A5BB	thumb	CompleteOnFinishedStatusAnimation
0x0818A5BC	0x0818A5EB	thumb	CompleteOnFinishedBattleAnimation
0x0818A5EC	0x0818A65D	thumb	RecordedPlayerHandleGetMonData
0x0818A660	0x0818AE0B	thumb	CopyRecordedPlayerMonData
0x0818AE0C	0x0818AE15	thumb	RecordedPlayerHandleGetRawMonData
0x0818AE18	0x0818AE6F	thumb	RecordedPlayerHandleSetMonData
0x0818AE70	0x0818B86B	thumb	SetRecordedPlayerMonData
0x0818B86C	0x0818B8DF	thumb	RecordedPlayerHandleSetRawMonData
0x0818B8E0	0x0818B9FB	thumb	RecordedPlayerHandleLoadMonSprite
0x0818B9FC	0x0818BA6B	thumb	RecordedPlayerHandleSwitchInAnim
0x0818BA6C	0x0818BBE7	thumb	StartSendOutAnim
0x0818BBE8	0x0818BC77	thumb	RecordedPlayerHandleReturnMonToBall
0x0818BC78	0x0818BD03	thumb	DoSwitchOutAnimation
0x0818BD04	0x0818BFAB	thumb	RecordedPlayerHandleDrawTrainerPic
0x0818BFAC	0x0818BFB5	thumb	RecordedPlayerHandleTrainerSlide
0x0818BFB8	0x0818C063	thumb	RecordedPlayerHandleTrainerSlideBack
0x0818C064	0x0818C14F	thumb	RecordedPlayerHandleFaintAnimation
0x0818C150	0x0818C159	thumb	RecordedPlayerHandlePaletteFade
0x0818C15C	0x0818C165	thumb	RecordedPlayerHandleSuccessBallThrowAnim
0x0818C168	0x0818C171	thumb	RecordedPlayerHandleBallThrowAnim
0x0818C174	0x0818C17D	thumb	RecordedPlayerHandlePause
0x0818C180	0x0818C2B7	thumb	RecordedPlayerHandleMoveAnimation
0x0818C2B8	0x0818C439	thumb	RecordedPlayerDoMoveAnimation
0x0818C43C	0x0818C48F	thumb	RecordedPlayerHandlePrintString
0x0818C490	0x0818C499	thumb	RecordedPlayerHandlePrintSelectionString
0x0818C49C	0x0818C4D7	thumb	ChooseActionInBattlePalace
0x0818C4D8	0x0818C52B	thumb	RecordedPlayerHandleChooseAction
0x0818C52C	0x0818C535	thumb	RecordedPlayerHandleYesNoBox
0x0818C538	0x0818C593	thumb	RecordedPlayerHandleChooseMove
0x0818C594	0x0818C59D	thumb	RecordedPlayerHandleChooseItem
0x0818C5A0	0x0818C5DB	thumb	RecordedPlayerHandleChoosePokemon
0x0818C5DC	0x0818C5E5	thumb	RecordedPlayerHandleCmd23
0x0818C5E8	0x0818C6E7	thumb	RecordedPlayerHandleHealthBarUpdate
0x0818C6E8	0x0818C6F1	thumb	RecordedPlayerHandleExpUpdate
0x0818C6F4	0x0818C76B	thumb	RecordedPlayerHandleStatusIconUpdate
0x0818C76C	0x0818C7D3	thumb	RecordedPlayerHandleStatusAnimation
0x0818C7D4	0x0818C7DD	thumb	RecordedPlayerHandleStatusXor
0x0818C7E0	0x0818C7E9	thumb	RecordedPlayerHandleDataTransfer
0x0818C7EC	0x0818C7F5	thumb	RecordedPlayerHandleDMA3Transfer
0x0818C7F8	0x0818C801	thumb	RecordedPlayerHandlePlayBGM
0x0818C804	0x0818C80D	thumb	RecordedPlayerHandleCmd32
0x0818C810	0x0818C819	thumb	RecordedPlayerHandleTwoReturnValues
0x0818C81C	0x0818C825	thumb	RecordedPlayerHandleChosenMonReturnValue
0x0818C828	0x0818C831	thumb	RecordedPlayerHandleOneReturnValue
0x0818C834	0x0818C83D	thumb	RecordedPlayerHandleOneReturnValue_Duplicate
0x0818C840	0x0818C85B	thumb	RecordedPlayerHandleClearUnkVar
0x0818C85C	0x0818C893	thumb	RecordedPlayerHandleSetUnkVar
0x0818C894	0x0818C8AB	thumb	RecordedPlayerHandleClearUnkFlag
0x0818C8AC	0x0818C8D3	thumb	RecordedPlayerHandleToggleUnkFlag
0x0818C8D4	0x0818C943	thumb	RecordedPlayerHandleHitAnimation
0x0818C944	0x0818C94D	thumb	RecordedPlayerHandleCantSwitch
0x0818C950	0x0818C993	thumb	RecordedPlayerHandlePlaySE
0x0818C994	0x0818C9ED	thumb	RecordedPlayerHandlePlayFanfareOrBGM
0x0818C9F0	0x0818CA2F	thumb	RecordedPlayerHandleFaintingCry
0x0818CA30	0x0818CA63	thumb	RecordedPlayerHandleIntroSlide
0x0818CA64	0x0818CC23	thumb	RecordedPlayerHandleIntroTrainerBallThrow
0x0818CC24	0x0818CD2F	thumb	Task_StartSendOutAnim
0x0818CD30	0x0818CDF3	thumb	RecordedPlayerHandleDrawPartyStatusSummary
0x0818CDF4	0x0818CE3B	thumb	EndDrawPartyStatusSummary
0x0818CE3C	0x0818CE8B	thumb	RecordedPlayerHandleHidePartyStatusSummary
0x0818CE8C	0x0818CE95	thumb	RecordedPlayerHandleEndBounceEffect
0x0818CE98	0x0818CEF7	thumb	RecordedPlayerHandleSpriteInvisibility
0x0818CEF8	0x0818CF5F	thumb	RecordedPlayerHandleBattleAnimation
0x0818CF60	0x0818CF69	thumb	RecordedPlayerHandleLinkStandbyMsg
0x0818CF6C	0x0818CF75	thumb	RecordedPlayerHandleResetActionMoveSelection
0x0818CF78	0x0818CFC3	thumb	RecordedPlayerHandleEndLinkBattle
0x0818CFC4	0x0818CFC5	thumb	RecordedPlayerCmdEnd
0x0818CFC8	0x0818CFC9	thumb	DummyPicSpriteCallback
0x0818CFCC	0x0818CFF3	thumb	ResetAllPicSprites
0x0818CFF4	0x0818D09B	thumb	DecompressPic
0x0818D09C	0x0818D0C3	thumb	DecompressPic_HandleDeoxys
0x0818D0C4	0x0818D17F	thumb	LoadPicPaletteByTagOrSlot
0x0818D180	0x0818D1BF	thumb	LoadPicPaletteBySlot
0x0818D1C0	0x0818D1EB	thumb	AssignSpriteAnimsTable
0x0818D1EC	0x0818D383	thumb	CreatePicSprite
0x0818D384	0x0818D3E3	thumb	CreatePicSprite_HandleDeoxys
0x0818D3E4	0x0818D5AF	thumb	CreateMonPicSprite_Affine
0x0818D5B0	0x0818D65B	thumb	FreeAndDestroyPicSpriteInternal
0x0818D65C	0x0818D6CB	thumb	LoadPicSpriteInWindow
0x0818D6CC	0x0818D777	thumb	CreateTrainerCardSprite
0x0818D778	0x0818D7D7	thumb	CreateMonPicSprite
0x0818D7D8	0x0818D81F	thumb	CreateMonPicSprite_HandleDeoxys
0x0818D820	0x0818D831	thumb	FreeAndDestroyMonPicSprite
0x0818D834	0x0818D863	thumb	LoadMonPicInWindow
0x0818D864	0x0818D8AB	thumb	CreateTrainerCardMonIconSprite
0x0818D8AC	0x0818D8EF	thumb	CreateTrainerPicSprite
0x0818D8F0	0x0818D901	thumb	FreeAndDestroyTrainerPicSprite
0x0818D904	0x0818D937	thumb	LoadTrainerPicInWindow
0x0818D938	0x0818D97B	thumb	CreateTrainerCardTrainerPicSprite
0x0818D97C	0x0818D9AB	thumb	PlayerGenderToFrontTrainerPicId_Debug
0x0818D9AC	0x0818D9BF	thumb	GetLilycoveLadyId
0x0818D9C0	0x0818DA2F	thumb	SetLilycoveLadyGfx
0x0818DA30	0x0818DA75	thumb	InitLilycoveLady
0x0818DA78	0x0818DAA9	thumb	ResetLilycoveLadyForRecordMix
0x0818DAAC	0x0818DAE9	thumb	InitLilycoveLadyRandomly
0x0818DAEC	0x0818DB03	thumb	Script_GetLilycoveLadyId
0x0818DB04	0x0818DB1F	thumb	GetNumAcceptedItems
0x0818DB20	0x0818DB7B	thumb	FavorLadyPickFavorAndBestItem
0x0818DB7C	0x0818DBC3	thumb	InitLilycoveFavorLady
0x0818DBC4	0x0818DBE7	thumb	ResetFavorLadyForRecordMix
0x0818DBE8	0x0818DC19	thumb	GetFavorLadyState
0x0818DC1C	0x0818DC2B	thumb	GetFavorLadyRequest
0x0818DC2C	0x0818DC5F	thumb	BufferFavorLadyRequest
0x0818DC60	0x0818DCAB	thumb	HasAnotherPlayerGivenFavorLadyItem
0x0818DCAC	0x0818DCC5	thumb	BufferItemName
0x0818DCC8	0x0818DCF3	thumb	BufferFavorLadyItemName
0x0818DCF4	0x0818DD11	thumb	SetFavorLadyPlayerName
0x0818DD14	0x0818DD53	thumb	BufferFavorLadyPlayerName
0x0818DD54	0x0818DD77	thumb	DidFavorLadyLikeItem
0x0818DD78	0x0818DD81	thumb	Script_FavorLadyOpenBagMenu
0x0818DD84	0x0818DE41	thumb	DoesFavorLadyLikeItem
0x0818DE44	0x0818DE5B	thumb	Script_DoesFavorLadyLikeItem
0x0818DE5C	0x0818DE87	thumb	IsFavorLadyThresholdMet
0x0818DE88	0x0818DE9F	thumb	FavorLadyBufferPrizeName
0x0818DEA0	0x0818DEDB	thumb	FavorLadyGetPrize
0x0818DEDC	0x0818DEF3	thumb	SetFavorLadyState_Complete
0x0818DEF4	0x0818DEFD	thumb	FieldCallback_FavorLadyEnableScriptContexts
0x0818DF00	0x0818DF67	thumb	QuizLadyPickQuestion
0x0818DF68	0x0818E003	thumb	InitLilycoveQuizLady
0x0818E004	0x0818E037	thumb	ResetQuizLadyForRecordMix
0x0818E038	0x0818E069	thumb	GetQuizLadyState
0x0818E06C	0x0818E139	thumb	GetQuizAuthor
0x0818E13C	0x0818E1F3	thumb	BufferQuizAuthorName
0x0818E1F4	0x0818E257	thumb	IsQuizTrainerIdNotPlayer
0x0818E258	0x0818E273	thumb	GetPlayerNameLength
0x0818E274	0x0818E297	thumb	BufferQuizPrizeName
0x0818E298	0x0818E2D7	thumb	BufferQuizAuthorNameAndCheckIfLady
0x0818E2D8	0x0818E2FB	thumb	IsQuizLadyWaitingForChallenger
0x0818E2FC	0x0818E305	thumb	QuizLadyGetPlayerAnswer
0x0818E308	0x0818E357	thumb	IsQuizAnswerCorrect
0x0818E358	0x0818E37B	thumb	BufferQuizPrizeItem
0x0818E37C	0x0818E39B	thumb	SetQuizLadyState_Complete
0x0818E39C	0x0818E3BB	thumb	SetQuizLadyState_GivePrize
0x0818E3BC	0x0818E3DF	thumb	ClearQuizLadyPlayerAnswer
0x0818E3E0	0x0818E3E9	thumb	Script_QuizLadyOpenBagMenu
0x0818E3EC	0x0818E42D	thumb	QuizLadyPickNewQuestion
0x0818E430	0x0818E47B	thumb	ClearQuizLadyQuestionAndAnswer
0x0818E47C	0x0818E48F	thumb	QuizLadySetCustomQuestion
0x0818E490	0x0818E4A3	thumb	QuizLadyTakePrizeForCustomQuiz
0x0818E4A4	0x0818E50F	thumb	QuizLadyRecordCustomQuizData
0x0818E510	0x0818E537	thumb	QuizLadySetWaitingForChallenger
0x0818E538	0x0818E563	thumb	BufferQuizCorrectAnswer
0x0818E564	0x0818E56D	thumb	FieldCallback_QuizLadyEnableScriptContexts
0x0818E570	0x0818E603	thumb	QuizLadyClearQuestionForRecordMix
0x0818E604	0x0818E637	thumb	ResetContestLadyContestData
0x0818E638	0x0818E673	thumb	InitLilycoveContestLady
0x0818E674	0x0818E6AF	thumb	ResetContestLadyForRecordMix
0x0818E6B0	0x0818E703	thumb	ContestLadySavePlayerNameIfHighSheen
0x0818E704	0x0818E793	thumb	GivePokeblockToContestLady
0x0818E794	0x0818E7DF	thumb	BufferContestLadyCategoryAndMonName
0x0818E7E0	0x0818E81B	thumb	BufferContestLadyMonName
0x0818E81C	0x0818E847	thumb	BufferContestLadyPlayerName
0x0818E848	0x0818E867	thumb	BufferContestLadyLanguage
0x0818E868	0x0818E87F	thumb	BufferContestName
0x0818E880	0x0818E8B1	thumb	GetContestLadyPokeblockState
0x0818E8B4	0x0818E8DD	thumb	HasPlayerGivenContestLadyPokeblock
0x0818E8E0	0x0818E913	thumb	ShouldContestLadyShowGoOnAir
0x0818E914	0x0818E92B	thumb	Script_BufferContestLadyCategoryAndMonName
0x0818E92C	0x0818E93F	thumb	OpenPokeblockCaseForContestLady
0x0818E940	0x0818E95F	thumb	SetContestLadyGivenPokeblock
0x0818E960	0x0818E98F	thumb	GetContestLadyMonSpecies
0x0818E990	0x0818E9AB	thumb	GetContestLadyCategory
0x0818E9AC	0x0818E9CB	thumb	CallBattleDomeFunction
0x0818E9CC	0x0818EA83	thumb	InitDomeChallenge
0x0818EA84	0x0818ED27	thumb	GetDomeData
0x0818ED28	0x0818F02B	thumb	SetDomeData
0x0818F02C	0x0818F71F	thumb	InitDomeTrainers
0x0818F720	0x0818F903	thumb	CalcDomeMonStats
0x0818F904	0x0818F9AF	thumb	SwapDomeTrainers
0x0818F9B0	0x0818F9DF	thumb	BufferDomeRoundText
0x0818F9E0	0x0818FA1F	thumb	BufferDomeOpponentName
0x0818FA20	0x0818FA73	thumb	InitDomeOpponentParty
0x0818FA74	0x0818FBDB	thumb	CreateDomeOpponentMon
0x0818FBDC	0x0818FC75	thumb	CreateDomeOpponentMons
0x0818FC78	0x0818FCBB	thumb	GetDomeTrainerSelectedMons
0x0818FCBC	0x0818FDB7	thumb	SelectOpponentMons_Good
0x0818FDB8	0x0818FEB3	thumb	SelectOpponentMons_Bad
0x0818FEB4	0x0818FFBF	thumb	SelectOpponentMonsFromParty
0x0818FFC0	0x08190165	thumb	GetTypeEffectivenessPoints
0x08190168	0x0819019F	thumb	GetDomeTrainerMonIvs
0x081901A0	0x08190297	thumb	TournamentIdOfOpponent
0x08190298	0x081902AB	thumb	SetDomeOpponentId
0x081902AC	0x081902E3	thumb	TrainerIdOfPlayerOpponent
0x081902E4	0x081902F7	thumb	SetDomeOpponentGraphicsId
0x081902F8	0x0819033B	thumb	SaveDomeChallenge
0x0819033C	0x081903B7	thumb	IncrementDomeStreaks
0x081903B8	0x081903FF	thumb	ShowDomeOpponentInfo
0x08190400	0x0819078F	thumb	Task_ShowTourneyInfoCard
0x08190790	0x081907F7	thumb	SpriteCB_TrainerIconCardScrollUp
0x081907F8	0x0819085F	thumb	SpriteCB_TrainerIconCardScrollDown
0x08190860	0x081908CB	thumb	SpriteCB_TrainerIconCardScrollLeft
0x081908CC	0x08190937	thumb	SpriteCB_TrainerIconCardScrollRight
0x08190938	0x0819094D	thumb	SpriteCB_MonIconDomeInfo
0x08190950	0x081909CB	thumb	SpriteCB_MonIconCardScrollUp
0x081909CC	0x08190A47	thumb	SpriteCB_MonIconCardScrollDown
0x08190A48	0x08190AC3	thumb	SpriteCB_MonIconCardScrollLeft
0x08190AC4	0x08190B3F	thumb	SpriteCB_MonIconCardScrollRight
0x08190B40	0x08190C69	thumb	SpriteCB_HorizontalScrollArrow
0x08190C6C	0x08190CD1	thumb	SpriteCB_VerticalScrollArrow
0x08190CD4	0x0819221B	thumb	Task_HandleInfoCardInput
0x0819221C	0x081924DF	thumb	Task_GetInfoCardInput
0x081924E0	0x08192F07	thumb	DisplayTrainerInfoOnCard
0x08192F08	0x0819314B	thumb	BufferDomeWinString
0x0819314C	0x081938A3	thumb	DisplayMatchInfoOnCard
0x081938A4	0x081938DF	thumb	ShowDomeTourneyTree
0x081938E0	0x0819395B	thumb	ShowPreviousDomeTourneyTree
0x0819395C	0x08193BDB	thumb	Task_HandleTourneyTreeInput
0x08193BDC	0x08193D3F	thumb	UpdateTourneyTreeCursor
0x08193D40	0x08193D7B	thumb	ShowNonInteractiveDomeTourneyTree
0x08193D7C	0x08193ECF	thumb	ResolveDomeRoundWinners
0x08193ED0	0x0819421F	thumb	GetWinningMove
0x08194220	0x081948EB	thumb	Task_ShowTourneyTree
0x081948EC	0x0819494F	thumb	DrawTourneyAdvancementLine
0x08194950	0x08194B53	thumb	Task_HandleStaticTourneyTreeInput
0x08194B54	0x08194B6D	thumb	CB2_TourneyTree
0x08194B70	0x08194BEB	thumb	VblankCb_TourneyInfoCard
0x08194BEC	0x08194CE3	thumb	HblankCb_TourneyTree
0x08194CE4	0x08194D47	thumb	VblankCb_TourneyTree
0x08194D48	0x08194D67	thumb	SetFacilityTrainerAndMonPtrs
0x08194D68	0x08194E43	thumb	ResetSketchedMoves
0x08194E44	0x08194EB3	thumb	RestoreDomePlayerPartyHeldItems
0x08194EB4	0x08194EBD	thumb	ReduceDomePlayerPartyToSelectedMons
0x08194EC0	0x08194EF7	thumb	GetPlayerSeededBeforeOpponent
0x08194EF8	0x08194F57	thumb	BufferLastDomeWinnerName
0x08194F58	0x08195357	thumb	InitRandomTourneyTreeResults
0x08195358	0x0819539F	thumb	TrainerIdToTournamentId
0x081953A0	0x081953E7	thumb	TrainerIdToDomeTournamentId
0x081953E8	0x08195437	thumb	GetOpposingNPCTournamentIdByRound
0x08195438	0x08195897	thumb	DecideRoundWinners
0x08195898	0x0819590F	thumb	CopyDomeTrainerName
0x08195910	0x08195923	thumb	GetDomeBrainTrainerPicId
0x08195924	0x08195937	thumb	GetDomeBrainTrainerClass
0x08195938	0x0819595F	thumb	CopyDomeBrainTrainerName
0x08195960	0x0819597F	thumb	CallBattlePalaceFunction
0x08195980	0x08195A37	thumb	InitPalaceChallenge
0x08195A38	0x08195AE3	thumb	GetPalaceData
0x08195AE4	0x08195BAF	thumb	SetPalaceData
0x08195BB0	0x08195C1F	thumb	GetPalaceCommentId
0x08195C20	0x08195C4F	thumb	SetPalaceOpponent
0x08195C50	0x08195C7B	thumb	BufferOpponentIntroSpeech
0x08195C7C	0x08195CE3	thumb	IncrementPalaceStreak
0x08195CE4	0x08195D27	thumb	SavePalaceChallenge
0x08195D28	0x08195DB7	thumb	SetRandomPalacePrize
0x08195DB8	0x08195E0F	thumb	GivePalacePrize
0x08195E10	0x08195E33	thumb	InitMatchCallCounters
0x08195E34	0x08195E57	thumb	GetCurrentTotalMinutes
0x08195E58	0x08195E89	thumb	UpdateMatchCallMinutesCounter
0x08195E8C	0x08195ED7	thumb	CheckMatchCallChance
0x08195ED8	0x08195F3F	thumb	MapAllowsMatchCall
0x08195F40	0x08195F65	thumb	UpdateMatchCallStepCounter
0x08195F68	0x08195FCB	thumb	SelectMatchCallTrainer
0x08195FCC	0x08195FF5	thumb	GetNumRegisteredTrainers
0x08195FF8	0x08196031	thumb	GetActiveMatchCallTrainerId
0x08196034	0x0819607D	thumb	TryStartMatchCall
0x08196080	0x08196093	thumb	StartMatchCallFromScript
0x08196094	0x081960A7	thumb	IsMatchCallTaskActive
0x081960A8	0x081960DF	thumb	StartMatchCall
0x081960E0	0x0819612B	thumb	ExecuteMatchCall
0x0819612C	0x081961ED	thumb	MatchCall_LoadGfx
0x081961F0	0x08196271	thumb	MatchCall_DrawWindow
0x08196274	0x081962AF	thumb	MatchCall_ReadyIntro
0x081962B0	0x081962D5	thumb	MatchCall_SlideWindowIn
0x081962D8	0x0819632F	thumb	MatchCall_PrintIntro
0x08196330	0x0819638F	thumb	MatchCall_PrintMessage
0x08196390	0x081963EF	thumb	MatchCall_SlideWindowOut
0x081963F0	0x08196459	thumb	MatchCall_EndCall
0x0819645C	0x081965D5	thumb	DrawMatchCallTextBoxBorder_Internal
0x081965D8	0x08196647	thumb	InitMatchCallTextPrinter
0x08196648	0x08196693	thumb	RunMatchCallTextPrinter
0x08196694	0x0819670F	thumb	Task_SpinPokenavIcon
0x08196710	0x0819672B	thumb	TrainerIsEligibleForRematch
0x0819672C	0x08196747	thumb	GetRematchTrainerLocation
0x08196748	0x08196773	thumb	GetNumRematchTrainersFought
0x08196774	0x081967A9	thumb	GetNthRematchTrainerFought
0x081967AC	0x08196843	thumb	SelectMatchCallMessage
0x08196844	0x08196861	thumb	GetTrainerMatchCallId
0x08196864	0x0819688F	thumb	GetSameRouteMatchCallText
0x08196890	0x081968BB	thumb	GetDifferentRouteMatchCallText
0x081968BC	0x0819690F	thumb	GetBattleMatchCallText
0x08196910	0x081969DF	thumb	GetGeneralMatchCallText
0x081969E0	0x081969F9	thumb	BuildMatchCallString
0x081969FC	0x08196A2B	thumb	PopulateMatchCallStringVars
0x08196A2C	0x08196A43	thumb	PopulateMatchCallStringVar
0x08196A44	0x08196A9B	thumb	PopulateTrainerName
0x08196A9C	0x08196AB7	thumb	PopulateMapName
0x08196AB8	0x08196B4D	thumb	GetLandEncounterSlot
0x08196B50	0x08196B95	thumb	GetWaterEncounterSlot
0x08196B98	0x08196C6D	thumb	PopulateSpeciesFromTrainerLocation
0x08196C70	0x08196CF3	thumb	PopulateSpeciesFromTrainerParty
0x08196CF4	0x08196D13	thumb	PopulateBattleFrontierFacilityName
0x08196D14	0x08196D4B	thumb	PopulateBattleFrontierStreak
0x08196D4C	0x08196D73	thumb	GetNumOwnedBadges
0x08196D74	0x08196E01	thumb	ShouldTrainerRequestBattle
0x08196E04	0x08196F8F	thumb	GetFrontierStreakInfo
0x08196F90	0x0819707F	thumb	GetPokedexRatingLevel
0x08197080	0x08197183	thumb	BufferPokedexRatingForMatchCall
0x08197184	0x081971C3	thumb	LoadMatchCallWindowGfx
0x081971C4	0x081971CD	thumb	DrawMatchCallTextBoxBorder
0x081971D0	0x081971F3	thumb	InitStandardTextBoxWindows
0x081971F4	0x081971FD	thumb	FreeAllOverworldWindowBuffers
0x08197200	0x08197221	thumb	InitTextBoxGfxAndPrinters
0x08197224	0x08197237	thumb	RunTextPrintersAndIsPrinter0Active
0x08197238	0x081972C3	thumb	AddTextPrinterParameterized2
0x081972C4	0x0819730F	thumb	AddTextPrinterForMessage
0x08197310	0x0819735B	thumb	AddTextPrinterForMessage_2
0x0819735C	0x081973A3	thumb	AddTextPrinterWithCustomSpeedForMessage
0x081973A4	0x081973C1	thumb	LoadMessageBoxAndBorderGfx
0x081973C4	0x081973FB	thumb	DrawDialogueFrame
0x081973FC	0x08197433	thumb	DrawStdWindowFrame
0x08197434	0x0819746B	thumb	ClearDialogWindowAndFrame
0x0819746C	0x081974A3	thumb	ClearStdWindowAndFrame
0x081974A4	0x081975F3	thumb	WindowFunc_DrawStandardFrame
0x081975F4	0x081977BB	thumb	WindowFunc_DrawDialogueFrame
0x081977BC	0x08197803	thumb	WindowFunc_ClearStdWindowAndFrame
0x08197804	0x08197853	thumb	WindowFunc_ClearDialogWindowAndFrame
0x08197854	0x0819786B	thumb	SetStandardWindowBorderStyle
0x0819786C	0x08197899	thumb	LoadMessageBoxAndFrameGfx
0x0819789C	0x081978AF	thumb	Menu_LoadStdPal
0x081978B0	0x081978C7	thumb	Menu_LoadStdPalAt
0x081978C8	0x081978CF	thumb	Menu_GetStdPal
0x081978D0	0x081978EB	thumb	Menu_GetStdPalColor
0x081978EC	0x0819792D	thumb	DisplayItemMessageOnField
0x08197930	0x08197947	thumb	DisplayYesNoMenuDefaultYes
0x08197948	0x08197963	thumb	DisplayYesNoMenuWithDefault
0x08197964	0x0819798D	thumb	GetPlayerTextSpeed
0x08197990	0x081979C3	thumb	GetPlayerTextSpeedDelay
0x081979C4	0x08197A07	thumb	AddStartMenuWindow
0x08197A08	0x08197A13	thumb	GetStartMenuWindowId
0x08197A14	0x08197A2F	thumb	RemoveStartMenuWindow
0x08197A30	0x08197A35	thumb	GetDialogFrameBaseTileNum
0x08197A38	0x08197A3D	thumb	GetStandardFrameBaseTileNum
0x08197A40	0x08197A73	thumb	AddMapNamePopUpWindow
0x08197A74	0x08197A7F	thumb	GetMapNamePopUpWindowId
0x08197A80	0x08197A9B	thumb	RemoveMapNamePopUpWindow
0x08197A9C	0x08197AE7	thumb	AddTextPrinterWithCallbackForMessage
0x08197AE8	0x08197B19	thumb	EraseFieldMessageBox
0x08197B1C	0x08197B63	thumb	DrawDialogFrameWithCustomTileAndPalette
0x08197B64	0x08197BB3	thumb	DrawDialogFrameWithCustomTile
0x08197BB4	0x08197DF7	thumb	WindowFunc_DrawDialogFrameWithCustomTileAndPalette
0x08197DF8	0x08197E2F	thumb	ClearDialogWindowAndFrameToTransparent
0x08197E30	0x08197E7D	thumb	WindowFunc_ClearDialogWindowAndFrameNullPalette
0x08197E80	0x08197EC7	thumb	DrawStdFrameWithCustomTileAndPalette
0x08197EC8	0x08197F17	thumb	DrawStdFrameWithCustomTile
0x08197F18	0x0819806F	thumb	WindowFunc_DrawStdFrameWithCustomTileAndPalette
0x08198070	0x081980A7	thumb	ClearStdWindowAndFrameToTransparent
0x081980A8	0x081980ED	thumb	WindowFunc_ClearStdWindowAndFrameToTransparent
0x081980F0	0x0819817F	thumb	HofPCTopBar_AddWindow
0x08198180	0x08198203	thumb	HofPCTopBar_Print
0x08198204	0x081982D7	thumb	HofPCTopBar_PrintPair
0x081982D8	0x081982EF	thumb	HofPCTopBar_CopyToVram
0x081982F0	0x08198313	thumb	HofPCTopBar_Clear
0x08198314	0x08198347	thumb	HofPCTopBar_RemoveWindow
0x08198348	0x081983AB	thumb	InitMenu
0x081983AC	0x081983EB	thumb	InitMenuNormal
0x081983EC	0x08198447	thumb	InitMenuDefaultCursorHeight
0x08198448	0x081984D7	thumb	RedrawMenuCursor
0x081984D8	0x0819851B	thumb	Menu_MoveCursor
0x0819851C	0x0819855F	thumb	Menu_MoveCursorNoWrapAround
0x08198560	0x0819856B	thumb	Menu_GetCursorPos
0x0819856C	0x081985D7	thumb	Menu_ProcessInput
0x081985D8	0x08198655	thumb	Menu_ProcessInputNoWrap
0x08198658	0x081986C1	thumb	ProcessMenuInput_other
0x081986C4	0x0819873F	thumb	Menu_ProcessInputNoWrapAround_other
0x08198740	0x081987BB	thumb	PrintMenuActionTextsAtPos
0x081987BC	0x08198853	thumb	PrintMenuActionTextsWithSpacing
0x08198854	0x081988A1	thumb	PrintMenuActionTextsAtTop
0x081988A4	0x081989B5	thumb	PrintMenuActionTexts
0x081989B8	0x08198A23	thumb	PrintMenuActionTextsAtTopById
0x08198A24	0x08198A4D	thumb	SetWindowTemplateFields
0x08198A50	0x08198AA3	thumb	CreateWindowTemplate
0x08198AA4	0x08198AF5	thumb	AddWindowParameterized
0x08198AF8	0x08198C33	thumb	CreateYesNoMenuAtPos
0x08198C34	0x08198C57	thumb	CreateYesNoMenuInTopLeft
0x08198C58	0x08198C75	thumb	Menu_ProcessInputNoWrapClearOnChoose
0x08198C78	0x08198C93	thumb	EraseYesNoWindow
0x08198C94	0x08198D51	thumb	PrintMenuActionGridText
0x08198D54	0x08198DBB	thumb	PrintMenuActionGridTextAtTop
0x08198DBC	0x08198EF5	thumb	PrintMenuActionGrid
0x08198EF8	0x08198F55	thumb	PrintMenuActionGrid_TopLeft
0x08198F58	0x08198FD3	thumb	InitMenuGrid
0x08198FD4	0x0819905D	thumb	InitMenuGridDefaultCursorHeight
0x08199060	0x08199133	thumb	MoveMenuGridCursor
0x08199134	0x081991F5	thumb	ChangeMenuGridCursorPosition
0x081991F8	0x08199281	thumb	ChangeGridMenuCursorPosition
0x08199284	0x08199331	thumb	Menu_ProcessGridInput_NoSoundLimit
0x08199334	0x081993D7	thumb	Menu_ProcessGridInput
0x081993D8	0x08199481	thumb	Menu_ProcessGridInputRepeat_NoSoundLimit
0x08199484	0x08199523	thumb	Menu_ProcessGridInputRepeat
0x08199524	0x0819956D	thumb	InitMenuInUpperLeftCorner
0x08199570	0x0819958B	thumb	InitMenuInUpperLeftCornerNormal
0x0819958C	0x081995E3	thumb	PrintMenuTable
0x081995E4	0x081996BD	thumb	PrintMenuActionTextsInUpperLeftCorner
0x081996C0	0x081997AB	thumb	CreateYesNoMenu
0x081997AC	0x0819983B	thumb	PrintMenuGridTable
0x0819983C	0x08199941	thumb	PrintMenuActionGridTextNoSpacing
0x08199944	0x081999A7	thumb	InitMenuActionGrid
0x081999A8	0x081999BB	thumb	ClearScheduledBgCopiesToVram
0x081999BC	0x081999CF	thumb	ScheduleBgCopyTilemapToVram
0x081999D0	0x08199A1F	thumb	DoScheduledBgTilemapCopiesToVram
0x08199A20	0x08199A43	thumb	ResetTempTileDataBuffers
0x08199A44	0x08199A8F	thumb	FreeTempTileDataBuffersIfPossible
0x08199A90	0x08199B07	thumb	DecompressAndCopyTileDataToVram
0x08199B08	0x08199B83	thumb	DecompressAndLoadBgGfxUsingHeap
0x08199B84	0x08199BBF	thumb	task_free_buf_after_copying_tile_data_to_vram
0x08199BC0	0x08199BEF	thumb	malloc_and_decompress
0x08199BF0	0x08199C2F	thumb	copy_decompressed_tile_data_to_vram
0x08199C30	0x08199CBB	thumb	SetBgTilemapPalette
0x08199CBC	0x08199D39	thumb	CopyToBufferFromBgTilemap
0x08199D3C	0x08199D97	thumb	AddValToTilemapBuffer
0x08199D98	0x08199DED	thumb	ResetBgPositions
0x08199DF0	0x08199E63	thumb	BgDmaFill
0x08199E64	0x08199EEB	thumb	AddTextPrinterParameterized3
0x08199EEC	0x08199F73	thumb	AddTextPrinterParameterized4
0x08199F74	0x0819A021	thumb	AddTextPrinterParameterized5
0x0819A024	0x0819A07F	thumb	PrintPlayerNameOnWindow
0x0819A080	0x0819A259	thumb	UnusedBlitBitmapRect
0x0819A25C	0x0819A27B	thumb	LoadMonIconPalAtOffset
0x0819A27C	0x0819A2B9	thumb	DrawMonIconAtPos
0x0819A2BC	0x0819A2F7	thumb	ListMenuLoadStdPalAt
0x0819A2F8	0x0819A343	thumb	BlitMenuInfoIcon
0x0819A344	0x0819A44B	thumb	BufferSaveMenuText
0x0819A44C	0x0819A4C7	thumb	SpriteCB_Pokeball
0x0819A4C8	0x0819A4E1	thumb	CB2_SelectScreen
0x0819A4E4	0x0819A4F5	thumb	VBlankCB_SelectScreen
0x0819A4F8	0x0819A513	thumb	DoBattleFactorySelectScreen
0x0819A514	0x0819A9AB	thumb	CB2_InitSelectScreen
0x0819A9AC	0x0819AA17	thumb	Select_InitMonsData
0x0819AA18	0x0819AB3F	thumb	Select_InitAllSprites
0x0819AB40	0x0819ABA7	thumb	Select_DestroyAllSprites
0x0819ABA8	0x0819AC0F	thumb	Select_UpdateBallCursorPosition
0x0819AC10	0x0819AC77	thumb	Select_UpdateMenuCursorPosition
0x0819AC78	0x0819ACDF	thumb	Select_UpdateYesNoCursorPosition
0x0819ACE0	0x0819ADAB	thumb	Select_HandleMonSelectionChange
0x0819ADAC	0x0819AE07	thumb	Select_SetBallSpritePaletteNum
0x0819AE08	0x0819AF67	thumb	Select_Task_OpenSummaryScreen
0x0819AF68	0x0819B02B	thumb	Select_Task_Exit
0x0819B02C	0x0819B123	thumb	Select_Task_HandleYesNo
0x0819B124	0x0819B377	thumb	Select_Task_HandleMenu
0x0819B378	0x0819B483	thumb	Select_Task_HandleChooseMons
0x0819B484	0x0819B63B	thumb	CreateFrontierFactorySelectableMons
0x0819B63C	0x0819B763	thumb	CreateSlateportTentSelectableMons
0x0819B764	0x0819B841	thumb	Select_CopyMonsToPlayerParty
0x0819B844	0x0819B8D3	thumb	Select_ShowMenuOptions
0x0819B8D4	0x0819B957	thumb	Select_ShowYesNoOptions
0x0819B958	0x0819B9B3	thumb	Select_ErasePopupMenu
0x0819B9B4	0x0819B9E7	thumb	Select_PrintRentalPkmnString
0x0819B9E8	0x0819BA63	thumb	Select_PrintMonSpecies
0x0819BA64	0x0819BAC7	thumb	Select_PrintSelectMonString
0x0819BAC8	0x0819BAFB	thumb	Select_PrintCantSelectSameMon
0x0819BAFC	0x0819BBA7	thumb	Select_PrintMenuOptions
0x0819BBA8	0x0819BC03	thumb	Select_PrintYesNoOptions
0x0819BC04	0x0819BC2F	thumb	Select_RunMenuOptionFunc
0x0819BC30	0x0819BC9B	thumb	Select_OptionRentDeselect
0x0819BC9C	0x0819BCC9	thumb	Select_DeclineChosenMons
0x0819BCCC	0x0819BCCF	thumb	Select_OptionSummary
0x0819BCD0	0x0819BCF7	thumb	Select_OptionOthers
0x0819BCF8	0x0819BD6F	thumb	Select_PrintMonCategory
0x0819BD70	0x0819BE1F	thumb	Select_CreateMonSprite
0x0819BE20	0x0819BE33	thumb	Select_SetMonPicAnimating
0x0819BE34	0x0819BF2B	thumb	Select_ReshowMonSprite
0x0819BF2C	0x0819C03F	thumb	Select_CreateChosenMonsSprites
0x0819C040	0x0819C0FF	thumb	SpriteCB_OpenChosenMonPics
0x0819C100	0x0819C1CF	thumb	SpriteCB_CloseChosenMonPics
0x0819C1D0	0x0819C2D1	thumb	Select_Task_OpenChosenMonPics
0x0819C2D4	0x0819C4B1	thumb	Select_Task_CloseChosenMonPics
0x0819C4B4	0x0819C567	thumb	Select_ShowChosenMons
0x0819C568	0x0819C5CF	thumb	Select_HideChosenMons
0x0819C5D0	0x0819C633	thumb	Select_SetWinRegs
0x0819C634	0x0819C69B	thumb	Select_AreSpeciesValid
0x0819C69C	0x0819C7DD	thumb	Select_Task_FadeSpeciesName
0x0819C7E0	0x0819C7F9	thumb	Swap_CB2
0x0819C7FC	0x0819C80D	thumb	Swap_VblankCb
0x0819C810	0x0819C90B	thumb	CopySwappedMonData
0x0819C90C	0x0819CA07	thumb	Swap_Task_OpenSummaryScreen
0x0819CA08	0x0819CB1B	thumb	Swap_Task_Exit
0x0819CB1C	0x0819CBDB	thumb	Swap_Task_HandleYesNo
0x0819CBDC	0x0819CC23	thumb	Swap_HandleQuitSwappingResponse
0x0819CC24	0x0819CC73	thumb	Swap_AskQuitSwapping
0x0819CC74	0x0819CCD3	thumb	Swap_HandleAcceptMonResponse
0x0819CCD4	0x0819CD33	thumb	Swap_AskAcceptMon
0x0819CD34	0x0819CE3F	thumb	Swap_Task_HandleMenu
0x0819CE40	0x0819CF51	thumb	Swap_Task_HandleChooseMons
0x0819CF54	0x0819D061	thumb	Swap_Task_FadeSpeciesName
0x0819D064	0x0819D12B	thumb	Swap_Task_FadeOutSpeciesName
0x0819D12C	0x0819D323	thumb	Swap_Task_SlideCycleBalls
0x0819D324	0x0819D587	thumb	Swap_Task_SlideButtonOnOffScreen
0x0819D588	0x0819D76D	thumb	Swap_Task_ScreenInfoTransitionOut
0x0819D770	0x0819D9EB	thumb	Swap_Task_ScreenInfoTransitionIn
0x0819D9EC	0x0819DBD7	thumb	Swap_Task_SwitchPartyScreen
0x0819DBD8	0x0819DBFF	thumb	Swap_InitStruct
0x0819DC00	0x0819DC1B	thumb	DoBattleFactorySwapScreen
0x0819DC1C	0x0819E0BF	thumb	CB2_InitSwapScreen
0x0819E0C0	0x0819E537	thumb	Swap_InitAllSprites
0x0819E538	0x0819E607	thumb	Swap_DestroyAllSprites
0x0819E608	0x0819E693	thumb	Swap_HandleActionCursorChange
0x0819E694	0x0819E6E7	thumb	Swap_UpdateBallCursorPosition
0x0819E6E8	0x0819E757	thumb	Swap_UpdateActionCursorPosition
0x0819E758	0x0819E7BF	thumb	Swap_UpdateYesNoCursorPosition
0x0819E7C0	0x0819E837	thumb	Swap_UpdateMenuCursorPosition
0x0819E838	0x0819E8E9	thumb	Swap_HighlightActionButton
0x0819E8EC	0x0819E943	thumb	Swap_HideActionButtonHighlights
0x0819E944	0x0819E9DF	thumb	Swap_ShowMenuOptions
0x0819E9E0	0x0819EA63	thumb	Swap_ShowYesNoOptions
0x0819EA64	0x0819EABF	thumb	Swap_ErasePopupMenu
0x0819EAC0	0x0819EADB	thumb	Swap_EraseSpeciesWindow
0x0819EADC	0x0819EAF7	thumb	Swap_EraseSpeciesAtFadeWindow
0x0819EAF8	0x0819EB17	thumb	Swap_EraseActionFadeWindow
0x0819EB18	0x0819EB4B	thumb	Swap_PrintPkmnSwap
0x0819EB4C	0x0819EBEB	thumb	Swap_PrintMonSpecies
0x0819EBEC	0x0819EC1F	thumb	Swap_PrintOnInfoWindow
0x0819EC20	0x0819EC93	thumb	Swap_PrintMenuOptions
0x0819EC94	0x0819ECEF	thumb	Swap_PrintYesNoOptions
0x0819ECF0	0x0819ED33	thumb	Swap_PrintActionString
0x0819ED34	0x0819ED77	thumb	Swap_PrintActionStrings
0x0819ED78	0x0819EDBB	thumb	Swap_PrintActionStrings2
0x0819EDBC	0x0819EE07	thumb	Swap_PrintOneActionString
0x0819EE08	0x0819EEEF	thumb	Swap_PrintMonSpeciesAtFade
0x0819EEF0	0x0819EFA7	thumb	Swap_PrintMonSpeciesForTransition
0x0819EFA8	0x0819F047	thumb	Swap_PrintMonCategory
0x0819F048	0x0819F09F	thumb	Swap_InitActions
0x0819F0A0	0x0819F0CB	thumb	Swap_RunMenuOptionFunc
0x0819F0CC	0x0819F113	thumb	Swap_OptionSwap
0x0819F114	0x0819F133	thumb	Swap_OptionSummary
0x0819F134	0x0819F183	thumb	Swap_OptionRechoose
0x0819F184	0x0819F1AB	thumb	Swap_RunActionFunc
0x0819F1AC	0x0819F1DB	thumb	Swap_ActionCancel
0x0819F1DC	0x0819F20B	thumb	Swap_ActionPkmnForSwap
0x0819F20C	0x0819F2B3	thumb	Swap_ActionMon
0x0819F2B4	0x0819F303	thumb	OpenMonPic
0x0819F304	0x0819F3F7	thumb	Swap_ShowSummaryMonSprite
0x0819F3F8	0x0819F443	thumb	CloseMonPic
0x0819F444	0x0819F487	thumb	HideMonPic
0x0819F488	0x0819F59B	thumb	Swap_TaskCantHaveSameMons
0x0819F59C	0x0819F5FD	thumb	Swap_AlreadyHasSameSpecies
0x0819F600	0x0819F653	thumb	SpriteCB_OpenMonPic
0x0819F654	0x0819F699	thumb	SpriteCB_CloseMonPic
0x0819F69C	0x0819F7B1	thumb	Task_OpenMonPic
0x0819F7B4	0x0819F8DD	thumb	Task_CloseMonPic
0x0819F8E0	0x0819F99B	thumb	Swap_CreateMonSprite
0x0819F99C	0x0819FA4F	thumb	BufferApprenticeChallengeText
0x0819FA50	0x0819FA59	thumb	Apprentice_ScriptContext_Enable
0x0819FA5C	0x0819FA9F	thumb	ResetApprenticeStruct
0x0819FAA0	0x0819FBAF	thumb	ResetAllApprenticeData
0x0819FBB0	0x0819FBC7	thumb	GivenApprenticeLvlMode
0x0819FBC8	0x0819FC3D	thumb	SetApprenticeId
0x0819FC40	0x0819FC5F	thumb	SetPlayersApprenticeLvlMode
0x0819FC60	0x0819FCF7	thumb	ShuffleApprenticeSpecies
0x0819FCF8	0x0819FD61	thumb	GetMonIdForQuestion
0x0819FD64	0x0819FF97	thumb	SetRandomQuestionData
0x0819FF98	0x081A0193	thumb	GetRandomAlternateMove
0x081A0194	0x081A01E7	thumb	TrySetMove
0x081A01E8	0x081A0283	thumb	GetLatestLearnedMoves
0x081A0284	0x081A038F	thumb	GetDefaultMove
0x081A0390	0x081A04E1	thumb	SaveApprenticeParty
0x081A04E4	0x081A0709	thumb	CreateApprenticeMenu
0x081A070C	0x081A0783	thumb	Task_ChooseAnswer
0x081A0784	0x081A07E7	thumb	CreateAndShowWindow
0x081A07E8	0x081A0803	thumb	RemoveAndHideWindow
0x081A0804	0x081A085B	thumb	CreateChooseAnswerTask
0x081A085C	0x081A087B	thumb	CallApprenticeFunction
0x081A087C	0x081A093B	thumb	Script_ResetPlayerApprentice
0x081A093C	0x081A0963	thumb	Script_GivenApprenticeLvlMode
0x081A0964	0x081A0977	thumb	Script_SetApprenticeLvlMode
0x081A0978	0x081A0981	thumb	Script_SetApprenticeId
0x081A0984	0x081A098D	thumb	Script_SetRandomQuestionData
0x081A0990	0x081A09B3	thumb	IncrementQuestionsAnswered
0x081A09B4	0x081A09CF	thumb	GetNumApprenticePartyMonsAssigned
0x081A09D0	0x081A0A1F	thumb	IsFinalQuestion
0x081A0A20	0x081A0A33	thumb	Script_CreateApprenticeMenu
0x081A0A34	0x081A0A6D	thumb	Task_WaitForPrintingMessage
0x081A0A70	0x081A0C9B	thumb	PrintApprenticeMessage
0x081A0C9C	0x081A0CBD	thumb	Script_PrintApprenticeMessage
0x081A0CC0	0x081A0D3F	thumb	ApprenticeGetQuestion
0x081A0D40	0x081A0D7F	thumb	SetApprenticePartyMon
0x081A0D80	0x081A0DD1	thumb	SetApprenticeMonMove
0x081A0DD4	0x081A0FE3	thumb	InitQuestionData
0x081A0FE4	0x081A0FFB	thumb	FreeQuestionData
0x081A0FFC	0x081A11F7	thumb	ApprenticeBufferString
0x081A11F8	0x081A1217	thumb	SetLeadApprenticeMon
0x081A1218	0x081A1221	thumb	Script_ApprenticeOpenBagMenu
0x081A1224	0x081A136D	thumb	TrySetApprenticeHeldItem
0x081A1370	0x081A1437	thumb	ShiftSavedApprentices
0x081A1438	0x081A150B	thumb	SaveApprentice
0x081A150C	0x081A15A3	thumb	SetSavedApprenticeTrainerGfxId
0x081A15A4	0x081A1637	thumb	SetPlayerApprenticeTrainerGfxId
0x081A1638	0x081A1643	thumb	GetShouldCheckApprenticeGone
0x081A1644	0x081A164F	thumb	GetShouldApprenticeLeave
0x081A1650	0x081A16B3	thumb	GetApprenticeNameInLanguage
0x081A16B4	0x081A16DB	thumb	Task_SwitchToFollowupFuncAfterButtonPress
0x081A16DC	0x081A172B	thumb	Task_ExecuteFuncAfterButtonPress
0x081A172C	0x081A175B	thumb	ExecuteFuncAfterButtonPress
0x081A175C	0x081A177F	thumb	ExecuteFollowupFuncAfterButtonPress
0x081A1780	0x081A179F	thumb	CallFrontierUtilFunc
0x081A17A0	0x081A182F	thumb	GetChallengeStatus
0x081A1830	0x081A1967	thumb	GetFrontierData
0x081A1968	0x081A1AD3	thumb	SetFrontierData
0x081A1AD4	0x081A1B1B	thumb	SetSelectedPartyOrder
0x081A1B1C	0x081A1B25	thumb	DoSoftReset_
0x081A1B28	0x081A1B37	thumb	SetFrontierTrainers
0x081A1B38	0x081A1B97	thumb	SaveSelectedParty
0x081A1B98	0x081A1C21	thumb	ShowFacilityResultsWindow
0x081A1C24	0x081A1C49	thumb	IsWinStreakActive
0x081A1C4C	0x081A1C8F	thumb	PrintAligned
0x081A1C90	0x081A1CD7	thumb	PrintHyphens
0x081A1CD8	0x081A1D77	thumb	TowerPrintStreak
0x081A1D78	0x081A1DBB	thumb	TowerPrintRecordStreak
0x081A1DBC	0x081A1DEB	thumb	TowerGetWinStreak
0x081A1DEC	0x081A1EA7	thumb	TowerPrintPrevOrCurrentStreak
0x081A1EA8	0x081A1FD7	thumb	ShowTowerResultsWindow
0x081A1FD8	0x081A2007	thumb	DomeGetWinStreak
0x081A2008	0x081A2093	thumb	PrintTwoStrings
0x081A2094	0x081A2133	thumb	DomePrintPrevOrCurrentStreak
0x081A2134	0x081A22B7	thumb	ShowDomeResultsWindow
0x081A22B8	0x081A2357	thumb	PalacePrintStreak
0x081A2358	0x081A239B	thumb	PalacePrintRecordStreak
0x081A239C	0x081A23CB	thumb	PalaceGetWinStreak
0x081A23CC	0x081A245F	thumb	PalacePrintPrevOrCurrentStreak
0x081A2460	0x081A255F	thumb	ShowPalaceResultsWindow
0x081A2560	0x081A258B	thumb	PikeGetWinStreak
0x081A258C	0x081A2617	thumb	PikePrintCleared
0x081A2618	0x081A2697	thumb	PikePrintPrevOrCurrentStreak
0x081A2698	0x081A27E7	thumb	ShowPikeResultsWindow
0x081A27E8	0x081A2887	thumb	ArenaPrintStreak
0x081A2888	0x081A28CB	thumb	ArenaPrintRecordStreak
0x081A28CC	0x081A28F7	thumb	ArenaGetWinStreak
0x081A28F8	0x081A2967	thumb	ArenaPrintPrevOrCurrentStreak
0x081A2968	0x081A2A27	thumb	ShowArenaResultsWindow
0x081A2A28	0x081A2B03	thumb	FactoryPrintStreak
0x081A2B04	0x081A2B6F	thumb	FactoryPrintRecordStreak
0x081A2B70	0x081A2B9F	thumb	FactoryGetWinStreak
0x081A2BA0	0x081A2BCF	thumb	FactoryGetRentsCount
0x081A2BD0	0x081A2C93	thumb	FactoryPrintPrevOrCurrentStreak
0x081A2C94	0x081A2DB3	thumb	ShowFactoryResultsWindow
0x081A2DB4	0x081A2E53	thumb	PyramidPrintStreak
0x081A2E54	0x081A2E97	thumb	PyramidPrintRecordStreak
0x081A2E98	0x081A2EC3	thumb	PyramidGetWinStreak
0x081A2EC4	0x081A2F37	thumb	PyramidPrintPrevOrCurrentStreak
0x081A2F38	0x081A2FF7	thumb	ShowPyramidResultsWindow
0x081A2FF8	0x081A31FB	thumb	ShowLinkContestResultsWindow
0x081A31FC	0x081A35EB	thumb	CheckPutFrontierTVShowOnAir
0x081A35EC	0x081A360F	thumb	Script_GetFrontierBrainStatus
0x081A3610	0x081A36CD	thumb	GetFrontierBrainStatus
0x081A36D0	0x081A3907	thumb	CopyFrontierTrainerText
0x081A3908	0x081A39C3	thumb	ResetWinStreaks
0x081A39C4	0x081A3ACB	thumb	GetCurrentFacilityWinStreak
0x081A3ACC	0x081A3AFF	thumb	ResetFrontierTrainerIds
0x081A3B00	0x081A3B2F	thumb	IsTrainerFrontierBrain
0x081A3B30	0x081A3B63	thumb	GetPlayerSymbolCountForFacility
0x081A3B64	0x081A3D2F	thumb	GiveBattlePoints
0x081A3D30	0x081A3D57	thumb	GetFacilitySymbolCount
0x081A3D58	0x081A3D9F	thumb	GiveFacilitySymbol
0x081A3DA0	0x081A3DCF	thumb	CheckBattleTypeFlag
0x081A3DD0	0x081A3EEF	thumb	AppendCaughtBannedMonSpeciesName
0x081A3EF0	0x081A3FD3	thumb	AppendIfValid
0x081A3FD4	0x081A4223	thumb	CheckPartyIneligibility
0x081A4224	0x081A422D	thumb	ValidateVisitingTrainer
0x081A4230	0x081A43A7	thumb	IncrementWinStreak
0x081A43A8	0x081A440F	thumb	RestoreHeldItems
0x081A4410	0x081A443B	thumb	SaveRecordBattle
0x081A443C	0x081A447B	thumb	BufferFrontierTrainerName
0x081A447C	0x081A457B	thumb	ResetSketchedMoves
0x081A457C	0x081A4593	thumb	SetFacilityBrainObjectEvent
0x081A4594	0x081A4683	thumb	Print1PRecord
0x081A4684	0x081A47DF	thumb	Print2PRecord
0x081A47E0	0x081A48B3	thumb	Fill1PRecords
0x081A48B4	0x081A4997	thumb	Fill2PRecords
0x081A4998	0x081A4A9F	thumb	PrintHallRecords
0x081A4AA0	0x081A4AE7	thumb	ShowRankingHallRecordsWindow
0x081A4AE8	0x081A4B13	thumb	ScrollRankingHallRecordsWindow
0x081A4B14	0x081A4C2F	thumb	ClearRankingHallRecords
0x081A4C30	0x081A4CAF	thumb	SaveGameFrontier
0x081A4CB0	0x081A4CFF	thumb	GetFrontierBrainTrainerPicIndex
0x081A4D00	0x081A4D4F	thumb	GetFrontierBrainTrainerClass
0x081A4D50	0x081A4DB7	thumb	CopyFrontierBrainTrainerName
0x081A4DB8	0x081A4DD7	thumb	IsFrontierBrainFemale
0x081A4DD8	0x081A4E03	thumb	SetFrontierBrainObjEventGfx_2
0x081A4E04	0x081A4FEF	thumb	CreateFrontierBrainPokemon
0x081A4FF0	0x081A502F	thumb	GetFrontierBrainMonSpecies
0x081A5030	0x081A505F	thumb	SetFrontierBrainObjEventGfx
0x081A5060	0x081A50AF	thumb	GetFrontierBrainMonMove
0x081A50B0	0x081A50EF	thumb	GetFrontierBrainMonNature
0x081A50F0	0x081A513B	thumb	GetFrontierBrainMonEvs
0x081A513C	0x081A51A7	thumb	GetFronterBrainSymbol
0x081A51A8	0x081A5237	thumb	CopyFrontierBrainText
0x081A5238	0x081A5257	thumb	CallBattleArenaFunction
0x081A5258	0x081A5557	thumb	BattleArena_ShowJudgmentWindow
0x081A5558	0x081A5697	thumb	ShowJudgmentSprite
0x081A5698	0x081A56B3	thumb	SpriteCB_JudgmentIcon
0x081A56B4	0x081A56E7	thumb	BattleArena_InitPoints
0x081A56E8	0x081A5717	thumb	BattleArena_AddMindPoints
0x081A5718	0x081A57E3	thumb	BattleArena_AddSkillPoints
0x081A57E4	0x081A5869	thumb	BattleArena_DeductSkillPoints
0x081A586C	0x081A58B3	thumb	UpdateHPAtStart
0x081A58B4	0x081A5963	thumb	InitArenaChallenge
0x081A5964	0x081A59FB	thumb	GetArenaData
0x081A59FC	0x081A5AC3	thumb	SetArenaData
0x081A5AC4	0x081A5B07	thumb	SaveArenaChallenge
0x081A5B08	0x081A5B87	thumb	SetArenaPrize
0x081A5B88	0x081A5BDF	thumb	GiveArenaPrize
0x081A5BE0	0x081A5BF7	thumb	BufferArenaOpponentName
0x081A5BF8	0x081A5D43	thumb	DrawArenaRefereeTextBox
0x081A5D44	0x081A5E73	thumb	EraseArenaRefereeTextBox
0x081A5E74	0x081A5E93	thumb	CallBattleFactoryFunction
0x081A5E94	0x081A5FA7	thumb	InitFactoryChallenge
0x081A5FA8	0x081A6053	thumb	GetBattleFactoryData
0x081A6054	0x081A613B	thumb	SetBattleFactoryData
0x081A613C	0x081A617F	thumb	SaveFactoryChallenge
0x081A6180	0x081A6181	thumb	FactoryDummy1
0x081A6184	0x081A6185	thumb	FactoryDummy2
0x081A6188	0x081A6195	thumb	SelectInitialRentalMons
0x081A6198	0x081A61A1	thumb	SwapRentalMons
0x081A61A4	0x081A61AF	thumb	SetPerformedRentalSwap
0x081A61B0	0x081A63B7	thumb	GenerateOpponentMons
0x081A63B8	0x081A63CB	thumb	SetOpponentGfxVar
0x081A63CC	0x081A64C3	thumb	SetRentalsToOpponentParty
0x081A64C4	0x081A67EB	thumb	SetPlayerAndOpponentParties
0x081A67EC	0x081A6A07	thumb	GenerateInitialRentalMons
0x081A6A08	0x081A6AE9	thumb	GetOpponentMostCommonMonType
0x081A6AEC	0x081A6BA3	thumb	GetOpponentBattleStyle
0x081A6BA4	0x081A6BF3	thumb	GetMoveBattleStyle
0x081A6BF4	0x081A6C1B	thumb	InBattleFactory
0x081A6C1C	0x081A6CA7	thumb	RestorePlayerPartyHeldItems
0x081A6CA8	0x081A6CCF	thumb	GetFactoryMonFixedIV
0x081A6CD0	0x081A6EEF	thumb	FillFactoryBrainParty
0x081A6EF0	0x081A6F6F	thumb	GetFactoryMonId
0x081A6F70	0x081A6FB3	thumb	GetNumPastRentalsRank
0x081A6FB4	0x081A7023	thumb	GetAiScriptsInBattleFactory
0x081A7024	0x081A703B	thumb	SetMonMoveAvoidReturn
0x081A703C	0x081A705B	thumb	CallBattlePikeFunction
0x081A705C	0x081A706F	thumb	SetRoomType
0x081A7070	0x081A713F	thumb	SetupRoomObjectEvents
0x081A7140	0x081A7247	thumb	GetBattlePikeData
0x081A7248	0x081A73B7	thumb	SetBattlePikeData
0x081A73B8	0x081A73EB	thumb	IsNextRoomFinal
0x081A73EC	0x081A73FF	thumb	GetRoomType
0x081A7400	0x081A740B	thumb	SetInWildMonRoom
0x081A740C	0x081A7417	thumb	ClearInWildMonRoom
0x081A7418	0x081A745F	thumb	SavePikeChallenge
0x081A7460	0x081A7461	thumb	PikeDummy1
0x081A7464	0x081A7465	thumb	PikeDummy2
0x081A7468	0x081A74CB	thumb	GetRoomInflictedStatus
0x081A74CC	0x081A74DF	thumb	GetRoomInflictedStatusMon
0x081A74E0	0x081A7507	thumb	HealOneOrTwoMons
0x081A7508	0x081A757F	thumb	BufferNPCMessage
0x081A7580	0x081A7593	thumb	StatusInflictionScreenFlash
0x081A7594	0x081A7627	thumb	HealMon
0x081A7628	0x081A767B	thumb	DoesAbilityPreventStatus
0x081A767C	0x081A7727	thumb	DoesTypePreventStatus
0x081A7728	0x081A7973	thumb	TryInflictRandomStatus
0x081A7974	0x081A79EB	thumb	AtLeastOneHealthyMon
0x081A79EC	0x081A7B57	thumb	GetNextRoomType
0x081A7B58	0x081A7B83	thumb	GetNPCRoomGraphicsId
0x081A7B84	0x081A7B8F	thumb	GetInWildMonRoom
0x081A7B90	0x081A7CFF	thumb	TryGenerateBattlePikeWildMon
0x081A7D00	0x081A7D51	thumb	GetBattlePikeWildMonHeaderId
0x081A7D54	0x081A7D8B	thumb	DoStatusInflictionScreenFlash
0x081A7D8C	0x081A7DE7	thumb	StatusInflictionFadeOut
0x081A7DE8	0x081A7E5D	thumb	StatusInflictionFadeIn
0x081A7E60	0x081A7EC3	thumb	StartStatusInflictionScreenFlash
0x081A7EC4	0x081A7EE1	thumb	IsStatusInflictionScreenFlashTaskFinished
0x081A7EE4	0x081A7F37	thumb	Task_DoStatusInflictionScreenFlash
0x081A7F38	0x081A808F	thumb	TryHealMons
0x081A8090	0x081A80A7	thumb	GetInBattlePike
0x081A80A8	0x081A80DB	thumb	InBattlePike
0x081A80DC	0x081A825B	thumb	SetHintedRoom
0x081A825C	0x081A827B	thumb	GetHintedRoomIndex
0x081A827C	0x081A82A3	thumb	GetRoomTypeHint
0x081A82A4	0x081A8373	thumb	PrepareOneTrainer
0x081A8374	0x081A84B3	thumb	PrepareTwoTrainers
0x081A84B4	0x081A84EB	thumb	ClearPikeTrainerIds
0x081A84EC	0x081A8553	thumb	BufferTrainerIntro
0x081A8554	0x081A858F	thumb	AtLeastTwoAliveMons
0x081A8590	0x081A863B	thumb	GetPikeQueenFightType
0x081A863C	0x081A8657	thumb	GetCurrentRoomPikeQueenFightType
0x081A8658	0x081A869B	thumb	HealSomeMonsBeforePikeQueen
0x081A869C	0x081A86BF	thumb	SetHealingroomTypesDisabled
0x081A86C0	0x081A8793	thumb	IsPartyFullHealed
0x081A8794	0x081A87E7	thumb	SaveMonHeldItems
0x081A87E8	0x081A882F	thumb	RestoreMonHeldItems
0x081A8830	0x081A88AF	thumb	InitPikeChallenge
0x081A88B0	0x081A890B	thumb	CanEncounterWildMon
0x081A890C	0x081A8933	thumb	SpeciesToPikeMonId
0x081A8934	0x081A895B	thumb	InitRotatingTilePuzzle
0x081A895C	0x081A899F	thumb	FreeRotatingTilePuzzle
0x081A89A0	0x081A8AF5	thumb	MoveRotatingTileObjects
0x081A8AF8	0x081A8D5F	thumb	TurnRotatingTileObjects
0x081A8D60	0x081A8D93	thumb	SaveRotatingTileObject
0x081A8D94	0x081A8E7B	thumb	TurnUnsavedRotatingTileObject
0x081A8E7C	0x081A8E9B	thumb	CallBattlePyramidFunction
0x081A8E9C	0x081A8F37	thumb	InitPyramidChallenge
0x081A8F38	0x081A9047	thumb	GetBattlePyramidData
0x081A9048	0x081A9133	thumb	SetBattlePyramidData
0x081A9134	0x081A917B	thumb	SavePyramidChallenge
0x081A917C	0x081A91FB	thumb	SetBattlePyramidPrize
0x081A91FC	0x081A9253	thumb	GiveBattlePyramidPrize
0x081A9254	0x081A928F	thumb	SeedPyramidFloor
0x081A9290	0x081A93C7	thumb	SetPickupItem
0x081A93C8	0x081A9413	thumb	HidePyramidItem
0x081A9414	0x081A9423	thumb	SetPyramidFacilityTrainers
0x081A9424	0x081A9617	thumb	ShowPostBattleHintText
0x081A9618	0x081A966B	thumb	UpdatePyramidWinStreak
0x081A966C	0x081A9683	thumb	GetCurrentBattlePyramidLocation
0x081A9684	0x081A9759	thumb	UpdatePyramidLightRadius
0x081A975C	0x081A97C7	thumb	ClearPyramidPartyHeldItems
0x081A97C8	0x081A97DB	thumb	SetPyramidFloorPalette
0x081A97DC	0x081A9827	thumb	Task_SetPyramidFloorPalette
0x081A9828	0x081A9831	thumb	BattlePyramidStartMenu
0x081A9834	0x081A9997	thumb	RestorePyramidPlayerParty
0x081A9998	0x081A9AA7	thumb	GetPostBattleDirectionHintTextIndex
0x081A9AA8	0x081A9AC3	thumb	LocalIdToPyramidTrainerId
0x081A9AC4	0x081A9B03	thumb	GetBattlePyramidTrainerFlag
0x081A9B04	0x081A9B43	thumb	MarkApproachingPyramidTrainersAsBattled
0x081A9B44	0x081A9C03	thumb	MarkPyramidTrainerAsBattled
0x081A9C04	0x081A9E27	thumb	GenerateBattlePyramidWildMon
0x081A9E28	0x081A9E3F	thumb	GetPyramidRunMultiplier
0x081A9E40	0x081A9E69	thumb	CurrentBattlePyramidLocation
0x081A9E6C	0x081A9E8F	thumb	InBattlePyramid_
0x081A9E90	0x081A9EC7	thumb	PausePyramidChallenge
0x081A9EC8	0x081A9EDB	thumb	SoftResetInBattlePyramid
0x081A9EDC	0x081A9EFB	thumb	CopyPyramidTrainerSpeechBefore
0x081A9EFC	0x081A9F1B	thumb	CopyPyramidTrainerWinSpeech
0x081A9F1C	0x081A9F3B	thumb	CopyPyramidTrainerLoseSpeech
0x081A9F3C	0x081A9F7F	thumb	GetTrainerEncounterMusicIdInBattlePyramid
0x081A9F80	0x081A9F8F	thumb	BattlePyramidRetireChallenge
0x081A9F90	0x081AA077	thumb	GetUniqueTrainerId
0x081AA078	0x081AA1D7	thumb	GenerateBattlePyramidFloorLayout
0x081AA1D8	0x081AA2F5	thumb	LoadBattlePyramidObjectEventTemplates
0x081AA2F8	0x081AA339	thumb	LoadBattlePyramidFloorObjectEventScripts
0x081AA33C	0x081AA397	thumb	GetPyramidEntranceAndExitSquareIds
0x081AA398	0x081AA4D5	thumb	SetPyramidObjectPositionsUniformly
0x081AA4D8	0x081AA645	thumb	SetPyramidObjectPositionsInAndNearSquare
0x081AA648	0x081AA75F	thumb	SetPyramidObjectPositionsNearSquare
0x081AA760	0x081AA80D	thumb	TrySetPyramidObjectEventPositionInSquare
0x081AA810	0x081AA96B	thumb	TrySetPyramidObjectEventPositionAtCoords
0x081AA96C	0x081AA9E3	thumb	GetPyramidFloorLayoutOffsets
0x081AA9E4	0x081AAA3F	thumb	GetPyramidFloorTemplateId
0x081AAA40	0x081AAA79	thumb	GetNumBattlePyramidObjectEvents
0x081AAA7C	0x081AAADF	thumb	InitPyramidBagItems
0x081AAAE0	0x081AAB6F	thumb	GetBattlePyramidPickupItemId
0x081AAB70	0x081AAB9B	thumb	ResetBagScrollPositions
0x081AAB9C	0x081AABAF	thumb	CB2_BagMenuFromStartMenu
0x081AABB0	0x081AABDB	thumb	CB2_BagMenuFromBattle
0x081AABDC	0x081AABEF	thumb	CB2_ChooseBerry
0x081AABF0	0x081AABFF	thumb	ChooseBerryForMachine
0x081AAC00	0x081AAC13	thumb	CB2_GoToSellMenu
0x081AAC14	0x081AAC27	thumb	CB2_GoToItemDepositMenu
0x081AAC28	0x081AAC4F	thumb	ApprenticeOpenBagMenu
0x081AAC50	0x081AAC6F	thumb	FavorLadyOpenBagMenu
0x081AAC70	0x081AAC8F	thumb	QuizLadyOpenBagMenu
0x081AAC90	0x081AAD5B	thumb	GoToBagMenu
0x081AAD5C	0x081AAD75	thumb	CB2_BagMenuRun
0x081AAD78	0x081AAD89	thumb	VBlankCB_BagMenuRun
0x081AAD8C	0x081AADB5	thumb	CB2_Bag
0x081AADB8	0x081AB04D	thumb	SetupBagMenu
0x081AB050	0x081AB0BB	thumb	BagMenu_InitBGs
0x081AB0BC	0x081AB1ED	thumb	LoadBagMenu_Graphics
0x081AB1F0	0x081AB217	thumb	CreateBagInputHandlerTask
0x081AB218	0x081AB23F	thumb	AllocateBagItemListBuffers
0x081AB240	0x081AB39B	thumb	LoadBagItemListBuffers
0x081AB39C	0x081AB44F	thumb	GetItemNameFromPocket
0x081AB450	0x081AB51F	thumb	BagMenu_MoveCursorCallback
0x081AB520	0x081AB6AF	thumb	BagMenu_ItemPrintCallback
0x081AB6B0	0x081AB73B	thumb	PrintItemDescription
0x081AB73C	0x081AB75B	thumb	BagMenu_PrintCursor
0x081AB75C	0x081AB7BB	thumb	BagMenu_PrintCursorAtPos
0x081AB7BC	0x081AB823	thumb	CreatePocketScrollArrowPair
0x081AB824	0x081AB853	thumb	BagDestroyPocketScrollArrowPair
0x081AB854	0x081AB89B	thumb	CreatePocketSwitchArrowPair
0x081AB89C	0x081AB8C7	thumb	DestroyPocketSwitchArrowPair
0x081AB8C8	0x081AB8F7	thumb	FreeBagMenu
0x081AB8F8	0x081AB92F	thumb	Task_FadeAndCloseBagMenu
0x081AB930	0x081AB9A5	thumb	Task_CloseBagMenu
0x081AB9A8	0x081ABA6B	thumb	UpdatePocketItemList
0x081ABA6C	0x081ABA85	thumb	UpdatePocketItemLists
0x081ABA88	0x081ABAC3	thumb	UpdatePocketListPosition
0x081ABAC4	0x081ABADD	thumb	InitPocketListPositions
0x081ABAE0	0x081ABB2B	thumb	InitPocketScrollPositions
0x081ABB2C	0x081ABB4B	thumb	GetItemListPosition
0x081ABB4C	0x081ABBBB	thumb	DisplayItemMessage
0x081ABBBC	0x081ABC3B	thumb	CloseItemMessage
0x081ABC3C	0x081ABC53	thumb	AddItemQuantityWindow
0x081ABC54	0x081ABCBF	thumb	PrintItemQuantity
0x081ABCC0	0x081ABD27	thumb	PrintItemSoldAmount
0x081ABD28	0x081ABECB	thumb	Task_BagMenu_HandleInput
0x081ABECC	0x081ABF0F	thumb	ReturnToItemList
0x081ABF10	0x081ABF6F	thumb	GetSwitchBagPocketDirection
0x081ABF70	0x081ABFA7	thumb	ChangeBagPocketId
0x081ABFA8	0x081AC10B	thumb	SwitchBagPocket
0x081AC10C	0x081AC23B	thumb	Task_SwitchBagPocket
0x081AC23C	0x081AC269	thumb	DrawItemListBgRow
0x081AC26C	0x081AC2BF	thumb	DrawPocketIndicatorSquare
0x081AC2C0	0x081AC2E5	thumb	CanSwapItems
0x081AC2E8	0x081AC3BF	thumb	StartItemSwap
0x081AC3C0	0x081AC497	thumb	Task_HandleSwappingItemsInput
0x081AC498	0x081AC58F	thumb	DoItemSwap
0x081AC590	0x081AC643	thumb	CancelItemSwap
0x081AC644	0x081ACAF5	thumb	OpenContextMenu
0x081ACAF8	0x081ACB53	thumb	PrintContextMenuItems
0x081ACB54	0x081ACBAF	thumb	PrintContextMenuItemGrid
0x081ACBB0	0x081ACC03	thumb	Task_ItemContext_Normal
0x081ACC04	0x081ACC77	thumb	Task_ItemContext_SingleRow
0x081ACC78	0x081ACDFB	thumb	Task_ItemContext_MultipleRows
0x081ACDFC	0x081ACE35	thumb	IsValidContextMenuPos
0x081ACE38	0x081ACE79	thumb	RemoveContextWindow
0x081ACE7C	0x081ACEF3	thumb	ItemMenu_UseOutOfBattle
0x081ACEF4	0x081ACF87	thumb	ItemMenu_Toss
0x081ACF88	0x081AD00F	thumb	AskTossItems
0x081AD010	0x081AD043	thumb	CancelToss
0x081AD044	0x081AD0CB	thumb	Task_ChooseHowManyToToss
0x081AD0CC	0x081AD14F	thumb	ConfirmToss
0x081AD150	0x081AD1EB	thumb	Task_RemoveItemFromBag
0x081AD1EC	0x081AD277	thumb	ItemMenu_Register
0x081AD278	0x081AD2EF	thumb	ItemMenu_Give
0x081AD2F0	0x081AD30B	thumb	PrintThereIsNoPokemon
0x081AD30C	0x081AD34F	thumb	PrintItemCantBeHeld
0x081AD350	0x081AD377	thumb	HandleErrorMessage
0x081AD378	0x081AD397	thumb	ItemMenu_CheckTag
0x081AD398	0x081AD3DB	thumb	ItemMenu_Cancel
0x081AD3DC	0x081AD40B	thumb	ItemMenu_UseInBattle
0x081AD40C	0x081AD41B	thumb	CB2_ReturnToBagMenuPocket
0x081AD41C	0x081AD4B3	thumb	Task_ItemContext_GiveToParty
0x081AD4B4	0x081AD51F	thumb	Task_ItemContext_GiveToPC
0x081AD520	0x081AD5DB	thumb	UseRegisteredKeyItemOnField
0x081AD5DC	0x081AD67F	thumb	Task_ItemContext_Sell
0x081AD680	0x081AD6E3	thumb	DisplaySellItemPriceAndConfirm
0x081AD6E4	0x081AD6FB	thumb	AskSellItems
0x081AD6FC	0x081AD72F	thumb	CancelSell
0x081AD730	0x081AD793	thumb	InitSellHowManyInput
0x081AD794	0x081AD849	thumb	Task_ChooseHowManyToSell
0x081AD84C	0x081AD8C7	thumb	ConfirmSell
0x081AD8C8	0x081AD9BF	thumb	SellItem
0x081AD9C0	0x081AD9EB	thumb	WaitAfterItemSell
0x081AD9EC	0x081ADA7B	thumb	Task_ItemContext_Deposit
0x081ADA7C	0x081ADB13	thumb	Task_ChooseHowManyToDeposit
0x081ADB14	0x081ADC0B	thumb	TryDepositItem
0x081ADC0C	0x081ADC53	thumb	WaitDepositErrorMessage
0x081ADC54	0x081ADC6D	thumb	IsWallysBag
0x081ADC70	0x081ADCFF	thumb	PrepareBagForWallyTutorial
0x081ADD00	0x081ADD6F	thumb	RestoreBagAfterWallyTutorial
0x081ADD70	0x081ADD97	thumb	DoWallyTutorialBagMenu
0x081ADD98	0x081ADE37	thumb	Task_WallyTutorialBagMenu
0x081ADE38	0x081ADE6B	thumb	ItemMenu_Show
0x081ADE6C	0x081ADE8B	thumb	CB2_ApprenticeExitBagMenu
0x081ADE8C	0x081ADEBB	thumb	ItemMenu_GiveFavorLady
0x081ADEBC	0x081ADEDB	thumb	CB2_FavorLadyExitBagMenu
0x081ADEDC	0x081ADEFF	thumb	ItemMenu_ConfirmQuizLady
0x081ADF00	0x081ADF1F	thumb	CB2_QuizLadyExitBagMenu
0x081ADF20	0x081ADFF7	thumb	PrintPocketNames
0x081ADFF8	0x081AE053	thumb	CopyPocketNameToWindow
0x081AE054	0x081AE0BB	thumb	LoadBagMenuTextWindows
0x081AE0BC	0x081AE123	thumb	BagMenu_Print
0x081AE124	0x081AE13B	thumb	BagMenu_GetWindowId
0x081AE13C	0x081AE183	thumb	BagMenu_AddWindow
0x081AE184	0x081AE1C3	thumb	BagMenu_RemoveWindow
0x081AE1C4	0x081AE1F7	thumb	AddItemMessageWindow
0x081AE1F8	0x081AE237	thumb	RemoveItemMessageWindow
0x081AE238	0x081AE267	thumb	BagMenu_YesNo
0x081AE268	0x081AE2A3	thumb	DisplayCurrentMoneyWindow
0x081AE2A4	0x081AE2B3	thumb	RemoveMoneyWindow
0x081AE2B4	0x081AE2F9	thumb	PrepareTMHMMoveWindow
0x081AE2FC	0x081AE457	thumb	PrintTMHMMoveData
0x081AE458	0x081AE459	thumb	ListMenuDummyTask
0x081AE45C	0x081AE583	thumb	DoMysteryGiftListMenu
0x081AE584	0x081AE5AF	thumb	ListMenuInit
0x081AE5B0	0x081AE601	thumb	ListMenuInitInRect
0x081AE604	0x081AE6C5	thumb	ListMenu_ProcessInput
0x081AE6C8	0x081AE70B	thumb	DestroyListMenuTask
0x081AE70C	0x081AE74F	thumb	RedrawListMenu
0x081AE750	0x081AE793	thumb	ChangeListMenuPals
0x081AE794	0x081AE7CF	thumb	ChangeListMenuCoords
0x081AE7D0	0x081AE835	thumb	ListMenuTestInput
0x081AE838	0x081AE85F	thumb	ListMenuGetCurrentItemArrayId
0x081AE860	0x081AE88B	thumb	ListMenuGetScrollAndRow
0x081AE88C	0x081AE8D3	thumb	ListMenuGetYCoordForPrintingArrowCursor
0x081AE8D4	0x081AE9B3	thumb	ListMenuInitInternal
0x081AE9B4	0x081AEA65	thumb	ListMenuPrint
0x081AEA68	0x081AEB1F	thumb	ListMenuPrintEntries
0x081AEB20	0x081AEC15	thumb	ListMenuDrawCursor
0x081AEC18	0x081AEC77	thumb	ListMenuAddCursorObject
0x081AEC78	0x081AECFF	thumb	ListMenuErasePrintedCursor
0x081AED00	0x081AEDED	thumb	ListMenuUpdateSelectedRowIndexAndScrollOffset
0x081AEDF0	0x081AEF25	thumb	ListMenuScroll
0x081AEF28	0x081AEFFF	thumb	ListMenuChangeSelection
0x081AF000	0x081AF027	thumb	ListMenuCallSelectionChangedCallback
0x081AF028	0x081AF077	thumb	ListMenuOverrideSetColors
0x081AF078	0x081AF089	thumb	ListMenuDefaultCursorMoveFunc
0x081AF08C	0x081AF15B	thumb	ListMenuGetTemplateField
0x081AF15C	0x081AF261	thumb	ListMenuSetTemplateField
0x081AF264	0x081AF2EF	thumb	SpriteCallback_ScrollIndicatorArrow
0x081AF2F0	0x081AF37F	thumb	AddScrollIndicatorArrowObject
0x081AF380	0x081AF49F	thumb	AddScrollIndicatorArrowPair
0x081AF4A0	0x081AF503	thumb	AddScrollIndicatorArrowPairParameterized
0x081AF504	0x081AF59B	thumb	Task_ScrollIndicatorArrowPair
0x081AF59C	0x081AF61F	thumb	Task_ScrollIndicatorArrowPairOnMainMenu
0x081AF620	0x081AF67F	thumb	RemoveScrollIndicatorArrowPair
0x081AF680	0x081AF69B	thumb	ListMenuAddCursorObjectInternal
0x081AF69C	0x081AF6C1	thumb	ListMenuUpdateCursorObject
0x081AF6C4	0x081AF6E1	thumb	ListMenuRemoveCursorObject
0x081AF6E4	0x081AF6E5	thumb	Task_RedOutlineCursor
0x081AF6E8	0x081AF723	thumb	ListMenuGetRedOutlineCursorSpriteCount
0x081AF724	0x081AF827	thumb	ListMenuSetUpRedOutlineCursorSpriteOamTable
0x081AF828	0x081AF993	thumb	ListMenuAddRedOutlineCursorObject
0x081AF994	0x081AF9D7	thumb	ListMenuUpdateRedOutlineCursorObject
0x081AF9D8	0x081AFA2F	thumb	ListMenuRemoveRedOutlineCursorObject
0x081AFA30	0x081AFA5B	thumb	SpriteCallback_RedArrowCursor
0x081AFA5C	0x081AFA5D	thumb	Task_RedArrowCursor
0x081AFA60	0x081AFB67	thumb	ListMenuAddRedArrowCursorObject
0x081AFB68	0x081AFB9F	thumb	ListMenuUpdateRedArrowCursorObject
0x081AFBA0	0x081AFBEF	thumb	ListMenuRemoveRedArrowCursorObject
0x081AFBF0	0x081AFC0B	thumb	DynamicPlaceholderTextUtil_Reset
0x081AFC0C	0x081AFC27	thumb	DynamicPlaceholderTextUtil_SetPlaceholderPtr
0x081AFC28	0x081AFC73	thumb	DynamicPlaceholderTextUtil_ExpandPlaceholders
0x081AFC74	0x081AFC83	thumb	DynamicPlaceholderTextUtil_GetPlaceholderPtr
0x081AFC84	0x081AFCCB	thumb	IsCurMapInLocationList
0x081AFCCC	0x081AFCDB	thumb	IsCurMapPokeCenter
0x081AFCDC	0x081AFCEB	thumb	IsCurMapReloadLocation
0x081AFCEC	0x081AFCFB	thumb	IsCurMapInEmptyList
0x081AFCFC	0x081AFD2B	thumb	TrySetPokeCenterWarpStatus
0x081AFD2C	0x081AFD5B	thumb	TrySetReloadWarpStatus
0x081AFD5C	0x081AFD8B	thumb	TrySetUnknownWarpStatus
0x081AFD8C	0x081AFD9D	thumb	TrySetMapSaveWarpStatus
0x081AFDA0	0x081AFDCF	thumb	SetUnlockedPokedexFlags
0x081AFDD0	0x081AFDE3	thumb	SetChampionSaveWarp
0x081AFDE4	0x081AFE21	thumb	AllocItemIconTemporaryBuffers
0x081AFE24	0x081AFE43	thumb	FreeItemIconTemporaryBuffers
0x081AFE44	0x081AFE6D	thumb	CopyItemIconPicTo4x4Buffer
0x081AFE70	0x081AFF31	thumb	AddItemIconSprite
0x081AFF34	0x081AFFF9	thumb	AddCustomItemIconSprite
0x081AFFFC	0x081B0037	thumb	GetItemIconPicOrPalette
0x081B0038	0x081B01AF	thumb	InitPartyMenu
0x081B01B0	0x081B01C9	thumb	CB2_UpdatePartyMenu
0x081B01CC	0x081B01DD	thumb	VBlankCB_PartyMenu
0x081B01E0	0x081B0209	thumb	CB2_InitPartyMenu
0x081B020C	0x081B04B9	thumb	ShowPartyMenu
0x081B04BC	0x081B04F7	thumb	ExitPartyMenu
0x081B04F8	0x081B052B	thumb	Task_ExitPartyMenu
0x081B052C	0x081B054F	thumb	ResetPartyMenu
0x081B0550	0x081B05C7	thumb	AllocPartyMenuBg
0x081B05C8	0x081B06BD	thumb	AllocPartyMenuBgGfx
0x081B06C0	0x081B06F3	thumb	PartyPaletteBufferCopy
0x081B06F4	0x081B073F	thumb	FreePartyPointers
0x081B0740	0x081B07DD	thumb	InitPartyMenuBoxes
0x081B07E0	0x081B0947	thumb	RenderPartyMenuBox
0x081B0948	0x081B0A0F	thumb	DisplayPartyPokemonData
0x081B0A10	0x081B0A9B	thumb	DisplayPartyPokemonDescriptionData
0x081B0A9C	0x081B0B07	thumb	DisplayPartyPokemonDataForChooseHalf
0x081B0B08	0x081B0B5F	thumb	DisplayPartyPokemonDataForContest
0x081B0B60	0x081B0B95	thumb	DisplayPartyPokemonDataForRelearner
0x081B0B98	0x081B0BC3	thumb	DisplayPartyPokemonDataForWirelessMinigame
0x081B0BC4	0x081B0BF9	thumb	DisplayPartyPokemonDataForBattlePyramidHeldItem
0x081B0BFC	0x081B0C91	thumb	DisplayPartyPokemonDataForMoveTutorOrEvolutionItem
0x081B0C94	0x081B0CE9	thumb	DisplayPartyPokemonDataToTeachMove
0x081B0CEC	0x081B0D9F	thumb	DisplayPartyPokemonDataForMultiBattle
0x081B0DA0	0x081B0DD3	thumb	RenderPartyMenuBoxes
0x081B0DD4	0x081B0DE7	thumb	GetPartyMenuBgTile
0x081B0DE8	0x081B0EF3	thumb	CreatePartyMonSprites
0x081B0EF4	0x081B0F27	thumb	CreatePartyMonSpritesLoop
0x081B0F28	0x081B0FCB	thumb	CreateCancelConfirmPokeballSprites
0x081B0FCC	0x081B10F7	thumb	AnimatePartySlot
0x081B10F8	0x081B118B	thumb	GetPartyBoxPaletteFlags
0x081B118C	0x081B120B	thumb	PartyBoxPal_ParnterOrDisqualifiedInArena
0x081B120C	0x081B124F	thumb	DrawCancelConfirmButtons
0x081B1250	0x081B1285	thumb	IsMultiBattle
0x081B1288	0x081B12BD	thumb	SwapPartyPokemon
0x081B12C0	0x081B12F7	thumb	Task_ClosePartyMenu
0x081B12F8	0x081B1351	thumb	Task_ClosePartyMenuAndSetCB2
0x081B1354	0x081B135F	thumb	GetCursorSelectionMonId
0x081B1360	0x081B136F	thumb	GetPartyMenuType
0x081B1370	0x081B13EB	thumb	Task_HandleChooseMonInput
0x081B13EC	0x081B1409	thumb	GetCurrentPartySlotPtr
0x081B140C	0x081B15A3	thumb	HandleChooseMonSelection
0x081B15A4	0x081B15CF	thumb	IsSelectedMonNotEgg
0x081B15D0	0x081B165F	thumb	HandleChooseMonCancel
0x081B1660	0x081B16D3	thumb	DisplayCancelChooseMonYesNo
0x081B16D4	0x081B1707	thumb	Task_CancelChooseMonYesNo
0x081B1708	0x081B175D	thumb	Task_HandleCancelChooseMonYesNoInput
0x081B1760	0x081B17F5	thumb	PartyMenuButtonHandler
0x081B17F8	0x081B1851	thumb	UpdateCurrentPartySelection
0x081B1854	0x081B195B	thumb	UpdatePartySelectionSingleLayout
0x081B195C	0x081B1AFF	thumb	UpdatePartySelectionDoubleLayout
0x081B1B00	0x081B1B41	thumb	GetNewSlotDoubleLayout
0x081B1B44	0x081B1B5B	thumb	GetMonNickname
0x081B1B5C	0x081B1B8B	thumb	DisplayPartyMenuMessage
0x081B1B8C	0x081B1BD3	thumb	Task_PrintAndWaitForText
0x081B1BD4	0x081B1BE7	thumb	IsPartyMenuTextPrinterActive
0x081B1BE8	0x081B1C1B	thumb	Task_WaitForLinkAndReturnToChooseMon
0x081B1C1C	0x081B1C83	thumb	Task_ReturnToChooseMonAfterText
0x081B1C84	0x081B1CCF	thumb	DisplayGaveHeldItemMessage
0x081B1CD0	0x081B1D1B	thumb	DisplayTookHeldItemMessage
0x081B1D1C	0x081B1D67	thumb	DisplayAlreadyHoldingItemSwitchMessage
0x081B1D68	0x081B1DB7	thumb	DisplaySwitchedHeldItemMessage
0x081B1DB8	0x081B1DFD	thumb	GiveItemToMon
0x081B1E00	0x081B1E45	thumb	TryTakeMonItem
0x081B1E48	0x081B1E5F	thumb	BufferBagFullCantTakeItemMessage
0x081B1E60	0x081B1F17	thumb	Task_PartyMenuModifyHP
0x081B1F18	0x081B1FA7	thumb	PartyMenuModifyHP
0x081B1FA8	0x081B2013	thumb	ResetHPTaskData
0x081B2014	0x081B2059	thumb	GetAilmentFromStatus
0x081B205C	0x081B209B	thumb	GetMonAilment
0x081B209C	0x081B2133	thumb	SetPartyMonsAllowedInMinigame
0x081B2134	0x081B2161	thumb	IsMonAllowedInPokemonJump
0x081B2164	0x081B2189	thumb	IsMonAllowedInDodrioBerryPicking
0x081B218C	0x081B21AB	thumb	IsMonAllowedInMinigame
0x081B21AC	0x081B220F	thumb	TryEnterMonForMinigame
0x081B2210	0x081B2247	thumb	CancelParticipationPrompt
0x081B2248	0x081B227B	thumb	Task_CancelParticipationYesNo
0x081B227C	0x081B22D7	thumb	Task_HandleCancelParticipationYesNoInput
0x081B22D8	0x081B235F	thumb	CanMonLearnTMTutor
0x081B2360	0x081B236F	thumb	GetTutorMove
0x081B2370	0x081B2399	thumb	CanLearnTutorMove
0x081B239C	0x081B2427	thumb	InitPartyMenuWindows
0x081B2428	0x081B2563	thumb	CreateCancelConfirmWindows
0x081B2564	0x081B2577	thumb	GetPartyMenuPalBufferPtr
0x081B2578	0x081B2655	thumb	BlitBitmapToPartyWindow
0x081B2658	0x081B26BB	thumb	BlitBitmapToPartyWindow_LeftColumn
0x081B26BC	0x081B271F	thumb	BlitBitmapToPartyWindow_RightColumn
0x081B2720	0x081B2747	thumb	DrawEmptySlot
0x081B2748	0x081B2A3B	thumb	LoadPartyBoxPalette
0x081B2A3C	0x081B2A6F	thumb	DisplayPartyPokemonBarDetail
0x081B2A70	0x081B2AC7	thumb	DisplayPartyPokemonNickname
0x081B2AC8	0x081B2B3F	thumb	DisplayPartyPokemonLevelCheck
0x081B2B40	0x081B2B8B	thumb	DisplayPartyPokemonLevel
0x081B2B8C	0x081B2BF1	thumb	DisplayPartyPokemonGenderNidoranCheck
0x081B2BF4	0x081B2CD3	thumb	DisplayPartyPokemonGender
0x081B2CD4	0x081B2D39	thumb	DisplayPartyPokemonHPCheck
0x081B2D3C	0x081B2D73	thumb	DisplayPartyPokemonHP
0x081B2D74	0x081B2DDB	thumb	DisplayPartyPokemonMaxHPCheck
0x081B2DDC	0x081B2E27	thumb	DisplayPartyPokemonMaxHP
0x081B2E28	0x081B2E61	thumb	DisplayPartyPokemonHPBarCheck
0x081B2E64	0x081B2FA7	thumb	DisplayPartyPokemonHPBar
0x081B2FA8	0x081B302B	thumb	DisplayPartyPokemonDescriptionText
0x081B302C	0x081B3051	thumb	PartyMenuRemoveWindow
0x081B3054	0x081B314B	thumb	DisplayPartyMenuStdMessage
0x081B314C	0x081B31AF	thumb	ShouldUseChooseMonText
0x081B31B0	0x081B32FF	thumb	DisplaySelectionWindow
0x081B3300	0x081B334B	thumb	PrintMessage
0x081B334C	0x081B3363	thumb	PartyMenuDisplayYesNoMenu
0x081B3364	0x081B3393	thumb	CreateLevelUpStatsWindow
0x081B3394	0x081B33B3	thumb	RemoveLevelUpStatsWindow
0x081B33B4	0x081B3413	thumb	SetPartyMonSelectionActions
0x081B3414	0x081B353B	thumb	SetPartyMonFieldSelectionActions
0x081B353C	0x081B3607	thumb	GetPartyMenuActionsType
0x081B3608	0x081B36FB	thumb	CreateSelectionWindow
0x081B36FC	0x081B372F	thumb	Task_TryCreateSelectionWindow
0x081B3730	0x081B37FB	thumb	Task_HandleSelectionMenuInput
0x081B37FC	0x081B3827	thumb	CursorCb_Summary
0x081B3828	0x081B3893	thumb	CB2_ShowPokemonSummaryScreen
0x081B3894	0x081B38DB	thumb	CB2_ReturnToPartyMenuFromSummaryScreen
0x081B38DC	0x081B3937	thumb	CursorCb_Switch
0x081B3938	0x081B3AD7	thumb	SwitchSelectedMons
0x081B3AD8	0x081B3B3D	thumb	TryMovePartySlot
0x081B3B40	0x081B3C09	thumb	MoveAndBufferPartySlot
0x081B3C0C	0x081B3C5F	thumb	MovePartyMenuBoxSprites
0x081B3C60	0x081B3CBF	thumb	SlidePartyMenuBoxSpritesOneStep
0x081B3CC0	0x081B3D47	thumb	SlidePartyMenuBoxOneStep
0x081B3D48	0x081B3E5F	thumb	Task_SlideSelectedSlotsOffscreen
0x081B3E60	0x081B3F0D	thumb	Task_SlideSelectedSlotsOnscreen
0x081B3F10	0x081B3FDB	thumb	SwitchMenuBoxSprites
0x081B3FDC	0x081B407B	thumb	SwitchPartyMon
0x081B407C	0x081B40D3	thumb	FinishTwoMonAction
0x081B40D4	0x081B4133	thumb	CursorCb_Cancel1
0x081B4134	0x081B4197	thumb	CursorCb_Item
0x081B4198	0x081B41C3	thumb	CursorCb_Give
0x081B41C4	0x081B41EF	thumb	CB2_SelectBagItemToGive
0x081B41F0	0x081B42CF	thumb	CB2_GiveHoldItem
0x081B42D0	0x081B434F	thumb	Task_GiveHoldItem
0x081B4350	0x081B43A7	thumb	Task_SwitchHoldItemsPrompt
0x081B43A8	0x081B43DB	thumb	Task_SwitchItemsYesNo
0x081B43DC	0x081B44FB	thumb	Task_HandleSwitchItemsYesNoInput
0x081B44FC	0x081B452B	thumb	Task_WriteMailToGiveMonAfterText
0x081B452C	0x081B4577	thumb	CB2_WriteMailToGiveMon
0x081B4578	0x081B4623	thumb	CB2_ReturnToPartyMenuFromWritingMail
0x081B4624	0x081B469B	thumb	Task_DisplayGaveMailFromPartyMessage
0x081B469C	0x081B4721	thumb	Task_UpdateHeldItemSprite
0x081B4724	0x081B47DF	thumb	CursorCb_TakeItem
0x081B47E0	0x081B48A7	thumb	CursorCb_Toss
0x081B48A8	0x081B48DB	thumb	Task_TossHeldItemYesNo
0x081B48DC	0x081B4987	thumb	Task_HandleTossHeldItemYesNoInput
0x081B4988	0x081B4A07	thumb	Task_TossHeldItem
0x081B4A08	0x081B4A6B	thumb	CursorCb_Mail
0x081B4A6C	0x081B4A97	thumb	CursorCb_Read
0x081B4A98	0x081B4ADF	thumb	CB2_ReadHeldMail
0x081B4AE0	0x081B4B1F	thumb	CB2_ReturnToPartyMenuFromReadingMail
0x081B4B20	0x081B4B6B	thumb	CursorCb_TakeMail
0x081B4B6C	0x081B4B9F	thumb	Task_SendMailToPCYesNo
0x081B4BA0	0x081B4C5F	thumb	Task_HandleSendMailToPCYesNoInput
0x081B4C60	0x081B4C93	thumb	Task_LoseMailMessageYesNo
0x081B4C94	0x081B4D77	thumb	Task_HandleLoseMailMessageYesNoInput
0x081B4D78	0x081B4E2B	thumb	CursorCb_Cancel2
0x081B4E2C	0x081B4E8B	thumb	CursorCb_SendMon
0x081B4E8C	0x081B4F87	thumb	CursorCb_Enter
0x081B4F88	0x081B4FA7	thumb	MoveCursorToConfirm
0x081B4FA8	0x081B50AB	thumb	CursorCb_NoEntry
0x081B50AC	0x081B50C5	thumb	CursorCb_Store
0x081B50C8	0x081B51D3	thumb	CursorCb_Register
0x081B51D4	0x081B52E1	thumb	CursorCb_Trade1
0x081B52E4	0x081B53FB	thumb	CursorCb_Trade2
0x081B53FC	0x081B542F	thumb	Task_SpinTradeYesNo
0x081B5430	0x081B546F	thumb	Task_HandleSpinTradeYesNoInput
0x081B5470	0x081B5673	thumb	CursorCb_FieldMove
0x081B5674	0x081B56A3	thumb	DisplayFieldMoveExitAreaMessage
0x081B56A4	0x081B56D7	thumb	Task_FieldMoveExitAreaYesNo
0x081B56D8	0x081B5737	thumb	Task_HandleFieldMoveExitAreaYesNoInput
0x081B5738	0x081B574F	thumb	FieldCallback_PrepareFadeInFromMenu
0x081B5750	0x081B578B	thumb	Task_FieldMoveWaitForFade
0x081B578C	0x081B57B3	thumb	GetFieldMoveMonSpecies
0x081B57B4	0x081B57DB	thumb	Task_CancelAfterAorBPress
0x081B57DC	0x081B5801	thumb	DisplayCantUseFlashMessage
0x081B5804	0x081B581F	thumb	FieldCallback_Surf
0x081B5820	0x081B5861	thumb	SetUpFieldMove_Surf
0x081B5864	0x081B5883	thumb	DisplayCantUseSurfMessage
0x081B5884	0x081B58A5	thumb	SetUpFieldMove_Fly
0x081B58A8	0x081B58D3	thumb	CB2_ReturnToPartyMenuFromFlyMap
0x081B58D4	0x081B58EF	thumb	FieldCallback_Waterfall
0x081B58F0	0x081B5955	thumb	SetUpFieldMove_Waterfall
0x081B5958	0x081B5973	thumb	FieldCallback_Dive
0x081B5974	0x081B59B3	thumb	SetUpFieldMove_Dive
0x081B59B4	0x081B5A2B	thumb	CreatePartyMonIconSprite
0x081B5A2C	0x081B5A8B	thumb	CreatePartyMonIconSpriteParameterized
0x081B5A8C	0x081B5B37	thumb	UpdateHPBar
0x081B5B38	0x081B5B6B	thumb	UpdatePartyMonHPBar
0x081B5B6C	0x081B5BDB	thumb	AnimateSelectedPartyIcon
0x081B5BDC	0x081B5C07	thumb	SpriteCB_BouncePartyMonIcon
0x081B5C08	0x081B5C11	thumb	SpriteCB_UpdatePartyMonIcon
0x081B5C14	0x081B5C47	thumb	CreatePartyMonHeldItemSprite
0x081B5C48	0x081B5C93	thumb	CreatePartyMonHeldItemSpriteParameterized
0x081B5C94	0x081B5CAD	thumb	UpdatePartyMonHeldItemSprite
0x081B5CB0	0x081B5D2F	thumb	ShowOrHideHeldItemSprite
0x081B5D30	0x081B5D4B	thumb	LoadHeldItemIcons
0x081B5D4C	0x081B5DEF	thumb	DrawHeldItemIconsForTrade
0x081B5DF0	0x081B5E73	thumb	CreateHeldItemSpriteForTrade
0x081B5E74	0x081B5ECB	thumb	SpriteCB_HeldItem
0x081B5ECC	0x081B5EF3	thumb	CreatePartyMonPokeballSprite
0x081B5EF4	0x081B5F33	thumb	CreatePartyMonPokeballSpriteParameterized
0x081B5F34	0x081B5F73	thumb	CreatePokeballButtonSprite
0x081B5F74	0x081B5F97	thumb	CreateSmallPokeballButtonSprite
0x081B5F98	0x081B5FBB	thumb	PartyMenuStartSpriteAnim
0x081B5FBC	0x081B603F	thumb	SpriteCB_BounceConfirmCancelButton
0x081B6040	0x081B6063	thumb	LoadPartyMenuPokeballGfx
0x081B6064	0x081B6097	thumb	CreatePartyMonStatusSprite
0x081B6098	0x081B60E3	thumb	CreatePartyMonStatusSpriteParameterized
0x081B60E4	0x081B60FB	thumb	SetPartyMonAilmentGfx
0x081B60FC	0x081B615F	thumb	UpdatePartyMonAilmentGfx
0x081B6160	0x081B617B	thumb	LoadPartyMenuAilmentGfx
0x081B617C	0x081B6253	thumb	CB2_ShowPartyMenuForItemUse
0x081B6254	0x081B627F	thumb	CB2_ReturnToBagMenu
0x081B6280	0x081B62CF	thumb	Task_SetSacredAshCB
0x081B62D0	0x081B630D	thumb	IsHPRecoveryItem
0x081B6310	0x081B64CF	thumb	GetMedicineItemEffectMessage
0x081B64D0	0x081B6503	thumb	NotUsingHPEVItemOnShedinja
0x081B6504	0x081B651F	thumb	IsItemFlute
0x081B6520	0x081B6587	thumb	ExecuteTableBasedItemEffect_
0x081B6588	0x081B672B	thumb	ItemUseCB_Medicine
0x081B672C	0x081B6793	thumb	Task_DisplayHPRestoredMessage
0x081B6794	0x081B67C7	thumb	Task_ClosePartyMenuAfterText
0x081B67C8	0x081B691B	thumb	ItemUseCB_ReduceEV
0x081B691C	0x081B6999	thumb	ItemEffectToMonEv
0x081B699C	0x081B6A0F	thumb	ItemEffectToStatString
0x081B6A10	0x081B6AB3	thumb	ShowMoveSelectWindow
0x081B6AB4	0x081B6AFB	thumb	Task_HandleWhichMoveInput
0x081B6AFC	0x081B6B7F	thumb	ItemUseCB_PPRecovery
0x081B6B80	0x081B6BB3	thumb	SetSelectedMoveForPPItem
0x081B6BB4	0x081B6BEB	thumb	ReturnToUseOnWhichMon
0x081B6BEC	0x081B6CBF	thumb	TryUsePPItem
0x081B6CC0	0x081B6CFB	thumb	ItemUseCB_PPUp
0x081B6CFC	0x081B6D13	thumb	ItemIdToBattleMoveId
0x081B6D14	0x081B6D43	thumb	IsMoveHm
0x081B6D44	0x081B6D71	thumb	MonKnowsMove
0x081B6D74	0x081B6D97	thumb	DisplayLearnMoveMessage
0x081B6D98	0x081B6DC3	thumb	DisplayLearnMoveMessageAndClose
0x081B6DC4	0x081B6EB3	thumb	ItemUseCB_TMHM
0x081B6EB4	0x081B6F5F	thumb	Task_LearnedMove
0x081B6F60	0x081B6F97	thumb	Task_DoLearnedMoveFanfareAfterText
0x081B6F98	0x081B6FF3	thumb	Task_LearnNextMoveOrClosePartyMenu
0x081B6FF4	0x081B7027	thumb	Task_ReplaceMoveYesNo
0x081B7028	0x081B7085	thumb	Task_HandleReplaceMoveYesNoInput
0x081B7088	0x081B70B7	thumb	Task_ShowSummaryScreenToForgetMove
0x081B70B8	0x081B70EF	thumb	CB2_ShowSummaryScreenToForgetMove
0x081B70F0	0x081B711B	thumb	CB2_ReturnToPartyMenuWhileLearningMove
0x081B711C	0x081B7153	thumb	Task_ReturnToPartyMenuWhileLearningMove
0x081B7154	0x081B71D3	thumb	DisplayPartyMenuForgotMoveMessage
0x081B71D4	0x081B722F	thumb	Task_PartyMenuReplaceMove
0x081B7230	0x081B7293	thumb	StopLearningMovePrompt
0x081B7294	0x081B72C7	thumb	Task_StopLearningMoveYesNo
0x081B72C8	0x081B73E3	thumb	Task_HandleStopLearningMoveYesNoInput
0x081B73E4	0x081B7401	thumb	Task_TryLearningNextMoveAfterText
0x081B7404	0x081B754B	thumb	ItemUseCB_RareCandy
0x081B754C	0x081B75D3	thumb	UpdateMonDisplayInfoAfterRareCandy
0x081B75D4	0x081B7633	thumb	Task_DisplayLevelUpStatsPg1
0x081B7634	0x081B767B	thumb	Task_DisplayLevelUpStatsPg2
0x081B767C	0x081B76C7	thumb	DisplayLevelUpStatsPg1
0x081B76C8	0x081B7703	thumb	DisplayLevelUpStatsPg2
0x081B7704	0x081B77AB	thumb	Task_TryLearnNewMoves
0x081B77AC	0x081B780F	thumb	Task_TryLearningNextMove
0x081B7810	0x081B787B	thumb	PartyMenuTryEvolution
0x081B787C	0x081B790F	thumb	DisplayMonNeedsToReplaceMove
0x081B7910	0x081B799F	thumb	DisplayMonLearnedMove
0x081B79A0	0x081B79E5	thumb	BufferMonStatsToTaskData
0x081B79E8	0x081B7A27	thumb	ItemUseCB_SacredAsh
0x081B7A28	0x081B7B4B	thumb	UseSacredAsh
0x081B7B4C	0x081B7C0F	thumb	Task_SacredAshLoop
0x081B7C10	0x081B7C73	thumb	Task_SacredAshDisplayHPRestored
0x081B7C74	0x081B7CE9	thumb	ItemUseCB_EvolutionStone
0x081B7CEC	0x081B7E4B	thumb	GetItemEffectType
0x081B7E4C	0x081B7F33	thumb	TryTutorSelectedMon
0x081B7F34	0x081B7F5F	thumb	CB2_PartyMenuFromStartMenu
0x081B7F60	0x081B7FAB	thumb	CB2_ChooseMonToGiveItem
0x081B7FAC	0x081B8043	thumb	TryGiveItemOrMailToSelectedMon
0x081B8044	0x081B8087	thumb	GiveItemOrMailToSelectedMon
0x081B8088	0x081B8103	thumb	GiveItemToSelectedMon
0x081B8104	0x081B814B	thumb	Task_UpdateHeldItemSpriteAndClosePartyMenu
0x081B814C	0x081B81A7	thumb	CB2_WriteMailToGiveMonFromBag
0x081B81A8	0x081B822F	thumb	CB2_ReturnToPartyOrBagMenuFromWritingMail
0x081B8230	0x081B829F	thumb	Task_DisplayGaveMailFromBagMessage
0x081B82A0	0x081B82D3	thumb	Task_SwitchItemsFromBagYesNo
0x081B82D4	0x081B83B7	thumb	Task_HandleSwitchItemsFromBagYesNoInput
0x081B83B8	0x081B83EF	thumb	DisplayItemMustBeRemovedFirstMessage
0x081B83F0	0x081B841B	thumb	RemoveItemToGiveFromBag
0x081B841C	0x081B8447	thumb	ReturnGiveItemToBagOrPC
0x081B8448	0x081B8473	thumb	ChooseMonToGiveMailFromMailbox
0x081B8474	0x081B8517	thumb	TryGiveMailToSelectedMon
0x081B8518	0x081B8557	thumb	InitChooseHalfPartyForBattle
0x081B8558	0x081B856B	thumb	ClearSelectedPartyOrder
0x081B856C	0x081B85A9	thumb	GetPartySlotEntryStatus
0x081B85AC	0x081B865B	thumb	GetBattleEntryEligibility
0x081B865C	0x081B876F	thumb	CheckBattleEntriesAndGetMessage
0x081B8770	0x081B879B	thumb	HasPartySlotAlreadyBeenSelected
0x081B879C	0x081B87E5	thumb	Task_ValidateChosenHalfParty
0x081B87E8	0x081B882F	thumb	Task_ContinueChoosingHalfParty
0x081B8830	0x081B885B	thumb	GetMaxBattleEntries
0x081B885C	0x081B8887	thumb	GetMinBattleEntries
0x081B8888	0x081B88BB	thumb	GetBattleEntryLevelCap
0x081B88BC	0x081B8903	thumb	GetFacilityCancelString
0x081B8904	0x081B892B	thumb	ChooseMonForTradingBoard
0x081B892C	0x081B8957	thumb	ChooseMonForMoveTutor
0x081B8958	0x081B8983	thumb	ChooseMonForWirelessMinigame
0x081B8984	0x081B89A9	thumb	GetPartyLayoutFromBattleType
0x081B89AC	0x081B89EF	thumb	OpenPartyMenuInBattle
0x081B89F0	0x081B8A2B	thumb	ChooseMonForInBattleItem
0x081B8A2C	0x081B8A7B	thumb	GetPartyMenuActionsTypeInBattle
0x081B8A7C	0x081B8C67	thumb	TrySwitchInPokemon
0x081B8C68	0x081B8C87	thumb	BufferBattlePartyCurrentOrder
0x081B8C88	0x081B8D63	thumb	BufferBattlePartyOrder
0x081B8D64	0x081B8D87	thumb	BufferBattlePartyCurrentOrderBySide
0x081B8D88	0x081B8E7F	thumb	BufferBattlePartyOrderBySide
0x081B8E80	0x081B8F35	thumb	SwitchPartyOrderLinkMulti
0x081B8F38	0x081B8F6B	thumb	GetPartyIdFromBattleSlot
0x081B8F6C	0x081B8FAF	thumb	SetPartyIdAtBattleSlot
0x081B8FB0	0x081B8FE9	thumb	SwitchPartyMonSlots
0x081B8FEC	0x081B902F	thumb	GetPartyIdFromBattlePartyId
0x081B9030	0x081B907F	thumb	UpdatePartyToBattleOrder
0x081B9080	0x081B90CF	thumb	UpdatePartyToFieldOrder
0x081B90D0	0x081B913F	thumb	SwitchAliveMonIntoLeadSlot
0x081B9140	0x081B914F	thumb	CB2_SetUpExitToBattleScreen
0x081B9150	0x081B917B	thumb	ShowPartyMenuToShowcaseMultiBattleParty
0x081B917C	0x081B91B3	thumb	Task_InitMultiPartnerPartySlideIn
0x081B91B4	0x081B923F	thumb	Task_MultiPartnerPartySlideIn
0x081B9240	0x081B926F	thumb	Task_WaitAfterMultiPartnerPartySlideIn
0x081B9270	0x081B9293	thumb	MoveMultiPartyMenuBoxSprite
0x081B9294	0x081B9327	thumb	SlideMultiPartyMenuBoxSpritesOneStep
0x081B9328	0x081B9353	thumb	ChooseMonForDaycare
0x081B9354	0x081B938F	thumb	ChoosePartyMonByMenuType
0x081B9390	0x081B93C7	thumb	BufferMonSelection
0x081B93C8	0x081B93DF	thumb	CB2_FadeFromPartyMenu
0x081B93E0	0x081B9403	thumb	Task_PartyMenuWaitForFade
0x081B9404	0x081B9423	thumb	ChooseContestMon
0x081B9424	0x081B946F	thumb	Task_ChooseContestMon
0x081B9470	0x081B94AF	thumb	CB2_ChooseContestMon
0x081B94B0	0x081B94CF	thumb	ChoosePartyMon
0x081B94D0	0x081B951B	thumb	Task_ChoosePartyMon
0x081B951C	0x081B953B	thumb	ChooseMonForMoveRelearner
0x081B953C	0x081B9587	thumb	Task_ChooseMonForMoveRelearner
0x081B9588	0x081B95DF	thumb	CB2_ChooseMonForMoveRelearner
0x081B95E0	0x081B961F	thumb	DoBattlePyramidMonsHaveHeldItem
0x081B9620	0x081B963F	thumb	BattlePyramidChooseMonHeldItems
0x081B9640	0x081B968B	thumb	Task_BattlePyramidChooseMonHeldItems
0x081B968C	0x081B96CF	thumb	MoveDeleterChooseMoveToForget
0x081B96D0	0x081B9717	thumb	GetNumMovesSelectedMonHas
0x081B9718	0x081B976F	thumb	BufferMoveDeleterNicknameAndMove
0x081B9770	0x081B97DB	thumb	MoveDeleterForgetMove
0x081B97DC	0x081B98DB	thumb	ShiftMoveSlot
0x081B98DC	0x081B9917	thumb	IsSelectedMonEgg
0x081B9918	0x081B99B3	thumb	IsLastMonThatKnowsSurf
0x081B99B4	0x081B99D3	thumb	CallVerdanturfTentFunction
0x081B99D4	0x081B9A27	thumb	InitVerdanturfTentChallenge
0x081B9A28	0x081B9A43	thumb	GetVerdanturfTentPrize
0x081B9A44	0x081B9A5F	thumb	SetVerdanturfTentPrize
0x081B9A60	0x081B9A8F	thumb	SetVerdanturfTentTrainerGfx
0x081B9A90	0x081B9ABB	thumb	BufferVerdanturfTentTrainerIntro
0x081B9ABC	0x081B9AFF	thumb	SaveVerdanturfTentChallenge
0x081B9B00	0x081B9B27	thumb	SetRandomVerdanturfTentPrize
0x081B9B28	0x081B9B7F	thumb	GiveVerdanturfTentPrize
0x081B9B80	0x081B9B9F	thumb	CallFallarborTentFunction
0x081B9BA0	0x081B9BF3	thumb	InitFallarborTentChallenge
0x081B9BF4	0x081B9C0F	thumb	GetFallarborTentPrize
0x081B9C10	0x081B9C2B	thumb	SetFallarborTentPrize
0x081B9C2C	0x081B9C6F	thumb	SaveFallarborTentChallenge
0x081B9C70	0x081B9C97	thumb	SetRandomFallarborTentPrize
0x081B9C98	0x081B9CEF	thumb	GiveFallarborTentPrize
0x081B9CF0	0x081B9D07	thumb	BufferFallarborTentTrainerName
0x081B9D08	0x081B9D27	thumb	CallSlateportTentFunction
0x081B9D28	0x081B9D7B	thumb	InitSlateportTentChallenge
0x081B9D7C	0x081B9D97	thumb	GetSlateportTentPrize
0x081B9D98	0x081B9DB3	thumb	SetSlateportTentPrize
0x081B9DB4	0x081B9DF7	thumb	SaveSlateportTentChallenge
0x081B9DF8	0x081B9E1F	thumb	SetRandomSlateportTentPrize
0x081B9E20	0x081B9E77	thumb	GiveSlateportTentPrize
0x081B9E78	0x081B9E85	thumb	SelectInitialRentalMons
0x081B9E88	0x081B9E91	thumb	SwapRentalMons
0x081B9E94	0x081B9EBF	thumb	InSlateportBattleTent
0x081B9EC0	0x081BA03F	thumb	GenerateInitialRentalMons
0x081BA040	0x081BA24F	thumb	GenerateOpponentMons
0x081BA250	0x081BA667	thumb	FontFunc_Braille
0x081BA668	0x081BA6CB	thumb	DecompressGlyph_Braille
0x081BA6CC	0x081BA6CF	thumb	GetGlyphWidth_Braille
0x081BA6D0	0x081BA70B	thumb	MultiBootInit
0x081BA70C	0x081BAAF9	thumb	MultiBootMain
0x081BAAFC	0x081BAB45	thumb	MultiBootSend
0x081BAB48	0x081BAB69	thumb	MultiBootStartProbe
0x081BAB6C	0x081BAC2D	thumb	MultiBootStartMaster
0x081BAC30	0x081BAC41	thumb	MultiBootCheckComplete
0x081BAC44	0x081BAD2D	thumb	MultiBootHandShake
0x081BAD30	0x081BAD47	thumb	MultiBootWaitCycles
0x081BAD48	0x081BAD83	thumb	MultiBootWaitSendDone
0x081BAD84	0x081BADEF	thumb	LoadBerryFixGraphics
0x081BADF0	0x081BADF1	thumb	PlayerPartnerDummy
0x081BADF4	0x081BAE0F	thumb	SetControllerToPlayerPartner
0x081BAE10	0x081BAE5F	thumb	PlayerPartnerBufferRunCommand
0x081BAE60	0x081BAE97	thumb	CompleteOnBattlerSpriteCallbackDummy
0x081BAE98	0x081BAEFF	thumb	FreeTrainerSpriteAfterSlide
0x081BAF00	0x081BAF47	thumb	Intro_DelayAndEnd
0x081BAF48	0x081BB02B	thumb	Intro_WaitForHealthbox
0x081BB02C	0x081BB1D3	thumb	Intro_ShowHealthbox
0x081BB1D4	0x081BB213	thumb	WaitForMonAnimAfterLoad
0x081BB214	0x081BB283	thumb	CompleteOnHealthbarDone
0x081BB284	0x081BB299	thumb	CompleteOnInactiveTextPrinter
0x081BB29C	0x081BB413	thumb	Task_GiveExpToMon
0x081BB414	0x081BB4E3	thumb	Task_PrepareToGiveExpWithExpBar
0x081BB4E4	0x081BB627	thumb	Task_GiveExpWithExpBar
0x081BB628	0x081BB687	thumb	Task_LaunchLvlUpAnim
0x081BB688	0x081BB73F	thumb	Task_UpdateLvlInHealthbox
0x081BB740	0x081BB78B	thumb	DestroyExpTaskAndCompleteOnInactiveTextPrinter
0x081BB78C	0x081BB827	thumb	FreeMonSpriteAfterFaintAnim
0x081BB828	0x081BB897	thumb	FreeMonSpriteAfterSwitchOutAnim
0x081BB898	0x081BB8AD	thumb	CompleteOnInactiveTextPrinter2
0x081BB8B0	0x081BB92B	thumb	DoHitAnimBlinkSpriteEffect
0x081BB92C	0x081BB99F	thumb	SwitchIn_ShowSubstitute
0x081BB9A0	0x081BB9F3	thumb	SwitchIn_WaitAndEnd
0x081BB9F4	0x081BBAE7	thumb	SwitchIn_ShowHealthbox
0x081BBAE8	0x081BBB8B	thumb	SwitchIn_TryShinyAnim
0x081BBB8C	0x081BBC03	thumb	PlayerPartnerBufferExecCompleted
0x081BBC04	0x081BBC33	thumb	CompleteOnFinishedStatusAnimation
0x081BBC34	0x081BBC63	thumb	CompleteOnFinishedBattleAnimation
0x081BBC64	0x081BBCD5	thumb	PlayerPartnerHandleGetMonData
0x081BBCD8	0x081BC483	thumb	CopyPlayerPartnerMonData
0x081BC484	0x081BC48D	thumb	PlayerPartnerHandleGetRawMonData
0x081BC490	0x081BC4E7	thumb	PlayerPartnerHandleSetMonData
0x081BC4E8	0x081BCEE3	thumb	SetPlayerPartnerMonData
0x081BCEE4	0x081BCF57	thumb	PlayerPartnerHandleSetRawMonData
0x081BCF58	0x081BD073	thumb	PlayerPartnerHandleLoadMonSprite
0x081BD074	0x081BD0E3	thumb	PlayerPartnerHandleSwitchInAnim
0x081BD0E4	0x081BD25F	thumb	StartSendOutAnim
0x081BD260	0x081BD2EF	thumb	PlayerPartnerHandleReturnMonToBall
0x081BD2F0	0x081BD37B	thumb	DoSwitchOutAnimation
0x081BD37C	0x081BD5BB	thumb	PlayerPartnerHandleDrawTrainerPic
0x081BD5BC	0x081BD5C5	thumb	PlayerPartnerHandleTrainerSlide
0x081BD5C8	0x081BD673	thumb	PlayerPartnerHandleTrainerSlideBack
0x081BD674	0x081BD75F	thumb	PlayerPartnerHandleFaintAnimation
0x081BD760	0x081BD769	thumb	PlayerPartnerHandlePaletteFade
0x081BD76C	0x081BD775	thumb	PlayerPartnerHandleSuccessBallThrowAnim
0x081BD778	0x081BD781	thumb	PlayerPartnerHandleBallThrowAnim
0x081BD784	0x081BD78D	thumb	PlayerPartnerHandlePause
0x081BD790	0x081BD8C7	thumb	PlayerPartnerHandleMoveAnimation
0x081BD8C8	0x081BDA49	thumb	PlayerPartnerDoMoveAnimation
0x081BDA4C	0x081BDA9F	thumb	PlayerPartnerHandlePrintString
0x081BDAA0	0x081BDAA9	thumb	PlayerPartnerHandlePrintSelectionString
0x081BDAAC	0x081BDAB9	thumb	PlayerPartnerHandleChooseAction
0x081BDABC	0x081BDAC5	thumb	PlayerPartnerHandleYesNoBox
0x081BDAC8	0x081BDB6F	thumb	PlayerPartnerHandleChooseMove
0x081BDB70	0x081BDB79	thumb	PlayerPartnerHandleChooseItem
0x081BDB7C	0x081BDC03	thumb	PlayerPartnerHandleChoosePokemon
0x081BDC04	0x081BDC0D	thumb	PlayerPartnerHandleCmd23
0x081BDC10	0x081BDCFF	thumb	PlayerPartnerHandleHealthBarUpdate
0x081BDD00	0x081BDD9B	thumb	PlayerPartnerHandleExpUpdate
0x081BDD9C	0x081BDE13	thumb	PlayerPartnerHandleStatusIconUpdate
0x081BDE14	0x081BDE7B	thumb	PlayerPartnerHandleStatusAnimation
0x081BDE7C	0x081BDE85	thumb	PlayerPartnerHandleStatusXor
0x081BDE88	0x081BDE91	thumb	PlayerPartnerHandleDataTransfer
0x081BDE94	0x081BDE9D	thumb	PlayerPartnerHandleDMA3Transfer
0x081BDEA0	0x081BDEA9	thumb	PlayerPartnerHandlePlayBGM
0x081BDEAC	0x081BDEB5	thumb	PlayerPartnerHandleCmd32
0x081BDEB8	0x081BDEC1	thumb	PlayerPartnerHandleTwoReturnValues
0x081BDEC4	0x081BDECD	thumb	PlayerPartnerHandleChosenMonReturnValue
0x081BDED0	0x081BDED9	thumb	PlayerPartnerHandleOneReturnValue
0x081BDEDC	0x081BDEE5	thumb	PlayerPartnerHandleOneReturnValue_Duplicate
0x081BDEE8	0x081BDF03	thumb	PlayerPartnerHandleClearUnkVar
0x081BDF04	0x081BDF3B	thumb	PlayerPartnerHandleSetUnkVar
0x081BDF3C	0x081BDF53	thumb	PlayerPartnerHandleClearUnkFlag
0x081BDF54	0x081BDF7B	thumb	PlayerPartnerHandleToggleUnkFlag
0x081BDF7C	0x081BDFEB	thumb	PlayerPartnerHandleHitAnimation
0x081BDFEC	0x081BDFF5	thumb	PlayerPartnerHandleCantSwitch
0x081BDFF8	0x081BE03B	thumb	PlayerPartnerHandlePlaySE
0x081BE03C	0x081BE095	thumb	PlayerPartnerHandlePlayFanfareOrBGM
0x081BE098	0x081BE0D7	thumb	PlayerPartnerHandleFaintingCry
0x081BE0D8	0x081BE10B	thumb	PlayerPartnerHandleIntroSlide
0x081BE10C	0x081BE2C7	thumb	PlayerPartnerHandleIntroTrainerBallThrow
0x081BE2C8	0x081BE3D3	thumb	Task_StartSendOutAnim
0x081BE3D4	0x081BE497	thumb	PlayerPartnerHandleDrawPartyStatusSummary
0x081BE498	0x081BE4DF	thumb	EndDrawPartyStatusSummary
0x081BE4E0	0x081BE52F	thumb	PlayerPartnerHandleHidePartyStatusSummary
0x081BE530	0x081BE539	thumb	PlayerPartnerHandleEndBounceEffect
0x081BE53C	0x081BE59B	thumb	PlayerPartnerHandleSpriteInvisibility
0x081BE59C	0x081BE603	thumb	PlayerPartnerHandleBattleAnimation
0x081BE604	0x081BE60D	thumb	PlayerPartnerHandleLinkStandbyMsg
0x081BE610	0x081BE619	thumb	PlayerPartnerHandleResetActionMoveSelection
0x081BE61C	0x081BE667	thumb	PlayerPartnerHandleEndLinkBattle
0x081BE668	0x081BE669	thumb	PlayerPartnerCmdEnd
0x081BE66C	0x081BE695	thumb	IsMirageTowerVisible
0x081BE698	0x081BE6AB	thumb	UpdateMirageTowerPulseBlend
0x081BE6AC	0x081BE6B7	thumb	ClearMirageTowerPulseBlend
0x081BE6B8	0x081BE72B	thumb	TryStartMirageTowerPulseBlendEffect
0x081BE72C	0x081BE79B	thumb	ClearMirageTowerPulseBlendEffect
0x081BE79C	0x081BE7F3	thumb	SetMirageTowerVisibility
0x081BE7F4	0x081BE807	thumb	StartPlayerDescendMirageTower
0x081BE808	0x081BE89B	thumb	PlayerDescendMirageTower
0x081BE89C	0x081BE8FF	thumb	StartScreenShake
0x081BE900	0x081BE967	thumb	DoScreenShake
0x081BE968	0x081BE993	thumb	IncrementCeilingCrumbleFinishedCount
0x081BE994	0x081BE9BF	thumb	DoMirageTowerCeilingCrumble
0x081BE9C0	0x081BE9FF	thumb	WaitCeilingCrumble
0x081BEA00	0x081BEA1F	thumb	FinishCeilingCrumbleTask
0x081BEA20	0x081BEAD7	thumb	CreateCeilingCrumbleSprites
0x081BEAD8	0x081BEB23	thumb	SpriteCB_CeilingCrumble
0x081BEB24	0x081BEB53	thumb	SetInvisibleMirageTowerMetatiles
0x081BEB54	0x081BEB67	thumb	StartMirageTowerDisintegration
0x081BEB68	0x081BEB7B	thumb	StartMirageTowerShake
0x081BEB7C	0x081BEB8F	thumb	StartMirageTowerFossilFallAndSink
0x081BEB90	0x081BEBB3	thumb	SetBgShakeOffsets
0x081BEBB4	0x081BEBF3	thumb	UpdateBgShake
0x081BEBF4	0x081BED4F	thumb	InitMirageTowerShake
0x081BED50	0x081BF027	thumb	DoMirageTowerDisintegration
0x081BF028	0x081BF247	thumb	Task_FossilFallAndSink
0x081BF248	0x081BF2B7	thumb	SpriteCB_FallingFossil
0x081BF2B8	0x081BF383	thumb	UpdateDisintegrationEffect
0x081BF384	0x081BF3DB	thumb	CB2_InitBerryFixProgram
0x081BF3DC	0x081BF5A3	thumb	BerryFix_Main
0x081BF5A4	0x081BF7A3	thumb	BerryFix_GpuSet
0x081BF7A4	0x081BF7E7	thumb	BerryFix_TrySetScene
0x081BF7E8	0x081BF8D7	thumb	BerryFix_SetScene
0x081BF8D8	0x081BF8E9	thumb	BerryFix_HideScene
0x081BF8EC	0x081BFA37	thumb	ShowPokemonSummaryScreen
0x081BFA38	0x081BFA7F	thumb	ShowSelectMovePokemonSummaryScreen
0x081BFA80	0x081BFAB3	thumb	ShowPokemonSummaryScreenHandleDeoxys
0x081BFAB4	0x081BFACD	thumb	MainCB2
0x081BFAD0	0x081BFAE1	thumb	VBlank
0x081BFAE4	0x081BFB0D	thumb	CB2_InitSummaryScreen
0x081BFB10	0x081BFE21	thumb	LoadGraphics
0x081BFE24	0x081BFEAF	thumb	InitBGs
0x081BFEB0	0x081C0095	thumb	DecompressGraphics
0x081C0098	0x081C00EF	thumb	CopyMonToSummaryStruct
0x081C00F0	0x081C0347	thumb	ExtractMonDataToSummaryStruct
0x081C0348	0x081C0433	thumb	SetDefaultTilemaps
0x081C0434	0x081C044B	thumb	FreeSummaryScreen
0x081C044C	0x081C0483	thumb	BeginCloseSummaryScreen
0x081C0484	0x081C050F	thumb	CloseSummaryScreen
0x081C0510	0x081C0603	thumb	Task_HandleInput
0x081C0604	0x081C0703	thumb	ChangeSummaryPokemon
0x081C0704	0x081C08F7	thumb	Task_ChangeSummaryMon
0x081C08F8	0x081C09B3	thumb	AdvanceMonIndex
0x081C09B4	0x081C0A4D	thumb	AdvanceMultiBattleMonIndex
0x081C0A50	0x081C0A8B	thumb	IsValidToViewInMulti
0x081C0A8C	0x081C0B8B	thumb	ChangePage
0x081C0B8C	0x081C0C67	thumb	PssScrollRight
0x081C0C68	0x081C0CC3	thumb	PssScrollRightEnd
0x081C0CC4	0x081C0D43	thumb	PssScrollLeft
0x081C0D44	0x081C0E23	thumb	PssScrollLeftEnd
0x081C0E24	0x081C0E47	thumb	TryDrawExperienceProgressBar
0x081C0E48	0x081C0F43	thumb	SwitchToMoveSelection
0x081C0F44	0x081C103F	thumb	Task_HandleInput_MoveSelect
0x081C1040	0x081C106F	thumb	HasMoreThanOneMove
0x081C1070	0x081C11F1	thumb	ChangeSelectedMove
0x081C11F4	0x081C129B	thumb	CloseMoveSelectMode
0x081C129C	0x081C12E3	thumb	SwitchToMovePositionSwitchMode
0x081C12E4	0x081C13AF	thumb	Task_HandleInput_MovePositionSwitch
0x081C13B0	0x081C14BB	thumb	ExitMovePositionSwitchMode
0x081C14BC	0x081C15EB	thumb	SwapMonMoves
0x081C15EC	0x081C171B	thumb	SwapBoxMonMoves
0x081C171C	0x081C174B	thumb	Task_SetHandleReplaceMoveInput
0x081C174C	0x081C18A7	thumb	Task_HandleReplaceMoveInput
0x081C18A8	0x081C18F1	thumb	CanReplaceMove
0x081C18F4	0x081C193F	thumb	ShowCantForgetHMsWindow
0x081C1940	0x081C1B93	thumb	Task_HandleInputCantForgetHMsMoves
0x081C1B94	0x081C1B9F	thumb	GetMoveSlotToReplace
0x081C1BA0	0x081C1CAD	thumb	DrawPagination
0x081C1CB0	0x081C1DA1	thumb	CopyNColumnsToTilemap
0x081C1DA4	0x081C1E1F	thumb	PositionPowerAccSlidingWindow
0x081C1E20	0x081C1EFB	thumb	Task_SlidePowerAccWindow
0x081C1EFC	0x081C1F7F	thumb	PositionAppealJamSlidingWindow
0x081C1F80	0x081C2073	thumb	Task_SlideAppealJamWindow
0x081C2074	0x081C20EF	thumb	PositionStatusSlidingWindow
0x081C20F0	0x081C2193	thumb	Task_SlideStatusWindow
0x081C2194	0x081C2227	thumb	TilemapFiveMovesDisplay
0x081C2228	0x081C228B	thumb	DrawPokerusCuredSymbol
0x081C228C	0x081C22CB	thumb	SetMonPicBackgroundPalette
0x081C22CC	0x081C240B	thumb	DrawExperienceProgressBar
0x081C240C	0x081C2523	thumb	DrawContestMoveHearts
0x081C2524	0x081C2551	thumb	LimitEggSummaryPageDisplay
0x081C2554	0x081C25A3	thumb	ResetWindows
0x081C25A4	0x081C25E7	thumb	PrintTextOnWindow
0x081C25E8	0x081C2625	thumb	PrintMonInfo
0x081C2628	0x081C2793	thumb	PrintNotEggInfo
0x081C2794	0x081C27DB	thumb	PrintEggInfo
0x081C27DC	0x081C2837	thumb	PrintGenderSymbol
0x081C2838	0x081C286B	thumb	PrintAOrBButtonIcon
0x081C286C	0x081C2AFB	thumb	PrintPageNamesAndStats
0x081C2AFC	0x081C2C37	thumb	PutPageWindowTilemaps
0x081C2C38	0x081C2D2B	thumb	ClearPageWindowTilemaps
0x081C2D2C	0x081C2D67	thumb	AddWindowFromTemplateList
0x081C2D68	0x081C2D9B	thumb	RemoveWindowByIndex
0x081C2D9C	0x081C2DE3	thumb	PrintPageSpecificText
0x081C2DE4	0x081C2DFF	thumb	CreateTextPrinterTask
0x081C2E00	0x081C2E3F	thumb	PrintInfoPageText
0x081C2E40	0x081C2EC3	thumb	Task_PrintInfoPage
0x081C2EC4	0x081C2F5B	thumb	PrintMonOTName
0x081C2F5C	0x081C2FD7	thumb	PrintMonOTID
0x081C2FD8	0x081C302B	thumb	PrintMonAbilityName
0x081C302C	0x081C307B	thumb	PrintMonAbilityDescription
0x081C307C	0x081C3193	thumb	BufferMonTrainerMemo
0x081C3194	0x081C31BF	thumb	PrintMonTrainerMemo
0x081C31C0	0x081C31EF	thumb	BufferNatureString
0x081C31F0	0x081C321F	thumb	GetMetLevelString
0x081C3220	0x081C32BB	thumb	DoesMonOTMatchOwner
0x081C32BC	0x081C32DD	thumb	DidMonComeFromGBAGames
0x081C32E0	0x081C3301	thumb	DidMonComeFromRSE
0x081C3304	0x081C3359	thumb	IsInGamePartnerMon
0x081C335C	0x081C33CB	thumb	PrintEggOTName
0x081C33CC	0x081C3427	thumb	PrintEggOTID
0x081C3428	0x081C349B	thumb	PrintEggState
0x081C349C	0x081C352F	thumb	PrintEggMemo
0x081C3530	0x081C3551	thumb	PrintSkillsPageText
0x081C3554	0x081C35E1	thumb	Task_PrintSkillsPage
0x081C35E4	0x081C368F	thumb	PrintHeldItemName
0x081C3690	0x081C370F	thumb	PrintRibbonCount
0x081C3710	0x081C37D7	thumb	BufferLeftColumnStats
0x081C37D8	0x081C3807	thumb	PrintLeftColumnStats
0x081C3808	0x081C388F	thumb	BufferRightColumnStats
0x081C3890	0x081C38BF	thumb	PrintRightColumnStats
0x081C38C0	0x081C3983	thumb	PrintExpPointsNextLevel
0x081C3984	0x081C39EF	thumb	PrintBattleMoves
0x081C39F0	0x081C3B07	thumb	Task_PrintBattleMoves
0x081C3B08	0x081C3C5B	thumb	PrintMoveNameAndPP
0x081C3C5C	0x081C3D07	thumb	PrintMovePowerAndAccuracy
0x081C3D08	0x081C3D53	thumb	PrintContestMoves
0x081C3D54	0x081C3E2B	thumb	Task_PrintContestMoves
0x081C3E2C	0x081C3E9B	thumb	PrintContestMoveDescription
0x081C3E9C	0x081C3F43	thumb	PrintMoveDetails
0x081C3F44	0x081C4063	thumb	PrintNewMoveDetailsOrCancelText
0x081C4064	0x081C409F	thumb	AddAndFillMoveNamesWindow
0x081C40A0	0x081C4153	thumb	SwapMovesNamesPP
0x081C4154	0x081C418F	thumb	PrintHMMovesCantBeForgotten
0x081C4190	0x081C41BF	thumb	ResetSpriteIds
0x081C41C0	0x081C4203	thumb	DestroySpriteInArray
0x081C4204	0x081C424B	thumb	SetSpriteInvisibility
0x081C424C	0x081C427F	thumb	HidePageSpecificSprites
0x081C4280	0x081C42C5	thumb	SetTypeIcons
0x081C42C8	0x081C4317	thumb	CreateMoveTypeIcons
0x081C4318	0x081C439F	thumb	SetTypeSpritePosAndPal
0x081C43A0	0x081C441D	thumb	SetMonTypeIcons
0x081C4420	0x081C4483	thumb	SetMoveTypeIcons
0x081C4484	0x081C44EF	thumb	SetContestMoveTypeIcons
0x081C44F0	0x081C4567	thumb	SetNewMoveTypeIcon
0x081C4568	0x081C45F3	thumb	SwapMovesTypeSprites
0x081C45F4	0x081C4775	thumb	LoadMonGfxAndSprite
0x081C4778	0x081C47B3	thumb	PlayMonCry
0x081C47B4	0x081C4841	thumb	CreateMonSprite
0x081C4844	0x081C488B	thumb	SpriteCB_Pokemon
0x081C488C	0x081C4897	thumb	SummaryScreen_SetAnimDelayTaskId
0x081C4898	0x081C48B3	thumb	SummaryScreen_DestroyAnimDelayTask
0x081C48B4	0x081C48ED	thumb	IsMonAnimationFinished
0x081C48F0	0x081C4983	thumb	StopPokemonAnimations
0x081C4984	0x081C49DF	thumb	CreateMonMarkingsSprite
0x081C49E0	0x081C4A07	thumb	RemoveAndCreateMonMarkingsSprite
0x081C4A08	0x081C4A87	thumb	CreateCaughtBallSprite
0x081C4A88	0x081C4AF5	thumb	CreateSetStatusSprite
0x081C4AF8	0x081C4BE3	thumb	CreateMoveSelectorSprites
0x081C4BE4	0x081C4C5F	thumb	SpriteCB_MoveSelector
0x081C4C60	0x081C4C81	thumb	DestroyMoveSelectorSprites
0x081C4C84	0x081C4D17	thumb	SetMainMoveSelectorColor
0x081C4D18	0x081C4D6F	thumb	KeepMoveSelectorVisible
0x081C4D70	0x081C4E8F	thumb	LoadPokedexAreaMapGfx
0x081C4E90	0x081C4EB3	thumb	TryShowPokedexAreaMap
0x081C4EB4	0x081C4ECF	thumb	FreePokedexAreaMapBgNum
0x081C4ED0	0x081C4EEB	thumb	PokedexAreaMapChangeBgY
0x081C4EEC	0x081C4EFB	thumb	InitBattlePyramidBagCursorPosition
0x081C4EFC	0x081C4F0F	thumb	CB2_PyramidBagMenuFromStartMenu
0x081C4F10	0x081C4F23	thumb	OpenBattlePyramidBagInBattle
0x081C4F24	0x081C4F43	thumb	ChooseItemsToTossFromPyramidBag
0x081C4F44	0x081C4F83	thumb	Task_ChooseItemsToTossFromPyramidBag
0x081C4F84	0x081C4F97	thumb	CB2_ReturnToPyramidBagMenu
0x081C4F98	0x081C501B	thumb	GoToBattlePyramidBagMenu
0x081C501C	0x081C5035	thumb	CB2_PyramidBag
0x081C5038	0x081C5049	thumb	VBlankCB_PyramidBag
0x081C504C	0x081C5075	thumb	CB2_LoadPyramidBagMenu
0x081C5078	0x081C51DB	thumb	LoadPyramidBagMenu
0x081C51DC	0x081C5237	thumb	InitPyramidBagBgs
0x081C5238	0x081C5311	thumb	LoadPyramidBagGfx
0x081C5314	0x081C540B	thumb	SetBagItemsListTemplate
0x081C540C	0x081C545D	thumb	CopyBagItemName
0x081C5460	0x081C5517	thumb	BagCursorMoved
0x081C5518	0x081C55D7	thumb	PrintItemQuantity
0x081C55D8	0x081C5673	thumb	PrintItemDescription
0x081C5674	0x081C56CB	thumb	AddScrollArrows
0x081C56CC	0x081C56F7	thumb	RemoveScrollArrow
0x081C56F8	0x081C5737	thumb	CreatePyramidBagInputTask
0x081C5738	0x081C57A7	thumb	SwapItems
0x081C57A8	0x081C586B	thumb	MovePyramidBagItemSlotInList
0x081C586C	0x081C5923	thumb	CompactItems
0x081C5924	0x081C59BB	thumb	UpdatePyramidBagList
0x081C59BC	0x081C5A1D	thumb	UpdatePyramidBagCursorPos
0x081C5A20	0x081C5A97	thumb	InitPyramidBagScroll
0x081C5A98	0x081C5AB7	thumb	PrintSelectorArrow
0x081C5AB8	0x081C5B13	thumb	PrintSelectorArrowAtPos
0x081C5B14	0x081C5B4B	thumb	CloseBattlePyramidBag
0x081C5B4C	0x081C5BC7	thumb	Task_ClosePyramidBag
0x081C5BC8	0x081C5D1F	thumb	Task_HandlePyramidBagInput
0x081C5D20	0x081C5EAB	thumb	OpenContextMenu
0x081C5EAC	0x081C5F07	thumb	PrintMenuActionText_SingleRow
0x081C5F08	0x081C5F67	thumb	PrintMenuActionText_MultiRow
0x081C5F68	0x081C5FE3	thumb	HandleMenuActionInput_SingleRow
0x081C5FE4	0x081C616B	thumb	HandleMenuActionInput_2x2
0x081C616C	0x081C61A5	thumb	IsValidMenuAction
0x081C61A8	0x081C61DD	thumb	CloseMenuActionWindow
0x081C61E0	0x081C6257	thumb	BagAction_UseOnField
0x081C6258	0x081C629B	thumb	BagAction_Cancel
0x081C629C	0x081C62C3	thumb	SetTaskToMainPyramidBagInputHandler
0x081C62C4	0x081C634F	thumb	BagAction_Toss
0x081C6350	0x081C63CF	thumb	AskConfirmToss
0x081C63D0	0x081C6403	thumb	DontTossItem
0x081C6404	0x081C645B	thumb	ShowNumToToss
0x081C645C	0x081C64B3	thumb	UpdateNumToToss
0x081C64B4	0x081C6549	thumb	Task_ChooseHowManyToToss
0x081C654C	0x081C65CB	thumb	TossItem
0x081C65CC	0x081C6647	thumb	Task_TossItem
0x081C6648	0x081C66AB	thumb	BagAction_Give
0x081C66AC	0x081C66EB	thumb	ShowCantHoldMessage
0x081C66EC	0x081C6713	thumb	Task_WaitCloseErrorMessage
0x081C6714	0x081C674B	thumb	Task_CloseBattlePyramidBagMessage
0x081C674C	0x081C679B	thumb	TryCloseBagToGiveItem
0x081C679C	0x081C67CB	thumb	BagAction_UseInBattle
0x081C67CC	0x081C68AF	thumb	Task_BeginItemSwap
0x081C68B0	0x081C6961	thumb	Task_ItemSwapHandleInput
0x081C6964	0x081C6A13	thumb	PerformItemSwap
0x081C6A14	0x081C6A93	thumb	CancelItemSwap
0x081C6A94	0x081C6BD7	thumb	TryStoreHeldItemsInPyramidBag
0x081C6BD8	0x081C6C3B	thumb	InitPyramidBagWindows
0x081C6C3C	0x081C6C93	thumb	PyramidBagPrint
0x081C6C94	0x081C6CEB	thumb	PyramidBagPrint_Quantity
0x081C6CEC	0x081C6D05	thumb	DrawTossNumberWindow
0x081C6D08	0x081C6D23	thumb	GetMenuActionWindowId
0x081C6D24	0x081C6D6B	thumb	OpenMenuActionWindowById
0x081C6D6C	0x081C6DAB	thumb	CloseMenuActionWindowById
0x081C6DAC	0x081C6DD7	thumb	CreatePyramidBagYesNo
0x081C6DD8	0x081C6E19	thumb	DisplayItemMessageInBattlePyramid
0x081C6E1C	0x081C6E35	thumb	CloseBattlePyramidBagTextWindow
0x081C6E38	0x081C6E97	thumb	FreeItemIconSprite
0x081C6E98	0x081C6EF3	thumb	LoadPyramidBagPalette
0x081C6EF4	0x081C6F1F	thumb	CreatePyramidBagSprite
0x081C6F20	0x081C6F67	thumb	ShakePyramidBag
0x081C6F68	0x081C6F8F	thumb	SpriteCB_BagWaitForShake
0x081C6F90	0x081C6FF7	thumb	ShowItemIcon
0x081C6FF8	0x081C700B	thumb	FreeItemIconSpriteByAltId
0x081C700C	0x081C7027	thumb	CreateSwapLine
0x081C7028	0x081C704B	thumb	SetSwapLineInvisibility
0x081C704C	0x081C7077	thumb	UpdateSwapLinePos
0x081C7078	0x081C70D7	thumb	CreateLoopedTask
0x081C70D8	0x081C7121	thumb	IsLoopedTaskActive
0x081C7124	0x081C716F	thumb	FuncIsActiveLoopedTask
0x081C7170	0x081C71E3	thumb	Task_RunLoopedTask
0x081C71E4	0x081C724F	thumb	Task_RunLoopedTask_LinkMode
0x081C7250	0x081C72A3	thumb	CB2_InitPokeNav
0x081C72A4	0x081C72BB	thumb	OpenPokenavForTutorial
0x081C72BC	0x081C7333	thumb	CB2_InitPokenavForTutorial
0x081C7334	0x081C735F	thumb	FreePokenavResources
0x081C7360	0x081C7387	thumb	InitPokenavResources
0x081C7388	0x081C73FF	thumb	AnyMonHasRibbon
0x081C7400	0x081C7415	thumb	CB2_Pokenav
0x081C7418	0x081C7429	thumb	VBlankCB_Pokenav
0x081C742C	0x081C756B	thumb	Task_Pokenav
0x081C756C	0x081C75D3	thumb	SetActivePokenavMenu
0x081C75D4	0x081C75DD	thumb	IsActiveMenuLoopTaskActive_
0x081C75E0	0x081C75F3	thumb	GetCurrentMenuCB
0x081C75F4	0x081C75FD	thumb	InitKeys_
0x081C7600	0x081C7609	thumb	SetVBlankCallback_
0x081C760C	0x081C761B	thumb	SetPokenavVBlankCallback
0x081C761C	0x081C763B	thumb	AllocSubstruct
0x081C763C	0x081C764F	thumb	GetSubstructPtr
0x081C7650	0x081C767B	thumb	FreePokenavSubstruct
0x081C767C	0x081C7687	thumb	GetPokenavMode
0x081C7688	0x081C7693	thumb	SetPokenavMode
0x081C7694	0x081C76AB	thumb	SetSelectedConditionSearch
0x081C76AC	0x081C76B7	thumb	GetSelectedConditionSearch
0x081C76B8	0x081C76C3	thumb	CanViewRibbonsMenu
0x081C76C4	0x081C76FB	thumb	InitPokenavMainMenu
0x081C76FC	0x081C770D	thumb	PokenavMainMenuLoopedTaskIsActive
0x081C7710	0x081C7735	thumb	ShutdownPokenav
0x081C7738	0x081C7761	thumb	WaitForPokenavShutdownFade
0x081C7764	0x081C7833	thumb	LoopedTask_InitPokenavMenu
0x081C7834	0x081C784D	thumb	SetActiveMenuLoopTasks
0x081C7850	0x081C786B	thumb	RunMainMenuLoopedTask
0x081C786C	0x081C787D	thumb	IsActiveMenuLoopTaskActive
0x081C7880	0x081C789F	thumb	SlideMenuHeaderUp
0x081C78A0	0x081C78BF	thumb	SlideMenuHeaderDown
0x081C78C0	0x081C78D1	thumb	MainMenuLoopedTaskIsBusy
0x081C78D4	0x081C7919	thumb	LoopedTask_SlideMenuHeaderUp
0x081C791C	0x081C7941	thumb	LoopedTask_SlideMenuHeaderDown
0x081C7944	0x081C795B	thumb	CopyPaletteIntoBufferUnfaded
0x081C795C	0x081C798D	thumb	Pokenav_AllocAndLoadPalettes
0x081C7990	0x081C79BB	thumb	PokenavFillPalette
0x081C79BC	0x081C7ABD	thumb	PokenavCopyPalette
0x081C7AC0	0x081C7B33	thumb	PokenavFadeScreen
0x081C7B34	0x081C7B3F	thumb	IsPaletteFadeActive
0x081C7B40	0x081C7B53	thumb	FadeToBlackExceptPrimary
0x081C7B54	0x081C7B71	thumb	InitBgTemplates
0x081C7B74	0x081C7BA3	thumb	InitHelpBar
0x081C7BA4	0x081C7BE7	thumb	PrintHelpBarText
0x081C7BE8	0x081C7BF5	thumb	WaitForHelpBar
0x081C7BF8	0x081C7C25	thumb	DrawHelpBar
0x081C7C28	0x081C7C93	thumb	InitPokenavMainMenuResources
0x081C7C94	0x081C7CB1	thumb	CleanupPokenavMainMenuResources
0x081C7CB4	0x081C7CC9	thumb	SpriteCB_SpinningPokenav
0x081C7CCC	0x081C7CE3	thumb	GetSpinningPokenavSprite
0x081C7CE4	0x081C7D27	thumb	HideSpinningPokenavSprite
0x081C7D28	0x081C7DFB	thumb	CreateLeftHeaderSprites
0x081C7DFC	0x081C7E11	thumb	LoadLeftHeaderGfxForIndex
0x081C7E14	0x081C7E57	thumb	UpdateRegionMapRightHeaderTiles
0x081C7E58	0x081C7F21	thumb	LoadLeftHeaderGfxForMenu
0x081C7F24	0x081C7F9F	thumb	LoadLeftHeaderGfxForSubMenu
0x081C7FA0	0x081C7FC1	thumb	ShowLeftHeaderGfx
0x081C7FC4	0x081C7FDB	thumb	HideMainOrSubMenuLeftHeader
0x081C7FDC	0x081C800D	thumb	SetLeftHeaderSpritesInvisibility
0x081C8010	0x081C8039	thumb	AreLeftHeaderSpritesMoving
0x081C803C	0x081C8085	thumb	ShowLeftHeaderSprites
0x081C8088	0x081C80D1	thumb	ShowLeftHeaderSubmenuSprites
0x081C80D4	0x081C810D	thumb	HideLeftHeaderSprites
0x081C8110	0x081C8149	thumb	HideLeftHeaderSubmenuSprites
0x081C814C	0x081C817B	thumb	MoveLeftHeader
0x081C817C	0x081C81D3	thumb	SpriteCB_MoveLeftHeader
0x081C81D4	0x081C8223	thumb	CreatePokenavList
0x081C8224	0x081C8233	thumb	IsCreatePokenavListTaskActive
0x081C8234	0x081C8253	thumb	DestroyPokenavList
0x081C8254	0x081C82E3	thumb	LoopedTask_CreatePokenavList
0x081C82E4	0x081C8359	thumb	InitPokenavListBg
0x081C835C	0x081C837B	thumb	InitPokenavListWindow
0x081C837C	0x081C83A9	thumb	InitListItems
0x081C83AC	0x081C83DF	thumb	PrintListItems
0x081C83E0	0x081C83EF	thumb	IsPrintListItemsTaskActive
0x081C83F0	0x081C84A3	thumb	LoopedTask_PrintListItems
0x081C84A4	0x081C84BF	thumb	ShouldShowUpArrow
0x081C84C0	0x081C84E7	thumb	ShouldShowDownArrow
0x081C84E8	0x081C8567	thumb	MoveListWindow
0x081C8568	0x081C859F	thumb	CreateMoveListWindowTask
0x081C85A0	0x081C862F	thumb	LoopedTask_MoveListWindow
0x081C8630	0x081C8641	thumb	PokenavList_IsMoveWindowTaskActive
0x081C8644	0x081C8657	thumb	GetPokenavListWindowState
0x081C8658	0x081C8689	thumb	PokenavList_MoveCursorUp
0x081C868C	0x081C86CB	thumb	PokenavList_MoveCursorDown
0x081C86CC	0x081C870B	thumb	PokenavList_PageUp
0x081C870C	0x081C875B	thumb	PokenavList_PageDown
0x081C875C	0x081C876D	thumb	PokenavList_GetSelectedIndex
0x081C8770	0x081C877B	thumb	PokenavList_GetTopIndex
0x081C877C	0x081C87AB	thumb	PokenavList_EraseListForCheckPage
0x081C87AC	0x081C87EF	thumb	PrintCheckPageInfo
0x081C87F0	0x081C881F	thumb	PokenavList_ReshowListFromCheckPage
0x081C8820	0x081C8837	thumb	PokenavList_IsTaskActive
0x081C8838	0x081C886F	thumb	PokenavList_DrawCurrentItemIcon
0x081C8870	0x081C8957	thumb	LoopedTask_EraseListForCheckPage
0x081C8958	0x081C8A27	thumb	LoopedTask_PrintCheckPageInfo
0x081C8A28	0x081C8B6D	thumb	LoopedTask_ReshowListFromCheckPage
0x081C8B70	0x081C8C63	thumb	EraseListEntry
0x081C8C64	0x081C8CB1	thumb	SetListMarginTile
0x081C8CB4	0x081C8D4B	thumb	PrintCheckPageTrainerName
0x081C8D4C	0x081C8DB9	thumb	PrintMatchCallListTrainerName
0x081C8DBC	0x081C8E53	thumb	PrintMatchCallFieldNames
0x081C8E54	0x081C8ECF	thumb	PrintMatchCallFlavorText
0x081C8ED0	0x081C8EF7	thumb	LoadListArrowGfx
0x081C8EF8	0x081C8FDF	thumb	CreateListArrowSprites
0x081C8FE0	0x081C9007	thumb	DestroyListArrows
0x081C9008	0x081C907F	thumb	ToggleListArrows
0x081C9080	0x081C909F	thumb	SpriteCB_RightArrow
0x081C90A0	0x081C90F1	thumb	SpriteCB_DownArrow
0x081C90F4	0x081C9147	thumb	SpriteCB_UpArrow
0x081C9148	0x081C915F	thumb	PokenavList_ToggleVerticalArrows
0x081C9160	0x081C91AB	thumb	InitPokenavListWindowState
0x081C91AC	0x081C9267	thumb	CopyPokenavListMenuTemplate
0x081C9268	0x081C9297	thumb	GetPokenavMainMenuType
0x081C9298	0x081C92CB	thumb	PokenavCallback_Init_MainMenuCursorOnMap
0x081C92CC	0x081C9301	thumb	PokenavCallback_Init_MainMenuCursorOnMatchCall
0x081C9304	0x081C9335	thumb	PokenavCallback_Init_MainMenuCursorOnRibbons
0x081C9338	0x081C9365	thumb	PokenavCallback_Init_ConditionMenu
0x081C9368	0x081C939B	thumb	PokenavCallback_Init_ConditionSearchMenu
0x081C939C	0x081C93EB	thumb	SetMenuInputHandler
0x081C93EC	0x081C941B	thumb	GetMainMenuInputHandler
0x081C941C	0x081C942D	thumb	GetMenuHandlerCallback
0x081C9430	0x081C943B	thumb	FreeMenuHandlerSubstruct1
0x081C943C	0x081C951F	thumb	HandleMainMenuInput
0x081C9520	0x081C9585	thumb	HandleMainMenuInputTutorial
0x081C9588	0x081C95FD	thumb	HandleMainMenuInputEndTutorial
0x081C9600	0x081C9639	thumb	HandleCantOpenRibbonsInput
0x081C963C	0x081C96FB	thumb	HandleConditionMenuInput
0x081C96FC	0x081C9797	thumb	HandleConditionSearchMenuInput
0x081C9798	0x081C97A3	thumb	CB2_ReturnToMainMenu
0x081C97A4	0x081C97AF	thumb	CB2_ReturnToConditionMenu
0x081C97B0	0x081C97BB	thumb	SetMenuIdAndCB
0x081C97BC	0x081C97BF	thumb	GetMenuId
0x081C97C0	0x081C97F7	thumb	ReturnToMainMenu
0x081C97F8	0x081C9813	thumb	ReturnToConditionMenu
0x081C9814	0x081C9893	thumb	UpdateMenuCursorPos
0x081C9894	0x081C98A1	thumb	GetPokenavMenuType
0x081C98A4	0x081C98B3	thumb	GetPokenavCursorPos
0x081C98B4	0x081C98C1	thumb	GetCurrentMenuItemId
0x081C98C4	0x081C98D1	thumb	GetHelpBarTextId
0x081C98D4	0x081C9921	thumb	AreAnyTrainerRematchesNearby
0x081C9924	0x081C993D	thumb	OpenPokenavMenuInitial
0x081C9940	0x081C9957	thumb	OpenPokenavMenuNotInitial
0x081C9958	0x081C998F	thumb	OpenPokenavMenu
0x081C9990	0x081C99BF	thumb	CreateMenuHandlerLoopedTask
0x081C99C0	0x081C99D1	thumb	IsMenuHandlerLoopedTaskActive
0x081C99D4	0x081C99FB	thumb	FreeMenuHandlerSubstruct2
0x081C99FC	0x081C9A0D	thumb	GetCurrentLoopedTaskActive
0x081C9A10	0x081C9C69	thumb	LoopedTask_OpenMenu
0x081C9C6C	0x081C9CA7	thumb	LoopedTask_MoveMenuCursor
0x081C9CA8	0x081C9D41	thumb	LoopedTask_OpenConditionMenu
0x081C9D44	0x081C9DD7	thumb	LoopedTask_ReturnToMainMenu
0x081C9DD8	0x081C9E55	thumb	LoopedTask_OpenConditionSearchMenu
0x081C9E58	0x081C9EC7	thumb	LoopedTask_ReturnToConditionMenu
0x081C9EC8	0x081C9EF5	thumb	LoopedTask_SelectRibbonsNoWinners
0x081C9EF8	0x081C9F25	thumb	LoopedTask_ReShowDescription
0x081C9F28	0x081C9FC1	thumb	LoopedTask_OpenPokenavFeature
0x081C9FC4	0x081C9FEB	thumb	LoadPokenavOptionPalettes
0x081C9FEC	0x081CA029	thumb	FreeAndDestroyMainMenuSprites
0x081CA02C	0x081CA093	thumb	CreateMenuOptionSprites
0x081CA094	0x081CA0C7	thumb	DestroyMenuOptionSprites
0x081CA0C8	0x081CA0EB	thumb	DrawCurrentMenuOptionLabels
0x081CA0EC	0x081CA209	thumb	DrawOptionLabelGfx
0x081CA20C	0x081CA275	thumb	StartOptionAnimations_Enter
0x081CA278	0x081CA2DB	thumb	StartOptionAnimations_CursorMoved
0x081CA2DC	0x081CA323	thumb	StartOptionAnimations_Exit
0x081CA324	0x081CA35B	thumb	AreMenuOptionSpritesMoving
0x081CA35C	0x081CA3B3	thumb	StartOptionSlide
0x081CA3B4	0x081CA447	thumb	StartOptionZoom
0x081CA448	0x081CA471	thumb	SetOptionInvisibility
0x081CA474	0x081CA4AB	thumb	SpriteCB_OptionSlide
0x081CA4AC	0x081CA57D	thumb	SpriteCB_OptionZoom
0x081CA580	0x081CA63D	thumb	Task_OptionBlend
0x081CA640	0x081CA695	thumb	CreateMatchCallBlueLightSprite
0x081CA698	0x081CA6A9	thumb	DestroyRematchBlueLightSprite
0x081CA6AC	0x081CA6DD	thumb	SpriteCB_BlinkingBlueLight
0x081CA6E0	0x081CA713	thumb	AddOptionDescriptionWindow
0x081CA714	0x081CA76F	thumb	PrintCurrentOptionDescription
0x081CA770	0x081CA7C3	thumb	PrintNoRibbonWinners
0x081CA7C4	0x081CA7D1	thumb	IsDma3ManagerBusyWithBgCopy_
0x081CA7D4	0x081CA7F3	thumb	CreateMovingBgDotsTask
0x081CA7F4	0x081CA805	thumb	DestroyMovingDotsBgTask
0x081CA808	0x081CA817	thumb	Task_MoveBgDots
0x081CA818	0x081CA84F	thumb	CreateBgDotPurplePalTask
0x081CA850	0x081CA863	thumb	ChangeBgDotsColorToPurple
0x081CA864	0x081CA89B	thumb	CreateBgDotLightBluePalTask
0x081CA89C	0x081CA8AF	thumb	IsTaskActive_UpdateBgDotsPalette
0x081CA8B0	0x081CA913	thumb	Task_UpdateBgDotsPalette
0x081CA914	0x081CA929	thumb	VBlankCB_PokenavMainMenu
0x081CA92C	0x081CA993	thumb	SetupPokenavMenuScanlineEffects
0x081CA994	0x081CA9C7	thumb	DestroyMenuOptionGlowTask
0x081CA9C8	0x081CA9D5	thumb	ResetBldCnt
0x081CA9D8	0x081CA9E9	thumb	InitMenuOptionGlow
0x081CA9EC	0x081CAA3B	thumb	Task_CurrentMenuOptionGlow
0x081CAA3C	0x081CAADB	thumb	SetMenuOptionGlow
0x081CAADC	0x081CAAE5	thumb	ResetBldCnt_
0x081CAAE8	0x081CAB23	thumb	PokenavCallback_Init_MatchCall
0x081CAB24	0x081CAB35	thumb	GetMatchCallCallback
0x081CAB38	0x081CAB43	thumb	FreeMatchCallSubstruct1
0x081CAB44	0x081CABF9	thumb	CB2_HandleMatchCallInput
0x081CABFC	0x081CAC03	thumb	GetExitMatchCallMenuId
0x081CAC04	0x081CACB7	thumb	CB2_HandleMatchCallOptionsInput
0x081CACB8	0x081CACF7	thumb	CB2_HandleCheckPageInput
0x081CACF8	0x081CAD1F	thumb	CB2_HandleCallExitInput
0x081CAD20	0x081CAE07	thumb	LoopedTask_BuildMatchCallList
0x081CAE08	0x081CAE27	thumb	IsRematchEntryRegistered
0x081CAE28	0x081CAE35	thumb	IsMatchCallListInitFinished
0x081CAE38	0x081CAE45	thumb	GetNumberRegistered
0x081CAE48	0x081CAE55	thumb	GetNumSpecialTrainers
0x081CAE58	0x081CAE6B	thumb	GetNumNormalTrainers
0x081CAE6C	0x081CAE91	thumb	GetNormalTrainerHeaderId
0x081CAE94	0x081CAEA1	thumb	GetMatchCallList
0x081CAEA4	0x081CAEB9	thumb	GetMatchCallMapSec
0x081CAEBC	0x081CAF03	thumb	ShouldDrawRematchPokeballIcon
0x081CAF04	0x081CAF77	thumb	GetMatchCallTrainerPic
0x081CAF78	0x081CAFD7	thumb	GetMatchCallMessageText
0x081CAFD8	0x081CB01B	thumb	GetMatchCallFlavorText
0x081CB01C	0x081CB029	thumb	GetMatchCallOptionCursorPos
0x081CB02C	0x081CB04D	thumb	GetMatchCallOptionId
0x081CB050	0x081CB0C7	thumb	BufferMatchCallNameAndDesc
0x081CB0C8	0x081CB0E3	thumb	GetMatchTableMapSectionId
0x081CB0E4	0x081CB127	thumb	GetIndexDeltaOfNextCheckPageDown
0x081CB128	0x081CB169	thumb	GetIndexDeltaOfNextCheckPageUp
0x081CB16C	0x081CB1CD	thumb	HasRematchEntry
0x081CB1D0	0x081CB25F	thumb	ShouldDoNearbyMessage
0x081CB260	0x081CB29B	thumb	OpenMatchCall
0x081CB29C	0x081CB2CB	thumb	CreateMatchCallLoopedTask
0x081CB2CC	0x081CB2DD	thumb	IsMatchCallLoopedTaskActive
0x081CB2E0	0x081CB30F	thumb	FreeMatchCallSubstruct2
0x081CB310	0x081CB321	thumb	GetCurrentLoopedTaskActive
0x081CB324	0x081CB50D	thumb	LoopedTask_OpenMatchCall
0x081CB510	0x081CB587	thumb	MatchCallListCursorDown
0x081CB588	0x081CB5FF	thumb	MatchCallListCursorUp
0x081CB600	0x081CB677	thumb	MatchCallListPageDown
0x081CB678	0x081CB6EF	thumb	MatchCallListPageUp
0x081CB6F0	0x081CB731	thumb	SelectMatchCallEntry
0x081CB734	0x081CB75B	thumb	MoveMatchCallOptionsCursor
0x081CB75C	0x081CB79D	thumb	CancelMatchCallSelection
0x081CB7A0	0x081CB821	thumb	DoMatchCallMessage
0x081CB824	0x081CB887	thumb	DoTrainerCloseByMessage
0x081CB888	0x081CB93B	thumb	CloseMatchCallMessage
0x081CB93C	0x081CB9C5	thumb	ShowCheckPage
0x081CB9C8	0x081CBA67	thumb	ShowCheckPageDown
0x081CBA68	0x081CBAD3	thumb	ExitCheckPage
0x081CBAD4	0x081CBB73	thumb	ShowCheckPageUp
0x081CBB74	0x081CBBB7	thumb	ExitMatchCall
0x081CBBB8	0x081CBC1B	thumb	CreateMatchCallList
0x081CBC1C	0x081CBC37	thumb	DestroyMatchCallList
0x081CBC38	0x081CBC63	thumb	SetPokeballIconsFlashing
0x081CBC64	0x081CBCEB	thumb	Task_FlashPokeballIcons
0x081CBCEC	0x081CBD47	thumb	TryDrawRematchPokeballIcon
0x081CBD48	0x081CBD77	thumb	ClearRematchPokeballIcon
0x081CBD78	0x081CBDBF	thumb	DrawMatchCallLeftColumnWindows
0x081CBDC0	0x081CBDF1	thumb	UpdateMatchCallInfoBox
0x081CBDF4	0x081CBE0B	thumb	PrintNumberRegisteredLabel
0x081CBE0C	0x081CBE37	thumb	PrintNumberRegistered
0x081CBE38	0x081CBE4F	thumb	PrintNumberOfBattlesLabel
0x081CBE50	0x081CBE87	thumb	PrintNumberOfBattles
0x081CBE88	0x081CBEB3	thumb	PrintMatchCallInfoLabel
0x081CBEB4	0x081CBEF7	thumb	PrintMatchCallInfoNumber
0x081CBEF8	0x081CBF5F	thumb	PrintMatchCallLocation
0x081CBF60	0x081CBFC3	thumb	PrintMatchCallSelectionOptions
0x081CBFC4	0x081CBFED	thumb	ShowOptionsCursor
0x081CBFF0	0x081CC003	thumb	UpdateWindowsReturnToTrainerList
0x081CC004	0x081CC011	thumb	IsDma3ManagerBusyWithBgCopy1
0x081CC014	0x081CC031	thumb	UpdateWindowsToShowCheckPage
0x081CC034	0x081CC057	thumb	LoadCallWindowAndFade
0x081CC058	0x081CC09B	thumb	DrawMsgBoxForMatchCallMsg
0x081CC09C	0x081CC0CF	thumb	DrawMsgBoxForCloseByMsg
0x081CC0D0	0x081CC0DD	thumb	IsDma3ManagerBusyWithBgCopy2
0x081CC0E0	0x081CC103	thumb	PrintCallingDots
0x081CC104	0x081CC11B	thumb	WaitForCallingDotsText
0x081CC11C	0x081CC13F	thumb	PrintTrainerIsCloseBy
0x081CC140	0x081CC157	thumb	WaitForTrainerIsCloseByText
0x081CC158	0x081CC191	thumb	PrintMatchCallMessage
0x081CC194	0x081CC1DB	thumb	WaitForMatchCallMessageText
0x081CC1DC	0x081CC203	thumb	EraseCallMessageBox
0x081CC204	0x081CC211	thumb	WaitForCallMessageBoxErase
0x081CC214	0x081CC2B3	thumb	AllocMatchCallSprites
0x081CC2B4	0x081CC2EF	thumb	FreeMatchCallSprites
0x081CC2F0	0x081CC32F	thumb	CreateOptionsCursorSprite
0x081CC330	0x081CC343	thumb	CloseMatchCallSelectOptionsWindow
0x081CC344	0x081CC34B	thumb	UpdateCursorGfxPos
0x081CC34C	0x081CC36F	thumb	SpriteCB_OptionsCursor
0x081CC370	0x081CC39B	thumb	CreateTrainerPicSprite
0x081CC39C	0x081CC41F	thumb	LoadCheckPageTrainerPic
0x081CC420	0x081CC42B	thumb	TrainerPicSlideOffscreen
0x081CC42C	0x081CC43F	thumb	WaitForTrainerPic
0x081CC440	0x081CC4A3	thumb	SpriteCB_TrainerPicSlideOnscreen
0x081CC4A4	0x081CC4D3	thumb	SpriteCB_TrainerPicSlideOffscreen
0x081CC4D4	0x081CC523	thumb	PokenavCallback_Init_RegionMap
0x081CC524	0x081CC553	thumb	FreeRegionMapSubstruct1
0x081CC554	0x081CC565	thumb	GetRegionMapCallback
0x081CC568	0x081CC5B3	thumb	HandleRegionMapInput
0x081CC5B4	0x081CC5DB	thumb	HandleRegionMapInputZoomDisabled
0x081CC5DC	0x081CC5E3	thumb	GetExitRegionMapMenuId
0x081CC5E4	0x081CC5F1	thumb	GetZoomDisabled
0x081CC5F4	0x081CC62B	thumb	OpenPokenavRegionMap
0x081CC62C	0x081CC65B	thumb	CreateRegionMapLoopedTask
0x081CC65C	0x081CC66D	thumb	IsRegionMapLoopedTaskActive
0x081CC670	0x081CC6A3	thumb	FreeRegionMapSubstruct2
0x081CC6A4	0x081CC6B9	thumb	VBlankCB_RegionMap
0x081CC6BC	0x081CC6CD	thumb	GetCurrentLoopedTaskActive
0x081CC6D0	0x081CC6F1	thumb	ShouldOpenRegionMapZoomed
0x081CC6F4	0x081CC845	thumb	LoopedTask_OpenRegionMap
0x081CC848	0x081CC877	thumb	LoopedTask_UpdateInfoAfterCursorMove
0x081CC878	0x081CC8D5	thumb	LoopedTask_RegionMapZoomOut
0x081CC8D8	0x081CC959	thumb	LoopedTask_RegionMapZoomIn
0x081CC95C	0x081CC9BD	thumb	LoopedTask_ExitRegionMap
0x081CC9C0	0x081CC9EB	thumb	LoadCityZoomViewGfx
0x081CC9EC	0x081CCA19	thumb	FreeCityZoomViewGfx
0x081CCA1C	0x081CCAFB	thumb	LoadPokenavRegionMapGfx
0x081CCAFC	0x081CCB09	thumb	TryFreeTempTileDataBuffers
0x081CCB0C	0x081CCC4B	thumb	UpdateMapSecInfoWindow
0x081CCC4C	0x081CCC59	thumb	IsDma3ManagerBusyWithBgCopy_
0x081CCC5C	0x081CCC87	thumb	ChangeBgYForZoom
0x081CCC88	0x081CCC9B	thumb	IsChangeBgYForZoomActive
0x081CCC9C	0x081CCD0F	thumb	Task_ChangeBgYForZoom
0x081CCD10	0x081CCD23	thumb	DecompressCityMaps
0x081CCD24	0x081CCD33	thumb	IsDecompressCityMapsActive
0x081CCD34	0x081CCD6F	thumb	LoopedTask_DecompressCityMaps
0x081CCD70	0x081CCDE7	thumb	DrawCityMap
0x081CCDE8	0x081CCE55	thumb	PrintLandmarkNames
0x081CCE58	0x081CCEF3	thumb	CreateCityZoomTextSprites
0x081CCEF4	0x081CCF75	thumb	SpriteCB_CityZoomText
0x081CCF78	0x081CCFA1	thumb	UpdateCityZoomTextPosition
0x081CCFA4	0x081CCFD7	thumb	SetCityZoomTextInvisibility
0x081CCFD8	0x081CD023	thumb	PokenavCallback_Init_ConditionGraph_Party
0x081CD024	0x081CD06F	thumb	PokenavCallback_Init_ConditionGraph_Search
0x081CD070	0x081CD08B	thumb	GetConditionGraphMenuCallback
0x081CD08C	0x081CD10F	thumb	HandleConditionMenuInput
0x081CD110	0x081CD19B	thumb	OpenMarkingsMenu
0x081CD19C	0x081CD1BF	thumb	GetConditionReturnCallback
0x081CD1C0	0x081CD1E3	thumb	FreeConditionGraphMenuSubstruct1
0x081CD1E4	0x081CD255	thumb	ConditionGraphHandleDpadInput
0x081CD258	0x081CD3C3	thumb	SwitchConditionSummaryIndex
0x081CD3C4	0x081CD547	thumb	LoadConditionGraphMenuGfx
0x081CD548	0x081CD5CB	thumb	LoadNextConditionMenuMonData
0x081CD5CC	0x081CD623	thumb	CopyStringLeftAlignedToConditionData
0x081CD624	0x081CD823	thumb	CopyConditionMonNameGender
0x081CD824	0x081CD96F	thumb	CopyMonNameGenderLocation
0x081CD970	0x081CD9F7	thumb	InitPartyConditionListParameters
0x081CD9F8	0x081CDA1B	thumb	InitSearchResultsConditionList
0x081CDA1C	0x081CDB97	thumb	GetMonConditionGraphData
0x081CDB98	0x081CDC4F	thumb	ConditionGraphDrawMonPic
0x081CDC50	0x081CDC5D	thumb	GetMonListCount
0x081CDC60	0x081CDC6D	thumb	GetConditionGraphCurrentListIndex
0x081CDC70	0x081CDC83	thumb	GetConditionGraphPtr
0x081CDC84	0x081CDC9B	thumb	GetConditionGraphMenuCurrentLoadIndex
0x081CDC9C	0x081CDCB3	thumb	GetConditionGraphMenuToLoadListIndex
0x081CDCB4	0x081CDCD1	thumb	GetConditionMonPicGfx
0x081CDCD4	0x081CDCEB	thumb	GetConditionMonPal
0x081CDCEC	0x081CDD03	thumb	GetConditionGraphMenuToLoadId
0x081CDD04	0x081CDD23	thumb	GetConditionMonNameText
0x081CDD24	0x081CDD47	thumb	GetConditionMonLocationText
0x081CDD48	0x081CDD5B	thumb	GetConditionMonDataBuffer
0x081CDD5C	0x081CDD79	thumb	IsConditionMenuSearchMode
0x081CDD7C	0x081CDDAF	thumb	TryGetMonMarkId
0x081CDDB0	0x081CDDD3	thumb	GetNumConditionMonSparkles
0x081CDDD4	0x081CDE2B	thumb	OpenConditionGraphMenu
0x081CDE2C	0x081CDE63	thumb	CreateConditionGraphMenuLoopedTask
0x081CDE64	0x081CDE7F	thumb	IsConditionGraphMenuLoopedTaskActive
0x081CDE80	0x081CDE91	thumb	GetConditionGraphMenuLoopedTaskActive
0x081CDE94	0x081CE2CD	thumb	LoopedTask_OpenConditionGraphMenu
0x081CE2D0	0x081CE37B	thumb	LoopedTask_ExitConditionGraphMenu
0x081CE37C	0x081CE4D7	thumb	LoopedTask_TransitionMons
0x081CE4D8	0x081CE5E3	thumb	LoopedTask_MoveCursorNoTransition
0x081CE5E4	0x081CE6B9	thumb	LoopedTask_SlideMonOut
0x081CE6BC	0x081CE6FF	thumb	LoopedTask_OpenMonMarkingsWindow
0x081CE700	0x081CE737	thumb	LoopedTask_CloseMonMarkingsWindow
0x081CE738	0x081CE753	thumb	UnusedPrintNumberString
0x081CE754	0x081CE931	thumb	UpdateConditionGraphMenuWindows
0x081CE934	0x081CE963	thumb	CopyUnusedConditionWindowsToVram
0x081CE964	0x081CE98F	thumb	SpriteCB_PartyPokeball
0x081CE990	0x081CE9C7	thumb	HighlightCurrentPartyIndexPokeball
0x081CE9C8	0x081CE9E1	thumb	MonMarkingsCallback
0x081CE9E4	0x081CEBF3	thumb	CreateMonMarkingsOrPokeballIndicators
0x081CEBF4	0x081CEC9F	thumb	FreeConditionMenuGfx
0x081CECA0	0x081CED0F	thumb	FreeConditionGraphMenuSubstruct2
0x081CED10	0x081CED2F	thumb	MonPicGfxSpriteCallback
0x081CED30	0x081CEE43	thumb	CreateConditionMonPic
0x081CEE44	0x081CEE67	thumb	VBlankCB_PokenavConditionGraph
0x081CEE68	0x081CEE71	thumb	SetExitVBlank
0x081CEE74	0x081CEE8D	thumb	ToggleGraphData
0x081CEE90	0x081CEEC7	thumb	DoConditionGraphEnterTransition
0x081CEEC8	0x081CEF11	thumb	DoConditionGraphExitTransition
0x081CEF14	0x081CEF3B	thumb	GetMonMarkingsData
0x081CEF3C	0x081CEF97	thumb	PokenavCallback_Init_ConditionSearch
0x081CEF98	0x081CEFDB	thumb	PokenavCallback_Init_ReturnToMonSearchList
0x081CEFDC	0x081CEFED	thumb	GetConditionSearchResultsCallback
0x081CEFF0	0x081CF00D	thumb	FreeSearchResultSubstruct1
0x081CF010	0x081CF02F	thumb	HandleConditionSearchInput_WaitSetup
0x081CF030	0x081CF0AF	thumb	HandleConditionSearchInput
0x081CF0B0	0x081CF0B7	thumb	ReturnToConditionSearchList
0x081CF0B8	0x081CF0BF	thumb	OpenConditionGraphFromSearchList
0x081CF0C0	0x081CF0CD	thumb	GetReturningFromGraph
0x081CF0D0	0x081CF0DF	thumb	GetSearchResultsMonDataList
0x081CF0E0	0x081CF0EF	thumb	GetSearchResultsMonListCount
0x081CF0F0	0x081CF10B	thumb	GetSearchResultsSelectedMonRank
0x081CF10C	0x081CF11B	thumb	GetSearchResultsCurrentListIndex
0x081CF11C	0x081CF133	thumb	GetConditionSearchLoopedTask
0x081CF134	0x081CF1C3	thumb	BuildPartyMonSearchResults
0x081CF1C4	0x081CF1D7	thumb	InitBoxMonSearchResults
0x081CF1D8	0x081CF275	thumb	BuildBoxMonSearchResults
0x081CF278	0x081CF2C3	thumb	ConvertConditionsToListRanks
0x081CF2C4	0x081CF32F	thumb	InsertMonListItem
0x081CF330	0x081CF367	thumb	OpenConditionSearchResults
0x081CF368	0x081CF39F	thumb	OpenConditionSearchListFromGraph
0x081CF3A0	0x081CF3CF	thumb	CreateSearchResultsLoopedTask
0x081CF3D0	0x081CF3E1	thumb	IsSearchResultLoopedTaskActive
0x081CF3E4	0x081CF3F5	thumb	GetSearchResultCurrentLoopedTaskActive
0x081CF3F8	0x081CF417	thumb	FreeSearchResultSubstruct2
0x081CF418	0x081CF577	thumb	LoopedTask_OpenConditionSearchResults
0x081CF578	0x081CF5ED	thumb	LoopedTask_MoveSearchListCursorUp
0x081CF5F0	0x081CF665	thumb	LoopedTask_MoveSearchListCursorDown
0x081CF668	0x081CF6DD	thumb	LoopedTask_MoveSearchListPageUp
0x081CF6E0	0x081CF755	thumb	LoopedTask_MoveSearchListPageDown
0x081CF758	0x081CF795	thumb	LoopedTask_ExitConditionSearchMenu
0x081CF798	0x081CF7C5	thumb	LoopedTask_SelectSearchResult
0x081CF7C8	0x081CF7F3	thumb	AddSearchResultListMenuWindow
0x081CF7F4	0x081CF88B	thumb	PrintSearchResultListMenuItems
0x081CF88C	0x081CF8E3	thumb	CreateSearchResultsList
0x081CF8E4	0x081CF9BB	thumb	BufferSearchMonListItem
0x081CF9BC	0x081CFA03	thumb	PokenavCallback_Init_MonRibbonList
0x081CFA04	0x081CFA33	thumb	PokenavCallback_Init_RibbonsMonListFromSummary
0x081CFA34	0x081CFA45	thumb	GetRibbonsMonListCallback
0x081CFA48	0x081CFA65	thumb	FreeRibbonsMonList
0x081CFA68	0x081CFA87	thumb	HandleRibbonsMonListInput_WaitListInit
0x081CFA88	0x081CFB07	thumb	HandleRibbonsMonListInput
0x081CFB08	0x081CFB0F	thumb	RibbonsMonMenu_ReturnToMainMenu
0x081CFB10	0x081CFB17	thumb	RibbonsMonMenu_ToSummaryScreen
0x081CFB18	0x081CFB25	thumb	UpdateMonListBgs
0x081CFB28	0x081CFB37	thumb	GetMonRibbonMonListData
0x081CFB38	0x081CFB47	thumb	GetRibbonsMonListCount
0x081CFB48	0x081CFB63	thumb	GetMonRibbonSelectedMonData
0x081CFB64	0x081CFB73	thumb	GetRibbonListMenuCurrIndex
0x081CFB74	0x081CFB8B	thumb	GetMonRibbonListLoopTaskFunc
0x081CFB8C	0x081CFC2B	thumb	BuildPartyMonRibbonList
0x081CFC2C	0x081CFC3F	thumb	InitBoxMonRibbonList
0x081CFC40	0x081CFCE9	thumb	BuildBoxMonRibbonList
0x081CFCEC	0x081CFD57	thumb	InsertMonListItem
0x081CFD58	0x081CFDCF	thumb	PlayerHasRibbonsMon
0x081CFDD0	0x081CFE07	thumb	OpenRibbonsMonList
0x081CFE08	0x081CFE3F	thumb	OpenRibbonsMonListFromRibbonsSummary
0x081CFE40	0x081CFE6F	thumb	CreateRibbonsMonListLoopedTask
0x081CFE70	0x081CFE81	thumb	IsRibbonsMonListLoopedTaskActive
0x081CFE84	0x081CFE95	thumb	GetRibbonsMonCurrentLoopedTaskActive
0x081CFE98	0x081CFEB7	thumb	FreeRibbonsMonMenu
0x081CFEB8	0x081CFFFB	thumb	LoopedTask_OpenRibbonsMonList
0x081CFFFC	0x081D0071	thumb	LoopedTask_RibbonsListMoveCursorUp
0x081D0074	0x081D00E9	thumb	LoopedTask_RibbonsListMoveCursorDown
0x081D00EC	0x081D0161	thumb	LoopedTask_RibbonsListMovePageUp
0x081D0164	0x081D01D9	thumb	LoopedTask_RibbonsListMovePageDown
0x081D01DC	0x081D0219	thumb	LoopedTask_RibbonsListReturnToMainMenu
0x081D021C	0x081D0249	thumb	LoopedTask_RibbonsListOpenSummary
0x081D024C	0x081D0287	thumb	AddRibbonsMonListWindow
0x081D0288	0x081D02AF	thumb	UpdateIndexNumberDisplay
0x081D02B0	0x081D0303	thumb	DrawListIndexNumber
0x081D0304	0x081D035B	thumb	CreateRibbonMonsList
0x081D035C	0x081D044F	thumb	BufferRibbonMonInfoText
0x081D0450	0x081D049F	thumb	PokenavCallback_Init_RibbonsSummaryMenu
0x081D04A0	0x081D04B5	thumb	GetRibbonsSummaryMenuCallback
0x081D04B8	0x081D04C3	thumb	FreeRibbonsSummaryScreen1
0x081D04C4	0x081D0547	thumb	RibbonsSummaryHandleInput
0x081D0548	0x081D05D3	thumb	HandleExpandedRibbonInput
0x081D05D4	0x081D05DB	thumb	ReturnToRibbonsListFromSummary
0x081D05DC	0x081D0619	thumb	TrySelectRibbonUp
0x081D061C	0x081D0661	thumb	TrySelectRibbonDown
0x081D0664	0x081D0687	thumb	TrySelectRibbonLeft
0x081D0688	0x081D06C3	thumb	TrySelectRibbonRight
0x081D06C4	0x081D06D3	thumb	GetRibbonsSummaryCurrentIndex
0x081D06D4	0x081D06E3	thumb	GetRibbonsSummaryMonListCount
0x081D06E4	0x081D075D	thumb	GetMonNicknameLevelGender
0x081D0760	0x081D07D7	thumb	GetMonSpeciesPersonalityOtId
0x081D07D8	0x081D0813	thumb	GetCurrMonRibbonCount
0x081D0814	0x081D0913	thumb	GetMonRibbons
0x081D0914	0x081D0929	thumb	GetNormalRibbonIds
0x081D092C	0x081D0941	thumb	GetGiftRibbonIds
0x081D0944	0x081D0951	thumb	GetSelectedPosition
0x081D0954	0x081D0977	thumb	GetRibbonId
0x081D0978	0x081D09AF	thumb	OpenRibbonsSummaryMenu
0x081D09B0	0x081D09DF	thumb	CreateRibbonsSummaryLoopedTask
0x081D09E0	0x081D09F1	thumb	IsRibbonsSummaryLoopedTaskActive
0x081D09F4	0x081D0A57	thumb	FreeRibbonsSummaryScreen2
0x081D0A58	0x081D0A69	thumb	GetCurrentLoopedTaskActive
0x081D0A6C	0x081D0C51	thumb	LoopedTask_OpenRibbonsSummaryMenu
0x081D0C54	0x081D0C81	thumb	LoopedTask_ExitRibbonsSummaryMenu
0x081D0C84	0x081D0D2B	thumb	LoopedTask_SwitchRibbonsSummaryMon
0x081D0D2C	0x081D0D8B	thumb	LoopedTask_ExpandSelectedRibbon
0x081D0D8C	0x081D0DFD	thumb	LoopedTask_MoveRibbonsCursorExpanded
0x081D0E00	0x081D0E5F	thumb	LoopedTask_ShrinkExpandedRibbon
0x081D0E60	0x081D0E83	thumb	AddRibbonCountWindow
0x081D0E84	0x081D0EFB	thumb	PrintCurrentMonRibbonCount
0x081D0EFC	0x081D0FCB	thumb	PrintRibbonNameAndDescription
0x081D0FCC	0x081D0FEF	thumb	AddRibbonSummaryMonNameWindow
0x081D0FF0	0x081D10A3	thumb	PrintRibbbonsSummaryMonInfo
0x081D10A4	0x081D10CF	thumb	AddRibbonListIndexWindow
0x081D10D0	0x081D1147	thumb	PrintRibbonsMonListIndex
0x081D1148	0x081D1175	thumb	ResetSpritesAndDrawMonFrontPic
0x081D1178	0x081D1183	thumb	DestroyRibbonsMonFrontPic
0x081D1184	0x081D11D7	thumb	DrawRibbonsMonFrontPic
0x081D11D8	0x081D11FB	thumb	SlideMonSpriteOff
0x081D11FC	0x081D1233	thumb	SlideMonSpriteOn
0x081D1234	0x081D1257	thumb	IsMonSpriteAnimating
0x081D1258	0x081D1283	thumb	StartMonSpriteSlide
0x081D1284	0x081D12D7	thumb	SpriteCB_MonSpriteSlide
0x081D12D8	0x081D134F	thumb	DrawAllRibbonsSmall
0x081D1350	0x081D136D	thumb	ClearRibbonsSummaryBg
0x081D1370	0x081D13BB	thumb	DrawRibbonSmall
0x081D13BC	0x081D13FB	thumb	BufferSmallRibbonGfxData
0x081D13FC	0x081D1447	thumb	CreateBigRibbonSprite
0x081D1448	0x081D14FF	thumb	UpdateAndZoomInSelectedRibbon
0x081D1500	0x081D1523	thumb	ZoomOutSelectedRibbon
0x081D1524	0x081D1537	thumb	IsRibbonAnimating
0x081D1538	0x081D1573	thumb	SpriteCB_WaitForRibbonAnimation
0x081D1574	0x081D15B9	thumb	MatchCallGetFunctionIndex
0x081D15BC	0x081D15CB	thumb	GetTrainerIdxByRematchIdx
0x081D15CC	0x081D15F3	thumb	GetRematchIdxByTrainerIdx
0x081D15F4	0x081D1627	thumb	MatchCall_GetEnabled
0x081D1628	0x081D1649	thumb	MatchCall_GetEnabled_NPC
0x081D164C	0x081D166D	thumb	MatchCall_GetEnabled_Trainer
0x081D1670	0x081D1691	thumb	MatchCall_GetEnabled_Wally
0x081D1694	0x081D16C9	thumb	MatchCall_GetEnabled_Rival
0x081D16CC	0x081D16DB	thumb	MatchCall_GetEnabled_Birch
0x081D16DC	0x081D1713	thumb	MatchCall_GetMapSec
0x081D1714	0x081D1717	thumb	MatchCall_GetMapSec_NPC
0x081D1718	0x081D171B	thumb	MatchCall_GetMapSec_Trainer
0x081D171C	0x081D174F	thumb	MatchCall_GetMapSec_Wally
0x081D1750	0x081D1753	thumb	MatchCall_GetMapSec_Rival
0x081D1754	0x081D1757	thumb	MatchCall_GetMapSec_Birch
0x081D1758	0x081D178B	thumb	MatchCall_IsRematchable
0x081D178C	0x081D178F	thumb	MatchCall_IsRematchable_NPC
0x081D1790	0x081D17BD	thumb	MatchCall_IsRematchable_Trainer
0x081D17C0	0x081D17DF	thumb	MatchCall_IsRematchable_Wally
0x081D17E0	0x081D17E3	thumb	MatchCall_IsRematchable_Rival
0x081D17E4	0x081D17E7	thumb	MatchCall_IsRematchable_Birch
0x081D17E8	0x081D183F	thumb	MatchCall_HasCheckPage
0x081D1840	0x081D1843	thumb	MatchCall_HasCheckPage_NPC
0x081D1844	0x081D1847	thumb	MatchCall_HasCheckPage_Trainer
0x081D1848	0x081D184B	thumb	MatchCall_HasCheckPage_Wally
0x081D184C	0x081D184F	thumb	MatchCall_HasCheckPage_Rival
0x081D1850	0x081D1853	thumb	MatchCall_HasCheckPage_Birch
0x081D1854	0x081D1887	thumb	MatchCall_GetRematchTableIdx
0x081D1888	0x081D188B	thumb	MatchCall_GetRematchTableIdx_NPC
0x081D188C	0x081D188F	thumb	MatchCall_GetRematchTableIdx_Trainer
0x081D1890	0x081D1893	thumb	MatchCall_GetRematchTableIdx_Wally
0x081D1894	0x081D1897	thumb	MatchCall_GetRematchTableIdx_Rival
0x081D1898	0x081D189B	thumb	MatchCall_GetRematchTableIdx_Birch
0x081D189C	0x081D18CF	thumb	MatchCall_GetMessage
0x081D18D0	0x081D18DB	thumb	MatchCall_GetMessage_NPC
0x081D18DC	0x081D18FB	thumb	MatchCall_GetMessage_Trainer
0x081D18FC	0x081D1907	thumb	MatchCall_GetMessage_Wally
0x081D1908	0x081D1913	thumb	MatchCall_GetMessage_Rival
0x081D1914	0x081D191F	thumb	MatchCall_GetMessage_Birch
0x081D1920	0x081D199B	thumb	MatchCall_BufferCallMessageText
0x081D199C	0x081D1A77	thumb	MatchCall_BufferCallMessageTextByRematchTeam
0x081D1A78	0x081D1AAF	thumb	MatchCall_GetNameAndDesc
0x081D1AB0	0x081D1AB9	thumb	MatchCall_GetNameAndDesc_NPC
0x081D1ABC	0x081D1ADB	thumb	MatchCall_GetNameAndDesc_Trainer
0x081D1ADC	0x081D1AF1	thumb	MatchCall_GetNameAndDesc_Wally
0x081D1AF4	0x081D1AFD	thumb	MatchCall_GetNameAndDesc_Rival
0x081D1B00	0x081D1B09	thumb	MatchCall_GetNameAndDesc_Birch
0x081D1B0C	0x081D1B3F	thumb	MatchCall_GetNameAndDescByRematchIdx
0x081D1B40	0x081D1BCF	thumb	MatchCall_GetOverrideFlavorText
0x081D1BD0	0x081D1BF7	thumb	MatchCall_GetOverrideFacilityClass
0x081D1BF8	0x081D1C1D	thumb	MatchCall_HasRematchId
0x081D1C20	0x081D1C43	thumb	SetMatchCallRegisteredFlag
0x081D1C44	0x081D1C83	thumb	MailboxMenu_Alloc
0x081D1C84	0x081D1D03	thumb	MailboxMenu_AddWindow
0x081D1D04	0x081D1D33	thumb	MailboxMenu_RemoveWindow
0x081D1D34	0x081D1D43	thumb	MailboxMenu_GetWindowId
0x081D1D44	0x081D1DBF	thumb	MailboxMenu_ItemPrintFunc
0x081D1DC0	0x081D1E7B	thumb	MailboxMenu_CreateList
0x081D1E7C	0x081D1E8F	thumb	MailboxMenu_MoveCursorFunc
0x081D1E90	0x081D1EBF	thumb	MailboxMenu_AddScrollArrows
0x081D1EC0	0x081D1ED3	thumb	MailboxMenu_Free
0x081D1ED4	0x081D1F83	thumb	ConditionGraph_Init
0x081D1F84	0x081D2073	thumb	ConditionGraph_SetNewPositions
0x081D2074	0x081D20AB	thumb	ConditionGraph_TryUpdate
0x081D20AC	0x081D20BB	thumb	ConditionGraph_InitResetScanline
0x081D20BC	0x081D2107	thumb	ConditionGraph_ResetScanline
0x081D2108	0x081D21DB	thumb	ConditionGraph_Draw
0x081D21DC	0x081D222F	thumb	ConditionGraph_InitWindow
0x081D2230	0x081D2277	thumb	ConditionGraph_Update
0x081D2278	0x081D24A3	thumb	ConditionGraph_CalcLine
0x081D24A4	0x081D2631	thumb	ConditionGraph_CalcRightHalf
0x081D2634	0x081D2751	thumb	ConditionGraph_CalcLeftHalf
0x081D2754	0x081D2823	thumb	ConditionGraph_CalcPositions
0x081D2824	0x081D28C1	thumb	InitMoveRelearnerWindows
0x081D28C4	0x081D28C5	thumb	MoveRelearnerDummy
0x081D28C8	0x081D28FB	thumb	LoadMoveRelearnerMovesList
0x081D28FC	0x081D2ACB	thumb	MoveRelearnerLoadBattleMoveDescription
0x081D2ACC	0x081D2BCF	thumb	MoveRelearnerMenuLoadContestMoveDescription
0x081D2BD0	0x081D2BF3	thumb	MoveRelearnerCursorCallback
0x081D2BF4	0x081D2C3B	thumb	MoveRelearnerPrintMessage
0x081D2C3C	0x081D2C4F	thumb	MoveRelearnerRunTextPrinters
0x081D2C50	0x081D2C67	thumb	MoveRelearnerCreateYesNoMenu
0x081D2C68	0x081D2CCD	thumb	GetBoxOrPartyMonData
0x081D2CD0	0x081D2E79	thumb	GetConditionMenuMonString
0x081D2E7C	0x081D2ED3	thumb	BufferConditionMenuSpacedStringN
0x081D2ED4	0x081D2F77	thumb	GetConditionMenuMonNameAndLocString
0x081D2F78	0x081D3093	thumb	GetConditionMenuMonConditions
0x081D3094	0x081D312B	thumb	GetConditionMenuMonGfx
0x081D312C	0x081D314D	thumb	MoveConditionMonOnscreen
0x081D3150	0x081D3177	thumb	MoveConditionMonOffscreen
0x081D3178	0x081D31A3	thumb	ConditionMenu_UpdateMonEnter
0x081D31A4	0x081D31CF	thumb	ConditionMenu_UpdateMonExit
0x081D31D0	0x081D321B	thumb	LoadConditionMonPicTemplate
0x081D321C	0x081D32AF	thumb	LoadConditionSelectionIcons
0x081D32B0	0x081D32D3	thumb	LoadConditionSparkle
0x081D32D4	0x081D32F3	thumb	SpriteCB_ConditionSparkle_DoNextAfterDelay
0x081D32F4	0x081D3313	thumb	SpriteCB_ConditionSparkle_WaitForAllAnim
0x081D3314	0x081D338B	thumb	SetConditionSparklePosition
0x081D338C	0x081D3407	thumb	InitConditionSparkles
0x081D3408	0x081D3463	thumb	SetNextConditionSparkle
0x081D3464	0x081D347F	thumb	ResetConditionSparkleSprites
0x081D3480	0x081D351F	thumb	CreateConditionSparkleSprites
0x081D3520	0x081D3549	thumb	DestroyConditionSparkleSprites
0x081D354C	0x081D3561	thumb	FreeConditionSparkles
0x081D3564	0x081D35E7	thumb	SpriteCB_ConditionSparkle
0x081D35E8	0x081D363F	thumb	ShowAllConditionSparkles
0x081D3640	0x081D3783	thumb	DrawLevelUpWindowPg1
0x081D3784	0x081D388B	thumb	DrawLevelUpWindowPg2
0x081D388C	0x081D38D1	thumb	GetMonLevelUpWindowStats
0x081D38D4	0x081D38FB	thumb	GetTrainerHillUnkVal
0x081D38FC	0x081D391D	thumb	ValidateTrainerChecksum
0x081D3920	0x081D396B	thumb	ValidateTrainerHillData
0x081D396C	0x081D3995	thumb	ValidateTrainerHillChecksum
0x081D3998	0x081D3AAF	thumb	TryWriteTrainerHill_Internal
0x081D3AB0	0x081D3AD5	thumb	TryWriteTrainerHill
0x081D3AD8	0x081D3B0B	thumb	TryReadTrainerHill_Internal
0x081D3B0C	0x081D3B31	thumb	TryReadTrainerHill
0x081D3B34	0x081D3B53	thumb	ReadTrainerHillAndValidate
0x081D3B54	0x081D3BE7	thumb	EReader_Send
0x081D3BE8	0x081D3C7B	thumb	EReader_Recv
0x081D3C7C	0x081D3CBB	thumb	CloseSerial
0x081D3CBC	0x081D3D33	thumb	OpenSerialMulti
0x081D3D34	0x081D3D6F	thumb	OpenSerial32
0x081D3D70	0x081D3EE7	thumb	EReaderHandleTransfer
0x081D3EE8	0x081D3F1B	thumb	DetermineSendRecvState
0x081D3F1C	0x081D3F67	thumb	SetUpTransferManager
0x081D3F68	0x081D3F9B	thumb	StartTm3
0x081D3F9C	0x081D3FA9	thumb	EReaderHelper_Timer3Callback
0x081D3FAC	0x081D413B	thumb	EReaderHelper_SerialCallback
0x081D413C	0x081D414B	thumb	EnableSio
0x081D414C	0x081D416F	thumb	DisableTm3
0x081D4170	0x081D419F	thumb	GetKeyInput
0x081D41A0	0x081D41F3	thumb	EReaderHelper_SaveRegsState
0x081D41F4	0x081D4237	thumb	EReaderHelper_RestoreRegsState
0x081D4238	0x081D4257	thumb	EReaderHelper_ClearSendRecvMgr
0x081D4258	0x081D427B	thumb	GetMewObjectEventId
0x081D427C	0x081D4833	thumb	GetMewMoveDirection
0x081D4834	0x081D488D	thumb	CanMewMoveToCoords
0x081D4890	0x081D4997	thumb	GetValidMewMoveDirection
0x081D4998	0x081D49E5	thumb	UpdateFarawayIslandStepCounter
0x081D49E8	0x081D4A11	thumb	ObjectEventIsFarawayIslandMew
0x081D4A14	0x081D4A55	thumb	IsMewPlayingHideAndSeek
0x081D4A58	0x081D4A8F	thumb	ShouldMewShakeGrass
0x081D4A90	0x081D4BEB	thumb	SetMewAboveGrass
0x081D4BEC	0x081D4C13	thumb	DestroyMewEmergingGrassSprite
0x081D4C14	0x081D4C57	thumb	ShouldMewMoveNorth
0x081D4C58	0x081D4C9B	thumb	ShouldMewMoveEast
0x081D4C9C	0x081D4CDF	thumb	ShouldMewMoveSouth
0x081D4CE0	0x081D4D23	thumb	ShouldMewMoveWest
0x081D4D24	0x081D4D4F	thumb	GetRandomMewDirectionCandidate
0x081D4D50	0x081D4DB7	thumb	EReader_Load
0x081D4DB8	0x081D4DE7	thumb	EReader_Reset
0x081D4DE8	0x081D4E2F	thumb	EReader_Transfer
0x081D4E30	0x081D4E5F	thumb	OpenEReaderLink
0x081D4E60	0x081D4EBF	thumb	ValidateEReaderConnection
0x081D4EC0	0x081D4EE1	thumb	IsChildConnected
0x081D4EE4	0x081D5013	thumb	TryReceiveCard
0x081D5014	0x081D505B	thumb	CreateEReaderTask
0x081D505C	0x081D5061	thumb	ResetTimer
0x081D5064	0x081D5083	thumb	UpdateTimer
0x081D5084	0x081D5493	thumb	Task_EReader
0x081D5494	0x081D54BB	thumb	CallTrainerHillFunction
0x081D54BC	0x081D551F	thumb	ResetTrainerHillResults
0x081D5520	0x081D552F	thumb	GetFloorId
0x081D5530	0x081D5553	thumb	GetTrainerHillOpponentClass
0x081D5554	0x081D5587	thumb	GetTrainerHillTrainerName
0x081D5588	0x081D55CF	thumb	GetTrainerHillTrainerFrontSpriteId
0x081D55D0	0x081D5693	thumb	InitTrainerHillBattleStruct
0x081D5694	0x081D56AF	thumb	FreeTrainerHillBattleStruct
0x081D56B0	0x081D570F	thumb	SetUpDataStruct
0x081D5710	0x081D572B	thumb	FreeDataStruct
0x081D572C	0x081D581B	thumb	CopyTrainerHillTrainerText
0x081D581C	0x081D58D7	thumb	TrainerHillStartChallenge
0x081D58D8	0x081D5923	thumb	GetOwnerState
0x081D5924	0x081D59CF	thumb	GiveChallengePrize
0x081D59D0	0x081D5A6F	thumb	CheckFinalTime
0x081D5A70	0x081D5AB1	thumb	TrainerHillResumeTimer
0x081D5AB4	0x081D5ACF	thumb	TrainerHillSetPlayerLost
0x081D5AD0	0x081D5B2B	thumb	TrainerHillGetChallengeStatus
0x081D5B2C	0x081D5BBB	thumb	BufferChallengeTime
0x081D5BBC	0x081D5BFF	thumb	GetAllFloorsUsed
0x081D5C00	0x081D5C17	thumb	GetInEReaderMode
0x081D5C18	0x081D5C59	thumb	InTrainerHillChallenge
0x081D5C5C	0x081D5C83	thumb	IsTrainerHillChallengeActive
0x081D5C84	0x081D5C85	thumb	TrainerHillDummy_Unused
0x081D5C88	0x081D5C89	thumb	TrainerHillDummy
0x081D5C8C	0x081D5DEF	thumb	PrintOnTrainerHillRecordsWindow
0x081D5DF0	0x081D5DF3	thumb	GetTimerValue
0x081D5DF4	0x081D5DF7	thumb	SetTimerValue
0x081D5DF8	0x081D5F47	thumb	LoadTrainerHillObjectEventTemplates
0x081D5F48	0x081D5F57	thumb	LoadTrainerHillFloorObjectEventScripts
0x081D5F58	0x081D5FB3	thumb	GetMapDataForFloor
0x081D5FB4	0x081D6073	thumb	GenerateTrainerHillFloorLayout
0x081D6074	0x081D609B	thumb	InTrainerHill
0x081D609C	0x081D60FD	thumb	GetCurrentTrainerHillMapId
0x081D6100	0x081D611F	thumb	OnTrainerHillRoof
0x081D6120	0x081D6133	thumb	SetWarpDestinationTrainerHill4F
0x081D6134	0x081D617F	thumb	SetWarpDestinationTrainerHillFinalFloor
0x081D6180	0x081D619B	thumb	LocalIdToHillTrainerId
0x081D619C	0x081D61E7	thumb	GetHillTrainerFlag
0x081D61E8	0x081D62AB	thumb	SetHillTrainerFlag
0x081D62AC	0x081D62B3	thumb	GetTrainerHillTrainerScript
0x081D62B4	0x081D62CB	thumb	ShowTrainerHillPostBattleText
0x081D62CC	0x081D6383	thumb	CreateNPCTrainerHillParty
0x081D6384	0x081D639B	thumb	FillHillTrainerParty
0x081D639C	0x081D63C3	thumb	FillHillTrainersParties
0x081D63C4	0x081D63C7	thumb	GetTrainerHillAIFlags
0x081D63C8	0x081D642B	thumb	GetTrainerEncounterMusicIdInTrainerHill
0x081D642C	0x081D648F	thumb	SetTrainerHillMonLevel
0x081D6490	0x081D64AB	thumb	GetNumFloorsInTrainerHillChallenge
0x081D64AC	0x081D64BF	thumb	SetAllTrainerFlags
0x081D64C0	0x081D64DB	thumb	TryLoadTrainerHillEReaderPalette
0x081D64DC	0x081D64FB	thumb	GetGameSaved
0x081D64FC	0x081D6517	thumb	SetGameSaved
0x081D6518	0x081D6533	thumb	ClearGameSaved
0x081D6534	0x081D6565	thumb	OnTrainerHillEReaderChallengeFloor
0x081D6568	0x081D659F	thumb	GetChallengeWon
0x081D65A0	0x081D65E7	thumb	TrainerHillSetMode
0x081D65E8	0x081D663F	thumb	GetPrizeListId
0x081D6640	0x081D671F	thumb	GetPrizeItemId
0x081D6720	0x081D6773	thumb	DoRayquazaScene
0x081D6774	0x081D67CF	thumb	CB2_InitRayquazaScene
0x081D67D0	0x081D67E9	thumb	CB2_RayquazaScene
0x081D67EC	0x081D67FD	thumb	VBlankCB_RayquazaScene
0x081D6800	0x081D683F	thumb	Task_EndAfterFadeScreen
0x081D6840	0x081D68C7	thumb	Task_SetNextAnim
0x081D68C8	0x081D6903	thumb	SetWindowsHideVertBorders
0x081D6904	0x081D6919	thumb	ResetWindowDimensions
0x081D691C	0x081D6983	thumb	Task_HandleDuoFightPre
0x081D6984	0x081D6A1F	thumb	DuoFightPre_CreateGroudonSprites
0x081D6A20	0x081D6B7B	thumb	SpriteCB_DuoFightPre_Groudon
0x081D6B7C	0x081D6D1F	thumb	DuoFightPre_CreateKyogreSprites
0x081D6D20	0x081D6FCD	thumb	SpriteCB_DuoFightPre_Kyogre
0x081D6FD0	0x081D6FDD	thumb	VBlankCB_DuoFight
0x081D6FE0	0x081D706B	thumb	InitDuoFightSceneBgs
0x081D706C	0x081D7133	thumb	LoadDuoFightSceneGfx
0x081D7134	0x081D7227	thumb	Task_DuoFightAnim
0x081D7228	0x081D736B	thumb	Task_DuoFight_AnimateClouds
0x081D736C	0x081D7437	thumb	Task_HandleDuoFight
0x081D7438	0x081D747F	thumb	DuoFight_Lightning1
0x081D7480	0x081D74C7	thumb	DuoFight_Lightning2
0x081D74C8	0x081D750B	thumb	DuoFight_LightningLong
0x081D750C	0x081D7529	thumb	DuoFight_AnimateRain
0x081D752C	0x081D75B3	thumb	DuoFight_PanOffScene
0x081D75B4	0x081D75FF	thumb	DuoFightEnd
0x081D7600	0x081D7663	thumb	Task_DuoFightEnd
0x081D7664	0x081D76FF	thumb	DuoFight_CreateGroudonSprites
0x081D7700	0x081D785F	thumb	SpriteCB_DuoFight_Groudon
0x081D7860	0x081D78BB	thumb	DuoFight_SlideGroudonDown
0x081D78BC	0x081D7A5F	thumb	DuoFight_CreateKyogreSprites
0x081D7A60	0x081D7D11	thumb	SpriteCB_DuoFight_Kyogre
0x081D7D14	0x081D7E0F	thumb	DuoFight_SlideKyogreDown
0x081D7E10	0x081D7E9B	thumb	InitTakesFlightSceneBgs
0x081D7E9C	0x081D7F4B	thumb	LoadTakesFlightSceneGfx
0x081D7F4C	0x081D7FBF	thumb	Task_RayTakesFlightAnim
0x081D7FC0	0x081D8161	thumb	Task_HandleRayTakesFlight
0x081D8164	0x081D81A3	thumb	Task_RayTakesFlightEnd
0x081D81A4	0x081D825F	thumb	Task_TakesFlight_CreateSmoke
0x081D8260	0x081D82AF	thumb	SpriteCB_TakesFlight_Smoke
0x081D82B0	0x081D8357	thumb	InitDescendsSceneBgs
0x081D8358	0x081D844B	thumb	LoadDescendsSceneGfx
0x081D844C	0x081D84EB	thumb	HBlankCB_RayDescends
0x081D84EC	0x081D857B	thumb	Task_RayDescendsAnim
0x081D857C	0x081D8683	thumb	Task_HandleRayDescends
0x081D8684	0x081D86CB	thumb	Task_RayDescendsEnd
0x081D86CC	0x081D874B	thumb	CreateDescendsRayquazaSprite
0x081D874C	0x081D8827	thumb	SpriteCB_Descends_Rayquaza
0x081D8828	0x081D88CF	thumb	InitChargesSceneBgs
0x081D88D0	0x081D897F	thumb	LoadChargesSceneGfx
0x081D8980	0x081D89DF	thumb	Task_RayChargesAnim
0x081D89E0	0x081D8AD7	thumb	Task_HandleRayCharges
0x081D8AD8	0x081D8B2B	thumb	Task_RayCharges_ShakeRayquaza
0x081D8B2C	0x081D8BB1	thumb	Task_RayCharges_FlyOffscreen
0x081D8BB4	0x081D8BEB	thumb	RayCharges_AnimateBg
0x081D8BEC	0x081D8C37	thumb	Task_RayChargesEnd
0x081D8C38	0x081D8CC3	thumb	InitChasesAwaySceneBgs
0x081D8CC4	0x081D8DB3	thumb	LoadChasesAwaySceneGfx
0x081D8DB4	0x081D8E7F	thumb	Task_RayChasesAwayAnim
0x081D8E80	0x081D8FAF	thumb	Task_HandleRayChasesAway
0x081D8FB0	0x081D9033	thumb	Task_ChasesAway_AnimateBg
0x081D9034	0x081D90A5	thumb	Task_RayChasesAwayEnd
0x081D90A8	0x081D9273	thumb	ChasesAway_CreateTrioSprites
0x081D9274	0x081D9337	thumb	ChasesAway_PushDuoBack
0x081D9338	0x081D93D7	thumb	SpriteCB_ChasesAway_DuoRingPush
0x081D93D8	0x081D941F	thumb	ChasesAway_GroudonStartLeave
0x081D9420	0x081D94D3	thumb	SpriteCB_ChasesAway_GroudonLeave
0x081D94D4	0x081D9527	thumb	ChasesAway_KyogreStartLeave
0x081D9528	0x081D961B	thumb	SpriteCB_ChasesAway_KyogreLeave
0x081D961C	0x081D97DF	thumb	SpriteCB_ChasesAway_Rayquaza
0x081D97E0	0x081D9867	thumb	SpriteCB_ChasesAway_RayquazaFloat
0x081D9868	0x081D98B3	thumb	ChasesAway_SetRayquazaAnim
0x081D98B4	0x081D99BB	thumb	Task_ChasesAway_AnimateRing
0x081D99BC	0x081D99E3	thumb	TryBufferWaldaPhrase
0x081D99E4	0x081D9A1B	thumb	DoWaldaNamingScreen
0x081D9A1C	0x081D9A97	thumb	CB2_HandleGivenWaldaPhrase
0x081D9A98	0x081D9AC1	thumb	GetWaldaPhraseInputCase
0x081D9AC4	0x081D9B3F	thumb	TryGetWallpaperWithWaldaPhrase
0x081D9B40	0x081D9B67	thumb	GetLetterTableId
0x081D9B68	0x081D9C8F	thumb	TryCalculateWallpaper
0x081D9C90	0x081D9CDB	thumb	RotateWallpaperDataLeft
0x081D9CDC	0x081D9D09	thumb	MaskWallpaperData
0x081D9D0C	0x081D9D27	thumb	GetWallpaperDataBit
0x081D9D28	0x081D9D3F	thumb	SetWallpaperDataBit
0x081D9D40	0x081D9D59	thumb	ClearWallpaperDataBit
0x081D9D5C	0x081D9DAB	thumb	SetWallpaperDataFromLetter
0x081D9DAC	0x081D9DE1	thumb	GetWallpaperDataBits
0x081D9DE4	0x081D9F13	thumb	Task_LinkContest_StartCommunicationEm
0x081D9F14	0x081D9F2F	thumb	Task_LinkContest_StartCommunicateRngEm
0x081D9F30	0x081D9F4B	thumb	Task_LinkContest_StartCommunicateLeaderIdsEm
0x081D9F4C	0x081D9F67	thumb	Task_LinkContest_StartCommunicateCategoryEm
0x081D9F68	0x081DA10B	thumb	Task_LinkContest_SetUpContestEm
0x081DA10C	0x081DA137	thumb	Task_LinkContest_CalculateRound1Em
0x081DA138	0x081DA15F	thumb	Task_LinkContest_CalculateTurnOrderEm
0x081DA160	0x081DA243	thumb	Task_LinkContest_CommunicateMonsEm
0x081DA244	0x081DA2E7	thumb	Task_LinkContest_CommunicateRngEm
0x081DA2E8	0x081DA3B7	thumb	Task_LinkContest_CommunicateLeaderIdsEm
0x081DA3B8	0x081DA487	thumb	Task_LinkContest_CommunicateCategoryEm
0x081DA488	0x081DA57B	thumb	Task_LinkContest_CommunicateAIMonsEm
0x081DA57C	0x081DA5D3	thumb	UpdateGymLeaderRematch
0x081DA5D4	0x081DA6C9	thumb	UpdateGymLeaderRematchFromArray
0x081DA6CC	0x081DA6FD	thumb	GetRematchIndex
0x081DA700	0x081DA74B	thumb	LoadLogoGfx
0x081DA74C	0x081DA847	thumb	CreateSlidingLogoCircleSprite
0x081DA848	0x081DA8B9	thumb	SpriteCB_LogoCircleSlide
0x081DA8BC	0x081DA9BB	thumb	CreateSpiralingLogoCircleSprite
0x081DA9BC	0x081DAA1F	thumb	SpriteCB_LogoCircleSpiral
0x081DAA20	0x081DAA73	thumb	DestroyLogoCirclesGfx
0x081DAA74	0x081DAACB	thumb	IsLogoCirclesAnimFinished
0x081DAACC	0x081DAB4B	thumb	Circles_Init
0x081DAB4C	0x081DABB9	thumb	FadeInCenterLogoCircle
0x081DABBC	0x081DABD9	thumb	WaitForLogoCirclesAnim
0x081DABDC	0x081DAC13	thumb	Task_FrontierCirclesMeet
0x081DAC14	0x081DAC7F	thumb	CirclesMeet_CreateSprites
0x081DAC80	0x081DACB3	thumb	CirclesMeet_End
0x081DACB4	0x081DACEB	thumb	Task_FrontierCirclesCross
0x081DACEC	0x081DAD57	thumb	CirclesCross_CreateSprites
0x081DAD58	0x081DAD8B	thumb	CirclesCross_End
0x081DAD8C	0x081DADC3	thumb	Task_FrontierCirclesAsymmetricSpiral
0x081DADC4	0x081DAE41	thumb	CirclesAsymmetricSpiral_CreateSprites
0x081DAE44	0x081DAE77	thumb	CirclesAsymmetricSpiral_End
0x081DAE78	0x081DAEAF	thumb	Task_FrontierCirclesSymmetricSpiral
0x081DAEB0	0x081DAF31	thumb	CirclesSymmetricSpiral_CreateSprites
0x081DAF34	0x081DAF67	thumb	CirclesSymmetricSpiral_End
0x081DAF68	0x081DAF9F	thumb	Task_FrontierCirclesMeetInSeq
0x081DAFA0	0x081DB029	thumb	CirclesMeetInSeq_CreateSprites
0x081DB02C	0x081DB05F	thumb	CirclesMeetInSeq_End
0x081DB060	0x081DB097	thumb	Task_FrontierCirclesCrossInSeq
0x081DB098	0x081DB121	thumb	CirclesCrossInSeq_CreateSprites
0x081DB124	0x081DB157	thumb	CirclesCrossInSeq_End
0x081DB158	0x081DB18F	thumb	Task_FrontierCirclesAsymmetricSpiralInSeq
0x081DB190	0x081DB221	thumb	CirclesAsymmetricSpiralInSeq_CreateSprites
0x081DB224	0x081DB257	thumb	CirclesAsymmetricSpiralInSeq_End
0x081DB258	0x081DB28F	thumb	Task_FrontierCirclesSymmetricSpiralInSeq
0x081DB290	0x081DB325	thumb	CirclesSymmetricSpiralInSeq_CreateSprites
0x081DB328	0x081DB35B	thumb	CirclesSymmetricSpiralInSeq_End
0x081DB35C	0x081DB367	thumb	GetStringCenterAlignXOffset
0x081DB368	0x081DB373	thumb	GetStringRightAlignXOffset
0x081DB374	0x081DB383	thumb	GetStringCenterAlignXOffsetWithLetterSpacing
0x081DB384	0x081DB3A5	thumb	GetStringWidthDifference
0x081DB3A8	0x081DB3D7	thumb	GetMaxWidthInMenuTable
0x081DB3D8	0x081DB419	thumb	GetMaxWidthInSubsetOfMenuTable
0x081DB41C	0x081DB467	thumb	Intl_GetListMenuWidth
0x081DB468	0x081DB493	thumb	CopyMonCategoryText
0x081DB494	0x081DB4DB	thumb	GetStringClearToWidth
0x081DB4DC	0x081DB529	thumb	PadNameString
0x081DB52C	0x081DB551	thumb	ConvertInternationalPlayerName
0x081DB554	0x081DB5A9	thumb	ConvertInternationalPlayerNameStripChar
0x081DB5AC	0x081DB5E7	thumb	ConvertInternationalContestantName
0x081DB5E8	0x081DB603	thumb	TVShowConvertInternationalString
0x081DB604	0x081DB61D	thumb	GetNicknameLanguage
0x081DB620	0x081DB67B	thumb	FillWindowTilesByRow
0x082DED70	0x082DED83	thumb	GameCubeMultiBoot_Hash
0x082DED84	0x082DEE77	thumb	GameCubeMultiBoot_Main
0x082DEE84	0x082DEE97	thumb	GameCubeMultiBoot_ExecuteProgram
0x082DEE98	0x082DEEE1	thumb	GameCubeMultiBoot_Init
0x082DEEE2	0x082DF011	thumb	GameCubeMultiBoot_HandleSerialInterrupt
0x082DF012	0x082DF033	thumb	GameCubeMultiBoot_Quit
0x082DF04C	0x082DF05B	thumb	umul3232H32
0x082DF05C	0x082DF0DF	thumb	SoundMain
0x082DF0E0	0x082DF49B	thumb	SoundMainRAM
0x082DF49C	0x082DF757	arm	SoundMainRAM_Unk1
0x082DF758	0x082DF7E3	arm	SoundMainRAM_Unk2
0x082DF7E4	0x082DF7F9	thumb	SoundMainBTM
0x082DF7FC	0x082DF81B	thumb	RealClearChain
0x082DF81C	0x082DF849	thumb	ply_fine
0x082DF84C	0x082DF861	thumb	MPlayJumpTableCopy
0x082DF864	0x00000000	thumb	ldrb_r3_r2
0x082DF866	0x00000000	thumb	chk_adr_r2
0x082DF880	0x082DFFA1	thumb	ld_r3_tp_adr_i
0x082DF88C	0x082DF8AB	thumb	ply_goto
0x082DF8AC	0x082DF8C5	thumb	ply_patt
0x082DF8C8	0x082DF8DB	thumb	ply_pend
0x082DF8DC	0x082DF909	thumb	ply_rept
0x082DF90C	0x082DF915	thumb	ply_prio
0x082DF918	0x082DF92B	thumb	ply_tempo
0x082DF92C	0x082DF93D	thumb	ply_keysh
0x082DF940	0x082DF96D	thumb	ply_voice
0x082DF970	0x082DF981	thumb	ply_vol
0x082DF984	0x082DF997	thumb	ply_pan
0x082DF998	0x082DF9AB	thumb	ply_bend
0x082DF9AC	0x082DF9BD	thumb	ply_bendr
0x082DF9C0	0x082DF9C9	thumb	ply_lfodl
0x082DF9CC	0x082DF9E3	thumb	ply_modt
0x082DF9E4	0x082DF9F7	thumb	ply_tune
0x082DF9F8	0x082DFA0F	thumb	ply_port
0x082DFA10	0x082DFA5B	thumb	m4aSoundVSync
0x082DFA5C	0x082DFCC3	thumb	MPlayMain
0x082DFCC4	0x082DFD07	thumb	TrackStop
0x082DFD08	0x082DFD37	thumb	ChnVolSetAsm
0x082DFD38	0x082DFF3B	thumb	ply_note
0x082DFF3C	0x082DFF7B	thumb	ply_endtie
0x082DFF7C	0x082DFF95	thumb	clear_modM
0x082DFF98	0x00000000	thumb	ld_r3_tp_adr_i_unchecked
0x082DFFA4	0x082DFFB5	thumb	ply_lfos
0x082DFFB8	0x082DFFC9	thumb	ply_mod
0x082DFFCC	0x082E002F	thumb	MidiKeyToFreq
0x082E0030	0x082E0031	thumb	UnusedDummyFunc
0x082E0034	0x082E004F	thumb	MPlayContinue
0x082E0050	0x082E006F	thumb	MPlayFadeOut
0x082E0070	0x082E0123	thumb	m4aSoundInit
0x082E0124	0x082E012D	thumb	m4aSoundMain
0x082E0130	0x082E015B	thumb	m4aSongNumStart
0x082E015C	0x082E01A7	thumb	m4aSongNumStartOrChange
0x082E01A8	0x082E01FB	thumb	m4aSongNumStartOrContinue
0x082E01FC	0x082E022F	thumb	m4aSongNumStop
0x082E0230	0x082E0263	thumb	m4aSongNumContinue
0x082E0264	0x082E02A7	thumb	m4aMPlayAllStop
0x082E02A8	0x082E02B1	thumb	m4aMPlayContinue
0x082E02B4	0x082E02F7	thumb	m4aMPlayAllContinue
0x082E02F8	0x082E0305	thumb	m4aMPlayFadeOut
0x082E0308	0x082E0327	thumb	m4aMPlayFadeOutTemporarily
0x082E0328	0x082E034F	thumb	m4aMPlayFadeIn
0x082E0350	0x082E0397	thumb	m4aMPlayImmInit
0x082E0398	0x082E04AF	thumb	MPlayExtender
0x082E04B0	0x082E04B3	thumb	MusicPlayerJumpTableCopy
0x082E04B4	0x082E04C7	thumb	ClearChain
0x082E04C8	0x082E04DB	thumb	Clear64byte
0x082E04DC	0x082E05D3	thumb	SoundInit
0x082E05D4	0x082E0677	thumb	SampleFreqSet
0x082E0678	0x082E070F	thumb	m4aSoundMode
0x082E0710	0x082E0763	thumb	SoundClear
0x082E0764	0x082E07DF	thumb	m4aSoundVSyncOff
0x082E07E0	0x082E081B	thumb	m4aSoundVSyncOn
0x082E081C	0x082E0893	thumb	MPlayOpen
0x082E0894	0x082E0977	thumb	MPlayStart
0x082E0978	0x082E09B7	thumb	m4aMPlayStop
0x082E09B8	0x082E0A7F	thumb	FadeOutBody
0x082E0A80	0x082E0B33	thumb	TrkVolPitSet
0x082E0B34	0x082E0BDB	thumb	MidiKeyToCgbFreq
0x082E0BDC	0x082E0C2B	thumb	CgbOscOff
0x082E0C2C	0x082E0CA7	thumb	CgbModVol
0x082E0CA8	0x082E10F1	thumb	CgbSound
0x082E10F4	0x082E111B	thumb	m4aMPlayTempoControl
0x082E111C	0x082E1183	thumb	m4aMPlayVolumeControl
0x082E1184	0x082E11F7	thumb	m4aMPlayPitchControl
0x082E11F8	0x082E125F	thumb	m4aMPlayPanpotControl
0x082E1260	0x082E127D	thumb	ClearModM
0x082E1280	0x082E12F3	thumb	m4aMPlayModDepthSet
0x082E12F4	0x082E1367	thumb	m4aMPlayLFOSpeedSet
0x082E1368	0x082E14BF	thumb	ply_memacc
0x082E14C0	0x082E14DF	thumb	ply_xcmd
0x082E14E0	0x082E14F3	thumb	ply_xxx
0x082E14F4	0x082E153B	thumb	ply_xwave
0x082E153C	0x082E154D	thumb	ply_xtype
0x082E1550	0x082E1561	thumb	ply_xatta
0x082E1564	0x082E1575	thumb	ply_xdeca
0x082E1578	0x082E1589	thumb	ply_xsust
0x082E158C	0x082E159D	thumb	ply_xrele
0x082E15A0	0x082E15AB	thumb	ply_xiecv
0x082E15AC	0x082E15B7	thumb	ply_xiecl
0x082E15B8	0x082E15C9	thumb	ply_xleng
0x082E15CC	0x082E15DD	thumb	ply_xswee
0x082E15E0	0x082E1625	thumb	ply_xwait
0x082E1628	0x082E166F	thumb	ply_xcmd_0D
0x082E1670	0x082E1671	thumb	DummyFunc
0x082E1674	0x082E1743	thumb	SetPokemonCryTone
0x082E1744	0x082E1757	thumb	SetPokemonCryVolume
0x082E1758	0x082E176F	thumb	SetPokemonCryPanpot
0x082E1770	0x082E17A7	thumb	SetPokemonCryPitch
0x082E17A8	0x082E17B3	thumb	SetPokemonCryLength
0x082E17B4	0x082E17BF	thumb	SetPokemonCryRelease
0x082E17C0	0x082E17CB	thumb	SetPokemonCryProgress
0x082E17CC	0x082E17E1	thumb	IsPokemonCryPlaying
0x082E17E4	0x082E180F	thumb	SetPokemonCryChorus
0x082E1810	0x082E184F	thumb	SetPokemonCryStereo
0x082E1850	0x082E185B	thumb	SetPokemonCryPriority
0x082E185C	0x082E187F	thumb	SwitchFlashBank
0x082E1880	0x082E1919	thumb	ReadFlashId
0x082E191C	0x082E1943	thumb	FlashTimerIntr
0x082E1944	0x082E197D	thumb	SetFlashTimerIntr
0x082E1980	0x082E1A27	thumb	StartFlashTimer
0x082E1A28	0x082E1A6B	thumb	StopFlashTimer
0x082E1A6C	0x082E1A6F	thumb	ReadFlash1
0x082E1A70	0x082E1AAD	thumb	SetReadFlash1
0x082E1AB0	0x082E1AD1	thumb	ReadFlash_Core
0x082E1AD4	0x082E1B6F	thumb	ReadFlash
0x082E1B70	0x082E1B9D	thumb	VerifyFlashSector_Core
0x082E1BA0	0x082E1C37	thumb	VerifyFlashSector
0x082E1C38	0x082E1CCF	thumb	VerifyFlashSectorNBytes
0x082E1CD0	0x082E1D13	thumb	ProgramFlashSectorAndVerify
0x082E1D14	0x082E1D5B	thumb	ProgramFlashSectorAndVerifyNBytes
0x082E1D5C	0x082E1DFB	thumb	IdentifyFlash
0x082E1DFC	0x082E1E99	thumb	WaitForFlashWrite_Common
0x082E1E9C	0x082E1F0F	thumb	EraseFlashChip_MX
0x082E1F10	0x082E1FDF	thumb	EraseFlashSector_MX
0x082E1FE0	0x082E2073	thumb	ProgramFlashByte_MX
0x082E2074	0x082E20AB	thumb	ProgramByte
0x082E20AC	0x082E214D	thumb	ProgramFlashSector_MX
0x082E2150	0x082E2167	thumb	SiiRtcUnprotect
0x082E2168	0x082E217F	thumb	SiiRtcProtect
0x082E2180	0x082E2255	thumb	SiiRtcProbe
0x082E2258	0x082E22DB	thumb	SiiRtcReset
0x082E22DC	0x082E23A7	thumb	SiiRtcGetStatus
0x082E23A8	0x082E244F	thumb	SiiRtcSetStatus
0x082E2450	0x082E24FF	thumb	SiiRtcGetDateTime
0x082E2500	0x082E259B	thumb	SiiRtcSetDateTime
0x082E259C	0x082E264F	thumb	SiiRtcGetTime
0x082E2650	0x082E26EB	thumb	SiiRtcSetTime
0x082E26EC	0x082E281F	thumb	SiiRtcSetAlarm
0x082E2820	0x082E28C3	thumb	WriteCommand
0x082E28C4	0x082E2963	thumb	WriteData
0x082E2964	0x082E29EF	thumb	ReadData
0x082E29F0	0x082E2A03	thumb	EnableGpioPortRead
0x082E2A04	0x082E2A17	thumb	DisableGpioPortRead
0x082E2A18	0x082E2AEF	thumb	STWI_init_all
0x082E2AF0	0x082E2B2B	thumb	STWI_init_timer
0x082E2B2C	0x082E2BDF	thumb	AgbRFU_SoftReset
0x082E2BE0	0x082E2BF3	thumb	STWI_set_MS_mode
0x082E2BF4	0x082E2C53	thumb	STWI_read_status
0x082E2C54	0x082E2C5F	thumb	STWI_init_Callback_M
0x082E2C60	0x082E2C6B	thumb	STWI_init_Callback_S
0x082E2C6C	0x082E2C77	thumb	STWI_set_Callback_M
0x082E2C78	0x082E2C83	thumb	STWI_set_Callback_S
0x082E2C84	0x082E2C8F	thumb	STWI_set_Callback_ID
0x082E2C90	0x082E2CB7	thumb	STWI_poll_CommandEnd
0x082E2CB8	0x082E2CDB	thumb	STWI_send_ResetREQ
0x082E2CDC	0x082E2CFF	thumb	STWI_send_LinkStatusREQ
0x082E2D00	0x082E2D23	thumb	STWI_send_VersionStatusREQ
0x082E2D24	0x082E2D47	thumb	STWI_send_SystemStatusREQ
0x082E2D48	0x082E2D6B	thumb	STWI_send_SlotStatusREQ
0x082E2D6C	0x082E2D8F	thumb	STWI_send_ConfigStatusREQ
0x082E2D90	0x082E2DE7	thumb	STWI_send_GameConfigREQ
0x082E2DE8	0x082E2E27	thumb	STWI_send_SystemConfigREQ
0x082E2E28	0x082E2E4B	thumb	STWI_send_SC_StartREQ
0x082E2E4C	0x082E2E6F	thumb	STWI_send_SC_PollingREQ
0x082E2E70	0x082E2E93	thumb	STWI_send_SC_EndREQ
0x082E2E94	0x082E2EB7	thumb	STWI_send_SP_StartREQ
0x082E2EB8	0x082E2EDB	thumb	STWI_send_SP_PollingREQ
0x082E2EDC	0x082E2EFF	thumb	STWI_send_SP_EndREQ
0x082E2F00	0x082E2F2F	thumb	STWI_send_CP_StartREQ
0x082E2F30	0x082E2F53	thumb	STWI_send_CP_PollingREQ
0x082E2F54	0x082E2F77	thumb	STWI_send_CP_EndREQ
0x082E2F78	0x082E2FBF	thumb	STWI_send_DataTxREQ
0x082E2FC0	0x082E3007	thumb	STWI_send_DataTxAndChangeREQ
0x082E3008	0x082E302B	thumb	STWI_send_DataRxREQ
0x082E302C	0x082E304F	thumb	STWI_send_MS_ChangeREQ
0x082E3050	0x082E309F	thumb	STWI_send_DataReadyAndChangeREQ
0x082E30A0	0x082E30DF	thumb	STWI_send_DisconnectedAndChangeREQ
0x082E30E0	0x082E3103	thumb	STWI_send_ResumeRetransmitAndChangeREQ
0x082E3104	0x082E3133	thumb	STWI_send_DisconnectREQ
0x082E3134	0x082E316B	thumb	STWI_send_TestModeREQ
0x082E316C	0x082E31A7	thumb	STWI_send_CPR_StartREQ
0x082E31A8	0x082E31CB	thumb	STWI_send_CPR_PollingREQ
0x082E31CC	0x082E31EF	thumb	STWI_send_CPR_EndREQ
0x082E31F0	0x082E3213	thumb	STWI_send_StopModeREQ
0x082E3214	0x082E3275	thumb	STWI_intr_timer
0x082E3278	0x082E3323	thumb	STWI_set_timer
0x082E3324	0x082E334F	thumb	STWI_stop_timer
0x082E3350	0x082E3427	thumb	STWI_init
0x082E3428	0x082E349B	thumb	STWI_start_Command
0x082E349C	0x082E3519	thumb	STWI_restart_Command
0x082E351C	0x082E3553	thumb	STWI_reset_ClockCounter
0x082E3554	0x082E35B7	arm	IntrSIO32
0x082E35B8	0x082E3847	arm	sio32intr_clock_master
0x082E3848	0x082E3C53	arm	sio32intr_clock_slave
0x082E3C54	0x082E3CBB	arm	handshake_wait
0x082E3CBC	0x082E3DCB	arm	STWI_set_timer_in_RAM
0x082E3DCC	0x082E3E1B	arm	STWI_stop_timer_in_RAM
0x082E3E1C	0x082E3EA7	arm	STWI_init_slave
0x082E3EA8	0x082E3EAB	arm	Callback_Dummy_M
0x082E3EAC	0x082E3EAF	arm	Callback_Dummy_S
0x082E3EB0	0x082E3EB3	arm	Callback_Dummy_ID
0x082E3EB4	0x082E3FDB	thumb	rfu_initializeAPI
0x082E3FDC	0x082E4063	thumb	rfu_STC_clearAPIVariables
0x082E4064	0x082E4077	thumb	rfu_REQ_PARENT_resumeRetransmitAndChange
0x082E4078	0x082E40BF	thumb	rfu_UNI_PARENT_getDRAC_ACK
0x082E40C0	0x082E40D3	thumb	rfu_setTimerInterrupt
0x082E40D4	0x082E40E3	thumb	rfu_getSTWIRecvBuffer
0x082E40E4	0x082E40ED	thumb	rfu_setMSCCallback
0x082E40F0	0x082E410B	thumb	rfu_setREQCallback
0x082E410C	0x082E4137	thumb	rfu_enableREQCallback
0x082E4138	0x082E4177	thumb	rfu_STC_REQ_callback
0x082E4178	0x082E41E7	thumb	rfu_CB_defaultCallback
0x082E41E8	0x082E41FB	thumb	rfu_waitREQComplete
0x082E41FC	0x082E420F	thumb	rfu_REQ_RFUStatus
0x082E4210	0x082E424B	thumb	rfu_getRFUStatus
0x082E424C	0x082E42C1	thumb	rfu_MBOOT_CHILD_inheritanceLinkStatus
0x082E42C4	0x082E436B	thumb	rfu_REQ_stopMode
0x082E436C	0x082E4397	thumb	rfu_CB_stopMode
0x082E4398	0x082E43D3	thumb	rfu_REQBN_softReset_and_checkID
0x082E43D4	0x082E43E7	thumb	rfu_REQ_reset
0x082E43E8	0x082E4409	thumb	rfu_CB_reset
0x082E440C	0x082E4473	thumb	rfu_REQ_configSystem
0x082E4474	0x082E44FF	thumb	rfu_REQ_configGameData
0x082E4500	0x082E459B	thumb	rfu_CB_configGameData
0x082E459C	0x082E460B	thumb	rfu_REQ_startSearchChild
0x082E460C	0x082E4633	thumb	rfu_CB_startSearchChild
0x082E4634	0x082E4697	thumb	rfu_STC_clearLinkStatus
0x082E4698	0x082E46AB	thumb	rfu_REQ_pollSearchChild
0x082E46AC	0x082E46BF	thumb	rfu_REQ_endSearchChild
0x082E46C0	0x082E4747	thumb	rfu_CB_pollAndEndSearchChild
0x082E4748	0x082E4803	thumb	rfu_STC_readChildList
0x082E4804	0x082E4817	thumb	rfu_REQ_startSearchParent
0x082E4818	0x082E483B	thumb	rfu_CB_startSearchParent
0x082E483C	0x082E484F	thumb	rfu_REQ_pollSearchParent
0x082E4850	0x082E4871	thumb	rfu_CB_pollSearchParent
0x082E4874	0x082E4887	thumb	rfu_REQ_endSearchParent
0x082E4888	0x082E4997	thumb	rfu_STC_readParentCandidateList
0x082E4998	0x082E49FD	thumb	rfu_REQ_startConnectParent
0x082E4A00	0x082E4A13	thumb	rfu_REQ_pollConnectParent
0x082E4A14	0x082E4B33	thumb	rfu_CB_pollConnectParent
0x082E4B34	0x082E4B67	thumb	rfu_getConnectParentStatus
0x082E4B68	0x082E4B9F	thumb	rfu_REQ_endConnectParent
0x082E4BA0	0x082E4C7F	thumb	rfu_syncVBlank
0x082E4C80	0x082E506B	thumb	rfu_REQBN_watchLink
0x082E506C	0x082E512B	thumb	rfu_STC_removeLinkData
0x082E512C	0x082E51BB	thumb	rfu_REQ_disconnect
0x082E51BC	0x082E529B	thumb	rfu_CB_disconnect
0x082E529C	0x082E52F7	thumb	rfu_REQ_CHILD_startConnectRecovery
0x082E52F8	0x082E530B	thumb	rfu_REQ_CHILD_pollConnectRecovery
0x082E530C	0x082E53AF	thumb	rfu_CB_CHILD_pollConnectRecovery
0x082E53B0	0x082E53DD	thumb	rfu_CHILD_getConnectRecoveryStatus
0x082E53E0	0x082E53F3	thumb	rfu_REQ_CHILD_endConnectRecovery
0x082E53F4	0x082E5421	thumb	rfu_STC_fastCopy
0x082E5424	0x082E544F	thumb	rfu_REQ_changeMasterSlave
0x082E5450	0x082E5487	thumb	rfu_getMasterSlave
0x082E5488	0x082E5527	thumb	rfu_clearAllSlot
0x082E5528	0x082E5593	thumb	rfu_STC_releaseFrame
0x082E5594	0x082E574F	thumb	rfu_clearSlot
0x082E5750	0x082E57AF	thumb	rfu_setRecvBuffer
0x082E57B0	0x082E57DB	thumb	rfu_NI_setSendData
0x082E57DC	0x082E5815	thumb	rfu_UNI_setSendData
0x082E5818	0x082E584B	thumb	rfu_NI_CHILD_setSendGameName
0x082E584C	0x082E5A53	thumb	rfu_STC_setSendData_org
0x082E5A54	0x082E5BBB	thumb	rfu_changeSendTarget
0x082E5BBC	0x082E5C33	thumb	rfu_NI_stopReceivingData
0x082E5C34	0x082E5CC5	thumb	rfu_UNI_changeAndReadySendData
0x082E5CC8	0x082E5CF3	thumb	rfu_UNI_readySendData
0x082E5CF4	0x082E5D13	thumb	rfu_UNI_clearRecvNewDataFlag
0x082E5D14	0x082E5E57	thumb	rfu_REQ_sendData
0x082E5E58	0x082E5EEF	thumb	rfu_CB_sendData
0x082E5EF0	0x082E5EFF	thumb	rfu_CB_sendData2
0x082E5F00	0x082E5F25	thumb	rfu_CB_sendData3
0x082E5F28	0x082E605F	thumb	rfu_constructSendLLFrame
0x082E6060	0x082E621F	thumb	rfu_STC_NI_constructLLSF
0x082E6220	0x082E62F3	thumb	rfu_STC_UNI_constructLLSF
0x082E62F4	0x082E6333	thumb	rfu_REQ_recvData
0x082E6334	0x082E641F	thumb	rfu_CB_recvData
0x082E6420	0x082E64B7	thumb	rfu_STC_PARENT_analyzeRecvPacket
0x082E64B8	0x082E650F	thumb	rfu_STC_CHILD_analyzeRecvPacket
0x082E6510	0x082E6753	thumb	rfu_STC_analyzeLLSF
0x082E6754	0x082E6807	thumb	rfu_STC_UNI_receive
0x082E6808	0x082E69F3	thumb	rfu_STC_NI_receive_Sender
0x082E69F4	0x082E6B6F	thumb	rfu_STC_NI_receive_Receiver
0x082E6B70	0x082E6BFF	thumb	rfu_STC_NI_initSlot_asRecvControllData
0x082E6C00	0x082E6CB7	thumb	rfu_STC_NI_initSlot_asRecvDataEntity
0x082E6CB8	0x082E6D53	thumb	rfu_NI_checkCommFailCounter
0x082E6D54	0x082E6D6B	thumb	rfu_REQ_noise
0x082E6D6C	0x082E6E1F	thumb	AgbRFU_checkID
0x082E6E20	0x082E6E93	thumb	Sio32IDInit
0x082E6E94	0x082E6F87	thumb	Sio32IDMain
0x082E6F88	0x082E7077	thumb	Sio32IDIntr
0x082E7078	0x082E707B	thumb	ArcTan2
0x082E707C	0x082E707F	thumb	BgAffineSet
0x082E7080	0x082E7083	thumb	CpuFastSet
0x082E7084	0x082E7087	thumb	CpuSet
0x082E7088	0x082E708B	thumb	Div
0x082E708C	0x082E708F	thumb	LZ77UnCompVram
0x082E7090	0x082E7093	thumb	LZ77UnCompWram
0x082E7094	0x082E7099	thumb	MultiBoot
0x082E709C	0x082E709F	thumb	ObjAffineSet
0x082E70A0	0x082E70A3	thumb	RLUnCompVram
0x082E70A4	0x082E70A7	thumb	RLUnCompWram
0x082E70A8	0x082E70AB	thumb	RegisterRamReset
0x082E70AC	0x082E70C3	thumb	SoftReset
0x082E70C4	0x082E70C7	thumb	Sqrt
0x082E70C8	0x082E70CD	thumb	VBlankIntrWait
0x082E70D0	0x082E70D3	thumb	_call_via_r0
0x082E70D4	0x082E70D7	thumb	_call_via_r1
0x082E70D8	0x082E70DB	thumb	_call_via_r2
0x082E70DC	0x082E70DF	thumb	_call_via_r3
0x082E70E0	0x082E70E3	thumb	_call_via_r4
0x082E70E4	0x082E70E7	thumb	_call_via_r5
0x082E70E8	0x082E70EB	thumb	_call_via_r6
0x082E70EC	0x082E70EF	thumb	_call_via_r7
0x082E70F0	0x082E70F3	thumb	_call_via_r8
0x082E70F4	0x082E70F7	thumb	_call_via_r9
0x082E70F8	0x082E70FB	thumb	_call_via_sl
0x082E70FC	0x082E70FF	thumb	_call_via_fp
0x082E7100	0x082E7103	thumb	_call_via_ip
0x082E7104	0x082E7107	thumb	_call_via_sp
0x082E7108	0x082E710B	thumb	_call_via_lr
0x082E710C	0x082E753F	thumb	__divdi3
0x082E7540	0x082E75D1	thumb	__divsi3
0x082E75D4	0x082E75D5	thumb	__div0
0x082E75D8	0x082E761B	thumb	__fixunsdfsi
0x082E761C	0x082E764F	thumb	__fixunssfsi
0x082E7650	0x082E771D	thumb	__modsi3
0x082E7720	0x082E778F	thumb	__muldi3
0x082E7790	0x082E7B67	thumb	__udivdi3
0x082E7B68	0x082E7BDF	thumb	__udivsi3
0x082E7BE0	0x082E7C9F	thumb	__umodsi3
0x082E7CA0	0x082E7DE7	thumb	__pack_d
0x082E7DE8	0x082E7EBF	thumb	__unpack_d
0x082E7EC0	0x082E812B	thumb	_fpadd_parts
0x082E812C	0x082E815B	thumb	__adddf3
0x082E815C	0x082E8193	thumb	__subdf3
0x082E8194	0x082E843B	thumb	__muldf3
0x082E843C	0x082E85C3	thumb	__divdf3
0x082E85C4	0x082E86C1	thumb	__fpcmp_parts_d
0x082E86C4	0x082E86ED	thumb	__cmpdf2
0x082E86F0	0x082E8739	thumb	__eqdf2
0x082E873C	0x082E8785	thumb	__nedf2
0x082E8788	0x082E87D3	thumb	__gtdf2
0x082E87D4	0x082E881F	thumb	__gedf2
0x082E8820	0x082E8869	thumb	__ltdf2
0x082E886C	0x082E88B5	thumb	__ledf2
0x082E88B8	0x082E8933	thumb	__floatsidf
0x082E8934	0x082E89A5	thumb	__fixdfsi
0x082E89A8	0x082E89CD	thumb	__negdf2
0x082E89D0	0x082E89F5	thumb	__make_dp
0x082E89F8	0x082E8A3B	thumb	__truncdfsf2
0x082E8A3C	0x082E8AF3	thumb	__pack_f
0x082E8AF4	0x082E8B6D	thumb	__unpack_f
0x082E8B70	0x082E8CE9	thumb	_fpadd_parts
0x082E8CEC	0x082E8D17	thumb	__addsf3
0x082E8D18	0x082E8D4B	thumb	__subsf3
0x082E8D4C	0x082E8EAF	thumb	__mulsf3
0x082E8EB0	0x082E8F99	thumb	__divsf3
0x082E8F9C	0x082E907F	thumb	__fpcmp_parts_f
0x082E9080	0x082E90A5	thumb	__cmpsf2
0x082E90A8	0x082E90ED	thumb	__eqsf2
0x082E90F0	0x082E9135	thumb	__nesf2
0x082E9138	0x082E917F	thumb	__gtsf2
0x082E9180	0x082E91C7	thumb	__gesf2
0x082E91C8	0x082E920D	thumb	__ltsf2
0x082E9210	0x082E9255	thumb	__lesf2
0x082E9258	0x082E92B7	thumb	__floatsisf
0x082E92B8	0x082E931F	thumb	__fixsfsi
0x082E9320	0x082E9343	thumb	__negsf2
0x082E9344	0x082E9359	thumb	__make_fp
0x082E935C	0x082E9387	thumb	__extendsfdf2
0x082E9388	0x082E93B9	thumb	__lshrdi3
0x082E93BC	0x082E93D1	thumb	__negdi2
0x082E93D4	0x082E9431	thumb	memcpy
0x082E9434	0x082E9485	thumb	memset
0x082E9488	0x082E94E1	thumb	strcmp
0x082E94E4	0x082E952D	thumb	strcpy
