# addr	mode	name  (STT_FUNC from a byte-matching decomp ELF; blank name = let the finder synthesise one)
0x080003A4	thumb	AgbMain
0x080004C4	thumb	UpdateLinkAndCallCallbacks
0x080004D8	thumb	InitMainCallbacks
0x0800051C	thumb	CallCallbacks
0x08000540	thumb	SetMainCallback2
0x08000554	thumb	StartTimer1
0x08000560	thumb	SeedRngAndSetTrainerId
0x08000588	thumb	GetGeneratedTrainerIdLower
0x08000594	thumb	EnableVCountIntrAtLine150
0x080005BC	thumb	InitKeys
0x080005E4	thumb	ReadKeys
0x08000684	thumb	InitIntrHandlers
0x080006F0	thumb	SetVBlankCallback
0x080006FC	thumb	SetHBlankCallback
0x08000708	thumb	SetVCountCallback
0x08000714	thumb	RestoreSerialTimer3IntrHandlers
0x0800072C	thumb	SetSerialCallback
0x08000738	thumb	VBlankIntr
0x08000800	thumb	InitFlashTimer
0x08000814	thumb	HBlankIntr
0x08000844	thumb	VCountIntr
0x08000878	thumb	SerialIntr
0x080008A8	thumb	IntrDummy
0x080008AC	thumb	WaitForVBlank
0x080008DC	thumb	SetTrainerHillVBlankCounter
0x080008E8	thumb	ClearTrainerHillVBlankCounter
0x080008F4	thumb	DoSoftReset
0x08000964	thumb	ClearPokemonCrySongs
0x08000988	thumb	PutMemBlockHeader
0x080009A4	thumb	PutFirstMemBlockHeader
0x080009B8	thumb	AllocInternal
0x08000A20	thumb	FreeInternal
0x08000A84	thumb	AllocZeroedInternal
0x08000AC4	thumb	CheckMemBlockInternal
0x08000B1C	thumb	InitHeap
0x08000B38	thumb	Alloc
0x08000B4C	thumb	AllocZeroed
0x08000B60	thumb	Free
0x08000B74	thumb	CheckMemBlock
0x08000B88	thumb	CheckHeap
0x08000BB8	thumb	ClearDma3Requests
0x08000BF0	thumb	ProcessDma3Requests
0x08000E68	thumb	RequestDma3Copy
0x08000F00	thumb	RequestDma3Fill
0x08000FA4	thumb	CheckForSpaceForDma3Request
0x08000FE4	thumb	InitGpuRegManager
0x0800103C	thumb	CopyBufferedValueToGpuReg
0x08001080	thumb	CopyBufferedValuesToGpuRegs
0x080010B4	thumb	SetGpuReg
0x08001140	thumb	SetGpuReg_ForcedBlank
0x080011B8	thumb	GetGpuReg
0x080011E8	thumb	SetGpuRegBits
0x08001208	thumb	ClearGpuRegBits
0x08001228	thumb	SyncRegIE
0x0800125C	thumb	EnableInterrupts
0x08001288	thumb	DisableInterrupts
0x080012B4	thumb	UpdateRegDispstatIntrBits
0x080012F0	thumb	ResetBgs
0x08001308	thumb	SetBgModeInternal
0x08001324	thumb	GetBgMode
0x08001334	thumb	ResetBgControlStructs
0x08001354	thumb	Unused_ResetBgControlStruct
0x08001380	thumb	SetBgControlAttributes
0x080014AC	thumb	GetBgControlAttribute
0x08001560	thumb	LoadBgVram
0x080015E8	thumb	ShowBgInternal
0x08001664	thumb	HideBgInternal
0x08001698	thumb	SyncBgVisibilityAndMode
0x080016BC	thumb	SetTextModeAndHideBgs
0x080016D8	thumb	SetBgAffineInternal
0x080017A4	thumb	IsInvalidBg
0x080017B8	thumb	BgTileAllocOp
0x080017BC	thumb	ResetBgsAndClearDma3BusyFlags
0x080017E8	thumb	InitBgsFromTemplates
0x080018B0	thumb	InitBgFromTemplate
0x08001934	thumb	SetBgMode
0x08001944	thumb	LoadBgTiles
0x080019FC	thumb	LoadBgTilemap
0x08001A4C	thumb	Unused_LoadBgPalette
0x08001AD4	thumb	IsDma3ManagerBusyWithBgCopy
0x08001B30	thumb	ShowBg
0x08001B44	thumb	HideBg
0x08001B58	thumb	SetBgAttribute
0x08001C1C	thumb	GetBgAttribute
0x08001D04	thumb	ChangeBgX
0x08001E40	thumb	GetBgX
0x08001E7C	thumb	ChangeBgY
0x08001FB8	thumb	ChangeBgY_ScreenOff
0x080020F4	thumb	GetBgY
0x08002130	thumb	SetBgAffine
0x08002170	thumb	Unused_AdjustBgMosaic
0x08002250	thumb	SetBgTilemapBuffer
0x08002284	thumb	UnsetBgTilemapBuffer
0x080022B8	thumb	GetBgTilemapBuffer
0x080022F0	thumb	CopyToBgTilemapBuffer
0x0800236C	thumb	CopyBgTilemapBufferToVram
0x080023D4	thumb	CopyToBgTilemapBufferRect
0x080024D8	thumb	CopyToBgTilemapBufferRect_ChangePalette
0x0800251C	thumb	CopyRectToBgTilemapBufferRect
0x08002704	thumb	FillBgTilemapBufferRect_Palette0
0x08002804	thumb	FillBgTilemapBufferRect
0x08002840	thumb	WriteSequenceToBgTilemapBuffer
0x080029EC	thumb	GetBgMetricTextMode
0x08002A5C	thumb	GetBgMetricAffineMode
0x08002AB4	thumb	GetTileMapIndexFromCoords
0x08002AEC	thumb	CopyTileMapEntry
0x08002B48	thumb	GetBgType
0x08002B9C	thumb	IsInvalidBg32
0x08002BB0	thumb	IsTileMapOutsideWram
0x08002BDC	thumb	BlitBitmapRect4BitWithoutColorKey
0x08002C20	thumb	BlitBitmapRect4Bit
0x08002E00	thumb	FillBitmapRect4Bit
0x08002EC8	thumb	BlitBitmapRect4BitTo8Bit
0x08003118	thumb	FillBitmapRect8Bit
0x080031BC	thumb	DummyWindowBgTilemap
0x080031C0	thumb	InitWindows
0x08003380	thumb	AddWindow
0x080034D8	thumb	AddWindowWithoutTileMap
0x08003574	thumb	RemoveWindow
0x08003604	thumb	FreeAllWindowBuffers
0x08003658	thumb	CopyWindowToVram
0x080036D8	thumb	CopyWindowRectToVram
0x0800378C	thumb	PutWindowTilemap
0x080037EC	thumb	PutWindowRectTilemapOverridePalette
0x080038A4	thumb	ClearWindowTilemap
0x080038F4	thumb	PutWindowRectTilemap
0x080039A4	thumb	BlitBitmapToWindow
0x080039DC	thumb	BlitBitmapRectToWindow
0x08003A9C	thumb	BlitBitmapRectToWindowWithColorKey
0x08003B64	thumb	FillWindowPixelRect
0x08003BF0	thumb	CopyToWindowPixelBuffer
0x08003C48	thumb	FillWindowPixelBuffer
0x08003C94	thumb	ScrollWindow
0x08004058	thumb	CallWindowFunction
0x080040A8	thumb	SetWindowAttribute
0x0800414C	thumb	GetWindowAttribute
0x08004230	thumb	GetNumActiveWindowsOnBg
0x0800425C	thumb	DummyWindowBgTilemap8Bit
0x08004260	thumb	AddWindow8Bit
0x08004368	thumb	FillWindowPixelBuffer8Bit
0x080043A8	thumb	FillWindowPixelRect8Bit
0x08004434	thumb	BlitBitmapRectToWindow4BitTo8Bit
0x08004500	thumb	CopyWindowToVram8Bit
0x08004578	thumb	GetNumActiveWindowsOnBg8Bit
0x080045A4	thumb	SetFontsPointer
0x080045B0	thumb	DeactivateAllTextPrinters
0x080045D0	thumb	AddTextPrinterParameterized
0x0800467C	thumb	AddTextPrinter
0x08004778	thumb	RunTextPrinters
0x08004800	thumb	IsTextPrinterActive
0x08004818	thumb	RenderFont
0x08004844	thumb	GenerateFontHalfRowLookupTable
0x08004BE0	thumb	SaveTextColors
0x08004C00	thumb	RestoreTextColors
0x08004C10	thumb	DecompressGlyphTile
0x08004D58	thumb	GetLastTextColor
0x08004DA0	thumb	CopyGlyphToWindow
0x080052C8	thumb	ClearTextSpan
0x0800533C	thumb	FontFunc_Small
0x08005370	thumb	FontFunc_Normal
0x080053A8	thumb	FontFunc_Short
0x080053E0	thumb	FontFunc_ShortCopy1
0x08005418	thumb	FontFunc_ShortCopy2
0x08005450	thumb	FontFunc_ShortCopy3
0x08005488	thumb	FontFunc_Narrow
0x080054C0	thumb	FontFunc_SmallNarrow
0x080054F8	thumb	TextPrinterInitDownArrowCounters
0x08005528	thumb	TextPrinterDrawDownArrow
0x08005600	thumb	TextPrinterClearDownArrow
0x08005634	thumb	TextPrinterWaitAutoMode
0x08005650	thumb	TextPrinterWaitWithDownArrow
0x0800569C	thumb	TextPrinterWait
0x080056E0	thumb	DrawDownArrow
0x080057B4	thumb	RenderText
0x08005D74	thumb	GetStringWidthFixedWidthFont
0x08005EA8	thumb	GetFontWidthFunc
0x08005ED8	thumb	GetStringWidth
0x08006140	thumb	RenderTextHandleBold
0x080062E8	thumb	DrawKeypadIcon
0x08006338	thumb	GetKeypadIconTileOffset
0x08006348	thumb	GetKeypadIconWidth
0x08006358	thumb	GetKeypadIconHeight
0x08006368	thumb	SetDefaultFontsPointer
0x08006378	thumb	GetFontAttribute
0x08006460	thumb	GetMenuCursorDimensionByFont
0x08006478	thumb	DecompressGlyph_Small
0x08006540	thumb	GetGlyphWidth_Small
0x08006560	thumb	DecompressGlyph_Narrow
0x08006628	thumb	GetGlyphWidth_Narrow
0x08006648	thumb	DecompressGlyph_SmallNarrow
0x08006710	thumb	GetGlyphWidth_SmallNarrow
0x08006730	thumb	DecompressGlyph_Short
0x0800681C	thumb	GetGlyphWidth_Short
0x08006840	thumb	DecompressGlyph_Normal
0x08006908	thumb	GetGlyphWidth_Normal
0x08006928	thumb	DecompressGlyph_Bold
0x08006974	thumb	ResetSpriteData
0x080069C0	thumb	AnimateSprites
0x08006A0C	thumb	BuildOamBuffer
0x08006A58	thumb	UpdateOamCoords
0x08006B1C	thumb	BuildSpritePriorities
0x08006B5C	thumb	SortSprites
0x08006D1C	thumb	CopyMatricesToOamBuffer
0x08006D68	thumb	AddSpritesToOamBuffer
0x08006DF4	thumb	CreateSprite
0x08006E48	thumb	CreateSpriteAtEnd
0x08006EB4	thumb	CreateInvisibleSprite
0x08006EFC	thumb	CreateSpriteAt
0x08007054	thumb	CreateSpriteAndAnimate
0x080070E8	thumb	DestroySprite
0x08007150	thumb	ResetOamRange
0x08007188	thumb	LoadOam
0x080071B8	thumb	ClearSpriteCopyRequests
0x080071F8	thumb	ResetOamMatrices
0x08007224	thumb	SetOamMatrix
0x08007244	thumb	ResetSprite
0x08007258	thumb	CalcCenterToCornerVec
0x0800729C	thumb	AllocSpriteTiles
0x080073B8	thumb	SpriteTileAllocBitmapOp
0x08007428	thumb	SpriteCallbackDummy
0x0800742C	thumb	ProcessSpriteCopyRequests
0x08007488	thumb	RequestSpriteFrameImageCopy
0x080074EC	thumb	RequestSpriteCopy
0x0800753C	thumb	CopyFromSprites
0x08007564	thumb	CopyToSprites
0x0800758C	thumb	ResetAllSprites
0x080075C8	thumb	FreeSpriteTiles
0x080075E4	thumb	FreeSpritePalette
0x080075F4	thumb	FreeSpriteOamMatrix
0x08007620	thumb	DestroySpriteAndFreeResources
0x08007640	thumb	AnimateSprite
0x08007688	thumb	BeginAnim
0x08007778	thumb	ContinueAnim
0x08007818	thumb	AnimCmd_frame
0x080078C4	thumb	AnimCmd_end
0x080078DC	thumb	AnimCmd_jump
0x080079A4	thumb	AnimCmd_loop
0x080079C4	thumb	BeginAnimLoop
0x080079FC	thumb	ContinueAnimLoop
0x08007A1C	thumb	JumpToTopOfAnimLoop
0x08007A90	thumb	BeginAffineAnim
0x08007B24	thumb	ContinueAffineAnim
0x08007BD8	thumb	AffineAnimDelay
0x08007C0C	thumb	AffineAnimCmd_loop
0x08007C40	thumb	BeginAffineAnimLoop
0x08007C7C	thumb	ContinueAffineAnimLoop
0x08007CAC	thumb	JumpToTopOfAffineAnimLoop
0x08007D18	thumb	AffineAnimCmd_jump
0x08007D64	thumb	AffineAnimCmd_end
0x08007DA0	thumb	AffineAnimCmd_frame
0x08007DD8	thumb	CopyOamMatrix
0x08007DF8	thumb	GetSpriteMatrixNum
0x08007E18	thumb	SetSpriteMatrixAnchor
0x08007E28	thumb	GetAnchorCoord
0x08007E54	thumb	UpdateSpriteMatrixAnchorPos
0x08007EF0	thumb	SetSpriteOamFlipBits
0x08007F64	thumb	AffineAnimStateRestartAnim
0x08007F80	thumb	AffineAnimStateStartAnim
0x08007FA8	thumb	AffineAnimStateReset
0x08007FD0	thumb	ApplyAffineAnimFrameAbsolute
0x08007FF4	thumb	DecrementAnimDelayCounter
0x0800801C	thumb	DecrementAffineAnimDelayCounter
0x0800804C	thumb	ApplyAffineAnimFrameRelativeAndUpdateMatrix
0x080080E4	thumb	ConvertScaleParam
0x080080FC	thumb	GetAffineAnimFrame
0x08008168	thumb	ApplyAffineAnimFrame
0x080081A8	thumb	StartSpriteAnim
0x080081C0	thumb	StartSpriteAnimIfDifferent
0x080081DC	thumb	SeekSpriteAnim
0x08008258	thumb	StartSpriteAffineAnim
0x08008284	thumb	StartSpriteAffineAnimIfDifferent
0x080082B8	thumb	ChangeSpriteAffineAnim
0x080082F0	thumb	ChangeSpriteAffineAnimIfDifferent
0x08008324	thumb	SetSpriteSheetFrameTileNum
0x0800837C	thumb	ResetAffineAnimData
0x080083B0	thumb	AllocOamMatrix
0x080083E8	thumb	FreeOamMatrix
0x08008428	thumb	InitSpriteAffineAnim
0x08008478	thumb	SetOamMatrixRotationScaling
0x080084F8	thumb	LoadSpriteSheet
0x0800853C	thumb	LoadSpriteSheets
0x08008568	thumb	FreeSpriteTilesByTag
0x080085E0	thumb	FreeSpriteTileRanges
0x08008620	thumb	GetSpriteTileStartByTag
0x0800864C	thumb	IndexOfSpriteTileTag
0x08008678	thumb	GetSpriteTileTagByTileStart
0x080086C4	thumb	AllocSpriteTileRange
0x0800870C	thumb	FreeAllSpritePalettes
0x08008744	thumb	LoadSpritePalette
0x08008790	thumb	LoadSpritePalettes
0x080087BC	thumb	DoLoadSpritePalette
0x080087D4	thumb	AllocSpritePalette
0x08008804	thumb	IndexOfSpritePaletteTag
0x0800883C	thumb	GetSpritePaletteTagByPaletteNum
0x0800884C	thumb	FreeSpritePaletteByTag
0x08008874	thumb	SetSubspriteTables
0x08008880	thumb	AddSpriteToOamBuffer
0x080088EC	thumb	AddSubspritesToOamBuffer
0x08008B10	thumb	StringCopy_Nickname
0x08008B44	thumb	StringGet_Nickname
0x08008B70	thumb	StringCopy_PlayerName
0x08008BA0	thumb	StringCopy
0x08008BC0	thumb	StringAppend
0x08008BD8	thumb	StringCopyN
0x08008C08	thumb	StringAppendN
0x08008C24	thumb	StringLength
0x08008C44	thumb	StringCompare
0x08008C68	thumb	StringCompareN
0x08008C94	thumb	IsStringLengthAtLeast
0x08008CC0	thumb	ConvertIntToDecimalStringN
0x08008D70	thumb	ConvertUIntToDecimalStringN
0x08008E20	thumb	ConvertIntToHexStringN
0x08008EE0	thumb	StringExpandPlaceholders
0x08008FCC	thumb	StringBraille
0x0800902C	thumb	ExpandPlaceholder_UnknownStringVar
0x08009034	thumb	ExpandPlaceholder_PlayerName
0x08009040	thumb	ExpandPlaceholder_StringVar1
0x08009048	thumb	ExpandPlaceholder_StringVar2
0x08009050	thumb	ExpandPlaceholder_StringVar3
0x08009058	thumb	ExpandPlaceholder_KunChan
0x0800907C	thumb	ExpandPlaceholder_RivalName
0x080090A0	thumb	ExpandPlaceholder_Version
0x080090A8	thumb	ExpandPlaceholder_Aqua
0x080090B0	thumb	ExpandPlaceholder_Magma
0x080090B8	thumb	ExpandPlaceholder_Archie
0x080090C0	thumb	ExpandPlaceholder_Maxie
0x080090C8	thumb	ExpandPlaceholder_Kyogre
0x080090D0	thumb	ExpandPlaceholder_Groudon
0x080090D8	thumb	GetExpandedPlaceholder
0x080090FC	thumb	StringFill
0x08009128	thumb	StringCopyPadded
0x0800917C	thumb	StringFillWithTerminator
0x0800918C	thumb	StringCopyN_Multibyte
0x080091CC	thumb	StringLength_Multibyte
0x080091EC	thumb	WriteColorChangeControlCode
0x08009228	thumb	IsStringJapanese
0x0800924C	thumb	IsStringNJapanese
0x0800927C	thumb	GetExtCtrlCodeLength
0x08009298	thumb	SkipExtCtrlCode
0x080092BC	thumb	StringCompareWithoutExtCtrlCodes
0x08009308	thumb	ConvertInternationalString
0x08009370	thumb	StripExtCtrlCodes
0x080093CC	thumb	IsWirelessAdapterConnected
0x08009404	thumb	Task_DestroySelf
0x08009414	thumb	InitLinkTestBG
0x080094EC	thumb	LoadLinkTestBgGfx
0x08009570	thumb	LinkTestScreen
0x08009628	thumb	SetLocalLinkPlayerId
0x08009638	thumb	InitLocalLinkPlayer
0x080096BC	thumb	VBlankCB_LinkError
0x080096D0	thumb	InitLink
0x080096FC	thumb	Task_TriggerHandshake
0x08009734	thumb	OpenLink
0x080097E8	thumb	CloseLink
0x08009818	thumb	TestBlockTransfer
0x08009900	thumb	LinkTestProcessKeyInput
0x080099BC	thumb	CB2_LinkTest
0x080099E0	thumb	LinkMain2
0x08009A58	thumb	HandleReceiveRemoteLinkPlayer
0x08009AA0	thumb	ProcessRecvCmds
0x08009D90	thumb	BuildSendCmd
0x08009F18	thumb	StartSendingKeysToLink
0x08009F3C	thumb	IsSendingKeysToLink
0x08009F70	thumb	LinkCB_SendHeldKeys
0x08009F8C	thumb	ClearLinkCallback
0x08009FAC	thumb	ClearLinkCallback_2
0x08009FCC	thumb	GetLinkPlayerCount
0x08009FF8	thumb	AreAnyLinkPlayersUsingVersions
0x0800A03C	thumb	LinkDummy_Return2
0x0800A040	thumb	IsFullLinkGroupWithNoRS
0x0800A064	thumb	Link_AnyPartnersPlayingRubyOrSapphire
0x0800A07C	thumb	Link_AnyPartnersPlayingFRLG_JP
0x0800A0AC	thumb	OpenLinkTimed
0x0800A0C8	thumb	GetLinkPlayerDataExchangeStatusTimed
0x0800A23C	thumb	IsLinkPlayerDataExchangeComplete
0x0800A2A4	thumb	GetLinkPlayerTrainerId
0x0800A2BC	thumb	ResetLinkPlayers
0x0800A2E0	thumb	ResetBlockSend
0x0800A2F4	thumb	InitBlockSend
0x0800A364	thumb	LinkCB_BlockSendBegin
0x0800A388	thumb	LinkCB_BlockSend
0x0800A3EC	thumb	LinkCB_BlockSendEnd
0x0800A3F8	thumb	LinkCB_BerryBlenderSendHeldKeys
0x0800A418	thumb	SetBerryBlenderLinkCallback
0x0800A44C	thumb	GetBerryBlenderKeySendAttempts
0x0800A458	thumb	SendBerryBlenderNoSpaceForPokeblocks
0x0800A468	thumb	GetMultiplayerId
0x0800A490	thumb	BitmaskAllOtherLinkPlayers
0x0800A4AC	thumb	SendBlock
0x0800A4D8	thumb	SendBlockRequest
0x0800A520	thumb	IsLinkTaskFinished
0x0800A550	thumb	GetBlockReceivedStatus
0x0800A588	thumb	SetBlockReceivedFlag
0x0800A5B4	thumb	ResetBlockReceivedFlags
0x0800A5EC	thumb	ResetBlockReceivedFlag
0x0800A620	thumb	CheckShouldAdvanceLinkState
0x0800A648	thumb	LinkTestCalcBlockChecksum
0x0800A678	thumb	LinkTest_PrintNumChar
0x0800A6B0	thumb	LinkTest_PrintChar
0x0800A6E8	thumb	LinkTest_PrintHex
0x0800A73C	thumb	LinkTest_PrintInt
0x0800A7DC	thumb	LinkTest_PrintString
0x0800A824	thumb	LinkCB_RequestPlayerDataExchange
0x0800A850	thumb	Task_PrintTestData
0x0800A994	thumb	SetLinkDebugValues
0x0800A9A8	thumb	GetSavedLinkPlayerCountAsBitFlags
0x0800A9D8	thumb	GetLinkPlayerCountAsBitFlags
0x0800AA04	thumb	SaveLinkPlayers
0x0800AA48	thumb	GetSavedPlayerCount
0x0800AA54	thumb	GetSavedMultiplayerId
0x0800AA60	thumb	DoesLinkPlayerCountMatchSaved
0x0800AAF4	thumb	ClearSavedLinkPlayers
0x0800AB18	thumb	CheckLinkPlayersMatchSaved
0x0800AB98	thumb	ResetLinkPlayerCount
0x0800ABAC	thumb	GetLinkPlayerCount_2
0x0800ABBC	thumb	IsLinkMaster
0x0800ABE8	thumb	GetDummy2
0x0800ABF4	thumb	SetCloseLinkCallbackAndType
0x0800AC34	thumb	SetCloseLinkCallback
0x0800AC80	thumb	LinkCB_ReadyCloseLink
0x0800ACAC	thumb	LinkCB_WaitCloseLink
0x0800AD10	thumb	SetCloseLinkCallbackHandleJP
0x0800AD5C	thumb	LinkCB_ReadyCloseLinkWithJP
0x0800AD88	thumb	LinkCB_WaitCloseLinkWithJP
0x0800ADF8	thumb	SetLinkStandbyCallback
0x0800AE30	thumb	LinkCB_Standby
0x0800AE5C	thumb	LinkCB_StandbyForAll
0x0800AEB4	thumb	TrySetLinkErrorBuffer
0x0800AF18	thumb	SetLinkErrorBuffer
0x0800AF30	thumb	CB2_LinkError
0x0800B080	thumb	ErrorMsg_MoveCloserToPartner
0x0800B138	thumb	ErrorMsg_CheckConnections
0x0800B1A0	thumb	CB2_PrintErrorMessage
0x0800B2E8	thumb	GetSioMultiSI
0x0800B2F8	thumb	IsSioMultiMaster
0x0800B320	thumb	IsLinkConnectionEstablished
0x0800B330	thumb	SetSuppressLinkErrorMessage
0x0800B33C	thumb	HasLinkErrorOccurred
0x0800B348	thumb	LocalLinkPlayerToBlock
0x0800B3A4	thumb	LinkPlayerFromBlock
0x0800B40C	thumb	HandleLinkConnection
0x0800B488	thumb	SetWirelessCommType1
0x0800B4A4	thumb	SetWirelessCommType0_Internal
0x0800B4C0	thumb	SetWirelessCommType0
0x0800B4DC	thumb	GetLinkRecvQueueLength
0x0800B504	thumb	IsLinkRecvQueueAtOverworldMax
0x0800B518	thumb	GetWirelessCommType
0x0800B524	thumb	ConvertLinkPlayerName
0x0800B53C	thumb	DisableSerial
0x0800B594	thumb	EnableSerial
0x0800B628	thumb	ResetSerial
0x0800B638	thumb	LinkMain1
0x0800B764	thumb	CheckMasterOrSlave
0x0800B790	thumb	InitTimer
0x0800B7C0	thumb	EnqueueSendCmd
0x0800B8A8	thumb	DequeueRecvCmds
0x0800B9B8	thumb	LinkVSync
0x0800BA28	thumb	Timer3Intr
0x0800BA38	thumb	SerialCB
0x0800BAC0	thumb	StartTransfer
0x0800BAD0	thumb	DoHandshake
0x0800BBCC	thumb	DoRecv
0x0800BCE4	thumb	DoSend
0x0800BD98	thumb	StopTimer
0x0800BDCC	thumb	SendRecvDone
0x0800BDFC	thumb	ResetSendBuffer
0x0800BE50	thumb	ResetRecvBuffer
0x0800BEC0	thumb	rfu_LMAN_REQBN_softReset_and_checkID
0x0800BF0C	thumb	rfu_LMAN_REQ_sendData
0x0800BF4C	thumb	rfu_LMAN_initializeManager
0x0800BFA0	thumb	rfu_LMAN_endManager
0x0800BFCC	thumb	rfu_LMAN_initializeRFU
0x0800C000	thumb	rfu_LMAN_clearVariables
0x0800C048	thumb	rfu_LMAN_powerDownRFU
0x0800C054	thumb	rfu_LMAN_establishConnection
0x0800C12C	thumb	rfu_LMAN_CHILD_connectParent
0x0800C210	thumb	rfu_LMAN_PARENT_stopWaitLinkRecoveryAndDisconnect
0x0800C27C	thumb	rfu_LMAN_stopManager
0x0800C36C	thumb	rfu_LMAN_linkWatcher
0x0800C530	thumb	rfu_LMAN_syncVBlank
0x0800C54C	thumb	rfu_LMAN_manager_entity
0x0800C744	thumb	rfu_LMAN_settingPCSWITCH
0x0800C7B4	thumb	rfu_LMAN_REQ_callback
0x0800CEB0	thumb	rfu_LMAN_MSC_callback
0x0800CF34	thumb	rfu_LMAN_PARENT_checkRecvChildName
0x0800D158	thumb	rfu_LMAN_CHILD_checkSendChildName
0x0800D20C	thumb	rfu_LMAN_CHILD_checkSendChildName2
0x0800D268	thumb	rfu_LMAN_CHILD_linkRecoveryProcess
0x0800D294	thumb	rfu_LMAN_CHILD_checkEnableParentCandidate
0x0800D30C	thumb	rfu_LMAN_occureCallback
0x0800D334	thumb	rfu_LMAN_disconnect
0x0800D358	thumb	rfu_LMAN_reflectCommunicationStatus
0x0800D434	thumb	rfu_LMAN_checkNICommunicateStatus
0x0800D52C	thumb	rfu_LMAN_setMSCCallback
0x0800D544	thumb	rfu_LMAN_setLMANCallback
0x0800D550	thumb	rfu_LMAN_setLinkRecovery
0x0800D594	thumb	rfu_LMAN_setNIFailCounterLimit
0x0800D5D0	thumb	rfu_LMAN_setFastSearchParent
0x0800D610	thumb	rfu_LMAN_managerChangeAgbClockMaster
0x0800D630	thumb	rfu_LMAN_requestChangeAgbClockMaster
0x0800D658	thumb	rfu_LMAN_forceChangeSP
0x0800D6C8	thumb	RfuRecvQueue_Reset
0x0800D724	thumb	RfuSendQueue_Reset
0x0800D780	thumb	RfuUnusedQueue_Reset
0x0800D7D8	thumb	RfuRecvQueue_Enqueue
0x0800D888	thumb	RfuSendQueue_Enqueue
0x0800D934	thumb	RfuRecvQueue_Dequeue
0x0800D9DC	thumb	RfuSendQueue_Dequeue
0x0800DA68	thumb	RfuBackupQueue_Enqueue
0x0800DAC8	thumb	RfuBackupQueue_Dequeue
0x0800DB18	thumb	RfuUnusedQueue_Enqueue
0x0800DB84	thumb	RfuUnusedQueue_Dequeue
0x0800DBF8	thumb	PopulateArrayWithSequence
0x0800DCB4	thumb	PkmnStrToASCII
0x0800DCE8	thumb	ASCIIToPkmnStr
0x0800DD1C	thumb	GetConnectedChildStrength
0x0800DD94	thumb	InitHostRfuGameData
0x0800DE7C	thumb	Rfu_GetCompatiblePlayerData
0x0800DF34	thumb	Rfu_GetWonderDistributorPlayerData
0x0800DF90	thumb	CopyHostRfuGameDataAndUsername
0x0800DFB4	thumb	CreateWirelessStatusIndicatorSprite
0x0800E084	thumb	DestroyWirelessStatusIndicatorSprite
0x0800E0E8	thumb	LoadWirelessStatusIndicatorSpriteGfx
0x0800E124	thumb	GetParentSignalStrength
0x0800E15C	thumb	SetWirelessStatusIndicatorAnim
0x0800E174	thumb	UpdateWirelessStatusIndicatorSprite
0x0800E378	thumb	CopyTrainerRecord
0x0800E388	thumb	NameIsNotEmpty
0x0800E3A8	thumb	SaveLinkTrainerNames
0x0800E540	thumb	PlayerHasMetTrainerBefore
0x0800E5AC	thumb	WipeTrainerNameRecords
0x0800E5FC	thumb	Debug_PrintString
0x0800E600	thumb	Debug_PrintNum
0x0800E604	thumb	ResetLinkRfuGFLayer
0x0800E6D0	thumb	InitRFU
0x0800E700	thumb	InitRFUAPI
0x0800E748	thumb	Task_ParentSearchForChildren
0x0800E87C	thumb	Rfu_GetIndexOfNewestChild
0x0800E88C	thumb	SetLinkPlayerIdsFromSlots
0x0800E94C	thumb	Task_ChildSearchForParent
0x0800EAB4	thumb	InitChildRecvBuffers
0x0800EAFC	thumb	InitParentSendData
0x0800EB44	thumb	Task_UnionRoomListen
0x0800ED10	thumb	LinkRfu_CreateConnectionAsParent
0x0800ED28	thumb	LinkRfu_StopManagerBeforeEnteringChat
0x0800ED34	thumb	MSCCallback_Child
0x0800EDBC	thumb	MSCCallback_Parent
0x0800EDD4	thumb	LinkRfu_Shutdown
0x0800EE78	thumb	CreateTask_ParentSearchForChildren
0x0800EE94	thumb	CanTryReconnectParent
0x0800EEBC	thumb	TryReconnectParent
0x0800EF00	thumb	CreateTask_ChildSearchForParent
0x0800EF1C	thumb	LmanAcceptSlotFlagIsNotZero
0x0800EF38	thumb	LinkRfu_StopManagerAndFinalizeSlots
0x0800EF58	thumb	WaitRfuState
0x0800EF7C	thumb	StopUnionRoomLinkManager
0x0800EF88	thumb	ReadySendDataForSlots
0x0800EFB0	thumb	ReadAllPlayerRecvCmds
0x0800F014	thumb	MoveSendCmdToRecv
0x0800F048	thumb	UpdateBackupQueue
0x0800F0B8	thumb	IsRfuRecvQueueEmpty
0x0800F0F8	thumb	RfuMain1_Parent
0x0800F1E0	thumb	RfuMain2_Parent
0x0800F498	thumb	ChildBuildSendCmd
0x0800F4F0	thumb	RfuMain1_Child
0x0800F638	thumb	HandleSendFailure
0x0800F6FC	thumb	Rfu_SetBlockReceivedFlag
0x0800F728	thumb	Rfu_ResetBlockReceivedFlag
0x0800F74C	thumb	LoadLinkPlayerIds
0x0800F794	thumb	SendKeysToRfu
0x0800F7DC	thumb	GetHostRfuGameData
0x0800F7E4	thumb	IsSendingKeysToRfu
0x0800F804	thumb	StartSendingKeysToRfu
0x0800F814	thumb	ClearLinkRfuCallback
0x0800F820	thumb	Rfu_BerryBlenderSendHeldKeys
0x0800F850	thumb	Rfu_SetBerryBlenderLinkCallback
0x0800F86C	thumb	RfuHandleReceiveCommand
0x0800FC60	thumb	AreAllPlayersReadyToReceive
0x0800FC88	thumb	AreAllPlayersFinishedReceiving
0x0800FCC4	thumb	ResetSendDataManager
0x0800FCD8	thumb	Rfu_GetBlockReceivedStatus
0x0800FD14	thumb	RfuPrepareSendBuffer
0x0800FE50	thumb	Rfu_SendPacket
0x0800FE84	thumb	Rfu_InitBlockSend
0x0800FF4C	thumb	HandleBlockSend
0x0800FFB0	thumb	SendNextBlock
0x08010028	thumb	SendLastBlock
0x08010100	thumb	Rfu_SendBlockRequest
0x0801011C	thumb	RfuShutdownAfterDisconnect
0x08010148	thumb	DisconnectRfu
0x08010168	thumb	TryDisconnectRfu
0x08010198	thumb	LinkRfu_FatalError
0x080101CC	thumb	WaitAllReadyToCloseLink
0x0801022C	thumb	SendReadyCloseLink
0x08010264	thumb	Task_TryReadyCloseLink
0x08010294	thumb	Rfu_SetCloseLinkCallback
0x080102B8	thumb	SendReadyExitStandbyUntilAllReady
0x08010358	thumb	LinkLeaderReadyToExitStandby
0x08010390	thumb	Rfu_LinkStandby
0x08010434	thumb	Rfu_SetLinkStandbyCallback
0x08010454	thumb	IsRfuSerialNumberValid
0x0801048C	thumb	Rfu_SetLinkRecovery
0x080104B0	thumb	Rfu_StopPartnerSearch
0x080104D0	thumb	Rfu_GetMultiplayerId
0x080104F4	thumb	Rfu_GetLinkPlayerCount
0x08010500	thumb	IsLinkRfuTaskFinished
0x08010528	thumb	CallRfuFunc
0x08010540	thumb	CheckForLeavingGroupMembers
0x080105EC	thumb	RfuTryDisconnectLeavingChildren
0x0801064C	thumb	HasTrainerLeftPartnersList
0x08010688	thumb	SendRfuStatusToPartner
0x080106D4	thumb	SendLeaveGroupNotice
0x08010714	thumb	WaitSendRfuStatusToPartner
0x08010750	thumb	UpdateChildStatuses
0x080107A0	thumb	GetJoinGroupStatus
0x0801084C	thumb	Task_PlayerExchange
0x080109E8	thumb	ClearSelectedLinkPlayerIds
0x08010A14	thumb	ReceiveRfuLinkPlayers
0x08010A70	thumb	ValidateAndReceivePokemonSioInfo
0x08010AAC	thumb	Task_PlayerExchangeUpdate
0x08010D0C	thumb	Task_PlayerExchangeChat
0x08010DB4	thumb	RfuCheckErrorStatus
0x08010EA0	thumb	RfuMain1_UnionRoom
0x08010EC0	thumb	RfuMain1
0x08010F1C	thumb	RfuMain2
0x08010F48	thumb	SetHostRfuUsername
0x08010F60	thumb	ResetHostRfuGameData
0x08010F84	thumb	SetHostRfuGameData
0x08010FA0	thumb	SetHostRfuWonderFlags
0x08010FCC	thumb	SetTradeBoardRegisteredMonInfo
0x0801100C	thumb	GetLinkPlayerInfoFlags
0x0801103C	thumb	GetOtherPlayersInfoFlags
0x08011068	thumb	UpdateGameData_GroupLockedIn
0x08011090	thumb	UpdateGameData_SetActivity
0x080110B8	thumb	SetUnionRoomChatPlayerData
0x08011170	thumb	RfuSetErrorParams
0x080111A0	thumb	ResetErrorState
0x080111B0	thumb	RfuSetIgnoreError
0x080111DC	thumb	DisconnectNewChild
0x080111FC	thumb	StartDisconnectNewChild
0x0801120C	thumb	LinkManagerCB_Parent
0x08011404	thumb	LinkManagerCB_Child
0x080115EC	thumb	ParentResetChildRecvMetadata
0x08011628	thumb	GetNewChildrenInUnionRoomChat
0x08011674	thumb	LinkManagerCB_UnionRoom
0x08011A50	thumb	RfuSetNormalDisconnectMode
0x08011A64	thumb	RfuSetStatus
0x08011A74	thumb	RfuGetStatus
0x08011A80	thumb	RfuHasErrored
0x08011A9C	thumb	Rfu_IsPlayerExchangeActive
0x08011AB0	thumb	Rfu_IsMaster
0x08011ABC	thumb	RfuVSync
0x08011AC8	thumb	ClearRecvCommands
0x08011AE8	thumb	VBlank_RfuIdle
0x08011AFC	thumb	Debug_RfuIdle
0x08011B90	thumb	IsUnionRoomListenTaskActive
0x08011BA4	thumb	CreateTask_RfuIdle
0x08011BD0	thumb	DestroyTask_RfuIdle
0x08011BF8	thumb	CB2_RfuIdle
0x08011C10	thumb	InitializeRfuLinkManager_LinkLeader
0x08011C5C	thumb	InitializeRfuLinkManager_JoinGroup
0x08011C84	thumb	InitializeRfuLinkManager_EnterUnionRoom
0x08011CD8	thumb	ReadU16
0x08011CE4	thumb	GetPartnerIndexByNameAndTrainerID
0x08011D6C	thumb	RfuReqDisconnectSlot
0x08011DC0	thumb	RequestDisconnectSlotByTrainerNameAndId
0x08011DE0	thumb	Rfu_DisconnectPlayerById
0x08011E2C	thumb	Task_SendDisconnectCommand
0x08011E94	thumb	SendDisconnectCommand
0x08011EF4	thumb	Task_RfuReconnectWithParent
0x08011FC8	thumb	CreateTask_RfuReconnectWithParent
0x0801200C	thumb	IsPartnerActivityIncompatible
0x0801209C	thumb	Task_TryConnectToUnionRoomParent
0x08012188	thumb	TryConnectToUnionRoomParent
0x08012224	thumb	IsRfuRecoveringFromLinkLoss
0x08012240	thumb	IsRfuCommunicatingWithAllChildren
0x0801227C	thumb	Debug_PrintEmpty
0x0801229C	thumb	Debug_PrintStatus
0x080124C0	thumb	GetRfuSendQueueLength
0x080124D4	thumb	GetRfuRecvQueueLength
0x080124E8	thumb	Task_Idle
0x080124EC	thumb	PrintNumPlayersWaitingForMsg
0x080125BC	thumb	PrintPlayerNameAndIdOnWindow
0x0801262C	thumb	GetAwaitingCommunicationText
0x080126CC	thumb	IsActivityWithVariableGroupSize
0x0801273C	thumb	TryBecomeLinkLeader
0x08012780	thumb	Task_TryBecomeLinkLeader
0x08012F64	thumb	Leader_DestroyResources
0x08012FC4	thumb	Leader_GetAcceptNewMemberPrompt
0x08013078	thumb	GetYouDeclinedTheOfferMessage
0x080130B4	thumb	GetYouAskedToJoinGroupPleaseWaitMessage
0x08013160	thumb	GetGroupLeaderSentAnOKMessage
0x0801320C	thumb	Leader_SetStateIfMemberListChanged
0x08013278	thumb	ItemPrintFunc_PossibleGroupMembers
0x080132D4	thumb	LeaderUpdateGroupMembership
0x08013398	thumb	LeaderPrunePlayerList
0x080134A4	thumb	TryJoinLinkGroup
0x080134E8	thumb	Task_TryJoinLinkGroup
0x08013B8C	thumb	IsTryingToTradeAcrossVersionTooSoon
0x08013BD8	thumb	AskToJoinRfuGroup
0x08013C40	thumb	CreateTask_ListenToWireless
0x08013C7C	thumb	Task_ListenToWireless
0x08013D88	thumb	IsPartnerActivityAcceptable
0x08013DBC	thumb	GetGroupListTextColor
0x08013DF4	thumb	ListMenuItemPrintFunc_UnionRoomGroups
0x08013E44	thumb	GetNewLeaderCandidate
0x08013F60	thumb	Task_CreateTradeMenu
0x08013F78	thumb	CreateTask_CreateTradeMenu
0x08013F90	thumb	Task_StartUnionRoomTrade
0x080140E0	thumb	Task_ExchangeCards
0x080141A4	thumb	CB2_ShowCard
0x08014210	thumb	StartUnionRoomBattle
0x08014290	thumb	WarpForWirelessMinigame
0x08014304	thumb	WarpForCableClubActivity
0x08014384	thumb	CB2_TransitionToCableClub
0x080143E4	thumb	CreateTrainerCardInBuffer
0x0801440C	thumb	Task_StartActivity
0x08014790	thumb	Task_RunScriptAndFadeToActivity
0x080149C4	thumb	CreateTask_RunScriptAndFadeToActivity
0x080149D8	thumb	CreateTask_StartActivity
0x08014A00	thumb	CreateTask_SendMysteryGift
0x08014A40	thumb	Task_SendMysteryGift
0x08014EFC	thumb	CreateTask_LinkMysteryGiftWithFriend
0x08014F48	thumb	Task_CardOrNewsWithFriend
0x080152A8	thumb	CreateTask_LinkMysteryGiftOverWireless
0x080152F4	thumb	Task_CardOrNewsOverWireless
0x0801560C	thumb	RunUnionRoom
0x08015658	thumb	ReadAsU16
0x08015664	thumb	ScheduleFieldMessageWithFollowupState
0x0801568C	thumb	ScheduleFieldMessageAndExit
0x080156B0	thumb	CopyPlayerListToBuffer
0x080156C8	thumb	CopyPlayerListFromBuffer
0x080156E0	thumb	Task_RunUnionRoom
0x08016884	thumb	SetUsingUnionRoomStartMenu
0x0801689C	thumb	ReceiveUnionRoomActivityPacket
0x080168DC	thumb	HandleContactFromOtherPlayer
0x08016934	thumb	InitUnionRoom
0x0801697C	thumb	Task_InitUnionRoom
0x08016AD4	thumb	BufferUnionRoomPlayerName
0x08016B00	thumb	HandlePlayerListUpdate
0x08016CA0	thumb	Task_SearchForChildOrParent
0x08016DF0	thumb	CreateTask_SearchForChildOrParent
0x08016E24	thumb	Task_ListenForCompatiblePartners
0x08016F1C	thumb	HasWonderCardOrNewsByLinkGroup
0x08016F44	thumb	Task_ListenForWonderDistributor
0x08016FC0	thumb	CreateTask_ListenForCompatiblePartners
0x08016FF0	thumb	CreateTask_ListenForWonderDistributor
0x08017020	thumb	UR_PrintFieldMessage
0x0801704C	thumb	UR_RunTextPrinters
0x08017064	thumb	PrintOnTextbox
0x080170B8	thumb	UnionRoomHandleYesNo
0x08017118	thumb	CreateTradeBoardWindow
0x08017168	thumb	DeleteTradeBoardWindow
0x08017178	thumb	ListMenuHandler_AllItemsAvailable
0x080172A0	thumb	TradeBoardMenuHandler
0x080173B0	thumb	UR_ClearBg0
0x080173D4	thumb	JoinGroup_EnableScriptContexts
0x080173E0	thumb	PrintUnionRoomText
0x08017580	thumb	ClearRfuPlayerList
0x080175EC	thumb	ClearIncomingPlayerList
0x08017630	thumb	ArePlayersDifferent
0x08017678	thumb	ArePlayerDataDifferent
0x080176E4	thumb	GetNewIncomingPlayerId
0x08017734	thumb	TryAddIncomingPlayerToList
0x080177B8	thumb	PrintGroupMemberOnWindow
0x080178A0	thumb	PrintGroupCandidateOnWindow
0x08017940	thumb	IsPlayerFacingTradingBoard
0x08017984	thumb	GetResponseIdx_InviteToURoomActivity
0x080179AC	thumb	ConvPartnerUnameAndGetWhetherMetAlready
0x080179D4	thumb	UnionRoomGetPlayerInteractionResponse
0x08017B38	thumb	ItemPrintFunc_EmptyList
0x08017B3C	thumb	TradeBoardPrintItemInfo
0x08017BE8	thumb	TradeBoardListMenuItemPrintFunc
0x08017CB0	thumb	GetIndexOfNthTradeBoardOffer
0x08017CF8	thumb	GetUnionRoomPlayerGender
0x08017D04	thumb	IsRequestedTradeInPlayerParty
0x08017D9C	thumb	GetURoomActivityRejectMsg
0x08017E00	thumb	GetURoomActivityStartMsg
0x08017EA0	thumb	GetChatLeaderActionRequestMessage
0x08017FD8	thumb	PollPartnerYesNoResponse
0x08018004	thumb	InUnionRoom
0x08018024	thumb	HasAtLeastTwoMonsOfLevel30OrLower
0x0801807C	thumb	ResetUnionRoomTrade
0x08018090	thumb	Script_ResetUnionRoomTrade
0x080180A0	thumb	RegisterTradeMonAndGetIsEgg
0x080180E8	thumb	RegisterTradeMon
0x08018120	thumb	GetPartyPositionOfRegisteredMon
0x0801818C	thumb	HandleCancelActivity
0x080181CC	thumb	StartScriptInteraction
0x080181DC	thumb	GetActivePartnersInfo
0x08018220	thumb	ViewURoomPartnerTrainerCard
0x08018404	thumb	CopyAndTranslatePlayerName
0x08018424	thumb	VBlankCB_MysteryGiftEReader
0x08018438	thumb	CB2_MysteryGiftEReader
0x08018450	thumb	HandleMysteryGiftOrEReaderSetup
0x08018650	thumb	CB2_InitMysteryGift
0x0801867C	thumb	CB2_InitEReader
0x080186A4	thumb	MainCB_FreeAllBuffersAndReturnToInitTitleScreen
0x080186EC	thumb	PrintMysteryGiftOrEReaderHeader
0x08018784	thumb	MG_DrawTextBorder
0x08018798	thumb	MG_DrawCheckerboardPattern
0x08018838	thumb	ClearScreenInBg0
0x08018884	thumb	MG_AddMessageTextPrinter
0x080188DC	thumb	ClearMessage
0x080188F8	thumb	PrintMysteryGiftMenuMessage
0x0801898C	thumb	HideDownArrow
0x080189B4	thumb	ShowDownArrow
0x080189DC	thumb	HideDownArrowAndWaitButton
0x08018A1C	thumb	PrintStringAndWait2Seconds
0x08018A50	thumb	MysteryGift_HandleThreeOptionMenu
0x08018B08	thumb	DoMysteryGiftYesNo
0x08018C4C	thumb	HandleGiftSelectMenu
0x08018D98	thumb	ValidateCardOrNews
0x08018DAC	thumb	HandleLoadWonderCardOrNews
0x08018E08	thumb	ClearSavedNewsOrCard
0x08018E20	thumb	ExitWonderCardOrNews
0x08018E50	thumb	AskDiscardGift
0x08018E74	thumb	PrintThrownAway
0x08018E94	thumb	SaveOnMysteryGiftMenu
0x08018F0C	thumb	GetClientResultMessage
0x0801903C	thumb	PrintSuccessMessage
0x080190A4	thumb	GetServerResultMessage
0x08019174	thumb	PrintServerResultMessage
0x080191AC	thumb	CreateMysteryGiftTask
0x080191F4	thumb	Task_MysteryGift
0x08019930	thumb	GetMysteryGiftBaseBlock
0x08019938	thumb	LoadMysteryGiftTextboxBorder
0x08019958	thumb	IsPlayerStandingStill
0x08019978	thumb	GetUnionRoomPlayerGraphicsId
0x08019990	thumb	GetUnionRoomPlayerCoords
0x080199E0	thumb	IsUnionRoomPlayerAt
0x08019A30	thumb	IsUnionRoomPlayerHidden
0x08019A4C	thumb	HideUnionRoomPlayer
0x08019A64	thumb	ShowUnionRoomPlayer
0x08019A7C	thumb	SetUnionRoomPlayerGfx
0x08019A98	thumb	CreateUnionRoomPlayerObjectEvent
0x08019AB8	thumb	RemoveUnionRoomPlayerObjectEvent
0x08019AD8	thumb	SetUnionRoomPlayerEnterExitMovement
0x08019B3C	thumb	TryReleaseUnionRoomPlayerObjectEvent
0x08019BA8	thumb	InitUnionRoomPlayerObjects
0x08019BDC	thumb	AnimateUnionRoomPlayerDespawn
0x08019C38	thumb	AnimateUnionRoomPlayerSpawn
0x08019CF0	thumb	SpawnGroupLeader
0x08019D20	thumb	DespawnGroupLeader
0x08019D44	thumb	AnimateUnionRoomPlayer
0x08019DD0	thumb	Task_AnimateUnionRoomPlayers
0x08019DF4	thumb	CreateTask_AnimateUnionRoomPlayers
0x08019E20	thumb	DestroyTask_AnimateUnionRoomPlayers
0x08019E3C	thumb	DestroyUnionRoomPlayerObjects
0x08019E70	thumb	CreateUnionRoomPlayerSprites
0x08019F04	thumb	DestroyUnionRoomPlayerSprites
0x08019F2C	thumb	SetTilesAroundUnionRoomPlayersPassable
0x08019F64	thumb	GetNewFacingDirectionForUnionRoomPlayer
0x08019F8C	thumb	IsUnionRoomPlayerInvisible
0x08019FA4	thumb	SpawnGroupMember
0x0801A02C	thumb	DespawnGroupMember
0x0801A064	thumb	AssembleGroup
0x0801A16C	thumb	SpawnGroupLeaderAndMembers
0x0801A214	thumb	DespawnGroupLeaderAndMembers
0x0801A234	thumb	UpdateUnionRoomPlayerSprites
0x0801A274	thumb	ScheduleUnionRoomPlayerRefresh
0x0801A284	thumb	HandleUnionRoomPlayerRefresh
0x0801A2A8	thumb	TryInteractWithUnionRoomMember
0x0801A3B0	thumb	SetUnionRoomObjectFacingDirection
0x0801A3D0	thumb	UpdateUnionRoomMemberFacing
0x0801A3F4	thumb	CB2_RunWirelessCommunicationScreen
0x0801A418	thumb	VBlankCB_WirelessCommunicationScreen
0x0801A42C	thumb	ShowWirelessCommunicationScreen
0x0801A43C	thumb	CB2_InitWirelessCommunicationScreen
0x0801A584	thumb	CB2_ExitWirelessCommunicationStatusScreen
0x0801A5BC	thumb	CyclePalette
0x0801A600	thumb	PrintHeaderTexts
0x0801A6C0	thumb	Task_WirelessCommunicationScreen
0x0801A8B0	thumb	WCSS_AddTextPrinterParameterized
0x0801A960	thumb	CountPlayersInGroupAndGetActivity
0x0801AA08	thumb	HaveCountsChanged
0x0801AA30	thumb	UpdateCommunicationCounts
0x0801AAD4	thumb	CB2_SetUpPartiesAndStartBattle
0x0801AB68	thumb	AddTextPrinterForUnionRoomBattle
0x0801ABDC	thumb	PrintUnionRoomBattleMessage
0x0801AC40	thumb	VBlankCB_UnionRoomBattle
0x0801AC54	thumb	CB2_UnionRoomBattle
0x0801AFD8	thumb	ClearMysteryGift
0x0801B00C	thumb	GetSavedWonderNews
0x0801B020	thumb	GetSavedWonderCard
0x0801B034	thumb	GetSavedWonderCardMetadata
0x0801B044	thumb	GetSavedWonderNewsMetadata
0x0801B058	thumb	GetQuestionnaireWordsPtr
0x0801B06C	thumb	ClearSavedWonderNewsAndRelated
0x0801B078	thumb	SaveWonderNews
0x0801B0CC	thumb	ValidateSavedWonderNews
0x0801B114	thumb	ValidateWonderNews
0x0801B128	thumb	IsSendingSavedWonderNewsAllowed
0x0801B14C	thumb	ClearSavedWonderNews
0x0801B180	thumb	ClearSavedWonderNewsMetadata
0x0801B1A4	thumb	IsWonderNewsSameAsSaved
0x0801B1E8	thumb	ClearSavedWonderCardAndRelated
0x0801B21C	thumb	SaveWonderCard
0x0801B27C	thumb	ValidateSavedWonderCard
0x0801B2CC	thumb	ValidateWonderCard
0x0801B308	thumb	IsSendingSavedWonderCardAllowed
0x0801B330	thumb	ClearSavedWonderCard
0x0801B368	thumb	ClearSavedWonderCardMetadata
0x0801B39C	thumb	GetWonderCardFlagID
0x0801B3C0	thumb	DisableWonderCardSending
0x0801B3D8	thumb	IsWonderCardFlagIDInValidRange
0x0801B3F8	thumb	IsSavedWonderCardGiftNotReceived
0x0801B438	thumb	GetNumStampsInMetadata
0x0801B460	thumb	IsStampInMetadata
0x0801B4A4	thumb	ValidateStamp
0x0801B4CC	thumb	GetNumStampsInSavedCard
0x0801B508	thumb	MysteryGift_TrySaveStamp
0x0801B580	thumb	MysteryGift_LoadLinkGameData
0x0801B6A0	thumb	MysteryGift_ValidateLinkGameData
0x0801B6EC	thumb	MysteryGift_CompareCardFlags
0x0801B708	thumb	MysteryGift_CheckStamps
0x0801B748	thumb	MysteryGift_DoesQuestionnaireMatch
0x0801B770	thumb	GetNumStampsInLinkData
0x0801B784	thumb	MysteryGift_GetCardStatFromLinkData
0x0801B7D8	thumb	IncrementCardStat
0x0801B860	thumb	MysteryGift_GetCardStat
0x0801B940	thumb	MysteryGift_DisableStats
0x0801B94C	thumb	MysteryGift_TryEnableStatsByFlagId
0x0801B990	thumb	MysteryGift_TryIncrementStat
0x0801B9F8	thumb	ClearSavedTrainerIds
0x0801BA24	thumb	RecordTrainerId
0x0801BA8C	thumb	IncrementCardStatForNewTrainer
0x0801BAAC	thumb	WonderCard_Init
0x0801BB48	thumb	WonderCard_Destroy
0x0801BB74	thumb	WonderCard_Enter
0x0801BDA4	thumb	WonderCard_Exit
0x0801BEF8	thumb	BufferCardText
0x0801C178	thumb	DrawCardWindow
0x0801C4C0	thumb	CreateCardSprites
0x0801C61C	thumb	DestroyCardSprites
0x0801C6C8	thumb	WonderNews_Init
0x0801C72C	thumb	WonderNews_Destroy
0x0801C758	thumb	WonderNews_Enter
0x0801CA50	thumb	WonderNews_Exit
0x0801CC38	thumb	WonderNews_RemoveScrollIndicatorArrowPair
0x0801CC80	thumb	WonderNews_AddScrollIndicatorArrowPair
0x0801CCD0	thumb	WonderNews_GetInput
0x0801CDCC	thumb	BufferNewsText
0x0801CE7C	thumb	DrawNewsWindows
0x0801CFA4	thumb	UpdateNewsScroll
0x0801D07C	thumb	MysterGiftServer_CreateForNews
0x0801D0A0	thumb	MysterGiftServer_CreateForCard
0x0801D0C4	thumb	MysterGiftServer_Run
0x0801D100	thumb	MysteryGiftServer_Init
0x0801D158	thumb	MysteryGiftServer_Free
0x0801D17C	thumb	MysteryGiftServer_InitSend
0x0801D188	thumb	MysteryGiftServer_GetSendData
0x0801D194	thumb	MysteryGiftServer_Compare
0x0801D1AC	thumb	Server_Init
0x0801D1B4	thumb	Server_Done
0x0801D1B8	thumb	Server_Recv
0x0801D1D4	thumb	Server_Send
0x0801D1F0	thumb	Server_Run
0x0801D46C	thumb	MysteryGiftServer_CallFunc
0x0801D484	thumb	MysteryGiftClient_Create
0x0801D4A8	thumb	MysteryGiftClient_Run
0x0801D4E4	thumb	MysteryGiftClient_AdvanceState
0x0801D4F4	thumb	MysteryGiftClient_GetMsg
0x0801D500	thumb	MysteryGiftClient_SetParam
0x0801D50C	thumb	MysteryGiftClient_Init
0x0801D55C	thumb	MysteryGiftClient_Free
0x0801D580	thumb	MysteryGiftClient_CopyRecvScript
0x0801D59C	thumb	MysteryGiftClient_InitSendWord
0x0801D5D0	thumb	Client_Init
0x0801D5F8	thumb	Client_Done
0x0801D5FC	thumb	Client_Recv
0x0801D61C	thumb	Client_Send
0x0801D63C	thumb	Client_Run
0x0801D810	thumb	Client_Wait
0x0801D828	thumb	Client_RunMysteryEventScript
0x0801D860	thumb	Client_RunBufferScript
0x0801D894	thumb	MysteryGiftClient_CallFunc
0x0801D8C0	thumb	MysteryGiftLink_Recv
0x0801D8CC	thumb	MysteryGiftLink_Send
0x0801D8D8	thumb	MysteryGiftLink_Init
0x0801D904	thumb	MysteryGiftLink_InitSend
0x0801D928	thumb	MysteryGiftLink_InitRecv
0x0801D938	thumb	MGL_ReceiveBlock
0x0801D954	thumb	MGL_HasReceived
0x0801D978	thumb	MGL_ResetReceived
0x0801D988	thumb	MGL_Receive
0x0801DA5C	thumb	MGL_Send
0x0801DB68	thumb	WonderNews_SetReward
0x0801DBC0	thumb	WonderNews_Reset
0x0801DBDC	thumb	WonderNews_IncrementStepCounter
0x0801DC20	thumb	WonderNews_GetRewardInfo
0x0801DCAC	thumb	GetRewardItem
0x0801DCCC	thumb	ResetSentRewardCounter
0x0801DCD8	thumb	IncrementSentRewardCounter
0x0801DD10	thumb	IncrementRewardCounter
0x0801DD44	thumb	GetRewardType
0x0801DD98	thumb	EnterUnionRoomChat
0x0801DDD0	thumb	InitUnionRoomChat
0x0801DE30	thumb	FreeUnionRoomChat
0x0801DE54	thumb	CB2_LoadInterface
0x0801DF20	thumb	VBlankCB_UnionRoomChatMain
0x0801DF38	thumb	CB2_UnionRoomChatMain
0x0801DF54	thumb	Task_HandlePlayerInput
0x0801DFAC	thumb	Chat_Join
0x0801E030	thumb	Chat_HandleInput
0x0801E120	thumb	Chat_Switch
0x0801E240	thumb	Chat_AskQuitChatting
0x0801E460	thumb	Chat_Exit
0x0801E5C4	thumb	Chat_Drop
0x0801E668	thumb	Chat_Disbanded
0x0801E764	thumb	Chat_SendMessage
0x0801E838	thumb	Chat_Register
0x0801E978	thumb	Chat_SaveAndExit
0x0801EBD4	thumb	SetChatFunction
0x0801EBE4	thumb	HandleDPadInput
0x0801EC94	thumb	AppendTextToMessage
0x0801ED68	thumb	DeleteLastMessageCharacter
0x0801ED94	thumb	SwitchCaseOfLastMessageCharacter
0x0801EDC4	thumb	ChatMessageIsNotEmpty
0x0801EDE0	thumb	RegisterTextAtRow
0x0801EE10	thumb	ResetMessageEntryBuffer
0x0801EE2C	thumb	SaveRegisteredTexts
0x0801EE6C	thumb	GetRegisteredTextByRow
0x0801EE84	thumb	GetEndOfMessagePtr
0x0801EEA8	thumb	GetLastCharOfMessagePtr
0x0801EED8	thumb	GetNumOverflowCharsInMessage
0x0801EF1C	thumb	PrepareSendBuffer_Null
0x0801EF24	thumb	PrepareSendBuffer_Join
0x0801EF4C	thumb	PrepareSendBuffer_Chat
0x0801EF7C	thumb	PrepareSendBuffer_Leave
0x0801EFA8	thumb	PrepareSendBuffer_Drop
0x0801EFD0	thumb	PrepareSendBuffer_Disband
0x0801EFF8	thumb	ProcessReceivedChatMessage
0x0801F0B0	thumb	GetCurrentKeyboardPage
0x0801F0BC	thumb	GetCurrentKeyboardColAndRow
0x0801F0D0	thumb	GetMessageEntryBuffer
0x0801F0DC	thumb	GetLengthOfMessageEntry
0x0801F0EC	thumb	GetBufferSelectionRegion
0x0801F114	thumb	GetLimitedMessageStartPtr
0x0801F144	thumb	GetLimitedMessageStartPos
0x0801F180	thumb	GetLastReceivedMessage
0x0801F18C	thumb	GetReceivedPlayerIndex
0x0801F198	thumb	GetTextEntryCursorPosition
0x0801F1A4	thumb	GetShouldShowCaseToggleIcon
0x0801F1D0	thumb	GetChatHostName
0x0801F1DC	thumb	InitUnionRoomChatRegisteredTexts
0x0801F2B4	thumb	Task_ReceiveChatMessage
0x0801F4D0	thumb	TryAllocDisplay
0x0801F534	thumb	IsDisplaySubtask0Active
0x0801F544	thumb	FreeDisplay
0x0801F574	thumb	InitDisplay
0x0801F580	thumb	ResetDisplaySubtasks
0x0801F5B8	thumb	RunDisplaySubtasks
0x0801F5EC	thumb	StartDisplaySubtask
0x0801F644	thumb	IsDisplaySubtaskActive
0x0801F658	thumb	Display_LoadGfx
0x0801F6F8	thumb	Display_ShowKeyboardSwapMenu
0x0801F730	thumb	Display_HideKeyboardSwapMenu
0x0801F768	thumb	Display_SwitchPages
0x0801F7D4	thumb	Display_MoveKeyboardCursor
0x0801F7E0	thumb	Display_AskQuitChatting
0x0801F82C	thumb	Display_DestroyYesNoDialog
0x0801F870	thumb	Display_UpdateMessageBuffer
0x0801F8DC	thumb	Display_AskRegisterText
0x0801F984	thumb	Display_CancelRegister
0x0801FA2C	thumb	Display_ReturnToKeyboard
0x0801FA68	thumb	Display_ScrollChat
0x0801FB44	thumb	Display_AnimateKeyboardCursor
0x0801FB70	thumb	Display_PrintInputText
0x0801FBB4	thumb	Display_PrintExitingChat
0x0801FBF8	thumb	Display_PrintLeaderLeft
0x0801FC4C	thumb	Display_AskSave
0x0801FC9C	thumb	Display_AskOverwriteSave
0x0801FCEC	thumb	Display_PrintSavingDontTurnOff
0x0801FD30	thumb	Display_PrintSavedTheGame
0x0801FD88	thumb	Display_AskConfirmLeaderLeave
0x0801FDD8	thumb	Display_Dummy
0x0801FDDC	thumb	AddYesNoMenuAt
0x0801FEBC	thumb	HideYesNoMenuWindow
0x0801FEE4	thumb	DestroyYesNoMenuWindow
0x0801FF08	thumb	ProcessMenuInput
0x0801FF18	thumb	AddStdMessageWindow
0x08020094	thumb	HideStdMessageWindow
0x080200C8	thumb	DestroyStdMessageWindow
0x080200EC	thumb	FillTextEntryWindow
0x08020118	thumb	DrawTextEntryMessage
0x080201A4	thumb	PrintCurrentKeyboardPage
0x08020320	thumb	SlideKeyboardPageOut
0x08020368	thumb	SlideKeyboardPageIn
0x080203B0	thumb	ShowKeyboardSwapMenu
0x0802040C	thumb	HideKeyboardSwapMenu
0x08020420	thumb	PrintChatMessage
0x08020480	thumb	ResetGpuBgState
0x08020538	thumb	SetBgTilemapBuffers
0x08020584	thumb	ClearBg0
0x080205B4	thumb	LoadKeyboardWindowGfx
0x08020604	thumb	LoadChatWindowGfx
0x08020680	thumb	LoadChatUnkPalette
0x080206A4	thumb	LoadChatMessagesWindow
0x080206D0	thumb	DrawKeyboardWindow
0x080206E8	thumb	LoadTextEntryWindow
0x08020740	thumb	LoadKeyboardSwapWindow
0x08020770	thumb	InitScanlineEffect
0x080207C0	thumb	UpdateSlidingKeyboard
0x08020818	thumb	FinishSlidingKeyboard
0x08020890	thumb	TryAllocSprites
0x080208D0	thumb	FreeSprites
0x080208E8	thumb	CreateKeyboardCursorSprite
0x0802091C	thumb	SetKeyboardCursorInvisibility
0x0802093C	thumb	MoveKeyboardCursor
0x080209AC	thumb	SetRegisteredTextPalette
0x080209E0	thumb	StartKeyboardCursorAnim
0x08020A1C	thumb	TryKeyboardCursorReopen
0x08020A68	thumb	CreateTextEntrySprites
0x08020ABC	thumb	SpriteCB_TextEntryCursor
0x08020AF4	thumb	SpriteCB_TextEntryArrow
0x08020B20	thumb	CreateRButtonSprites
0x08020B80	thumb	UpdateRButtonLabel
0x08020C00	thumb	GetBerryCrushGame
0x08020C0C	thumb	QuitBerryCrush
0x08020C70	thumb	StartBerryCrush
0x08020D8C	thumb	GetBerryFromBag
0x08020E1C	thumb	ChooseBerry
0x08020E3C	thumb	BerryCrush_SetVBlankCB
0x08020E4C	thumb	BerryCrush_InitVBlankCB
0x08020E58	thumb	SaveResults
0x08020F74	thumb	VBlankCB
0x08020F88	thumb	MainCB
0x08020FA0	thumb	MainTask
0x08020FC4	thumb	SetNamesAndTextSpeed
0x0802104C	thumb	ShowGameDisplay
0x0802130C	thumb	HideGameDisplay
0x08021450	thumb	UpdateGame
0x08021488	thumb	ResetCrusherPos
0x080214A8	thumb	CreateBerrySprites
0x08021608	thumb	SpriteCB_DropBerryIntoCrusher
0x080216A8	thumb	BerryCrushFreeBerrySpriteGfx
0x080216E0	thumb	UpdateInputEffects
0x080218D4	thumb	AreEffectsFinished
0x08021944	thumb	FramesToMinSec
0x080219C8	thumb	PrintTextCentered
0x08021A28	thumb	PrintResultsText
0x08021D34	thumb	PrintCrushingResults
0x08022070	thumb	OpenResultsWindow
0x0802222C	thumb	CloseResultsWindow
0x08022250	thumb	Task_ShowRankings
0x080224D0	thumb	ShowBerryCrushRankings
0x08022524	thumb	PrintTimer
0x08022554	thumb	HideTimer
0x08022588	thumb	CreatePlayerNameWindows
0x08022600	thumb	DrawPlayerNameWindows
0x080226D0	thumb	CopyPlayerNameWindowGfxToBg
0x08022730	thumb	CreateGameSprites
0x08022960	thumb	DestroyGameSprites
0x08022A20	thumb	SpriteCB_Impact
0x08022A4C	thumb	SpriteCB_Sparkle_End
0x08022A94	thumb	SpriteCB_Sparkle
0x08022B28	thumb	SpriteCB_Sparkle_Init
0x08022BEC	thumb	RunOrScheduleCommand
0x08022C58	thumb	Cmd_BeginNormalPaletteFade
0x08022CB0	thumb	Cmd_WaitPaletteFade
0x08022D14	thumb	Cmd_PrintMessage
0x08022E1C	thumb	Cmd_ShowGameDisplay
0x08022E3C	thumb	Cmd_HideGameDisplay
0x08022E5C	thumb	Cmd_SignalReadyToBegin
0x08022EAC	thumb	Cmd_AskPickBerry
0x08022F04	thumb	Cmd_GoToBerryPouch
0x08022F1C	thumb	Cmd_WaitForOthersToPickBerries
0x08023070	thumb	Cmd_DropBerriesIntoCrusher
0x080231B8	thumb	Cmd_DropLid
0x080232EC	thumb	Cmd_Countdown
0x0802339C	thumb	HandlePartnerInput
0x08023558	thumb	UpdateLeaderGameState
0x080236B8	thumb	HandlePlayerInput
0x0802385C	thumb	RecvLinkData
0x080238F0	thumb	Cmd_PlayGame_Leader
0x08023998	thumb	Cmd_PlayGame_Member
0x08023A30	thumb	Cmd_FinishGame
0x08023BC0	thumb	Cmd_HandleTimeUp
0x08023CAC	thumb	Cmd_TabulateResults
0x08024048	thumb	Cmd_ShowResults
0x08024134	thumb	Cmd_SaveGame
0x08024228	thumb	Cmd_AskPlayAgain
0x080242E0	thumb	Cmd_CommunicatePlayAgainResponses
0x080243BC	thumb	Cmd_PlayAgain
0x08024444	thumb	Cmd_StopGame
0x08024508	thumb	Cmd_CloseLink
0x08024568	thumb	Cmd_Quit
0x08024578	thumb	ResetGame
0x08024604	thumb	SetPaletteFadeArgs
0x08024644	thumb	SetPrintMessageArgs
0x08024668	thumb	DecryptBerryPowder
0x0802467C	thumb	SetBerryPowder
0x08024690	thumb	ApplyNewEncryptionKeyToBerryPowder
0x080246AC	thumb	HasEnoughBerryPowder_
0x080246D4	thumb	HasEnoughBerryPowder
0x08024700	thumb	GiveBerryPowder
0x08024740	thumb	TakeBerryPowder_
0x0802477C	thumb	TakeBerryPowder
0x080247BC	thumb	GetBerryPowder
0x080247D4	thumb	PrintBerryPowderAmount
0x0802482C	thumb	DrawPlayerPowderAmount
0x0802488C	thumb	PrintPlayerBerryPowderAmount
0x080248B0	thumb	DisplayBerryPowderVendorMenu
0x08024918	thumb	RemoveBerryPowderVendorMenu
0x0802493C	thumb	StartDodrioBerryPicking
0x08024A1C	thumb	ResetTasksAndSprites
0x08024A30	thumb	InitDodrioGame
0x08024BC8	thumb	Task_StartDodrioGame
0x08024D4C	thumb	Task_DodrioGame_Leader
0x08024D84	thumb	Task_DodrioGame_Member
0x08024DBC	thumb	DoGameIntro
0x08024E00	thumb	InitCountdown
0x08024E38	thumb	DoCountdown
0x08024F10	thumb	WaitGameStart
0x08024F38	thumb	PlayGame_Leader
0x08024FFC	thumb	PlayGame_Member
0x080250D4	thumb	WaitEndGame_Leader
0x08025158	thumb	WaitEndGame_Member
0x08025170	thumb	AllLinkBlocksReceived
0x08025198	thumb	InitResults_Leader
0x08025230	thumb	InitResults_Member
0x08025324	thumb	DoResults
0x08025470	thumb	AskPlayAgain
0x08025644	thumb	EndLink
0x080256AC	thumb	ExitGame
0x08025758	thumb	ResetGame
0x0802589C	thumb	Task_NewGameIntro
0x08025910	thumb	Task_CommunicateMonInfo
0x080259FC	thumb	RecvLinkData_Gameplay
0x08025C0C	thumb	RecvLinkData_ReadyToEnd
0x08025D04	thumb	RecvLinkData_Leader
0x08025D50	thumb	SendLinkData_Leader
0x08025E0C	thumb	RecvLinkData_Member
0x08025ED8	thumb	SendLinkData_Member
0x08025F48	thumb	HandleSound_Leader
0x08026044	thumb	HandleSound_Member
0x080261CC	thumb	CB2_DodrioGame
0x080261E4	thumb	VBlankCB_DodrioGame
0x080261F8	thumb	InitMonInfo
0x0802620C	thumb	CreateTask_
0x0802621C	thumb	CreateDodrioGameTask
0x08026240	thumb	SetGameFunc
0x08026264	thumb	SlideTreeBordersOut
0x080262C0	thumb	InitFirstWaveOfBerries
0x08026324	thumb	HandlePickBerries
0x08026634	thumb	TryPickBerry
0x0802671C	thumb	UpdateFallingBerries
0x08026988	thumb	UpdateBerrySprites
0x08026A88	thumb	UpdateAllDodrioAnims
0x08026AC8	thumb	SetAllDodrioDisabled
0x08026AF4	thumb	UpdateGame_Leader
0x08026B28	thumb	UpdateGame_Member
0x08026B5C	thumb	GetActiveBerryColumns
0x08026BB8	thumb	AllPlayersReadyToStart
0x08026C28	thumb	ResetReadyToStart
0x08026C50	thumb	ReadyToEndGame_Leader
0x08026C90	thumb	ReadyToEndGame_Member
0x08026D1C	thumb	TryIncrementDifficulty
0x08026D8C	thumb	GetPlayerIdAtColumn
0x08026DB0	thumb	GetNewBerryId
0x08026E70	thumb	GetNewBerryIdByDifficulty
0x08026EEC	thumb	IsTotalBerriesMissedOver10
0x08026F1C	thumb	IncrementBerryResult
0x08027234	thumb	UpdateBerriesPickedInRow
0x080272A4	thumb	SetMaxBerriesPickedInRow
0x080272E8	thumb	ResetForPlayAgainPrompt
0x080273F0	thumb	SetRandomPrize
0x0802745C	thumb	GetBerriesPicked
0x0802749C	thumb	TryUpdateRecords
0x08027518	thumb	UpdatePickStateQueue
0x08027554	thumb	HandleWaitPlayAgainInput
0x08027608	thumb	ResetPickState
0x0802762C	thumb	GetPrizeItemId
0x08027650	thumb	GetNumPlayers
0x08027660	thumb	GetPlayerName
0x080276A0	thumb	GetBerryResult
0x080276C0	thumb	GetScore
0x08027748	thumb	GetHighestScore
0x0802778C	thumb	GetHighestBerryResult
0x080277D0	thumb	GetScoreByRanking
0x0802784C	thumb	SetScoreResults
0x0802793C	thumb	GetScoreResults
0x0802795C	thumb	GetScoreRanking
0x080279C8	thumb	TryGivePrize
0x08027A28	thumb	IncrementWithLimit
0x08027A38	thumb	Min
0x08027A48	thumb	GetPlayerIdByPos
0x08027A5C	thumb	IsDodrioInParty
0x08027AAC	thumb	ShowDodrioBerryPickingRecords
0x08027ACC	thumb	Task_ShowDodrioBerryPickingRecords
0x08027BEC	thumb	PrintRecordsText
0x08027D20	thumb	Debug_UpdateNumPlayers
0x08027D38	thumb	Debug_SetPlayerNamesAndResults
0x08027DD0	thumb	SendPacket_ReadyToStart
0x08027DFC	thumb	RecvPacket_ReadyToStart
0x08027E30	thumb	SendPacket_GameState
0x08028164	thumb	RecvPacket_GameState
0x080282EC	thumb	SendPacket_PickState
0x08028318	thumb	RecvPacket_PickState
0x08028350	thumb	SendPacket_ReadyToEnd
0x08028374	thumb	RecvPacket_ReadyToEnd
0x080283A8	thumb	LoadDodrioGfx
0x08028408	thumb	CreateDodrioSprite
0x080284A8	thumb	SpriteCB_Dodrio
0x080284CC	thumb	StartDodrioMissedAnim
0x08028504	thumb	StartDodrioIntroAnim
0x0802853C	thumb	DoDodrioMissedAnim
0x080285AC	thumb	DoDodrioIntroAnim
0x08028614	thumb	FreeDodrioSprites
0x08028654	thumb	SetDodrioInvisibility
0x0802868C	thumb	SetAllDodrioInvisibility
0x080286B4	thumb	SetDodrioAnim
0x080286E0	thumb	SpriteCB_Status
0x080286E4	thumb	InitStatusBarPos
0x08028734	thumb	CreateStatusBarSprites
0x080287E4	thumb	FreeStatusBar
0x08028828	thumb	DoStatusBarIntro
0x080288D4	thumb	UpdateStatusBarAnim
0x080289E8	thumb	SetStatusBarInvisibility
0x08028A34	thumb	LoadBerryGfx
0x08028A88	thumb	CreateBerrySprites
0x08028B80	thumb	FreeBerrySprites
0x08028BF8	thumb	SetBerryInvisibility
0x08028C30	thumb	SetBerryIconsInvisibility
0x08028C7C	thumb	SetBerryYPos
0x08028CA4	thumb	SetBerryAnim
0x08028CD0	thumb	UnusedSetSpritePos
0x08028CF4	thumb	SpriteCB_Cloud
0x08028D44	thumb	CreateCloudSprites
0x08028DFC	thumb	ResetCloudPos
0x08028E4C	thumb	StartCloudMovement
0x08028E84	thumb	FreeCloudSprites
0x08028EC8	thumb	SetCloudInvisibility
0x08028F14	thumb	GetDodrioXPos
0x08028FCC	thumb	ResetBerryAndStatusBarSprites
0x08028FF8	thumb	LoadWindowFrameGfx
0x0802902C	thumb	LoadUserWindowFrameGfx
0x0802903C	thumb	ResetGfxState
0x08029074	thumb	DrawYesNoMessageWindow
0x08029174	thumb	DrawMessageWindow
0x08029274	thumb	InitGameGfx
0x080292D4	thumb	FreeAllWindowBuffers_
0x080292E0	thumb	SetGfxFuncById
0x08029314	thumb	Task_TryRunGfxFunc
0x08029338	thumb	LoadGfx
0x08029440	thumb	ShowNames
0x080296A8	thumb	PrintRankedScores
0x0802988C	thumb	ShowResults
0x0802A010	thumb	Msg_WantToPlayAgain
0x0802A380	thumb	Msg_SavingDontTurnOff
0x0802A454	thumb	Msg_CommunicationStandby
0x0802A534	thumb	EraseMessage
0x0802A588	thumb	Msg_SomeoneDroppedOut
0x0802A6FC	thumb	StopGfxFuncs
0x0802A728	thumb	GfxIdle
0x0802A72C	thumb	SetGfxFunc
0x0802A75C	thumb	GetGfxFunc
0x0802A770	thumb	IsGfxFuncActive
0x0802A794	thumb	GetPlayAgainState
0x0802A7A8	thumb	InitBgs
0x0802A8E8	thumb	LoadBgGfx
0x0802A9A8	thumb	StartPokemonJump
0x0802AA48	thumb	FreePokemonJump
0x0802AA60	thumb	InitGame
0x0802AA94	thumb	ResetForNewGame
0x0802AB20	thumb	InitPlayerAndJumpTypes
0x0802AB98	thumb	ResetPlayersForNewGame
0x0802AC00	thumb	GetPokemonJumpSpeciesIdx
0x0802AC2C	thumb	InitJumpMonInfo
0x0802AC58	thumb	VBlankCB_PokemonJump
0x0802AC6C	thumb	CB2_PokemonJump
0x0802AC84	thumb	SetPokeJumpTask
0x0802ACA0	thumb	Task_StartPokemonJump
0x0802AE14	thumb	SetLinkTimeInterval
0x0802AE50	thumb	SetFunc_Leader
0x0802AEA4	thumb	RecvLinkData_Leader
0x0802AF80	thumb	Task_PokemonJump_Leader
0x0802B008	thumb	SendLinkData_Leader
0x0802B044	thumb	SetFunc_Member
0x0802B078	thumb	RecvLinkData_Member
0x0802B194	thumb	Task_PokemonJump_Member
0x0802B1FC	thumb	SendLinkData_Member
0x0802B248	thumb	GameIntro_Leader
0x0802B29C	thumb	GameIntro_Member
0x0802B2D4	thumb	WaitRound_Leader
0x0802B31C	thumb	WaitRound_Member
0x0802B368	thumb	GameRound_Leader
0x0802B3B4	thumb	GameRound_Member
0x0802B3D4	thumb	GameOver_Leader
0x0802B470	thumb	GameOver_Member
0x0802B4CC	thumb	AskPlayAgain_Leader
0x0802B568	thumb	AskPlayAgain_Member
0x0802B5C8	thumb	ResetGame_Leader
0x0802B628	thumb	ResetGame_Member
0x0802B664	thumb	ExitGame
0x0802B6B8	thumb	GivePrize_Leader
0x0802B704	thumb	GivePrize_Member
0x0802B720	thumb	SavePokeJump
0x0802B7E0	thumb	DoGameIntro
0x0802B8CC	thumb	HandleSwingRound
0x0802B964	thumb	DoVineHitEffect
0x0802BA58	thumb	TryGivePrize
0x0802BB84	thumb	DoPlayAgainPrompt
0x0802BC60	thumb	ClosePokeJumpLink
0x0802BD30	thumb	CloseMessageAndResetScore
0x0802BD84	thumb	Task_CommunicateMonInfo
0x0802BE60	thumb	SetTaskWithPokeJumpStruct
0x0802BE80	thumb	InitVineState
0x0802BEA0	thumb	ResetVineState
0x0802BEE4	thumb	UpdateVineState
0x0802BF48	thumb	GetVineSpeed
0x0802BF7C	thumb	UpdateVineSpeed
0x0802C098	thumb	PokeJumpRandom
0x0802C0B8	thumb	ResetVineAfterHit
0x0802C0DC	thumb	IsGameOver
0x0802C0E8	thumb	ResetPlayersJumpStates
0x0802C114	thumb	ResetPlayersMonState
0x0802C130	thumb	IsPlayersMonState
0x0802C164	thumb	SetMonStateJump
0x0802C18C	thumb	SetMonStateHit
0x0802C1BC	thumb	SetMonStateNormal
0x0802C1DC	thumb	UpdateGame
0x0802C240	thumb	TryUpdateVineSwing
0x0802C260	thumb	DisallowVineUpdates
0x0802C270	thumb	AllowVineUpdates
0x0802C280	thumb	HandleMonState
0x0802C398	thumb	UpdateJump
0x0802C43C	thumb	TryUpdateScore
0x0802C538	thumb	UpdateVineHitStates
0x0802C5DC	thumb	AllPlayersJumpedOrHit
0x0802C618	thumb	DidAllPlayersClearVine
0x0802C650	thumb	ShouldPlayAgain
0x0802C688	thumb	AddJumpScore
0x0802C6B0	thumb	GetPlayersAtJumpPeak
0x0802C70C	thumb	AreLinkQueuesEmpty
0x0802C73C	thumb	GetNumPlayersForBonus
0x0802C780	thumb	ClearUnreadField
0x0802C790	thumb	GetScoreBonus
0x0802C7A0	thumb	TryUpdateExcellentsRecord
0x0802C7BC	thumb	HasEnoughScoreForPrize
0x0802C7E0	thumb	GetPrizeData
0x0802C808	thumb	UnpackPrizeData
0x0802C818	thumb	GetPrizeItemId
0x0802C838	thumb	GetPrizeQuantity
0x0802C880	thumb	GetQuantityLimitedByBag
0x0802C8AC	thumb	GetNumPokeJumpPlayers
0x0802C8BC	thumb	GetPokeJumpMultiplayerId
0x0802C8C8	thumb	GetMonInfoByMultiplayerId
0x0802C8E8	thumb	GetPokeJumpPlayerName
0x0802C908	thumb	IsSpeciesAllowedInPokemonJump
0x0802C920	thumb	IsPokemonJumpSpeciesInParty
0x0802C974	thumb	LoadSpriteSheetsAndPalettes
0x0802C9BC	thumb	ResetPokeJumpSpriteData
0x0802C9D4	thumb	CreateJumpMonSprite
0x0802CB14	thumb	DoStarAnim
0x0802CB7C	thumb	SpriteCB_Star
0x0802CBF0	thumb	Gfx_StartMonHitShake
0x0802CC18	thumb	Gfx_IsMonHitShakeActive
0x0802CC40	thumb	SpriteCB_MonHitShake
0x0802CC88	thumb	Gfx_StartMonHitFlash
0x0802CCB0	thumb	Gfx_StopMonHitFlash
0x0802CD08	thumb	SpriteCB_MonHitFlash
0x0802CD3C	thumb	Gfx_ResetMonSpriteSubpriorities
0x0802CD70	thumb	Gfx_StartMonIntroBounce
0x0802CD98	thumb	Gfx_IsMonIntroBounceActive
0x0802CDD4	thumb	SpriteCB_MonIntroBounce
0x0802CE48	thumb	CreateStarSprite
0x0802CE9C	thumb	CreateVineSprites
0x0802CF50	thumb	UpdateVineAnim
0x0802D044	thumb	StartPokeJumpCountdown
0x0802D068	thumb	IsPokeJumpCountdownRunning
0x0802D074	thumb	StartPokeJumpGfx
0x0802D0AC	thumb	FreeWindowsAndDigitObj
0x0802D0BC	thumb	InitPokeJumpGfx
0x0802D0C8	thumb	SetUpPokeJumpGfxFuncById
0x0802D0F0	thumb	IsPokeJumpGfxFuncFinished
0x0802D108	thumb	SetUpPokeJumpGfxFunc
0x0802D12C	thumb	Task_RunPokeJumpGfxFunc
0x0802D150	thumb	LoadPokeJumpGfx
0x0802D2E4	thumb	PrintPlayerNamesNoHighlight
0x0802D350	thumb	PrintPlayerNamesWithHighlight
0x0802D3BC	thumb	ErasePlayerNames
0x0802D448	thumb	Msg_WantToPlayAgain
0x0802D4F4	thumb	Msg_SavingDontTurnOff
0x0802D598	thumb	EraseMessage
0x0802D5E4	thumb	Msg_SomeoneDroppedOut
0x0802D688	thumb	Msg_CommunicationStandby
0x0802D72C	thumb	DoPokeJumpCountdown
0x0802D764	thumb	SetUpResetVineGfx
0x0802D788	thumb	ResetVineGfx
0x0802D7E8	thumb	PrintPrizeMessage
0x0802D884	thumb	PrintPrizeFilledBagMessage
0x0802D8FC	thumb	PrintNoRoomForPrizeMessage
0x0802D974	thumb	DoPrizeMessageAndFanfare
0x0802DA14	thumb	ClearMessageWindow
0x0802DA44	thumb	RemoveMessageWindow
0x0802DA8C	thumb	HandlePlayAgainInput
0x0802DA9C	thumb	AddMessageWindow
0x0802DB18	thumb	CreatePokeJumpYesNoMenu
0x0802DB8C	thumb	PrintScoreSuffixes
0x0802DBF8	thumb	CreateJumpMonSprites
0x0802DC80	thumb	SetMonSpriteY
0x0802DC9C	thumb	UpdateVineSwing
0x0802DCCC	thumb	DoSameJumpTimeBonus
0x0802DD08	thumb	InitDigitPrinters
0x0802DD64	thumb	PrintScore
0x0802DD74	thumb	PrintJumpsInRow
0x0802DD88	thumb	StartMonHitShake
0x0802DDA0	thumb	StartMonHitFlash
0x0802DDB8	thumb	IsMonHitShakeActive
0x0802DDCC	thumb	StopMonHitFlash
0x0802DDE0	thumb	ResetMonSpriteSubpriorities
0x0802DDF4	thumb	StartMonIntroBounce
0x0802DE08	thumb	IsMonIntroBounceActive
0x0802DE1C	thumb	AddPlayerNameWindows
0x0802DED8	thumb	PrintPokeJumpPlayerName
0x0802DF70	thumb	PrintPokeJumpPlayerNames
0x0802DFD4	thumb	DrawPlayerNameWindows
0x0802E00C	thumb	ShowBonus
0x0802E058	thumb	UpdateBonus
0x0802E090	thumb	Task_UpdateBonus
0x0802E0AC	thumb	SendPacket_MonInfo
0x0802E0D0	thumb	RecvPacket_MonInfo
0x0802E120	thumb	SendPacket_Unused
0x0802E138	thumb	SendPacket_LeaderState
0x0802E1BC	thumb	RecvPacket_LeaderState
0x0802E234	thumb	SendPacket_MemberState
0x0802E264	thumb	RecvPacket_MemberStateToLeader
0x0802E2D0	thumb	RecvPacket_MemberStateToMember
0x0802E32C	thumb	GetPokeJumpRecords
0x0802E33C	thumb	ResetPokemonJumpRecords
0x0802E354	thumb	TryUpdateRecords
0x0802E3A8	thumb	IncrementGamesWithMaxPlayers
0x0802E3C4	thumb	ShowPokemonJumpRecords
0x0802E3E4	thumb	Task_ShowPokemonJumpRecords
0x0802E500	thumb	PrintRecordsText
0x0802E620	thumb	TruncateToFirstWordOnly
0x0802E63C	thumb	CreateStaticCountdownTask
0x0802E688	thumb	StartStaticCountdown
0x0802E6BC	thumb	IsStaticCountdownRunning
0x0802E6D0	thumb	Task_StaticCountdown
0x0802E75C	thumb	StaticCountdown_CreateSprites
0x0802E83C	thumb	Task_StaticCountdown_Init
0x0802E8C8	thumb	Task_StaticCountdown_Free
0x0802E938	thumb	SpriteCB_StaticCountdown
0x0802EA50	thumb	Task_StaticCountdown_Start
0x0802EAB0	thumb	Task_StaticCountdown_Run
0x0802EB24	thumb	StartMinigameCountdown
0x0802EB84	thumb	IsMinigameCountdownRunning
0x0802EB98	thumb	Task_MinigameCountdown
0x0802EC98	thumb	RunMinigameCountdownDigitsAnim
0x0802EDCC	thumb	InitStartGraphic
0x0802EE30	thumb	IsStartGraphicAnimRunning
0x0802EE5C	thumb	SpriteCB_Start
0x0802EF50	thumb	Load321StartGfx
0x0802EFA8	thumb	CreateNumberSprite
0x0802EFFC	thumb	CreateStartSprite
0x0802F0CC	thumb	RtcDisableInterrupts
0x0802F0E4	thumb	RtcRestoreInterrupts
0x0802F0F8	thumb	ConvertBcdToBinary
0x0802F120	thumb	IsLeapYear
0x0802F154	thumb	ConvertDateToDayCount
0x0802F1E0	thumb	RtcGetDayCount
0x0802F21C	thumb	RtcInit
0x0802F27C	thumb	RtcGetErrorStatus
0x0802F288	thumb	RtcGetInfo
0x0802F2B8	thumb	RtcGetDateTime
0x0802F2D0	thumb	RtcGetStatus
0x0802F2E8	thumb	RtcGetRawInfo
0x0802F2FC	thumb	RtcCheckInfo
0x0802F3F8	thumb	RtcReset
0x0802F40C	thumb	FormatDecimalTime
0x0802F444	thumb	FormatHexTime
0x0802F47C	thumb	FormatHexRtcTime
0x0802F494	thumb	FormatDecimalDate
0x0802F4CC	thumb	FormatHexDate
0x0802F504	thumb	RtcCalcTimeDifference
0x0802F588	thumb	RtcCalcLocalTime
0x0802F5B4	thumb	RtcInitLocalTimeOffset
0x0802F5C8	thumb	RtcCalcLocalTimeOffset
0x0802F5FC	thumb	CalcTimeDifference
0x0802F664	thumb	RtcGetMinuteCount
0x0802F69C	thumb	RtcGetLocalDayCount
0x0802F6B0	thumb	CB2_MainMenu
0x0802F6C8	thumb	VBlankCB_MainMenu
0x0802F6DC	thumb	CB2_InitMainMenu
0x0802F6E8	thumb	CB2_ReinitMainMenu
0x0802F6F4	thumb	InitMainMenu
0x0802F8D8	thumb	Task_MainMenuCheckSaveFile
0x0802FA5C	thumb	Task_WaitForSaveFileErrorWindow
0x0802FAB0	thumb	Task_MainMenuCheckBattery
0x0802FB50	thumb	Task_WaitForBatteryDryErrorWindow
0x0802FBA4	thumb	Task_DisplayMainMenu
0x080300B0	thumb	Task_HighlightSelectedMainMenuItem
0x080300E0	thumb	HandleMainMenuInput
0x0803024C	thumb	Task_HandleMainMenuInput
0x0803027C	thumb	Task_HandleMainMenuAPressed
0x08030544	thumb	Task_HandleMainMenuBPressed
0x080305A4	thumb	Task_DisplayMainMenuInvalidActionError
0x08030698	thumb	HighlightSelectedMainMenuItem
0x080307B0	thumb	Task_NewGameBirchSpeech_Init
0x080308B0	thumb	Task_NewGameBirchSpeech_WaitToShowBirch
0x08030928	thumb	Task_NewGameBirchSpeech_WaitForSpriteFadeInWelcome
0x080309CC	thumb	Task_NewGameBirchSpeech_ThisIsAPokemon
0x08030A2C	thumb	Task_NewGameBirchSpeech_MainSpeech
0x08030A70	thumb	Task_NewGameBirchSpeechSub_InitPokeBall
0x08030B14	thumb	Task_NewGameBirchSpeechSub_WaitForLotad
0x08030BCC	thumb	Task_NewGameBirchSpeech_AndYouAre
0x08030C18	thumb	Task_NewGameBirchSpeech_StartBirchLotadPlatformFade
0x08030C90	thumb	Task_NewGameBirchSpeech_SlidePlatformAway
0x08030CD4	thumb	Task_NewGameBirchSpeech_StartPlayerFadeIn
0x08030D84	thumb	Task_NewGameBirchSpeech_WaitForPlayerFadeIn
0x08030DC8	thumb	Task_NewGameBirchSpeech_BoyOrGirl
0x08030E08	thumb	Task_NewGameBirchSpeech_WaitToShowGenderMenu
0x08030E38	thumb	Task_NewGameBirchSpeech_ChooseGender
0x08030ED4	thumb	Task_NewGameBirchSpeech_SlideOutOldGenderSprite
0x08030F7C	thumb	Task_NewGameBirchSpeech_SlideInNewGenderSprite
0x08030FD4	thumb	Task_NewGameBirchSpeech_WhatsYourName
0x08031014	thumb	Task_NewGameBirchSpeech_WaitForWhatsYourNameToPrint
0x08031040	thumb	Task_NewGameBirchSpeech_WaitPressBeforeNameChoice
0x08031090	thumb	Task_NewGameBirchSpeech_StartNamingScreen
0x08031104	thumb	Task_NewGameBirchSpeech_SoItsPlayerName
0x08031144	thumb	Task_NewGameBirchSpeech_CreateNameYesNo
0x08031188	thumb	Task_NewGameBirchSpeech_ProcessNameYesNoMenu
0x08031220	thumb	Task_NewGameBirchSpeech_SlidePlatformAway2
0x08031258	thumb	Task_NewGameBirchSpeech_ReshowBirchLotad
0x0803133C	thumb	Task_NewGameBirchSpeech_WaitForSpriteFadeInAndTextPrinter
0x080313E4	thumb	Task_NewGameBirchSpeech_AreYouReady
0x080314C4	thumb	Task_NewGameBirchSpeech_ShrinkPlayer
0x08031580	thumb	Task_NewGameBirchSpeech_WaitForPlayerShrink
0x080315BC	thumb	Task_NewGameBirchSpeech_FadePlayerToWhite
0x08031630	thumb	Task_NewGameBirchSpeech_Cleanup
0x08031678	thumb	CB2_NewGameBirchSpeech_ReturnFromNamingScreen
0x080318D4	thumb	SpriteCB_Null
0x080318D8	thumb	SpriteCB_MovePlayerDownWhileShrinking
0x080318F4	thumb	NewGameBirchSpeech_CreateLotadSprite
0x0803192C	thumb	AddBirchSpeechObjects
0x08031A5C	thumb	Task_NewGameBirchSpeech_FadeOutTarget1InTarget2
0x08031ACC	thumb	NewGameBirchSpeech_StartFadeOutTarget1InTarget2
0x08031B3C	thumb	Task_NewGameBirchSpeech_FadeInTarget1OutTarget2
0x08031BAC	thumb	NewGameBirchSpeech_StartFadeInTarget1OutTarget2
0x08031C1C	thumb	Task_NewGameBirchSpeech_FadePlatformIn
0x08031C88	thumb	NewGameBirchSpeech_StartFadePlatformIn
0x08031CC8	thumb	Task_NewGameBirchSpeech_FadePlatformOut
0x08031D34	thumb	NewGameBirchSpeech_StartFadePlatformOut
0x08031D74	thumb	NewGameBirchSpeech_ShowGenderMenu
0x08031DB4	thumb	NewGameBirchSpeech_ProcessGenderMenuInput
0x08031DC4	thumb	NewGameBirchSpeech_SetDefaultPlayerName
0x08031E18	thumb	CreateMainMenuErrorWindow
0x08031E7C	thumb	MainMenu_FormatSavegameText
0x08031E94	thumb	MainMenu_FormatSavegamePlayer
0x08031EF8	thumb	MainMenu_FormatSavegameTime
0x08031F7C	thumb	MainMenu_FormatSavegamePokedex
0x08032014	thumb	MainMenu_FormatSavegameBadges
0x080320A4	thumb	LoadMainMenuWindowFrameTiles
0x080320EC	thumb	DrawMainMenuWindowBorder
0x08032250	thumb	ClearMainMenuWindowTilemap
0x08032298	thumb	NewGameBirchSpeech_ClearGenderWindowTilemap
0x080322E0	thumb	NewGameBirchSpeech_ClearGenderWindow
0x08032318	thumb	NewGameBirchSpeech_ClearWindow
0x080323A0	thumb	NewGameBirchSpeech_WaitForThisIsPokemonText
0x080323CC	thumb	CreateYesNoMenuParameterized
0x0803243C	thumb	NewGameBirchSpeech_ShowDialogueWindow
0x08032474	thumb	NewGameBirchSpeech_CreateDialogueWindowBorder
0x0803261C	thumb	Task_NewGameBirchSpeech_ReturnFromNamingScreenShowTextbox
0x08032654	thumb	HandleLinkBattleSetup
0x0803269C	thumb	SetUpBattleVarsAndBirchZigzagoon
0x08032768	thumb	InitBattleControllers
0x08032824	thumb	InitSinglePlayerBtlControllers
0x08032CC0	thumb	InitLinkBtlControllers
0x08033050	thumb	SetBattlePartyIds
0x080331B8	thumb	PrepareBufferDataTransfer
0x08033244	thumb	CreateTasksForSendRecvLinkBuffers
0x080332F4	thumb	PrepareBufferDataTransferLink
0x08033474	thumb	Task_HandleSendLinkBuffersData
0x08033648	thumb	TryReceiveLinkBattleData
0x0803375C	thumb	Task_HandleCopyReceivedLinkBuffersData
0x080338B4	thumb	BtlController_EmitGetMonData
0x080338D8	thumb	BtlController_EmitGetRawMonData
0x08033900	thumb	BtlController_EmitSetMonData
0x08033940	thumb	BtlController_EmitSetRawMonData
0x08033980	thumb	BtlController_EmitLoadMonSprite
0x080339A0	thumb	BtlController_EmitSwitchInAnim
0x080339C4	thumb	BtlController_EmitReturnMonToBall
0x080339E4	thumb	BtlController_EmitDrawTrainerPic
0x08033A04	thumb	BtlController_EmitTrainerSlide
0x08033A24	thumb	BtlController_EmitTrainerSlideBack
0x08033A44	thumb	BtlController_EmitFaintAnimation
0x08033A64	thumb	BtlController_EmitPaletteFade
0x08033A84	thumb	BtlController_EmitSuccessBallThrowAnim
0x08033AA4	thumb	BtlController_EmitBallThrowAnim
0x08033AC4	thumb	BtlController_EmitPause
0x08033B0C	thumb	BtlController_EmitMoveAnimation
0x08033BE4	thumb	BtlController_EmitPrintString
0x08033CFC	thumb	BtlController_EmitPrintSelectionString
0x08033DE4	thumb	BtlController_EmitChooseAction
0x08033E10	thumb	BtlController_EmitYesNoBox
0x08033E30	thumb	BtlController_EmitChooseMove
0x08033E6C	thumb	BtlController_EmitChooseItem
0x08033EA0	thumb	BtlController_EmitChoosePokemon
0x08033EDC	thumb	BtlController_EmitCmd23
0x08033EFC	thumb	BtlController_EmitHealthBarUpdate
0x08033F34	thumb	BtlController_EmitExpUpdate
0x08033F68	thumb	BtlController_EmitStatusIconUpdate
0x08033FBC	thumb	BtlController_EmitStatusAnimation
0x08033FF8	thumb	BtlController_EmitStatusXor
0x08034018	thumb	BtlController_EmitDataTransfer
0x08034060	thumb	BtlController_EmitDMA3Transfer
0x080340C8	thumb	BtlController_EmitPlayBGM
0x08034110	thumb	BtlController_EmitCmd32
0x08034158	thumb	BtlController_EmitTwoReturnValues
0x08034184	thumb	BtlController_EmitChosenMonReturnValue
0x080341BC	thumb	BtlController_EmitOneReturnValue
0x080341E8	thumb	BtlController_EmitOneReturnValue_Duplicate
0x08034214	thumb	BtlController_EmitClearUnkVar
0x08034234	thumb	BtlController_EmitSetUnkVar
0x08034254	thumb	BtlController_EmitClearUnkFlag
0x08034274	thumb	BtlController_EmitToggleUnkFlag
0x08034294	thumb	BtlController_EmitHitAnimation
0x080342B4	thumb	BtlController_EmitCantSwitch
0x080342D4	thumb	BtlController_EmitPlaySE
0x08034300	thumb	BtlController_EmitPlayFanfareOrBGM
0x0803432C	thumb	BtlController_EmitFaintingCry
0x0803434C	thumb	BtlController_EmitIntroSlide
0x0803436C	thumb	BtlController_EmitIntroTrainerBallThrow
0x0803438C	thumb	BtlController_EmitDrawPartyStatusSummary
0x080343D4	thumb	BtlController_EmitHidePartyStatusSummary
0x080343F4	thumb	BtlController_EmitEndBounceEffect
0x08034414	thumb	BtlController_EmitSpriteInvisibility
0x08034438	thumb	BtlController_EmitBattleAnimation
0x08034464	thumb	BtlController_EmitLinkStandbyMsg
0x080344A8	thumb	BtlController_EmitResetActionMoveSelection
0x080344C8	thumb	BtlController_EmitEndLinkBattle
0x08034518	thumb	LZDecompressWram
0x08034524	thumb	LZDecompressVram
0x08034530	thumb	LoadCompressedSpriteSheet
0x08034564	thumb	LoadCompressedSpriteSheetOverrideBuffer
0x0803458C	thumb	LoadCompressedSpritePalette
0x080345C0	thumb	LoadCompressedSpritePaletteOverrideBuffer
0x080345F0	thumb	DecompressPicFromTable
0x08034628	thumb	HandleLoadSpecialPokePic
0x08034654	thumb	LoadSpecialPokePic
0x08034710	thumb	Unused_LZDecompressWramIndirect
0x0803471C	thumb	StitchObjectsOn8x8Canvas
0x08034974	thumb	GetDecompressedDataSize
0x08034988	thumb	LoadCompressedSpriteSheetUsingHeap
0x080349C4	thumb	LoadCompressedSpritePaletteUsingHeap
0x08034A08	thumb	DecompressPicFromTable_2
0x08034A40	thumb	LoadSpecialPokePic_2
0x08034AFC	thumb	HandleLoadSpecialPokePic_2
0x08034B28	thumb	DecompressPicFromTable_DontHandleDeoxys
0x08034B50	thumb	HandleLoadSpecialPokePic_DontHandleDeoxys
0x08034B7C	thumb	LoadSpecialPokePic_DontHandleDeoxys
0x08034C30	thumb	DuplicateDeoxysTiles
0x08034C54	thumb	DigitObjUtil_Init
0x08034CC8	thumb	DigitObjUtil_Free
0x08034D14	thumb	DigitObjUtil_CreatePrinter
0x08034EFC	thumb	CopyWorkToOam
0x08035044	thumb	DigitObjUtil_PrintNumOn
0x080350B0	thumb	DrawNumObjsLeadingZeros
0x08035164	thumb	DrawNumObjsMinusInFront
0x080352C0	thumb	DrawNumObjsMinusInBack
0x080353DC	thumb	DigitObjUtil_DeletePrinter
0x0803547C	thumb	DigitObjUtil_HideOrShow
0x08035518	thumb	GetFirstOamId
0x08035570	thumb	SharesTileWithAnyActive
0x080355B4	thumb	SharesPalWithAnyActive
0x080355F8	thumb	GetTilesPerImage
0x08035608	thumb	UnusedBattleInit
0x08035648	thumb	CB2_UnusedBattleInit
0x08035658	thumb	BattleInitBgsAndWindows
0x080356D0	thumb	InitBattleBgsVideo
0x0803570C	thumb	LoadBattleMenuWindowGfx
0x08035770	thumb	DrawMainBattleBackground
0x08035AA4	thumb	LoadBattleTextboxAndBackground
0x08035AE4	thumb	DrawLinkBattleParticipantPokeballs
0x08035C4C	thumb	DrawLinkBattleVsScreenOutcomeText
0x08035D74	thumb	InitLinkBattleVsScreen
0x08036154	thumb	DrawBattleEntryBackground
0x080363C4	thumb	LoadChosenBattleElement
0x08036760	thumb	CB2_InitBattle
0x080367D4	thumb	CB2_InitBattleInternal
0x08036A5C	thumb	BufferPartyVsScreenHealth_AtStart
0x08036B44	thumb	SetPlayerBerryDataInBattleStruct
0x08036C08	thumb	SetAllPlayersBerryData
0x08036EB8	thumb	FindLinkBattleMaster
0x08036FAC	thumb	CB2_HandleStartBattle
0x08037458	thumb	CB2_HandleStartMultiPartnerBattle
0x080379F8	thumb	SetMultiPartnerMenuParty
0x08037ADC	thumb	CB2_PreInitMultiBattle
0x08037D2C	thumb	CB2_PreInitIngamePlayerPartnerBattle
0x08037DF4	thumb	CB2_HandleStartMultiBattle
0x08038420	thumb	BattleMainCB2
0x0803849C	thumb	FreeRestoreBattleData
0x080384E4	thumb	CB2_QuitRecordedBattle
0x08038528	thumb	SpriteCB_UnusedBattleInit
0x08038538	thumb	SpriteCB_UnusedBattleInit_Main
0x080385E8	thumb	CreateNPCTrainerParty
0x08038A04	thumb	HBlankCB_Battle
0x08038A28	thumb	VBlankCB_Battle
0x08038B00	thumb	SpriteCB_VsLetterDummy
0x08038B04	thumb	SpriteCB_VsLetter
0x08038B74	thumb	SpriteCB_VsLetterInit
0x08038B94	thumb	BufferPartyVsScreenHealth_AtEnd
0x08038D64	thumb	CB2_InitEndLinkBattle
0x08038F14	thumb	CB2_EndLinkBattle
0x08038F34	thumb	EndLinkBattleInSteps
0x080391E0	thumb	GetBattleBgTemplateData
0x080392A8	thumb	CB2_InitAskRecordBattle
0x0803937C	thumb	CB2_AskRecordBattle
0x0803939C	thumb	AskRecordBattle
0x0803976C	thumb	TryCorrectShedinjaLanguage
0x080397C4	thumb	GetBattleWindowTemplatePixelWidth
0x080397DC	thumb	SpriteCB_WildMon
0x0803980C	thumb	SpriteCB_MoveWildMonToRight
0x08039838	thumb	SpriteCB_WildMonShowHealthbox
0x08039894	thumb	SpriteCB_WildMonAnimate
0x080398B8	thumb	SpriteCallbackDummy_2
0x080398BC	thumb	SpriteCB_InitFlicker
0x080398D0	thumb	SpriteCB_Flicker
0x08039934	thumb	SpriteCB_FaintOpponentMon
0x08039A48	thumb	SpriteCB_AnimFaintOpponent
0x08039AD8	thumb	SpriteCB_ShowAsMoveTarget
0x08039AF4	thumb	SpriteCB_BlinkVisible
0x08039B2C	thumb	SpriteCB_HideAsMoveTarget
0x08039B58	thumb	SpriteCB_OpponentMonFromBall
0x08039BB4	thumb	SpriteCB_BattleSpriteStartSlideLeft
0x08039BC0	thumb	SpriteCB_BattleSpriteSlideLeft
0x08039BF0	thumb	SetIdleSpriteCallback
0x08039BFC	thumb	SpriteCB_Idle
0x08039C00	thumb	SpriteCB_FaintSlideAnim
0x08039C28	thumb	DoBounceEffect
0x08039D48	thumb	EndBounceEffect
0x08039DF8	thumb	SpriteCB_BounceEffect
0x08039E44	thumb	SpriteCB_PlayerMonFromBall
0x08039E60	thumb	SpriteCB_TrainerThrowObject_Main
0x08039E84	thumb	SpriteCB_TrainerThrowObject
0x08039E9C	thumb	AnimSetCenterToCornerVecX
0x08039EC8	thumb	BeginBattleIntroDummy
0x08039ECC	thumb	BeginBattleIntro
0x08039EF0	thumb	BattleMainCB1
0x08039F40	thumb	BattleStartClearSetData
0x0803A284	thumb	SwitchInClearSetData
0x0803A75C	thumb	FaintClearSetData
0x0803ABC0	thumb	BattleIntroGetMonsData
0x0803AC34	thumb	BattleIntroPrepareBackgroundSlide
0x0803AC84	thumb	BattleIntroDrawTrainersOrMonsSprites
0x0803AF80	thumb	BattleIntroDrawPartySummaryScreens
0x0803B120	thumb	BattleIntroPrintTrainerWantsToBattle
0x0803B158	thumb	BattleIntroPrintWildMonAttacked
0x0803B180	thumb	BattleIntroPrintOpponentSendsOut
0x0803B1DC	thumb	BattleIntroOpponent2SendsOutMonAnimation
0x0803B25C	thumb	BattleIntroOpponent1SendsOutMonAnimation
0x0803B314	thumb	BattleIntroRecordMonsToDex
0x0803B3AC	thumb	BattleIntroSkipRecordMonsToDex
0x0803B3CC	thumb	BattleIntroPrintPlayerSendsOut
0x0803B42C	thumb	BattleIntroPlayer2SendsOutMonAnimation
0x0803B4C8	thumb	BattleIntroPlayer1SendsOutMonAnimation
0x0803B598	thumb	BattleIntroSwitchInPlayerMons
0x0803B628	thumb	TryDoEventsBeforeFirstTurn
0x0803B904	thumb	HandleEndTurn_ContinueBattle
0x0803B9BC	thumb	BattleTurnPassed
0x0803BB88	thumb	IsRunningFromBattleImpossible
0x0803BDA0	thumb	SwitchPartyOrder
0x0803BE74	thumb	HandleTurnActionSelectionState
0x0803CDB8	thumb	AllAtActionConfirmed
0x0803CDF8	thumb	UpdateBattlerPartyOrdersOnSwitch
0x0803CEDC	thumb	SwapTurnOrder
0x0803CF10	thumb	GetWhoStrikesFirst
0x0803D2E8	thumb	SetActionsAndBattlersTurnOrder
0x0803D580	thumb	TurnValuesCleanUp
0x0803D6A0	thumb	SpecialStatusesClear
0x0803D6F0	thumb	CheckFocusPunch_ClearVarsBeforeTurnStarts
0x0803D818	thumb	RunTurnActionsFunctions
0x0803D8C0	thumb	HandleEndTurn_BattleWon
0x0803DAC0	thumb	HandleEndTurn_BattleLost
0x0803DBA0	thumb	HandleEndTurn_RanFromBattle
0x0803DC84	thumb	HandleEndTurn_MonFled
0x0803DCD8	thumb	HandleEndTurn_FinishBattle
0x0803DE40	thumb	FreeResetData_ReturnToOvOrDoEvolutions
0x0803DEB4	thumb	TryEvolvePokemon
0x0803DF48	thumb	WaitForEvoSceneToFinish
0x0803DF70	thumb	ReturnFromBattleToOverworld
0x0803E018	thumb	RunBattleScriptCommands_PopCallbacksStack
0x0803E08C	thumb	RunBattleScriptCommands
0x0803E0B8	thumb	HandleAction_UseMove
0x0803E868	thumb	HandleAction_Switch
0x0803E90C	thumb	HandleAction_UseItem
0x0803EC20	thumb	TryRunFromBattle
0x0803EE48	thumb	HandleAction_Run
0x0803EFA8	thumb	HandleAction_WatchesCarefully
0x0803EFF0	thumb	HandleAction_SafariZoneBallThrow
0x0803F050	thumb	HandleAction_ThrowPokeblock
0x0803F120	thumb	HandleAction_GoNear
0x0803F1F0	thumb	HandleAction_SafariZoneRun
0x0803F22C	thumb	HandleAction_WallyBallThrow
0x0803F2A4	thumb	HandleAction_TryFinish
0x0803F2CC	thumb	HandleAction_NothingIsFainted
0x0803F300	thumb	HandleAction_ActionFinished
0x0803F3CC	thumb	GetBattlerForBattleScript
0x0803F480	thumb	PressurePPLose
0x0803F548	thumb	PressurePPLoseOnUsingImprison
0x0803F67C	thumb	PressurePPLoseOnUsingPerishSong
0x0803F790	thumb	MarkAllBattlersForControllerExec
0x0803F800	thumb	MarkBattlerForControllerExec
0x0803F850	thumb	MarkBattlerReceivedLinkData
0x0803F8A0	thumb	CancelMultiTurnMoves
0x0803F90C	thumb	WasUnableToUseMove
0x0803F964	thumb	PrepareStringBattle
0x0803F988	thumb	ResetSentPokesToOpponentValue
0x0803F9EC	thumb	OpponentSwitchInResetSentPokesToOpponentValue
0x0803FA70	thumb	UpdateSentPokesToOpponentValue
0x0803FAD8	thumb	BattleScriptPush
0x0803FAFC	thumb	BattleScriptPushCursor
0x0803FB24	thumb	BattleScriptPop
0x0803FB4C	thumb	TrySetCantSelectMoveBattleScript
0x0803FECC	thumb	CheckMoveLimitations
0x080400C8	thumb	AreAllMovesUnusable
0x08040130	thumb	GetImprisonedMovesCount
0x080401D0	thumb	DoFieldEndTurnEffects
0x08040924	thumb	DoBattlerEndTurnEffects
0x08041364	thumb	HandleWishPerishSongOnTurnEnd
0x08041728	thumb	HandleFaintedMonActions
0x08041A1C	thumb	TryClearRageStatuses
0x08041A6C	thumb	AtkCanceler_UnableToUseMove
0x080423F4	thumb	HasNoMonsToSwitch
0x080426BC	thumb	CastformDataTypeChange
0x08042828	thumb	AbilityBattleEffects
0x08044458	thumb	BattleScriptExecute
0x08044498	thumb	BattleScriptPushCursorAndCallback
0x080444DC	thumb	ItemBattleEffects
0x08045868	thumb	ClearFuryCutterDestinyBondGrudge
0x080458B4	thumb	HandleAction_RunBattleScript
0x080458E0	thumb	GetMoveTarget
0x08045C44	thumb	IsBattlerModernFatefulEncounter
0x08045CBC	thumb	IsMonDisobedient
0x08045FFC	thumb	Cmd_attackcanceler
0x080463AC	thumb	JumpIfMoveFailed
0x0804643C	thumb	Cmd_jumpifaffectedbyprotect
0x080464AC	thumb	JumpIfMoveAffectedByProtect
0x08046518	thumb	AccuracyCalcHelper
0x08046660	thumb	Cmd_accuracycheck
0x080469E8	thumb	Cmd_attackstring
0x08046A3C	thumb	Cmd_ppreduce
0x08046C18	thumb	Cmd_critcalc
0x08046D8C	thumb	Cmd_damagecalc
0x08046E7C	thumb	AI_CalcDmg
0x08046F60	thumb	ModulateDmgByType
0x08047038	thumb	Cmd_typecalc
0x080472A8	thumb	CheckWonderGuardAndLevitate
0x0804752C	thumb	ModulateDmgByType2
0x080475E4	thumb	TypeCalc
0x080477BC	thumb	AI_TypeCalc
0x080478B8	thumb	Unused_ApplyRandomDmgMultiplier
0x080478F4	thumb	Cmd_adjustnormaldamage
0x08047AA4	thumb	Cmd_adjustnormaldamage2
0x08047C30	thumb	Cmd_attackanimation
0x08047DC8	thumb	Cmd_waitanimation
0x08047DE8	thumb	Cmd_healthbarupdate
0x08047EC4	thumb	Cmd_datahpupdate
0x080482BC	thumb	Cmd_critmessage
0x08048310	thumb	Cmd_effectivenesssound
0x080483E0	thumb	Cmd_resultmessage
0x08048590	thumb	Cmd_printstring
0x080485D0	thumb	Cmd_printselectionstring
0x08048614	thumb	Cmd_waitmessage
0x08048670	thumb	Cmd_printfromtable
0x080486C4	thumb	Cmd_printselectionstringfromtable
0x08048728	thumb	GetBattlerTurnOrderNum
0x08048760	thumb	SetMoveEffect
0x080499D4	thumb	Cmd_seteffectwithchance
0x08049AC0	thumb	Cmd_seteffectprimary
0x08049AD0	thumb	Cmd_seteffectsecondary
0x08049AE0	thumb	Cmd_clearstatusfromeffect
0x08049B5C	thumb	Cmd_tryfaintmon
0x08049E40	thumb	Cmd_dofaintanimation
0x08049E7C	thumb	Cmd_cleareffectsonfaint
0x08049F04	thumb	Cmd_jumpifstatus
0x08049F7C	thumb	Cmd_jumpifstatus2
0x08049FF4	thumb	Cmd_jumpifability
0x0804A0DC	thumb	Cmd_jumpifsideaffecting
0x0804A154	thumb	Cmd_jumpifstat
0x0804A24C	thumb	Cmd_jumpifstatus3condition
0x0804A2D0	thumb	Cmd_jumpiftype
0x0804A32C	thumb	Cmd_getexp
0x0804ACD0	thumb	Cmd_checkteamslost
0x0804AF30	thumb	MoveValuesCleanUp
0x0804AF70	thumb	Cmd_movevaluescleanup
0x0804AF88	thumb	Cmd_setmultihit
0x0804AFA0	thumb	Cmd_decrementmultihit
0x0804AFE8	thumb	Cmd_goto
0x0804B008	thumb	Cmd_jumpifbyte
0x0804B0A8	thumb	Cmd_jumpifhalfword
0x0804B150	thumb	Cmd_jumpifword
0x0804B204	thumb	Cmd_jumpifarrayequal
0x0804B28C	thumb	Cmd_jumpifarraynotequal
0x0804B310	thumb	Cmd_setbyte
0x0804B338	thumb	Cmd_addbyte
0x0804B364	thumb	Cmd_subbyte
0x0804B390	thumb	Cmd_copyarray
0x0804B3E4	thumb	Cmd_copyarraywithindex
0x0804B450	thumb	Cmd_orbyte
0x0804B47C	thumb	Cmd_orhalfword
0x0804B4B4	thumb	Cmd_orword
0x0804B4F8	thumb	Cmd_bicbyte
0x0804B524	thumb	Cmd_bichalfword
0x0804B55C	thumb	Cmd_bicword
0x0804B5A0	thumb	Cmd_pause
0x0804B5E0	thumb	Cmd_waitstate
0x0804B600	thumb	Cmd_healthbar_update
0x0804B658	thumb	Cmd_return
0x0804B664	thumb	Cmd_end
0x0804B6A4	thumb	Cmd_end2
0x0804B6BC	thumb	Cmd_end3
0x0804B6F8	thumb	Cmd_call
0x0804B728	thumb	Cmd_jumpiftype2
0x0804B784	thumb	Cmd_jumpifabilitypresent
0x0804B7D0	thumb	Cmd_endselectionscript
0x0804B7EC	thumb	Cmd_playanimation
0x0804B8B0	thumb	Cmd_playanimation_var
0x0804B97C	thumb	Cmd_setgraphicalstatchangevalues
0x0804B9D8	thumb	Cmd_playstatchangeanimation
0x0804BBCC	thumb	Cmd_moveend
0x0804C5F4	thumb	Cmd_typecalc2
0x0804C844	thumb	Cmd_returnatktoball
0x0804C894	thumb	Cmd_getswitchedmondata
0x0804C904	thumb	Cmd_switchindataupdate
0x0804CAE8	thumb	Cmd_switchinanim
0x0804CBB0	thumb	Cmd_jumpifcantswitch
0x0804CF10	thumb	ChooseMonToSendOut
0x0804CF88	thumb	Cmd_openpartyscreen
0x0804D820	thumb	Cmd_switchhandleorder
0x0804DAAC	thumb	Cmd_switchineffects
0x0804DDA8	thumb	Cmd_trainerslidein
0x0804DDD8	thumb	Cmd_playse
0x0804DE14	thumb	Cmd_fanfare
0x0804DE50	thumb	Cmd_playfaintcry
0x0804DE80	thumb	Cmd_endlinkbattle
0x0804DEB8	thumb	Cmd_returntoball
0x0804DEEC	thumb	Cmd_handlelearnnewmove
0x0804E038	thumb	Cmd_yesnoboxlearnmove
0x0804E3C8	thumb	Cmd_yesnoboxstoplearningmove
0x0804E508	thumb	Cmd_hitanimation
0x0804E598	thumb	GetTrainerMoneyToGive
0x0804E6D8	thumb	Cmd_getmoneyreward
0x0804E764	thumb	Cmd_updatebattlermoves
0x0804E818	thumb	Cmd_swapattackerwithtarget
0x0804E868	thumb	Cmd_incrementgamestat
0x0804E898	thumb	Cmd_drawpartystatussummary
0x0804E960	thumb	Cmd_hidepartystatussummary
0x0804E990	thumb	Cmd_jumptocalledmove
0x0804E9F4	thumb	Cmd_statusanimation
0x0804EA84	thumb	Cmd_status2animation
0x0804EB2C	thumb	Cmd_chosenstatusanimation
0x0804EBC0	thumb	Cmd_yesnobox
0x0804ECA4	thumb	Cmd_cancelallactions
0x0804ECDC	thumb	Cmd_adjustsetdamage
0x0804EE58	thumb	Cmd_removeitem
0x0804EEC8	thumb	Cmd_atknameinbuff1
0x0804EF04	thumb	Cmd_drawlvlupbox
0x0804F100	thumb	DrawLevelUpWindow1
0x0804F144	thumb	DrawLevelUpWindow2
0x0804F17C	thumb	InitLevelUpBanner
0x0804F1CC	thumb	SlideInLevelUpBanner
0x0804F220	thumb	DrawLevelUpBannerText
0x0804F344	thumb	SlideOutLevelUpBanner
0x0804F384	thumb	PutMonIconOnLvlUpBanner
0x0804F450	thumb	SpriteCB_MonIconOnLvlUpBanner
0x0804F498	thumb	IsMonGettingExpSentOut
0x0804F4D4	thumb	Cmd_resetsentmonsvalue
0x0804F4EC	thumb	Cmd_setatktoplayer0
0x0804F50C	thumb	Cmd_makevisible
0x0804F540	thumb	Cmd_recordlastability
0x0804F574	thumb	BufferMoveToLearnIntoBattleTextBuff2
0x0804F59C	thumb	Cmd_buffermovetolearn
0x0804F5B4	thumb	Cmd_jumpifplayerran
0x0804F5F8	thumb	Cmd_hpthresholds
0x0804F6A4	thumb	Cmd_hpthresholds2
0x0804F754	thumb	Cmd_useitemonopponent
0x0804F7AC	thumb	Cmd_various
0x0804FD8C	thumb	Cmd_setprotectlike
0x0804FEC8	thumb	Cmd_tryexplosion
0x0804FFE4	thumb	Cmd_setatkhptozero
0x08050044	thumb	Cmd_jumpifnexttargetvalid
0x080500E8	thumb	Cmd_tryhealhalfhealth
0x08050164	thumb	Cmd_trymirrormove
0x080502C8	thumb	Cmd_setrain
0x0805031C	thumb	Cmd_setreflect
0x080503E8	thumb	Cmd_setseeded
0x080504A8	thumb	Cmd_manipulatedamage
0x08050528	thumb	Cmd_trysetrest
0x080505F8	thumb	Cmd_jumpifnotfirstturn
0x08050640	thumb	Cmd_nop
0x08050650	thumb	UproarWakeUpCheck
0x080506EC	thumb	Cmd_jumpifcantmakeasleep
0x08050768	thumb	Cmd_stockpile
0x080507E4	thumb	Cmd_stockpiletobasedamage
0x08050904	thumb	Cmd_stockpiletohpheal
0x080509E8	thumb	Cmd_negativedamage
0x08050A1C	thumb	ChangeStatBuffs
0x08050EA0	thumb	Cmd_statbuffchange
0x08050EEC	thumb	Cmd_normalisebuffs
0x08050F40	thumb	Cmd_setbide
0x08050FB0	thumb	Cmd_confuseifrepeatingattackends
0x08050FF0	thumb	Cmd_setmultihitcounter
0x0805103C	thumb	Cmd_initmultihitstring
0x08051064	thumb	TryDoForceSwitchOut
0x0805112C	thumb	Cmd_forcerandomswitch
0x08051424	thumb	Cmd_tryconversiontypechange
0x080515C8	thumb	Cmd_givepaydaymoney
0x08051664	thumb	Cmd_setlightscreen
0x08051730	thumb	Cmd_tryKO
0x08051A84	thumb	Cmd_damagetohalftargethp
0x08051AC0	thumb	Cmd_setsandstorm
0x08051B18	thumb	Cmd_weatherdamage
0x08051C90	thumb	Cmd_tryinfatuating
0x08051E48	thumb	Cmd_updatestatusicon
0x08051F58	thumb	Cmd_setmist
0x08052000	thumb	Cmd_setfocusenergy
0x0805205C	thumb	Cmd_transformdataexecution
0x080521FC	thumb	Cmd_setsubstitute
0x080522B8	thumb	IsMoveUncopyableByMimic
0x08052300	thumb	Cmd_mimicattackcopy
0x080524DC	thumb	Cmd_metronome
0x08052584	thumb	Cmd_dmgtolevel
0x080525B4	thumb	Cmd_psywavedamageeffect
0x08052608	thumb	Cmd_counterdamagecalculator
0x08052700	thumb	Cmd_mirrorcoatdamagecalculator
0x080527F8	thumb	Cmd_disablelastusedattack
0x0805293C	thumb	Cmd_trysetencore
0x08052A70	thumb	Cmd_painsplitdmgcalc
0x08052B34	thumb	Cmd_settypetorandomresistance
0x08052D34	thumb	Cmd_setalwayshitflag
0x08052D8C	thumb	Cmd_copymovepermanently
0x08052F48	thumb	IsTwoTurnsMove
0x08052F84	thumb	IsInvalidForSleepTalkOrAssist
0x08052FAC	thumb	AttacksThisTurn
0x08053018	thumb	Cmd_trychoosesleeptalkmove
0x08053150	thumb	Cmd_setdestinybond
0x08053180	thumb	TrySetDestinyBondToHappen
0x080531E0	thumb	Cmd_trysetdestinybondtohappen
0x080531F8	thumb	Cmd_remaininghptopower
0x08053260	thumb	Cmd_tryspiteppreduce
0x08053438	thumb	Cmd_healpartystatus
0x0805371C	thumb	Cmd_cursetarget
0x080537A0	thumb	Cmd_trysetspikes
0x0805382C	thumb	Cmd_setforesight
0x0805385C	thumb	Cmd_trysetperishsong
0x08053914	thumb	Cmd_rolloutdamagecalculation
0x08053A90	thumb	Cmd_jumpifconfusedandstatmaxed
0x08053AF8	thumb	Cmd_furycuttercalc
0x08053BAC	thumb	Cmd_friendshiptodamagecalculation
0x08053C30	thumb	Cmd_presentdamagecalculation
0x08053CFC	thumb	Cmd_setsafeguard
0x08053DA4	thumb	Cmd_magnitudedamagecalculation
0x08053EC8	thumb	Cmd_jumpifnopursuitswitchdmg
0x0805405C	thumb	Cmd_setsunny
0x080540B4	thumb	Cmd_maxattackhalvehp
0x08054134	thumb	Cmd_copyfoestats
0x0805417C	thumb	Cmd_rapidspinfree
0x080542C8	thumb	Cmd_setdefensecurlbit
0x080542F8	thumb	Cmd_recoverbasedonsunlight
0x08054400	thumb	Cmd_hiddenpowercalc
0x08054524	thumb	Cmd_selectfirstvalidtarget
0x08054598	thumb	Cmd_trysetfutureattack
0x080546E4	thumb	Cmd_trydobeatup
0x080548F4	thumb	Cmd_setsemiinvulnerablebit
0x08054978	thumb	Cmd_clearsemiinvulnerablebit
0x08054A08	thumb	Cmd_setminimize
0x08054A48	thumb	Cmd_sethail
0x08054AA0	thumb	Cmd_trymemento
0x08054B3C	thumb	Cmd_setforcedtarget
0x08054B88	thumb	Cmd_setcharge
0x08054BEC	thumb	Cmd_callenvironmentattack
0x08054C60	thumb	Cmd_cureifburnedparalyzedorpoisoned
0x08054CE4	thumb	Cmd_settorment
0x08054D3C	thumb	Cmd_jumpifnodamage
0x08054D98	thumb	Cmd_settaunt
0x08054E0C	thumb	Cmd_trysethelpinghand
0x08054EB4	thumb	Cmd_tryswapitems
0x08055148	thumb	Cmd_trycopyability
0x080551C0	thumb	Cmd_trywish
0x08055294	thumb	Cmd_trysetroots
0x080552EC	thumb	Cmd_doubledamagedealtifdamaged
0x0805534C	thumb	Cmd_setyawn
0x080553BC	thumb	Cmd_setdamagetohealthdifference
0x08055428	thumb	Cmd_scaledamagebyhealthratio
0x0805548C	thumb	Cmd_tryswapabilities
0x08055524	thumb	Cmd_tryimprison
0x0805562C	thumb	Cmd_trysetgrudge
0x08055684	thumb	Cmd_weightdamagecalculation
0x0805571C	thumb	Cmd_assistattackselect
0x0805589C	thumb	Cmd_trysetmagiccoat
0x08055920	thumb	Cmd_trysetsnatch
0x0805599C	thumb	Cmd_trygetintimidatetarget
0x08055A78	thumb	Cmd_switchoutabilities
0x08055AF4	thumb	Cmd_jumpifhasnohp
0x08055B48	thumb	Cmd_getsecretpowereffect
0x08055C00	thumb	Cmd_pickup
0x08055DFC	thumb	Cmd_docastformchangeanimation
0x08055E64	thumb	Cmd_trycastformdatachange
0x08055EA4	thumb	Cmd_settypebasedhalvers
0x08055F5C	thumb	Cmd_setweatherballtype
0x08056014	thumb	Cmd_tryrecycleitem
0x080560BC	thumb	Cmd_settypetoenvironment
0x0805616C	thumb	Cmd_pursuitdoubles
0x08056230	thumb	Cmd_snatchsetbattlers
0x08056284	thumb	Cmd_removelightscreenreflect
0x08056300	thumb	Cmd_handleballthrow
0x080566A8	thumb	Cmd_givecaughtmon
0x08056850	thumb	Cmd_trysetcaughtmondexflags
0x080568CC	thumb	Cmd_displaydexinfo
0x08056A3C	thumb	HandleBattleWindow
0x08056B74	thumb	BattleCreateYesNoCursorAt
0x08056BAC	thumb	BattleDestroyYesNoCursorAt
0x08056BEC	thumb	Cmd_trygivecaughtmonnick
0x08056E78	thumb	Cmd_subattackerhpbydmg
0x08056EA8	thumb	Cmd_removeattackerstatus1
0x08056ED0	thumb	Cmd_finishaction
0x08056EDC	thumb	Cmd_finishturn
0x08056EF8	thumb	Cmd_trainerslideout
0x08056F28	thumb	AllocateBattleResources
0x08057028	thumb	FreeBattleResources
0x080570F4	thumb	AdjustFriendshipOnBattleFaint
0x080571DC	thumb	SwitchPartyOrderInGameMulti
0x0805725C	thumb	BattlePalace_TryEscapeStatus
0x08057458	thumb	BattleControllerDummy
0x0805745C	thumb	SetControllerToPlayer
0x0805748C	thumb	PlayerBufferExecCompleted
0x08057504	thumb	PlayerBufferRunCommand
0x08057554	thumb	CompleteOnBankSpritePosX_0
0x08057588	thumb	HandleInputChooseAction
0x080577F0	thumb	UnusedEndBounceEffect
0x08057824	thumb	HandleInputChooseTarget
0x08057BFC	thumb	HandleInputChooseMove
0x08057FBC	thumb	HandleMoveInputUnused
0x08058138	thumb	HandleMoveSwitching
0x080586F8	thumb	SetLinkBattleEndCallbacks
0x080587B0	thumb	SetBattleEndCallbacks
0x08058844	thumb	CompleteOnBattlerSpriteCallbackDummy
0x0805887C	thumb	CompleteOnBankSpriteCallbackDummy2
0x080588B4	thumb	FreeTrainerSpriteAfterSlide
0x08058924	thumb	Intro_DelayAndEnd
0x0805896C	thumb	Intro_WaitForShinyAnimAndHealthbox
0x08058B40	thumb	Intro_TryShinyAnimShowHealthbox
0x08058EDC	thumb	SwitchIn_CleanShinyAnimShowSubstitute
0x08058FC0	thumb	SwitchIn_HandleSoundAndEnd
0x0805902C	thumb	SwitchIn_TryShinyAnimShowHealthbox
0x08059100	thumb	Task_PlayerController_RestoreBgmAfterCry
0x08059130	thumb	CompleteOnHealthbarDone
0x080591A0	thumb	CompleteOnInactiveTextPrinter
0x080591B8	thumb	Task_GiveExpToMon
0x08059330	thumb	Task_PrepareToGiveExpWithExpBar
0x08059400	thumb	Task_GiveExpWithExpBar
0x08059544	thumb	Task_LaunchLvlUpAnim
0x080595A4	thumb	Task_UpdateLvlInHealthbox
0x0805965C	thumb	DestroyExpTaskAndCompleteOnInactiveTextPrinter
0x080596A8	thumb	FreeMonSpriteAfterFaintAnim
0x08059744	thumb	FreeMonSpriteAfterSwitchOutAnim
0x080597B4	thumb	CompleteOnInactiveTextPrinter2
0x080597CC	thumb	OpenPartyMenuToChooseMon
0x08059828	thumb	WaitForMonSelection
0x080598A4	thumb	OpenBagAndChooseItem
0x080598E0	thumb	CompleteWhenChoseItem
0x0805991C	thumb	CompleteOnSpecialAnimDone
0x08059958	thumb	DoHitAnimBlinkSpriteEffect
0x080599D4	thumb	PlayerHandleYesNoInput
0x08059AAC	thumb	MoveSelectionDisplayMoveNames
0x08059B18	thumb	MoveSelectionDisplayPpString
0x08059B3C	thumb	MoveSelectionDisplayPpNumber
0x08059BB0	thumb	MoveSelectionDisplayMoveType
0x08059C28	thumb	MoveSelectionCreateCursorAt
0x08059C70	thumb	MoveSelectionDestroyCursorAt
0x08059CB4	thumb	ActionSelectionCreateCursorAt
0x08059CF8	thumb	ActionSelectionDestroyCursorAt
0x08059D40	thumb	CB2_SetUpReshowBattleScreenAfterMenu
0x08059D50	thumb	CB2_SetUpReshowBattleScreenAfterMenu2
0x08059D60	thumb	CompleteOnFinishedStatusAnimation
0x08059D90	thumb	CompleteOnFinishedBattleAnimation
0x08059DC0	thumb	PrintLinkStandbyMsg
0x08059DF4	thumb	PlayerHandleGetMonData
0x08059E68	thumb	CopyPlayerMonData
0x0805A614	thumb	PlayerHandleGetRawMonData
0x0805A69C	thumb	PlayerHandleSetMonData
0x0805A6F4	thumb	SetPlayerMonData
0x0805B0F0	thumb	PlayerHandleSetRawMonData
0x0805B164	thumb	PlayerHandleLoadMonSprite
0x0805B1CC	thumb	PlayerHandleSwitchInAnim
0x0805B258	thumb	StartSendOutAnim
0x0805B3D4	thumb	PlayerHandleReturnMonToBall
0x0805B464	thumb	DoSwitchOutAnimation
0x0805B4F0	thumb	PlayerHandleDrawTrainerPic
0x0805B864	thumb	PlayerHandleTrainerSlide
0x0805B9F8	thumb	PlayerHandleTrainerSlideBack
0x0805BAB8	thumb	PlayerHandleFaintAnimation
0x0805BBA4	thumb	PlayerHandlePaletteFade
0x0805BBC4	thumb	PlayerHandleSuccessBallThrowAnim
0x0805BC18	thumb	PlayerHandleBallThrowAnim
0x0805BC78	thumb	PlayerHandlePause
0x0805BCA8	thumb	PlayerHandleMoveAnimation
0x0805BDFC	thumb	PlayerDoMoveAnimation
0x0805BF80	thumb	PlayerHandlePrintString
0x0805BFE0	thumb	PlayerHandlePrintSelectionString
0x0805C004	thumb	HandleChooseActionAfterDma3
0x0805C044	thumb	PlayerHandleChooseAction
0x0805C0B0	thumb	PlayerHandleYesNoBox
0x0805C114	thumb	HandleChooseMoveAfterDma3
0x0805C158	thumb	PlayerChooseMoveInBattlePalace
0x0805C1A8	thumb	PlayerHandleChooseMove
0x0805C210	thumb	InitMoveSelectionsVarsAndStrings
0x0805C248	thumb	PlayerHandleChooseItem
0x0805C2AC	thumb	PlayerHandleChoosePokemon
0x0805C3EC	thumb	PlayerHandleCmd23
0x0805C410	thumb	PlayerHandleHealthBarUpdate
0x0805C528	thumb	PlayerHandleExpUpdate
0x0805C5C4	thumb	PlayerHandleStatusIconUpdate
0x0805C63C	thumb	PlayerHandleStatusAnimation
0x0805C6A4	thumb	PlayerHandleStatusXor
0x0805C710	thumb	PlayerHandleDataTransfer
0x0805C71C	thumb	PlayerHandleDMA3Transfer
0x0805C7D0	thumb	PlayerHandlePlayBGM
0x0805C800	thumb	PlayerHandleCmd32
0x0805C80C	thumb	PlayerHandleTwoReturnValues
0x0805C820	thumb	PlayerHandleChosenMonReturnValue
0x0805C834	thumb	PlayerHandleOneReturnValue
0x0805C848	thumb	PlayerHandleOneReturnValue_Duplicate
0x0805C85C	thumb	PlayerHandleClearUnkVar
0x0805C878	thumb	PlayerHandleSetUnkVar
0x0805C8B0	thumb	PlayerHandleClearUnkFlag
0x0805C8C8	thumb	PlayerHandleToggleUnkFlag
0x0805C8F0	thumb	PlayerHandleHitAnimation
0x0805C960	thumb	PlayerHandleCantSwitch
0x0805C96C	thumb	PlayerHandlePlaySE
0x0805C9B0	thumb	PlayerHandlePlayFanfareOrBGM
0x0805CA0C	thumb	PlayerHandleFaintingCry
0x0805CA4C	thumb	PlayerHandleIntroSlide
0x0805CA80	thumb	PlayerHandleIntroTrainerBallThrow
0x0805CC00	thumb	SpriteCB_FreePlayerSpriteLoadMonSprite
0x0805CC68	thumb	Task_StartSendOutAnim
0x0805CD74	thumb	PlayerHandleDrawPartyStatusSummary
0x0805CE38	thumb	EndDrawPartyStatusSummary
0x0805CE80	thumb	PlayerHandleHidePartyStatusSummary
0x0805CED0	thumb	PlayerHandleEndBounceEffect
0x0805CEF4	thumb	PlayerHandleSpriteInvisibility
0x0805CF54	thumb	PlayerHandleBattleAnimation
0x0805CFC8	thumb	PlayerHandleLinkStandbyMsg
0x0805D02C	thumb	PlayerHandleResetActionMoveSelection
0x0805D094	thumb	PlayerHandleEndLinkBattle
0x0805D114	thumb	PlayerCmdEnd
0x0805D118	thumb	AllocateBattleSpritesData
0x0805D158	thumb	FreeBattleSpritesData
0x0805D19C	thumb	ChooseMoveAndTargetInBattlePalace
0x0805D4A8	thumb	GetBattlePalaceMoveGroup
0x0805D5F4	thumb	GetBattlePalaceTarget
0x0805D714	thumb	SpriteCB_WaitForBattlerBallReleaseAnim
0x0805D770	thumb	UnusedDoBattleSpriteAffineAnim
0x0805D7AC	thumb	SpriteCB_TrainerSlideIn
0x0805D7EC	thumb	SpriteCB_TrainerSlideVertical
0x0805D808	thumb	InitAndLaunchChosenStatusAnimation
0x0805D908	thumb	TryHandleLaunchBattleTableAnimation
0x0805DA48	thumb	Task_ClearBitWhenBattleTableAnimDone
0x0805DAA0	thumb	ShouldAnimBeDoneRegardlessOfSubstitute
0x0805DAC4	thumb	InitAndLaunchSpecialAnimation
0x0805DB34	thumb	Task_ClearBitWhenSpecialAnimDone
0x0805DB8C	thumb	IsMoveWithoutAnimation
0x0805DB90	thumb	IsBattleSEPlaying
0x0805DC0C	thumb	BattleLoadOpponentMonSpriteGfx
0x0805DD7C	thumb	BattleLoadPlayerMonSpriteGfx
0x0805DF30	thumb	BattleGfxSfxDummy1
0x0805DF34	thumb	BattleGfxSfxDummy2
0x0805DF38	thumb	DecompressTrainerFrontPic
0x0805DF84	thumb	DecompressTrainerBackPic
0x0805DFE0	thumb	BattleGfxSfxDummy3
0x0805DFE4	thumb	FreeTrainerFrontPicPalette
0x0805DFFC	thumb	BattleLoadAllHealthBoxesGfxAtOnce
0x0805E08C	thumb	BattleLoadAllHealthBoxesGfx
0x0805E1B8	thumb	LoadBattleBarGfx
0x0805E1D8	thumb	BattleInitAllSprites
0x0805E350	thumb	ClearSpritesHealthboxAnimData
0x0805E378	thumb	ClearSpritesBattlerHealthboxAnimData
0x0805E394	thumb	CopyAllBattleSpritesInvisibilities
0x0805E408	thumb	CopyBattleSpriteInvisibility
0x0805E448	thumb	HandleSpeciesGfxDataChange
0x0805E7DC	thumb	BattleLoadSubstituteOrMonSpriteGfx
0x0805E8F4	thumb	LoadBattleMonGfxAndAnimate
0x0805E94C	thumb	TrySetBehindSubstituteSpriteBit
0x0805E974	thumb	ClearBehindSubstituteBit
0x0805E990	thumb	HandleLowHpMusicChange
0x0805EA60	thumb	BattleStopLowHpSound
0x0805EAB4	thumb	GetMonHPBarLevel
0x0805EAE8	thumb	HandleBattleLowHpMusicChange
0x0805EB9C	thumb	SetBattlerSpriteAffineMode
0x0805EC84	thumb	LoadAndCreateEnemyShadowSprites
0x0805ED70	thumb	SpriteCB_EnemyShadow
0x0805EE48	thumb	SpriteCB_SetInvisible
0x0805EE54	thumb	SetBattlerShadowSpriteCallback
0x0805EEE0	thumb	HideBattlerShadowSprite
0x0805EF14	thumb	FillAroundBattleWindows
0x0805EF84	thumb	ClearTemporarySpeciesSpriteData
0x0805EFBC	thumb	AllocateMonSpritesGfx
0x0805F094	thumb	FreeMonSpritesGfx
0x0805F110	thumb	ShouldPlayNormalMonCry
0x0805F160	thumb	OpponentDummy
0x0805F164	thumb	SetControllerToOpponent
0x0805F180	thumb	OpponentBufferRunCommand
0x0805F1D0	thumb	CompleteOnBattlerSpriteCallbackDummy
0x0805F208	thumb	CompleteOnBankSpriteCallbackDummy2
0x0805F240	thumb	FreeTrainerSpriteAfterSlide
0x0805F2A8	thumb	Intro_DelayAndEnd
0x0805F2F0	thumb	Intro_WaitForShinyAnimAndHealthbox
0x0805F560	thumb	Intro_TryShinyAnimShowHealthbox
0x0805F994	thumb	TryShinyAnimAfterMonAnim
0x0805FA70	thumb	CompleteOnHealthbarDone
0x0805FAC4	thumb	HideHealthboxAfterMonFaint
0x0805FB08	thumb	FreeMonSpriteAfterSwitchOutAnim
0x0805FB7C	thumb	CompleteOnInactiveTextPrinter
0x0805FB94	thumb	DoHitAnimBlinkSpriteEffect
0x0805FC10	thumb	SwitchIn_ShowSubstitute
0x0805FC80	thumb	SwitchIn_HandleSoundAndEnd
0x0805FD00	thumb	SwitchIn_ShowHealthbox
0x0805FDF0	thumb	SwitchIn_TryShinyAnim
0x0805FEB8	thumb	CompleteOnFinishedStatusAnimation
0x0805FEE8	thumb	CompleteOnFinishedBattleAnimation
0x0805FF18	thumb	OpponentBufferExecCompleted
0x0805FF90	thumb	OpponentHandleGetMonData
0x08060004	thumb	GetOpponentMonData
0x080607B0	thumb	OpponentHandleGetRawMonData
0x08060838	thumb	OpponentHandleSetMonData
0x08060890	thumb	SetOpponentMonData
0x080611B0	thumb	OpponentHandleSetRawMonData
0x08061224	thumb	OpponentHandleLoadMonSprite
0x0806137C	thumb	OpponentHandleSwitchInAnim
0x080613DC	thumb	StartSendOutAnim
0x0806156C	thumb	OpponentHandleReturnMonToBall
0x08061604	thumb	DoSwitchOutAnimation
0x08061690	thumb	OpponentHandleDrawTrainerPic
0x080618D8	thumb	OpponentHandleTrainerSlide
0x08061AF0	thumb	OpponentHandleTrainerSlideBack
0x08061B9C	thumb	OpponentHandleFaintAnimation
0x08061C48	thumb	OpponentHandlePaletteFade
0x08061C54	thumb	OpponentHandleSuccessBallThrowAnim
0x08061C60	thumb	OpponentHandleBallThrow
0x08061C6C	thumb	OpponentHandlePause
0x08061C78	thumb	OpponentHandleMoveAnimation
0x08061DB0	thumb	OpponentDoMoveAnimation
0x08061F34	thumb	OpponentHandlePrintString
0x08061F90	thumb	OpponentHandlePrintSelectionString
0x08061F9C	thumb	OpponentHandleChooseAction
0x08061FAC	thumb	OpponentHandleYesNoBox
0x08061FB8	thumb	OpponentHandleChooseMove
0x0806215C	thumb	OpponentHandleChooseItem
0x08062188	thumb	OpponentHandleChoosePokemon
0x08062288	thumb	OpponentHandleCmd23
0x08062294	thumb	OpponentHandleHealthBarUpdate
0x08062384	thumb	OpponentHandleExpUpdate
0x08062390	thumb	OpponentHandleStatusIconUpdate
0x08062408	thumb	OpponentHandleStatusAnimation
0x08062470	thumb	OpponentHandleStatusXor
0x0806247C	thumb	OpponentHandleDataTransfer
0x08062488	thumb	OpponentHandleDMA3Transfer
0x08062494	thumb	OpponentHandlePlayBGM
0x080624A0	thumb	OpponentHandleCmd32
0x080624AC	thumb	OpponentHandleTwoReturnValues
0x080624B8	thumb	OpponentHandleChosenMonReturnValue
0x080624C4	thumb	OpponentHandleOneReturnValue
0x080624D0	thumb	OpponentHandleOneReturnValue_Duplicate
0x080624DC	thumb	OpponentHandleClearUnkVar
0x080624F8	thumb	OpponentHandleSetUnkVar
0x08062530	thumb	OpponentHandleClearUnkFlag
0x08062548	thumb	OpponentHandleToggleUnkFlag
0x08062570	thumb	OpponentHandleHitAnimation
0x080625E0	thumb	OpponentHandleCantSwitch
0x080625EC	thumb	OpponentHandlePlaySE
0x08062630	thumb	OpponentHandlePlayFanfareOrBGM
0x0806268C	thumb	OpponentHandleFaintingCry
0x080626C8	thumb	OpponentHandleIntroSlide
0x080626FC	thumb	OpponentHandleIntroTrainerBallThrow
0x0806280C	thumb	SpriteCB_FreeOpponentSprite
0x08062828	thumb	Task_StartSendOutAnim
0x08062918	thumb	OpponentHandleDrawPartyStatusSummary
0x08062A2C	thumb	EndDrawPartyStatusSummary
0x08062A74	thumb	OpponentHandleHidePartyStatusSummary
0x08062AC4	thumb	OpponentHandleEndBounceEffect
0x08062AD0	thumb	OpponentHandleSpriteInvisibility
0x08062B30	thumb	OpponentHandleBattleAnimation
0x08062B98	thumb	OpponentHandleLinkStandbyMsg
0x08062BA4	thumb	OpponentHandleResetActionMoveSelection
0x08062BB0	thumb	OpponentHandleEndLinkBattle
0x08062BF4	thumb	OpponentCmdEnd
0x08062BF8	thumb	ShouldSwitchIfPerishSong
0x08062C58	thumb	ShouldSwitchIfWonderGuard
0x08062E54	thumb	FindMonThatAbsorbsOpponentsMove
0x080630C0	thumb	ShouldSwitchIfNaturalCure
0x080631BC	thumb	HasSuperEffectiveMoveAgainstOpponents
0x0806331C	thumb	AreStatsRaised
0x08063364	thumb	FindMonWithFlagsAndSuperEffective
0x08063614	thumb	ShouldSwitch
0x08063880	thumb	AI_TrySwitchOrUseItem
0x08063A08	thumb	ModulateByTypeEffectiveness
0x08063A90	thumb	GetMostSuitableMonToSwitchInto
0x08063E84	thumb	GetAI_ItemType
0x08063EE0	thumb	ShouldUseItem
0x08064390	thumb	LinkOpponentDummy
0x08064394	thumb	SetControllerToLinkOpponent
0x080643B0	thumb	LinkOpponentBufferRunCommand
0x08064400	thumb	CompleteOnBattlerSpriteCallbackDummy
0x08064438	thumb	CompleteOnBankSpriteCallbackDummy2
0x08064470	thumb	FreeTrainerSpriteAfterSlide
0x080644D8	thumb	Intro_DelayAndEnd
0x08064520	thumb	Intro_WaitForShinyAnimAndHealthbox
0x08064734	thumb	Intro_TryShinyAnimShowHealthbox
0x08064B04	thumb	TryShinyAnimAfterMonAnim
0x08064BC0	thumb	CompleteOnHealthbarDone
0x08064C14	thumb	HideHealthboxAfterMonFaint
0x08064C58	thumb	FreeMonSpriteAfterSwitchOutAnim
0x08064CCC	thumb	CompleteOnInactiveTextPrinter
0x08064CE4	thumb	DoHitAnimBlinkSpriteEffect
0x08064D60	thumb	SwitchIn_ShowSubstitute
0x08064DD0	thumb	SwitchIn_HandleSoundAndEnd
0x08064E50	thumb	SwitchIn_ShowHealthbox
0x08064F40	thumb	SwitchIn_TryShinyAnim
0x08065008	thumb	CompleteOnFinishedStatusAnimation
0x08065038	thumb	CompleteOnFinishedBattleAnimation
0x08065068	thumb	LinkOpponentBufferExecCompleted
0x080650E0	thumb	LinkOpponentHandleGetMonData
0x08065154	thumb	CopyLinkOpponentMonData
0x08065900	thumb	LinkOpponentHandleGetRawMonData
0x0806590C	thumb	LinkOpponentHandleSetMonData
0x08065964	thumb	SetLinkOpponentMonData
0x08066284	thumb	LinkOpponentHandleSetRawMonData
0x080662F8	thumb	LinkOpponentHandleLoadMonSprite
0x08066448	thumb	LinkOpponentHandleSwitchInAnim
0x08066494	thumb	StartSendOutAnim
0x08066624	thumb	LinkOpponentHandleReturnMonToBall
0x080666BC	thumb	DoSwitchOutAnimation
0x08066748	thumb	LinkOpponentHandleDrawTrainerPic
0x08066A58	thumb	LinkOpponentHandleTrainerSlide
0x08066B94	thumb	LinkOpponentHandleTrainerSlideBack
0x08066C40	thumb	LinkOpponentHandleFaintAnimation
0x08066CEC	thumb	LinkOpponentHandlePaletteFade
0x08066CF8	thumb	LinkOpponentHandleSuccessBallThrowAnim
0x08066D04	thumb	LinkOpponentHandleBallThrowAnim
0x08066D10	thumb	LinkOpponentHandlePause
0x08066D1C	thumb	LinkOpponentHandleMoveAnimation
0x08066E70	thumb	LinkOpponentDoMoveAnimation
0x08066FF4	thumb	LinkOpponentHandlePrintString
0x0806704C	thumb	LinkOpponentHandlePrintSelectionString
0x08067058	thumb	LinkOpponentHandleChooseAction
0x08067064	thumb	LinkOpponentHandleYesNoBox
0x08067070	thumb	LinkOpponentHandleChooseMove
0x0806707C	thumb	LinkOpponentHandleChooseItem
0x08067088	thumb	LinkOpponentHandleChoosePokemon
0x08067094	thumb	LinkOpponentHandleCmd23
0x080670A0	thumb	LinkOpponentHandleHealthBarUpdate
0x08067190	thumb	LinkOpponentHandleExpUpdate
0x0806719C	thumb	LinkOpponentHandleStatusIconUpdate
0x08067214	thumb	LinkOpponentHandleStatusAnimation
0x0806727C	thumb	LinkOpponentHandleStatusXor
0x08067288	thumb	LinkOpponentHandleDataTransfer
0x08067294	thumb	LinkOpponentHandleDMA3Transfer
0x080672A0	thumb	LinkOpponentHandlePlayBGM
0x080672AC	thumb	LinkOpponentHandleCmd32
0x080672B8	thumb	LinkOpponentHandleTwoReturnValues
0x080672C4	thumb	LinkOpponentHandleChosenMonReturnValue
0x080672D0	thumb	LinkOpponentHandleOneReturnValue
0x080672DC	thumb	LinkOpponentHandleOneReturnValue_Duplicate
0x080672E8	thumb	LinkOpponentHandleClearUnkVar
0x08067304	thumb	LinkOpponentHandleSetUnkVar
0x0806733C	thumb	LinkOpponentHandleClearUnkFlag
0x08067354	thumb	LinkOpponentHandleToggleUnkFlag
0x0806737C	thumb	LinkOpponentHandleHitAnimation
0x080673EC	thumb	LinkOpponentHandleCantSwitch
0x080673F8	thumb	LinkOpponentHandlePlaySE
0x0806743C	thumb	LinkOpponentHandlePlayFanfareOrBGM
0x08067498	thumb	LinkOpponentHandleFaintingCry
0x080674D4	thumb	LinkOpponentHandleIntroSlide
0x08067508	thumb	LinkOpponentHandleIntroTrainerBallThrow
0x08067618	thumb	Task_StartSendOutAnim
0x080676FC	thumb	SpriteCB_FreeOpponentSprite
0x08067718	thumb	LinkOpponentHandleDrawPartyStatusSummary
0x0806782C	thumb	EndDrawPartyStatusSummary
0x08067874	thumb	LinkOpponentHandleHidePartyStatusSummary
0x080678C4	thumb	LinkOpponentHandleEndBounceEffect
0x080678D0	thumb	LinkOpponentHandleSpriteInvisibility
0x08067930	thumb	LinkOpponentHandleBattleAnimation
0x080679A4	thumb	LinkOpponentHandleLinkStandbyMsg
0x080679C4	thumb	LinkOpponentHandleResetActionMoveSelection
0x080679D0	thumb	LinkOpponentHandleEndLinkBattle
0x08067A70	thumb	LinkOpponentCmdEnd
0x08067A74	thumb	ZeroBoxMonData
0x08067A8C	thumb	ZeroMonData
0x08067B0C	thumb	ZeroPlayerPartyMons
0x08067B2C	thumb	ZeroEnemyPartyMons
0x08067B4C	thumb	CreateMon
0x08067BBC	thumb	CreateBoxMon
0x08067E90	thumb	CreateMonWithNature
0x08067EF8	thumb	CreateMonWithGenderNatureLetter
0x08067FF8	thumb	CreateMaleMon
0x08068060	thumb	CreateMonWithIVsPersonality
0x080680A0	thumb	CreateMonWithIVsOTID
0x08068114	thumb	CreateMonWithEVSpread
0x0806819C	thumb	CreateBattleTowerMon
0x08068338	thumb	CreateBattleTowerMon_HandleLevel
0x08068528	thumb	CreateApprenticeMon
0x08068634	thumb	CreateMonWithEVSpreadNatureOTID
0x080686FC	thumb	ConvertPokemonToBattleTowerPokemon
0x080688A8	thumb	CreateEventMon
0x080688F8	thumb	ShouldIgnoreDeoxysForm
0x08068A10	thumb	GetDeoxysStat
0x08068AA4	thumb	SetDeoxysStats
0x08068B48	thumb	GetUnionRoomTrainerPic
0x08068BB0	thumb	GetUnionRoomTrainerClass
0x08068C18	thumb	CreateEnemyEventMon
0x08068C78	thumb	CalculateBoxMonChecksum
0x08068D0C	thumb	CalculateMonStats
0x08069004	thumb	BoxMonToMon
0x08069054	thumb	GetLevelFromMonExp
0x080690C0	thumb	GetLevelFromBoxMonExp
0x0806912C	thumb	GiveMoveToMon
0x08069140	thumb	GiveMoveToBoxMon
0x080691B0	thumb	GiveMoveToBattleMon
0x080691F4	thumb	SetMonMoveSlot
0x08069234	thumb	SetBattleMonMoveSlot
0x08069264	thumb	GiveMonInitialMoveset
0x08069270	thumb	GiveBoxMonInitialMoveset
0x08069318	thumb	MonTryLearningNewMove
0x08069424	thumb	DeleteFirstMoveAndGiveMoveToMon
0x080694D0	thumb	DeleteFirstMoveAndGiveMoveToBoxMon
0x0806957C	thumb	CalculateBaseDamage
0x08069DEC	thumb	CountAliveMonsInBattle
0x08069ED8	thumb	ShouldGetStatBadgeBoost
0x08069F34	thumb	GetDefaultMoveTarget
0x08069FB4	thumb	GetMonGender
0x08069FC4	thumb	GetBoxMonGender
0x0806A020	thumb	GetGenderFromSpeciesAndPersonality
0x0806A068	thumb	SetMultiuseSpriteTemplateToPokemon
0x0806A12C	thumb	SetMultiuseSpriteTemplateToTrainerBack
0x0806A1C0	thumb	SetMultiuseSpriteTemplateToTrainerFront
0x0806A228	thumb	EncryptBoxMon
0x0806A24C	thumb	DecryptBoxMon
0x0806A270	thumb	GetSubstruct
0x0806A518	thumb	GetMonData2
0x0806A674	thumb	GetBoxMonData2
0x0806ACAC	thumb	SetMonData
0x0806AD9C	thumb	SetBoxMonData
0x0806B408	thumb	CopyMon
0x0806B414	thumb	GiveMonToPlayer
0x0806B490	thumb	CopyMonToPC
0x0806B53C	thumb	CalculatePlayerPartyCount
0x0806B580	thumb	CalculateEnemyPartyCount
0x0806B5C4	thumb	GetMonsStateToDoubles
0x0806B638	thumb	GetMonsStateToDoubles_2
0x0806B694	thumb	GetAbilityBySpecies
0x0806B6D8	thumb	GetMonAbility
0x0806B70C	thumb	CreateSecretBaseEnemyParty
0x0806B830	thumb	GetSecretBaseTrainerPicIndex
0x0806B870	thumb	GetSecretBaseTrainerClass
0x0806B8B0	thumb	IsPlayerPartyAndPokemonStorageFull
0x0806B8E4	thumb	IsPokemonStorageFull
0x0806B914	thumb	GetSpeciesName
0x0806B960	thumb	CalculatePPWithBonus
0x0806B9A8	thumb	RemoveMonPPBonus
0x0806B9E4	thumb	RemoveBattleMonPPBonus
0x0806B9FC	thumb	CopyPlayerPartyMonToBattleData
0x0806BD04	thumb	ExecuteTableBasedItemEffect
0x0806BD28	thumb	PokemonUseItemEffects
0x0806CD6C	thumb	HealStatusConditions
0x0806CDDC	thumb	GetItemEffectParamOffset
0x0806CF24	thumb	BufferStatRoseMessage
0x0806CF78	thumb	UseStatIncreaseItem
0x0806D070	thumb	GetNature
0x0806D088	thumb	GetNatureFromPersonality
0x0806D098	thumb	GetEvolutionTargetSpecies
0x0806D3C0	thumb	HoennPokedexNumToSpecies
0x0806D40C	thumb	NationalPokedexNumToSpecies
0x0806D458	thumb	NationalToHoennOrder
0x0806D4A4	thumb	SpeciesToNationalPokedexNum
0x0806D4C8	thumb	SpeciesToHoennPokedexNum
0x0806D4EC	thumb	HoennToNationalOrder
0x0806D510	thumb	SpeciesToCryId
0x0806D544	thumb	DrawSpindaSpotsUnused
0x0806D664	thumb	DrawSpindaSpots
0x0806D778	thumb	EvolutionRenameMon
0x0806D7EC	thumb	GetPlayerFlankId
0x0806D82C	thumb	GetLinkTrainerFlankId
0x0806D864	thumb	GetBattlerMultiplayerId
0x0806D888	thumb	GetTrainerEncounterMusicId
0x0806D8D4	thumb	ModifyStatByNature
0x0806D934	thumb	AdjustFriendship
0x0806DADC	thumb	MonGainEVs
0x0806DC8C	thumb	GetMonEVCount
0x0806DCB4	thumb	RandomlyGivePartyPokerus
0x0806DD7C	thumb	CheckPartyPokerus
0x0806DDE4	thumb	CheckPartyHasHadPokerus
0x0806DE44	thumb	UpdatePartyPokerusTime
0x0806DEC4	thumb	PartySpreadPokerus
0x0806DF74	thumb	TryIncrementMonLevel
0x0806E00C	thumb	CanMonLearnTMHM
0x0806E064	thumb	CanSpeciesLearnTMHM
0x0806E0B4	thumb	GetMoveRelearnerMoves
0x0806E204	thumb	GetLevelUpMovesBySpecies
0x0806E25C	thumb	GetNumberOfRelearnableMoves
0x0806E3C0	thumb	SpeciesToPokedexNum
0x0806E3F8	thumb	IsSpeciesInHoennDex
0x0806E414	thumb	ClearBattleMonForms
0x0806E42C	thumb	GetBattleBGM
0x0806E64C	thumb	PlayBattleBGM
0x0806E668	thumb	PlayMapChosenOrBattleBGM
0x0806E694	thumb	CreateTask_PlayMapChosenOrBattleBGM
0x0806E6CC	thumb	Task_PlayMapChosenOrBattleBGM
0x0806E708	thumb	GetMonFrontSpritePal
0x0806E740	thumb	GetMonSpritePalFromSpeciesAndPersonality
0x0806E794	thumb	GetMonSpritePalStruct
0x0806E7CC	thumb	GetMonSpritePalStructFromOtIdPersonality
0x0806E804	thumb	IsHMMove2
0x0806E840	thumb	IsMonSpriteNotFlipped
0x0806E858	thumb	GetMonFlavorRelation
0x0806E880	thumb	GetFlavorRelationByPersonality
0x0806E8A8	thumb	IsTradedMon
0x0806E8D4	thumb	IsOtherTrainer
0x0806E924	thumb	MonRestorePP
0x0806E930	thumb	BoxMonRestorePP
0x0806E994	thumb	SetMonPreventsSwitchingString
0x0806EA40	thumb	GetWildMonTableIdInAlteringCave
0x0806EA68	thumb	SetWildMonHeldItem
0x0806EBA4	thumb	IsMonShiny
0x0806EBD0	thumb	IsShinyOtIdPersonality
0x0806EBF8	thumb	GetTrainerPartnerName
0x0806EC70	thumb	Task_AnimateAfterDelay
0x0806ECAC	thumb	Task_PokemonSummaryAnimateAfterDelay
0x0806ECEC	thumb	BattleAnimateFrontSprite
0x0806ED40	thumb	DoMonFrontSpriteAnimation
0x0806EE0C	thumb	PokemonSummaryDoMonAnimation
0x0806EE98	thumb	StopPokemonAnimationDelayTask
0x0806EEB4	thumb	BattleAnimateBackSprite
0x0806EF08	thumb	GetOwnOpposingLinkMultiBattlerId
0x0806EF84	thumb	GetOpposingLinkMultiBattlerId
0x0806EFF0	thumb	FacilityClassToPicIndex
0x0806F000	thumb	PlayerGenderToFrontTrainerPicId
0x0806F01C	thumb	HandleSetPokedexFlag
0x0806F07C	thumb	GetTrainerClassNameFromId
0x0806F0B0	thumb	GetTrainerNameFromId
0x0806F0D4	thumb	HasTwoFramesAnimation
0x0806F104	thumb	ShouldSkipFriendshipChange
0x0806F160	thumb	InitMonSpritesGfx_Battle
0x0806F1FC	thumb	InitMonSpritesGfx_FullParty
0x0806F2AC	thumb	CreateMonSpritesGfxManager
0x0806F47C	thumb	DestroyMonSpritesGfxManager
0x0806F4F8	thumb	MonSpritesGfxManager_GetSpritePtr
0x0806F534	thumb	Sin
0x0806F550	thumb	Cos
0x0806F570	thumb	Sin2
0x0806F5B4	thumb	Cos2
0x0806F5CC	thumb	Random
0x0806F5F8	thumb	SeedRng
0x0806F610	thumb	SeedRng2
0x0806F620	thumb	Random2
0x0806F640	thumb	CreateInvisibleSpriteWithCallback
0x0806F67C	thumb	StoreWordInTwoHalfwords
0x0806F684	thumb	LoadWordFromTwoHalfwords
0x0806F694	thumb	SetBgAffineStruct
0x0806F6C0	thumb	DoBgAffineSet
0x0806F70C	thumb	CopySpriteTiles
0x0806F8A8	thumb	CountTrailingZeroBits
0x0806F8D0	thumb	CalcCRC16
0x0806F928	thumb	CalcCRC16WithTable
0x0806F96C	thumb	CalcByteArraySum
0x0806F98C	thumb	BlendPalette
0x0806FA2C	thumb	GetMonNickname2
0x0806FA4C	thumb	GetBoxMonNickname
0x0806FA6C	thumb	CountPokemonInDaycare
0x0806FA9C	thumb	InitDaycareMailRecordMixing
0x0806FB08	thumb	Daycare_FindEmptySpot
0x0806FB38	thumb	StorePokemonInDaycare
0x0806FBF4	thumb	StorePokemonInEmptyDaycareSlot
0x0806FC18	thumb	StoreSelectedPokemonInDaycare
0x0806FC48	thumb	ShiftDaycareSlots
0x0806FCA4	thumb	ApplyDaycareExperience
0x0806FCF8	thumb	TakeSelectedPokemonFromDaycare
0x0806FD9C	thumb	TakeSelectedPokemonMonFromDaycareShiftSlots
0x0806FDC4	thumb	TakePokemonFromDaycare
0x0806FDEC	thumb	GetLevelAfterDaycareSteps
0x0806FE28	thumb	GetNumLevelsGainedFromSteps
0x0806FE54	thumb	GetNumLevelsGainedForDaycareMon
0x0806FE88	thumb	PrepareDaycareCostStringForSelectedMon
0x0806FEC0	thumb	PrepareDaycareCostStringForMon
0x0806FED8	thumb	GetDaycareCostAndPrepareString
0x0806FF04	thumb	Debug_AddDaycareSteps
0x0806FF30	thumb	GetNumLevelsGainedFromDaycare
0x0806FF80	thumb	ClearDaycareMonMail
0x0806FFB0	thumb	ClearDaycareMon
0x0806FFD0	thumb	ClearAllDaycareData
0x08070004	thumb	GetEggSpecies
0x08070084	thumb	GetParentToInheritNature
0x08070114	thumb	_TriggerPendingDaycareEgg
0x080701B8	thumb	_TriggerPendingDaycareMaleEgg
0x080701E0	thumb	TriggerPendingDaycareEgg
0x080701FC	thumb	TriggerPendingDaycareMaleEgg
0x08070218	thumb	RemoveIVIndexFromList
0x08070260	thumb	InheritIVs
0x080703C8	thumb	GetEggMoves
0x08070470	thumb	BuildEggMoveset
0x08070710	thumb	RemoveEggFromDayCare
0x08070728	thumb	RejectEggFromDayCare
0x08070744	thumb	AlterEggSpeciesWithIncenseItem
0x080707A4	thumb	GiveVoltTackleIfLightBall
0x080707EC	thumb	DetermineEggSpeciesAndParentSlots
0x080708C8	thumb	_GiveEggFromDaycare
0x08070954	thumb	CreateEgg
0x08070A0C	thumb	SetInitialEggData
0x08070AA8	thumb	GiveEggFromDaycare
0x08070AC4	thumb	TryProduceOrHatchEgg
0x08070BD0	thumb	ShouldEggHatch
0x08070BF0	thumb	IsEggPending
0x08070C04	thumb	_GetDaycareMonNicknames
0x08070C58	thumb	GetSelectedMonNicknameAndSpecies
0x08070C94	thumb	GetDaycareMonNicknames
0x08070CB0	thumb	GetDaycareState
0x08070CF8	thumb	GetDaycarePokemonCount
0x08070D1C	thumb	EggGroupsOverlap
0x08070D4C	thumb	GetDaycareCompatibilityScore
0x08070E6C	thumb	GetDaycareCompatibilityScoreFromSave
0x08070E8C	thumb	SetDaycareCompatibilityString
0x08070ECC	thumb	NameHasGenderSymbol
0x08070F48	thumb	AppendGenderSymbol
0x08070F98	thumb	AppendMonGenderSymbol
0x08070FB4	thumb	GetDaycareLevelMenuText
0x08071038	thumb	GetDaycareLevelMenuLevelText
0x0807109C	thumb	DaycareAddTextPrinter
0x08071110	thumb	DaycarePrintMonNickname
0x08071148	thumb	DaycarePrintMonLvl
0x080711B8	thumb	DaycarePrintMonInfo
0x08071204	thumb	Task_HandleDaycareLevelMenuInput
0x080712C0	thumb	ShowDaycareLevelMenu
0x08071330	thumb	ChooseSendDaycareMon
0x08071348	thumb	CreateHatchedMon
0x080714B8	thumb	AddHatchedMonToParty
0x08071578	thumb	ScriptHatchMon
0x0807158C	thumb	_CheckDaycareMonReceivedMail
0x08071614	thumb	CheckDaycareMonReceivedMail
0x0807163C	thumb	EggHatchCreateMonSprite
0x0807172C	thumb	VBlankCB_EggHatch
0x08071740	thumb	EggHatch
0x08071760	thumb	Task_EggHatch
0x080717A0	thumb	CB2_LoadEggHatch
0x080719FC	thumb	EggHatchSetMonNickname
0x08071A3C	thumb	Task_EggHatchPlayBGM
0x08071A94	thumb	CB2_EggHatch
0x08071E34	thumb	SpriteCB_Egg_Shake1
0x08071E8C	thumb	SpriteCB_Egg_Shake2
0x08071EF0	thumb	SpriteCB_Egg_Shake3
0x08071FA4	thumb	SpriteCB_Egg_WaitHatch
0x08071FC8	thumb	SpriteCB_Egg_Hatch
0x08072048	thumb	SpriteCB_Egg_Reveal
0x080720E8	thumb	SpriteCB_EggShard
0x08072140	thumb	CreateRandomEggShardSprite
0x08072194	thumb	CreateEggShardSprite
0x08072214	thumb	EggHatchPrintMessage
0x0807228C	thumb	GetEggCyclesToSubtract
0x080722E0	thumb	CountPartyAliveNonEggMons
0x08072304	thumb	DummiedOutFunction
0x08072308	thumb	Debug_DrawNumber
0x080724A8	thumb	Debug_DrawNumberPair
0x080724DC	thumb	CreateBattlerHealthboxSprites
0x08072804	thumb	CreateSafariPlayerHealthboxSprites
0x080728A4	thumb	GetHealthboxElementGfxPtr
0x080728B4	thumb	SpriteCB_HealthBar
0x08072924	thumb	SpriteCB_HealthBoxOther
0x0807294C	thumb	SetBattleBarStruct
0x08072984	thumb	SetHealthboxSpriteInvisible
0x080729D0	thumb	SetHealthboxSpriteVisible
0x08072A24	thumb	UpdateSpritePos
0x08072A44	thumb	DestoryHealthboxSprite
0x08072A84	thumb	DummyBattleInterfaceFunc
0x08072A88	thumb	UpdateOamPriorityInAllHealthboxes
0x08072B18	thumb	InitBattlerHealthboxCoords
0x08072B94	thumb	UpdateLvlInHealthbox
0x08072C38	thumb	UpdateHpTextInHealthbox
0x08072E0C	thumb	UpdateHpTextInHealthboxInDoubles
0x080730D4	thumb	PrintSafariMonInfo
0x08073314	thumb	SwapHpBarsWithHpText
0x080735DC	thumb	CreatePartyStatusSummarySprites
0x08073C30	thumb	Task_HidePartyStatusSummary
0x08073E08	thumb	Task_HidePartyStatusSummary_BattleStart_1
0x08073E64	thumb	Task_HidePartyStatusSummary_BattleStart_2
0x08073F98	thumb	Task_HidePartyStatusSummary_DuringBattle
0x08074078	thumb	SpriteCB_StatusSummaryBar_Enter
0x08074090	thumb	SpriteCB_StatusSummaryBar_Exit
0x080740C4	thumb	SpriteCB_StatusSummaryBalls_Enter
0x08074158	thumb	SpriteCB_StatusSummaryBalls_Exit
0x080741C8	thumb	SpriteCB_StatusSummaryBalls_OnSwitchout
0x080741E8	thumb	UpdateNickInHealthbox
0x08074310	thumb	TryAddPokeballIconToHealthbox
0x080743F8	thumb	UpdateStatusIconInHealthbox
0x080746A8	thumb	GetStatusIconForBattlerId
0x08074770	thumb	UpdateSafariBallsTextOnHealthbox
0x080747D8	thumb	UpdateLeftNoOfBallsTextOnHealthbox
0x08074860	thumb	UpdateHealthboxAttribute
0x08074AA0	thumb	MoveBattleBar
0x08074B9C	thumb	MoveBattleBarGraphically
0x08074DB8	thumb	CalcNewBarValue
0x08074E8C	thumb	CalcBarFilledPixels
0x08074F28	thumb	Debug_TestHealthBar
0x08074F88	thumb	Debug_TestHealthBar_Helper
0x08074FE8	thumb	GetScaledExpFraction
0x08075034	thumb	GetScaledHPFraction
0x08075060	thumb	GetHPBarLevel
0x08075094	thumb	AddTextPrinterAndCreateWindowOnHealthbox
0x0807512C	thumb	RemoveWindowOnHealthbox
0x0807513C	thumb	FillHealthboxObject
0x08075170	thumb	HpTextIntoHealthboxObject
0x08075198	thumb	TextIntoHealthboxObject
0x080751E4	thumb	SafariTextIntoHealthboxObject
0x0807521C	thumb	SmokescreenImpact
0x08075370	thumb	SpriteCB_SmokescreenImpactMain
0x080753B4	thumb	SpriteCB_SmokescreenImpact
0x080753E8	thumb	DoPokeballSendOutAnimation
0x08075450	thumb	Task_DoPokeballSendOutAnim
0x08075620	thumb	SpriteCB_BallThrow
0x080756D4	thumb	SpriteCB_BallThrow_ReachMon
0x080756E0	thumb	SpriteCB_BallThrow_StartShrinkMon
0x0807574C	thumb	SpriteCB_BallThrow_ShrinkMon
0x080757E4	thumb	SpriteCB_BallThrow_Close
0x08075838	thumb	SpriteCB_BallThrow_FallToGround
0x08075930	thumb	SpriteCB_BallThrow_StartShakes
0x08075970	thumb	SpriteCB_BallThrow_Shake
0x08075ABC	thumb	Task_PlayCryWhenReleasedFromBall
0x08075D14	thumb	SpriteCB_ReleaseMonFromBall
0x08075FB4	thumb	SpriteCB_BallThrow_StartCaptureMon
0x08075FD4	thumb	HandleBallAnimEnd
0x080760F8	thumb	SpriteCB_BallThrow_CaptureMon
0x080761B4	thumb	SpriteCB_PlayerMonSendOut_1
0x08076204	thumb	SpriteCB_PlayerMonSendOut_2
0x08076374	thumb	SpriteCB_ReleaseMon2FromBall
0x08076398	thumb	SpriteCB_OpponentMonSendOut
0x080763F8	thumb	AnimateBallOpenParticlesForPokeball
0x08076420	thumb	LaunchBallFadeMonTaskForPokeball
0x08076438	thumb	CreatePokeballSpriteToReleaseMon
0x08076524	thumb	SpriteCB_PokeballReleaseMon
0x080765E0	thumb	SpriteCB_ReleasedMonFlyOut
0x0807671C	thumb	CreateTradePokeballSprite
0x080767D4	thumb	SpriteCB_TradePokeball
0x0807687C	thumb	SpriteCB_TradePokeballSendOff
0x080768F0	thumb	SpriteCB_TradePokeballEnd
0x0807690C	thumb	DestroySpriteAndFreeResources_Ball
0x08076918	thumb	StartHealthboxSlideIn
0x080769A8	thumb	SpriteCB_HealthboxSlideInDelayed
0x080769CC	thumb	SpriteCB_HealthboxSlideIn
0x080769F4	thumb	DoHitAnimHealthboxEffect
0x08076A38	thumb	SpriteCB_HitAnimHealthoxEffect
0x08076A78	thumb	LoadBallGfx
0x08076AE8	thumb	FreeBallGfx
0x08076B14	thumb	GetBattlerPokeballItemId
0x08076B68	thumb	CheckForFlashMemory
0x08076B94	thumb	ClearSav2
0x08076BB8	thumb	ClearSav1
0x08076BDC	thumb	SetSaveBlocksPointers
0x08076C2C	thumb	MoveSaveBlocks_ResetHeap
0x08076D24	thumb	UseContinueGameWarp
0x08076D34	thumb	ClearContinueGameWarpStatus
0x08076D48	thumb	SetContinueGameWarpStatus
0x08076D5C	thumb	SetContinueGameWarpStatusToDynamicWarp
0x08076D78	thumb	ClearContinueGameWarpStatus2
0x08076D8C	thumb	SavePlayerParty
0x08076DD4	thumb	LoadPlayerParty
0x08076E1C	thumb	SaveObjectEvents
0x08076E64	thumb	LoadObjectEvents
0x08076EAC	thumb	CopyPartyAndObjectsToSave
0x08076EBC	thumb	CopyPartyAndObjectsFromSave
0x08076ECC	thumb	LoadPlayerBag
0x08076FE0	thumb	SavePlayerBag
0x08077100	thumb	ApplyNewEncryptionKeyToHword
0x08077118	thumb	ApplyNewEncryptionKeyToWord
0x08077130	thumb	ApplyNewEncryptionKeyToAllEncryptedData
0x08077170	thumb	SendLinkData
0x080771AC	thumb	RequestLinkData
0x080771BC	thumb	IsLinkTradeTaskFinished
0x08077200	thumb	_GetBlockReceivedStatus
0x08077210	thumb	TradeResetReceivedFlags
0x08077234	thumb	TradeResetReceivedFlag
0x08077260	thumb	IsWirelessTrade
0x08077288	thumb	SetTradeLinkStandbyCallback
0x08077294	thumb	_IsLinkTaskFinished
0x080772A4	thumb	InitTradeMenu
0x080773AC	thumb	CB2_StartCreateTradeMenu
0x080773D0	thumb	CB2_CreateTradeMenu
0x08077B74	thumb	CB2_ReturnToTradeMenu
0x0807811C	thumb	VBlankCB_TradeMenu
0x08078130	thumb	CB_FadeToStartTrade
0x0807816C	thumb	CB_WaitToStartTrade
0x080781C8	thumb	CB_StartLinkTrade
0x0807825C	thumb	CB2_TradeMenu
0x080782B8	thumb	LoadTradeBgGfx
0x08078388	thumb	SetActiveMenuOptions
0x08078438	thumb	Trade_Memcpy
0x08078458	thumb	BufferTradeParties
0x080787B8	thumb	PrintIsThisTradeOkay
0x080787E0	thumb	Leader_ReadLinkBuffer
0x08078900	thumb	Follower_ReadLinkBuffer
0x080789FC	thumb	Leader_HandleCommunication
0x08078BFC	thumb	_SetLinkData
0x08078C10	thumb	SetLinkData
0x08078C34	thumb	CB1_UpdateLink
0x08078C6C	thumb	GetNewCursorPosition
0x08078CB8	thumb	TradeMenuMoveCursor
0x08078D78	thumb	SetReadyToTrade
0x08078DBC	thumb	CB_ProcessMenuInput
0x08078EF8	thumb	RedrawChooseAPokemonWindow
0x08078F50	thumb	CB_ProcessSelectedMonInput
0x08079034	thumb	CB_ChooseMonAfterButtonPress
0x0807905C	thumb	CB_ShowTradeMonSummaryScreen
0x080790D4	thumb	CheckValidityOfTradeMons
0x08079174	thumb	CheckMonsBeforeTrade
0x08079218	thumb	CB_ProcessConfirmTradeInput
0x0807929C	thumb	RestoreNicknamesCoveredByYesNo
0x080792E4	thumb	CB_ProcessCancelTradeInput
0x0807935C	thumb	CB_SetSelectedMons
0x08079398	thumb	CB_PrintIsThisTradeOkay
0x080793C4	thumb	CB_InitConfirmTradePrompt
0x08079408	thumb	CB_HandleTradeCanceled
0x08079490	thumb	CB_InitExitCanceledTrade
0x080794CC	thumb	CB_ExitCanceledTrade
0x08079550	thumb	CB_WaitToStartRfuTrade
0x0807957C	thumb	CB_PartnersMonWasInvalid
0x080795AC	thumb	RunTradeMenuCallback
0x0807967C	thumb	SetSelectedMon
0x080796B4	thumb	DrawSelectedMonScreen
0x08079A3C	thumb	GetMonNicknameWidth
0x08079AA4	thumb	BufferMovesString
0x08079B84	thumb	PrintPartyMonNickname
0x08079BE0	thumb	PrintPartyNicknames
0x08079C4C	thumb	PrintLevelAndGender
0x08079E44	thumb	PrintPartyLevelsAndGenders
0x08079EA8	thumb	ShowTradePartyMonIcons
0x08079F74	thumb	PrintTradePartnerPartyNicknames
0x08079F88	thumb	RedrawPartyWindow
0x0807A000	thumb	Task_DrawSelectionSummary
0x0807A024	thumb	Task_DrawSelectionTrade
0x0807A048	thumb	QueueAction
0x0807A09C	thumb	GetNumQueuedActions
0x0807A0C4	thumb	DoQueuedActions
0x0807A19C	thumb	PrintTradeMessage
0x0807A1F0	thumb	LoadUISpriteGfx
0x0807A308	thumb	DrawBottomRowText
0x0807A320	thumb	ComputePartyTradeableFlags
0x0807A468	thumb	ComputePartyHPBarLevels
0x0807A53C	thumb	SetTradePartyHPBarSprites
0x0807A5B0	thumb	SaveTradeGiftRibbons
0x0807A5F4	thumb	CanTradeSelectedMon
0x0807A728	thumb	GetGameProgressForLinkTrade
0x0807A7BC	thumb	IsDeoxysOrMewUntradable
0x0807A7E0	thumb	GetUnionRoomTradeMessageId
0x0807A8D0	thumb	CanRegisterMonForTradingBoard
0x0807A918	thumb	CanSpinTradeMon
0x0807AA28	thumb	SpriteCB_LinkMonGlow
0x0807AA4C	thumb	SpriteCB_LinkMonGlowWireless
0x0807AA7C	thumb	SpriteCB_LinkMonShadow
0x0807AABC	thumb	SpriteCB_CableEndSending
0x0807AAE0	thumb	SpriteCB_CableEndReceiving
0x0807AB04	thumb	SpriteCB_GbaScreen
0x0807AB28	thumb	SetTradeBGAffine
0x0807ABCC	thumb	SetTradeGpuRegs
0x0807AC24	thumb	VBlankCB_TradeAnim
0x0807AC3C	thumb	ClearLinkTimeoutTimer
0x0807AC64	thumb	CheckForLinkTimeout
0x0807ACDC	thumb	TradeGetMultiplayerId
0x0807ACFC	thumb	LoadTradeMonPic
0x0807AE50	thumb	CB2_LinkTrade
0x0807B140	thumb	InitTradeSequenceBgGpuRegs
0x0807B154	thumb	LinkTradeDrawWindow
0x0807B170	thumb	TradeAnimInit_LoadGfx
0x0807B270	thumb	CB2_InitInGameTrade
0x0807B464	thumb	UpdatePokedexForReceivedMon
0x0807B4C4	thumb	TryEnableNationalDexFromLinkPartner
0x0807B4D0	thumb	TradeMons
0x0807B5B8	thumb	HandleLinkDataSend
0x0807B60C	thumb	CB2_InGameTrade
0x0807B62C	thumb	SetTradeSequenceBgGpuRegs
0x0807BA94	thumb	LoadTradeSequenceSpriteSheetsAndPalettes
0x0807BAD8	thumb	BufferTradeSceneStrings
0x0807BBC8	thumb	DoTradeAnim
0x0807BBEC	thumb	DoTradeAnim_Cable
0x0807CFC8	thumb	DoTradeAnim_Wireless
0x0807E414	thumb	CB2_TryLinkTradeEvolution
0x0807E4DC	thumb	HandleLinkDataReceive
0x0807E55C	thumb	SpriteCB_BouncingPokeball
0x0807E5D8	thumb	SpriteCB_BouncingPokeballDepart
0x0807E64C	thumb	SpriteCB_BouncingPokeballDepartEnd
0x0807E6AC	thumb	SpriteCB_BouncingPokeballArrive
0x0807E73C	thumb	GetInGameTradeSpeciesInfo
0x0807E784	thumb	BufferInGameTradeMonName
0x0807E7E8	thumb	CreateInGameTradePokemonInternal
0x0807E974	thumb	GetInGameTradeMail
0x0807E9D4	thumb	GetTradeSpecies
0x0807EA10	thumb	CreateInGameTradePokemon
0x0807EA2C	thumb	CB2_UpdateLinkTrade
0x0807EACC	thumb	CB2_WaitTradeComplete
0x0807EB50	thumb	CB2_SaveAndEndTrade
0x0807F068	thumb	CB2_FreeTradeAnim
0x0807F0E4	thumb	DoInGameTradeScene
0x0807F110	thumb	Task_InGameTrade
0x0807F14C	thumb	CheckPartnersMonForRibbons
0x0807F19C	thumb	LoadTradeAnimGfx
0x0807F1A8	thumb	DrawTextOnTradeWindow
0x0807F210	thumb	Task_AnimateWirelessSignal
0x0807F2E4	thumb	Task_OpenCenterWhiteColumn
0x0807F39C	thumb	Task_CloseCenterWhiteColumn
0x0807F464	thumb	CB2_SaveAndEndWirelessTrade
0x0807F738	thumb	UpdateHitPitch
0x0807F764	thumb	VBlankCB_BerryBlender
0x0807F7D8	thumb	LoadBerryBlenderGfx
0x0807F9D0	thumb	DrawBlenderBg
0x0807FA34	thumb	InitBerryBlenderWindows
0x0807FA80	thumb	DoBerryBlending
0x0807FAC8	thumb	CB2_LoadBerryBlender
0x0807FD08	thumb	SpriteCB_Berry
0x0807FD64	thumb	SetBerrySpriteData
0x0807FD90	thumb	CreateBerrySprite
0x0807FE14	thumb	ConvertItemToBlenderBerry
0x0807FE54	thumb	InitLocalPlayers
0x0807FFA4	thumb	StartBlender
0x08080018	thumb	CB2_StartBlenderLink
0x08080588	thumb	InitBlenderBgs
0x08080624	thumb	GetArrowProximity
0x08080674	thumb	SetOpponentsBerryData
0x0808074C	thumb	SetPlayerIdMaps
0x080807BC	thumb	PrintPlayerNames
0x080808D4	thumb	CB2_StartBlenderLocal
0x08080DF8	thumb	ResetLinkCmds
0x08080E20	thumb	Task_OpponentMiss
0x08080E6C	thumb	CreateOpponentMissTask
0x08080EA4	thumb	Task_HandleOpponent1
0x08080FD0	thumb	Task_HandleOpponent2
0x080810F8	thumb	Task_HandleOpponent3
0x08081224	thumb	Task_HandleBerryMaster
0x08081288	thumb	CreateScoreSymbolSprite
0x08081370	thumb	UpdateSpeedFromHit
0x080814B0	thumb	CheckRecvCmdMatches
0x080814F4	thumb	UpdateOpponentScores
0x08081744	thumb	HandlePlayerInput
0x08081898	thumb	CB2_PlayBlender
0x08081960	thumb	Blender_DummiedOutFunc
0x08081964	thumb	AreBlenderBerriesSame
0x080819B8	thumb	CalculatePokeblockColor
0x08081BB0	thumb	Debug_SetMaxRPMStage
0x08081BBC	thumb	Debug_GetMaxRPMStage
0x08081BC8	thumb	Debug_SetGameTimeStage
0x08081BD4	thumb	Debug_GetGameTimeStage
0x08081BE0	thumb	CalculatePokeblock
0x08081E04	thumb	Debug_CalculatePokeblock
0x08081E20	thumb	Debug_SetStageVars
0x08081F94	thumb	SendContinuePromptResponse
0x08081FC8	thumb	CB2_EndBlenderGame
0x080824FC	thumb	LinkPlayAgainHandleSaving
0x08082644	thumb	CB2_CheckPlayAgainLink
0x08082924	thumb	CB2_CheckPlayAgainLocal
0x08082AD4	thumb	ProcessLinkPlayerCmds
0x08082CB4	thumb	DrawBlenderCenter
0x08082D18	thumb	GetBlenderArrowPosition
0x08082D28	thumb	UpdateBlenderCenter
0x08082DF4	thumb	SetBgPos
0x08082E3C	thumb	SpriteCB_Particle
0x08082E84	thumb	CreateParticleSprites
0x08082F68	thumb	SpriteCB_ScoreSymbol
0x08082F9C	thumb	SpriteCB_ScoreSymbolBest
0x08082FDC	thumb	SetPlayerBerryData
0x08083010	thumb	SpriteCB_CountdownNumber
0x080830C0	thumb	SpriteCB_Start
0x08083140	thumb	TryUpdateProgressBar
0x08083170	thumb	UpdateProgressBar
0x08083210	thumb	ArrowSpeedToRPM
0x08083230	thumb	UpdateRPM
0x080832BC	thumb	ShakeBgCoordForHit
0x080832E8	thumb	RestoreBgCoord
0x0808330C	thumb	RestoreBgCoords
0x08083334	thumb	BlenderLandShakeBgCoord
0x08083380	thumb	UpdateBlenderLandScreenShake
0x080833F8	thumb	SpriteCB_PlayerArrow
0x08083418	thumb	TryUpdateBerryBlenderRecord
0x08083450	thumb	PrintBlendingResults
0x080838AC	thumb	PrintMadePokeblockString
0x0808395C	thumb	SortBasedOnPoints
0x080839B4	thumb	SortScores
0x08083B08	thumb	PrintBlendingRanking
0x08083E24	thumb	ShowBerryBlenderRecordWindow
0x08083F3C	thumb	Task_PlayPokeblockFanfare
0x08083F94	thumb	TryAddContestLinkTvShow
0x080840D4	thumb	Blender_AddTextPrinter
0x0808417C	thumb	PrintMessage
0x080841E4	thumb	PlayTimeCounter_Reset
0x08084208	thumb	PlayTimeCounter_Start
0x08084230	thumb	PlayTimeCounter_Stop
0x0808423C	thumb	PlayTimeCounter_Update
0x080842A4	thumb	PlayTimeCounter_SetToMax
0x080842CC	thumb	SetTrainerId
0x080842DC	thumb	GetTrainerId
0x080842F4	thumb	CopyTrainerId
0x08084310	thumb	InitPlayerTrainerId
0x0808433C	thumb	SetDefaultOptions
0x08084390	thumb	ClearPokedexFlags
0x080843C0	thumb	ClearAllContestWinnerPics
0x08084400	thumb	ClearFrontierRecord
0x0808444C	thumb	WarpToTruck
0x0808446C	thumb	Sav2_ClearSetDefault
0x0808447C	thumb	ResetMenuAndMonGlobals
0x080844A0	thumb	NewGameInitData
0x080845CC	thumb	ResetMiniGamesRecords
0x08084620	thumb	DoWhiteOut
0x08084660	thumb	Overworld_ResetStateAfterFly
0x0808469C	thumb	Overworld_ResetStateAfterTeleport
0x080846E4	thumb	Overworld_ResetStateAfterDigEscRope
0x08084720	thumb	Overworld_ResetStateAfterWhiteOut
0x08084788	thumb	UpdateMiscOverworldStates
0x080847A8	thumb	ResetGameStats
0x080847C4	thumb	IncrementGameStat
0x080847F8	thumb	GetGameStat
0x08084830	thumb	SetGameStat
0x08084864	thumb	ApplyNewEncryptionKeyToGameStats
0x08084894	thumb	LoadObjEventTemplatesFromHeader
0x080848E0	thumb	LoadSaveblockObjEventScripts
0x08084910	thumb	SetObjEventTemplateCoords
0x0808494C	thumb	SetObjEventTemplateMovementType
0x08084980	thumb	InitMapView
0x080849A8	thumb	GetMapLayout
0x080849D0	thumb	ApplyCurrentWarp
0x08084A14	thumb	ClearDiveAndHoleWarps
0x08084A34	thumb	SetWarpData
0x08084A54	thumb	IsDummyWarp
0x08084A90	thumb	Overworld_GetMapHeaderByGroupAndId
0x08084AA8	thumb	GetDestinationWarpMapHeader
0x08084ACC	thumb	LoadCurrentMapData
0x08084B1C	thumb	LoadSaveblockMapHeader
0x08084B5C	thumb	SetPlayerCoordsFromWarp
0x08084BD8	thumb	WarpIntoMap
0x08084BEC	thumb	SetWarpDestination
0x08084C28	thumb	SetWarpDestinationToMapWarp
0x08084C48	thumb	SetDynamicWarp
0x08084C7C	thumb	SetDynamicWarpWithCoords
0x08084CB4	thumb	SetWarpDestinationToDynamicWarp
0x08084CCC	thumb	SetWarpDestinationToHealLocation
0x08084D04	thumb	SetWarpDestinationToLastHealLocation
0x08084D1C	thumb	SetLastHealLocationWarp
0x08084D5C	thumb	UpdateEscapeWarp
0x08084DD4	thumb	SetEscapeWarp
0x08084E14	thumb	SetWarpDestinationToEscapeWarp
0x08084E2C	thumb	SetFixedDiveWarp
0x08084E68	thumb	SetWarpDestinationToDiveWarp
0x08084E80	thumb	SetFixedHoleWarp
0x08084EBC	thumb	SetWarpDestinationToFixedHoleWarp
0x08084F14	thumb	SetWarpDestinationToContinueGameWarp
0x08084F2C	thumb	SetContinueGameWarp
0x08084F6C	thumb	SetContinueGameWarpToHealLocation
0x08084FAC	thumb	SetContinueGameWarpToDynamicWarp
0x08084FC0	thumb	GetMapConnection
0x08084FF8	thumb	SetDiveWarp
0x08085058	thumb	SetDiveWarpEmerge
0x08085078	thumb	SetDiveWarpDive
0x08085098	thumb	LoadMapFromCameraTransition
0x08085160	thumb	LoadMapFromWarp
0x08085268	thumb	ResetInitialPlayerAvatarState
0x08085278	thumb	StoreInitialPlayerAvatarState
0x080852D4	thumb	GetInitialPlayerAvatarState
0x0808532C	thumb	GetAdjustedInitialTransitionFlags
0x0808538C	thumb	GetAdjustedInitialDirection
0x08085450	thumb	GetCenterScreenMetatileBehavior
0x08085474	thumb	Overworld_IsBikingAllowed
0x08085494	thumb	SetDefaultFlashLevel
0x080854EC	thumb	SetFlashLevel
0x08085514	thumb	GetFlashLevel
0x08085524	thumb	SetCurrentMapLayout
0x08085540	thumb	SetObjectEventLoadFlag
0x0808554C	thumb	GetObjectEventLoadFlag
0x08085558	thumb	ShouldLegendaryMusicPlayAtLocation
0x080855B4	thumb	NoMusicInSootopolisWithLegendaries
0x080855E8	thumb	IsInfiltratedWeatherInstitute
0x08085618	thumb	IsInfiltratedSpaceCenter
0x0808565C	thumb	GetLocationMusic
0x080856D4	thumb	GetCurrLocationDefaultMusic
0x08085738	thumb	GetWarpDestinationMusic
0x08085778	thumb	Overworld_ResetMapMusic
0x08085784	thumb	Overworld_PlaySpecialMapMusic
0x080857F4	thumb	Overworld_SetSavedMusic
0x08085800	thumb	Overworld_ClearSavedMusic
0x08085810	thumb	TransitionMapMusic
0x08085898	thumb	Overworld_ChangeMusicToDefault
0x080858C4	thumb	Overworld_ChangeMusicTo
0x080858F0	thumb	GetMapMusicFadeoutSpeed
0x08085910	thumb	TryFadeOutOldMapMusic
0x080859A0	thumb	BGMusicStopped
0x080859B0	thumb	Overworld_FadeOutMapMusic
0x080859BC	thumb	PlayAmbientCry
0x08085A3C	thumb	UpdateAmbientCry
0x08085B2C	thumb	ChooseAmbientCrySpecies
0x08085B74	thumb	GetMapTypeByGroupAndId
0x08085B8C	thumb	GetMapTypeByWarpData
0x08085BA4	thumb	GetCurrentMapType
0x08085BBC	thumb	GetLastUsedWarpMapType
0x08085BD0	thumb	IsMapTypeOutdoors
0x08085BF4	thumb	Overworld_MapTypeAllowsTeleportAndFly
0x08085C14	thumb	IsMapTypeIndoors
0x08085C30	thumb	GetSavedWarpRegionMapSectionId
0x08085C58	thumb	GetCurrentRegionMapSectionId
0x08085C80	thumb	GetCurrentMapBattleScene
0x08085CA8	thumb	InitOverworldBgs
0x08085D34	thumb	CleanupOverworldWindowsAndTilemaps
0x08085D80	thumb	ResetSafariZoneFlag_
0x08085D8C	thumb	IsOverworldLinkActive
0x08085DAC	thumb	DoCB1_Overworld
0x08085E04	thumb	CB1_Overworld
0x08085E24	thumb	OverworldBasic
0x08085E50	thumb	CB2_OverworldBasic
0x08085E5C	thumb	CB2_Overworld
0x08085E88	thumb	SetMainCallback1
0x08085E94	thumb	SetUnusedCallback
0x08085EA0	thumb	RunFieldCallback
0x08085EF8	thumb	CB2_NewGame
0x08085F58	thumb	CB2_WhiteOut
0x08085FCC	thumb	CB2_LoadMap
0x08085FFC	thumb	CB2_LoadMap2
0x08086024	thumb	CB2_ReturnToFieldContestHall
0x08086074	thumb	CB2_ReturnToFieldCableClub
0x08086098	thumb	CB2_LoadMapOnReturnToFieldCableClub
0x080860C8	thumb	CB2_ReturnToField
0x080860F4	thumb	CB2_ReturnToFieldLocal
0x08086118	thumb	CB2_ReturnToFieldLink
0x08086140	thumb	CB2_ReturnToFieldFromMultiplayer
0x08086194	thumb	CB2_ReturnToFieldWithOpenMenu
0x080861B0	thumb	CB2_ReturnToFieldContinueScript
0x080861CC	thumb	CB2_ReturnToFieldContinueScriptPlayMapMusic
0x080861E8	thumb	CB2_ReturnToFieldFadeFromBlack
0x08086204	thumb	FieldCB_FadeTryShowMapPopup
0x08086230	thumb	CB2_ContinueSavedGame
0x0808631C	thumb	FieldClearVBlankHBlankCallbacks
0x08086380	thumb	SetFieldVBlankCallback
0x08086390	thumb	VBlankCB_Field
0x080863B0	thumb	InitCurrentFlashLevelScanlineEffect
0x080863F8	thumb	LoadMapInStepsLink
0x0808651C	thumb	LoadMapInStepsLocal
0x08086638	thumb	ReturnToFieldLocal
0x08086698	thumb	ReturnToFieldLink
0x080867B0	thumb	DoMapLoadLoop
0x080867C8	thumb	ResetMirageTowerAndSaveBlockPtrs
0x080867D8	thumb	ResetScreenForMapLoad
0x08086860	thumb	InitViewGraphics
0x08086878	thumb	InitOverworldGraphicsRegisters
0x08086988	thumb	ResumeMap
0x080869DC	thumb	InitObjectEventsLink
0x08086A04	thumb	InitObjectEventsLocal
0x08086A68	thumb	InitObjectEventsReturnToField
0x08086A80	thumb	SetCameraToTrackPlayer
0x08086AAC	thumb	SetCameraToTrackGuestPlayer
0x08086AC8	thumb	SetCameraToTrackGuestPlayer_2
0x08086AE4	thumb	OffsetCameraFocusByLinkPlayerId
0x08086B14	thumb	SpawnLinkPlayers
0x08086B9C	thumb	CreateLinkPlayerSprites
0x08086BD8	thumb	CB1_OverworldLink
0x08086C2C	thumb	ResetAllMultiplayerState
0x08086C40	thumb	ClearAllPlayerKeys
0x08086C50	thumb	SetKeyInterceptCallback
0x08086C64	thumb	CheckRfuKeepAliveTimer
0x08086C90	thumb	ResetAllPlayerLinkStates
0x08086CA8	thumb	AreAllPlayersInLinkState
0x08086CE0	thumb	IsAnyPlayerInLinkState
0x08086D18	thumb	HandleLinkPlayerKeyInput
0x08086F38	thumb	UpdateAllLinkPlayers
0x08086FA0	thumb	UpdateHeldKeyCode
0x0808700C	thumb	KeyInterCB_ReadButtons
0x08087068	thumb	GetDirectionForDpadKey
0x0808709C	thumb	ResetPlayerHeldKeys
0x080870B0	thumb	KeyInterCB_SelfIdle
0x080870EC	thumb	KeyInterCB_Idle
0x080870F8	thumb	KeyInterCB_DeferToEventScript
0x0808711C	thumb	KeyInterCB_DeferToRecvQueue
0x08087140	thumb	KeyInterCB_DeferToSendQueue
0x08087164	thumb	KeyInterCB_ExitingSeat
0x08087170	thumb	KeyInterCB_Ready
0x080871AC	thumb	KeyInterCB_SetReady
0x080871C0	thumb	KeyInterCB_SendNothing
0x080871C4	thumb	KeyInterCB_WaitForPlayersToExit
0x080871FC	thumb	KeyInterCB_SendExitRoomKey
0x08087210	thumb	KeyInterCB_InLinkActivity
0x08087214	thumb	GetCableClubPartnersReady
0x0808727C	thumb	IsAnyPlayerExitingCableClub
0x08087288	thumb	SetInCableClubSeat
0x0808729C	thumb	SetLinkWaitingForScript
0x080872B0	thumb	QueueExitLinkRoomKey
0x080872C4	thumb	SetStartedCableClubActivity
0x080872D8	thumb	LoadCableClubPlayer
0x08087340	thumb	IsCableClubPlayerUnfrozen
0x08087358	thumb	CanCableClubPlayerPressStart
0x08087370	thumb	TryGetTileEventScript
0x08087388	thumb	PlayerIsAtSouthExit
0x080873B4	thumb	TryInteractWithPlayer
0x08087480	thumb	GetDirectionForEventScript
0x08087510	thumb	InitLinkPlayerQueueScript
0x0808751C	thumb	InitLinkRoomStartMenuScript
0x08087530	thumb	RunInteractLocalPlayerScript
0x0808754C	thumb	RunConfirmLeaveCableClubScript
0x08087568	thumb	InitMenuBasedScript
0x08087584	thumb	RunTerminateLinkScript
0x08087598	thumb	Overworld_IsRecvQueueAtMax
0x080875C8	thumb	Overworld_RecvKeysFromLinkIsRunning
0x08087634	thumb	Overworld_SendKeysToLinkIsRunning
0x0808766C	thumb	IsSendingKeysOverCable
0x08087690	thumb	GetLinkSendQueueLength
0x080876C4	thumb	ZeroLinkPlayerObjectEvent
0x080876CC	thumb	ClearLinkPlayerObjectEvents
0x080876E0	thumb	ZeroObjectEvent
0x080876F0	thumb	SpawnLinkPlayerObjectEvent
0x0808779C	thumb	InitLinkPlayerObjectEventPos
0x080877DC	thumb	SetLinkPlayerObjectRange
0x0808780C	thumb	DestroyLinkPlayerObject
0x08087858	thumb	GetSpriteForLinkedPlayer
0x08087878	thumb	GetLinkPlayerCoords
0x080878A0	thumb	GetLinkPlayerFacingDirection
0x080878C0	thumb	GetLinkPlayerElevation
0x080878E4	thumb	GetLinkPlayerObjectStepTimer
0x0808790C	thumb	GetLinkPlayerIdAt
0x0808796C	thumb	SetPlayerFacingDirection
0x080879D8	thumb	MovementEventModeCB_Normal
0x080879F8	thumb	MovementEventModeCB_Ignored
0x080879FC	thumb	MovementEventModeCB_Scripted
0x08087A1C	thumb	FacingHandler_DoNothing
0x08087A20	thumb	FacingHandler_DpadMovement
0x08087A88	thumb	FacingHandler_ForcedFacingChange
0x08087AA0	thumb	MovementStatusHandler_EnterFreeMode
0x08087AA8	thumb	MovementStatusHandler_TryAdvanceScript
0x08087AE0	thumb	FlipVerticalAndClearForced
0x08087B40	thumb	LinkPlayerGetCollision
0x08087BCC	thumb	CreateLinkPlayerSprite
0x08087C8C	thumb	SpriteCB_LinkPlayer
0x08087D44	thumb	GetMapHeaderFromConnection
0x08087D54	thumb	InitMap
0x08087D74	thumb	InitMapFromSavedGame
0x08087DAC	thumb	InitBattlePyramidMap
0x08087DE4	thumb	InitTrainerHillMap
0x08087E14	thumb	InitMapLayoutData
0x08087E70	thumb	InitBackupMapLayoutData
0x08087EC8	thumb	InitBackupMapLayoutConnections
0x08087F54	thumb	FillConnection
0x08087FB8	thumb	FillSouthConnection
0x08088020	thumb	FillNorthConnection
0x08088080	thumb	FillWestConnection
0x080880E0	thumb	FillEastConnection
0x08088144	thumb	MapGridGetElevationAt
0x080881B0	thumb	MapGridGetCollisionAt
0x08088224	thumb	MapGridGetMetatileIdAt
0x080882BC	thumb	MapGridGetMetatileBehaviorAt
0x080882D4	thumb	MapGridGetMetatileLayerTypeAt
0x080882F0	thumb	MapGridSetMetatileIdAt
0x08088338	thumb	MapGridSetMetatileEntryAt
0x08088370	thumb	GetMetatileAttributesById
0x080883C4	thumb	SaveMapView
0x08088438	thumb	SavedMapViewIsEmpty
0x08088474	thumb	ClearSavedMapView
0x0808849C	thumb	LoadSavedMapView
0x080885C4	thumb	MoveMapViewToBackup
0x0808869C	thumb	GetMapBorderIdAt
0x08088788	thumb	GetPostCameraMoveMapBorderId
0x080887B0	thumb	CanCameraMoveInDirection
0x080887F8	thumb	SetPositionFromConnection
0x0808887C	thumb	CameraMove
0x08088950	thumb	GetIncomingConnection
0x080889A8	thumb	IsPosInIncomingConnectingMap
0x08088A0C	thumb	IsCoordInIncomingConnectingMap
0x08088A38	thumb	IsCoordInConnectingMap
0x08088A4C	thumb	IsPosInConnectingMap
0x08088A8C	thumb	GetMapConnectionAtPos
0x08088B3C	thumb	SetCameraFocusCoords
0x08088B58	thumb	GetCameraFocusCoords
0x08088B70	thumb	SetCameraCoords
0x08088B80	thumb	GetCameraCoords
0x08088B94	thumb	MapGridSetMetatileImpassabilityAt
0x08088BF0	thumb	SkipCopyingMetatileFromSavedMap
0x08088C34	thumb	CopyTilesetToVram
0x08088C78	thumb	CopyTilesetToVramUsingHeap
0x08088CBC	thumb	ApplyGlobalTintToPaletteEntries
0x08088CC0	thumb	ApplyGlobalTintToPaletteSlot
0x08088CC4	thumb	LoadTilesetPalette
0x08088D50	thumb	CopyPrimaryTilesetToVram
0x08088D64	thumb	CopySecondaryTilesetToVram
0x08088D78	thumb	CopySecondaryTilesetToVramUsingHeap
0x08088D8C	thumb	LoadPrimaryTilesetPalette
0x08088D9C	thumb	LoadSecondaryTilesetPalette
0x08088DAC	thumb	CopyMapTilesetsToVram
0x08088DD4	thumb	LoadMapTilesetPalettes
0x08088DEC	thumb	MetatileBehavior_IsATile
0x08088DF0	thumb	MetatileBehavior_IsEncounterTile
0x08088E14	thumb	MetatileBehavior_IsJumpEast
0x08088E28	thumb	MetatileBehavior_IsJumpWest
0x08088E3C	thumb	MetatileBehavior_IsJumpNorth
0x08088E50	thumb	MetatileBehavior_IsJumpSouth
0x08088E64	thumb	MetatileBehavior_IsPokeGrass
0x08088E80	thumb	MetatileBehavior_IsSandOrDeepSand
0x08088E98	thumb	MetatileBehavior_IsDeepSand
0x08088EAC	thumb	MetatileBehavior_IsReflective
0x08088ED4	thumb	MetatileBehavior_IsIce
0x08088EE8	thumb	MetatileBehavior_IsWarpDoor
0x08088EFC	thumb	MetatileBehavior_IsDoor
0x08088F14	thumb	MetatileBehavior_IsEscalator
0x08088F30	thumb	Unref_MetatileBehavior_IsUnused04
0x08088F44	thumb	MetatileBehavior_IsLadder
0x08088F58	thumb	MetatileBehavior_IsNonAnimDoor
0x08088F74	thumb	MetatileBehavior_IsDeepSouthWarp
0x08088F88	thumb	MetatileBehavior_IsSurfableWaterOrUnderwater
0x08088FAC	thumb	MetatileBehavior_IsEastArrowWarp
0x08088FC0	thumb	MetatileBehavior_IsWestArrowWarp
0x08088FD4	thumb	MetatileBehavior_IsNorthArrowWarp
0x08088FEC	thumb	MetatileBehavior_IsSouthArrowWarp
0x08089008	thumb	Unref_MetatileBehavior_IsArrowWarp
0x0808904C	thumb	MetatileBehavior_IsForcedMovementTile
0x0808908C	thumb	MetatileBehavior_IsIce_2
0x080890A0	thumb	MetatileBehavior_IsTrickHouseSlipperyFloor
0x080890B4	thumb	Unref_MetatileBehavior_IsUnused05
0x080890C8	thumb	MetatileBehavior_IsWalkNorth
0x080890DC	thumb	MetatileBehavior_IsWalkSouth
0x080890F0	thumb	MetatileBehavior_IsWalkWest
0x08089104	thumb	MetatileBehavior_IsWalkEast
0x08089118	thumb	MetatileBehavior_IsNorthwardCurrent
0x0808912C	thumb	MetatileBehavior_IsSouthwardCurrent
0x08089140	thumb	MetatileBehavior_IsWestwardCurrent
0x08089154	thumb	MetatileBehavior_IsEastwardCurrent
0x08089168	thumb	MetatileBehavior_IsSlideNorth
0x0808917C	thumb	MetatileBehavior_IsSlideSouth
0x08089190	thumb	MetatileBehavior_IsSlideWest
0x080891A4	thumb	MetatileBehavior_IsSlideEast
0x080891B8	thumb	MetatileBehavior_IsCounter
0x080891CC	thumb	MetatileBehavior_IsPlayerFacingTVScreen
0x080891E8	thumb	MetatileBehavior_IsPC
0x080891FC	thumb	MetatileBehavior_IsCableBoxResults1
0x08089210	thumb	MetatileBehavior_IsOpenSecretBaseDoor
0x0808923C	thumb	MetatileBehavior_IsSecretBaseCave
0x0808925C	thumb	MetatileBehavior_IsSecretBaseTree
0x08089274	thumb	MetatileBehavior_IsSecretBaseShrub
0x08089288	thumb	MetatileBehavior_IsSecretBasePC
0x0808929C	thumb	MetatileBehavior_IsRecordMixingSecretBasePC
0x080892B0	thumb	MetatileBehavior_IsSecretBaseScenery1
0x080892C4	thumb	MetatileBehavior_IsSecretBaseTrainerSpot
0x080892D8	thumb	MetatileBehavior_IsSecretBaseImpassable
0x080892EC	thumb	MetatileBehavior_IsSecretBaseDecorationBase
0x08089300	thumb	MetatileBehavior_IsSecretBasePoster
0x08089314	thumb	MetatileBehavior_IsNormal
0x08089328	thumb	MetatileBehavior_IsSecretBaseNorthWall
0x0808933C	thumb	MetatileBehavior_IsSecretBaseScenery2
0x08089350	thumb	MetatileBehavior_HoldsSmallDecoration
0x08089364	thumb	MetatileBehavior_HoldsLargeDecoration
0x08089378	thumb	MetatileBehavior_IsSecretBaseHole
0x0808938C	thumb	MetatileBehavior_IsSecretBaseBalloon
0x080893A0	thumb	MetatileBehavior_IsSecretBaseBreakableDoor
0x080893B4	thumb	MetatileBehavior_IsSecretBaseSoundMat
0x080893C8	thumb	MetatileBehavior_IsSecretBaseGlitterMat
0x080893DC	thumb	MetatileBehavior_IsSecretBaseSandOrnament
0x080893F0	thumb	MetatileBehavior_IsSecretBaseShieldOrToyTV
0x08089404	thumb	MetatileBehavior_IsPlayerRoomPCOn
0x08089418	thumb	MetatileBehavior_HasRipples
0x08089434	thumb	MetatileBehavior_IsPuddle
0x08089448	thumb	MetatileBehavior_IsTallGrass
0x0808945C	thumb	MetatileBehavior_IsLongGrass
0x08089470	thumb	MetatileBehavior_IsBerryTreeSoil
0x08089484	thumb	MetatileBehavior_IsAshGrass
0x08089498	thumb	MetatileBehavior_IsFootprints
0x080894AC	thumb	MetatileBehavior_IsBridgeOverWater
0x080894D4	thumb	MetatileBehavior_GetBridgeType
0x08089510	thumb	MetatileBehavior_IsBridgeOverWaterNoEdge
0x0808952C	thumb	MetatileBehavior_IsLandWildEncounter
0x08089558	thumb	MetatileBehavior_IsWaterWildEncounter
0x08089588	thumb	MetatileBehavior_IsIndoorEncounter
0x0808959C	thumb	MetatileBehavior_IsMountain
0x080895B0	thumb	MetatileBehavior_IsDiveable
0x080895D0	thumb	MetatileBehavior_IsUnableToEmerge
0x080895E8	thumb	MetatileBehavior_IsShallowFlowingWater
0x08089604	thumb	MetatileBehavior_IsThinIce
0x08089618	thumb	MetatileBehavior_IsCrackedIce
0x0808962C	thumb	MetatileBehavior_IsDeepOrOceanWater
0x08089648	thumb	Unref_MetatileBehavior_IsUnusedSootopolisWater
0x08089660	thumb	MetatileBehavior_IsSurfableAndNotWaterfall
0x0808968C	thumb	MetatileBehavior_IsEastBlocked
0x080896B0	thumb	MetatileBehavior_IsWestBlocked
0x080896D4	thumb	MetatileBehavior_IsNorthBlocked
0x080896F4	thumb	MetatileBehavior_IsSouthBlocked
0x08089714	thumb	MetatileBehavior_IsShortGrass
0x08089728	thumb	MetatileBehavior_IsHotSprings
0x0808973C	thumb	MetatileBehavior_IsWaterfall
0x08089750	thumb	MetatileBehavior_IsFortreeBridge
0x08089764	thumb	MetatileBehavior_IsPacifidlogVerticalLogTop
0x08089778	thumb	MetatileBehavior_IsPacifidlogVerticalLogBottom
0x0808978C	thumb	MetatileBehavior_IsPacifidlogHorizontalLogLeft
0x080897A0	thumb	MetatileBehavior_IsPacifidlogHorizontalLogRight
0x080897B4	thumb	MetatileBehavior_IsPacifidlogLog
0x080897D0	thumb	MetatileBehavior_IsTrickHousePuzzleDoor
0x080897E4	thumb	MetatileBehavior_IsRegionMap
0x080897F8	thumb	MetatileBehavior_IsClosedSootopolisDoor
0x0808980C	thumb	MetatileBehavior_IsSkyPillarClosedDoor
0x08089820	thumb	MetatileBehavior_IsRoulette
0x08089834	thumb	MetatileBehavior_IsPokeblockFeeder
0x08089848	thumb	MetatileBehavior_IsSecretBaseJumpMat
0x0808985C	thumb	MetatileBehavior_IsSecretBaseSpinMat
0x08089870	thumb	MetatileBehavior_IsLavaridgeB1FWarp
0x08089884	thumb	MetatileBehavior_IsLavaridge1FWarp
0x08089898	thumb	MetatileBehavior_IsAquaHideoutWarp
0x080898AC	thumb	MetatileBehavior_IsUnionRoomWarp
0x080898C0	thumb	MetatileBehavior_IsMossdeepGymWarp
0x080898D4	thumb	MetatileBehavior_IsSurfableFishableWater
0x08089904	thumb	MetatileBehavior_IsMtPyreHole
0x08089918	thumb	MetatileBehavior_IsCrackedFloorHole
0x0808992C	thumb	MetatileBehavior_IsCrackedFloor
0x08089940	thumb	MetatileBehavior_IsMuddySlope
0x08089954	thumb	MetatileBehavior_IsBumpySlope
0x08089968	thumb	MetatileBehavior_IsIsolatedVerticalRail
0x0808997C	thumb	MetatileBehavior_IsIsolatedHorizontalRail
0x08089990	thumb	MetatileBehavior_IsVerticalRail
0x080899A4	thumb	MetatileBehavior_IsHorizontalRail
0x080899B8	thumb	MetatileBehavior_IsSeaweed
0x080899D0	thumb	MetatileBehavior_IsRunningDisallowed
0x080899F8	thumb	MetatileBehavior_IsCuttableGrass
0x08089A1C	thumb	MetatileBehavior_IsRunningShoesManual
0x08089A30	thumb	MetatileBehavior_IsPictureBookShelf
0x08089A44	thumb	MetatileBehavior_IsBookShelf
0x08089A58	thumb	MetatileBehavior_IsPokeCenterBookShelf
0x08089A6C	thumb	MetatileBehavior_IsVase
0x08089A80	thumb	MetatileBehavior_IsTrashCan
0x08089A94	thumb	MetatileBehavior_IsShopShelf
0x08089AA8	thumb	MetatileBehavior_IsBlueprint
0x08089ABC	thumb	MetatileBehavior_IsBattlePyramidWarp
0x08089AD0	thumb	MetatileBehavior_IsPlayerFacingWirelessBoxResults
0x08089AEC	thumb	MetatileBehavior_IsCableBoxResults2
0x08089B08	thumb	MetatileBehavior_IsQuestionnaire
0x08089B1C	thumb	MetatileBehavior_IsLongGrass_Duplicate
0x08089B30	thumb	MetatileBehavior_IsLongGrassSouthEdge
0x08089B44	thumb	MetatileBehavior_IsTrainerHillTimer
0x08089B58	thumb	ResetCameraOffset
0x08089B68	thumb	AddCameraTileOffset
0x08089B84	thumb	AddCameraPixelOffset
0x08089B94	thumb	ResetFieldCamera
0x08089BA4	thumb	FieldUpdateBgTilemapScroll
0x08089C08	thumb	GetCameraOffsetWithPan
0x08089C34	thumb	DrawWholeMapView
0x08089C60	thumb	DrawWholeMapViewInternal
0x08089CE4	thumb	RedrawMapSlicesForCameraUpdate
0x08089D30	thumb	RedrawMapSliceNorth
0x08089D90	thumb	RedrawMapSliceSouth
0x08089DDC	thumb	RedrawMapSliceEast
0x08089E34	thumb	RedrawMapSliceWest
0x08089EA0	thumb	CurrentMapDrawMetatileAt
0x08089EDC	thumb	DrawDoorMetatileAt
0x08089F10	thumb	DrawMetatileAt
0x08089F78	thumb	DrawMetatile
0x0808A0AC	thumb	MapPosToBgTilemapOffset
0x0808A0F4	thumb	CameraUpdateCallback
0x0808A11C	thumb	ResetCameraUpdateInfo
0x0808A134	thumb	InitCameraUpdateCallback
0x0808A174	thumb	CameraUpdate
0x0808A284	thumb	MoveCameraAndRedrawMap
0x0808A2C0	thumb	SetCameraPanningCallback
0x0808A2CC	thumb	SetCameraPanning
0x0808A2E4	thumb	InstallCameraPanAheadCallback
0x0808A314	thumb	UpdateCameraPanning
0x0808A360	thumb	CameraPanningCB_PanAhead
0x0808A400	thumb	CopyDoorTilesToVram
0x0808A438	thumb	BuildDoorTiles
0x0808A478	thumb	DrawCurrentDoorAnimFrame
0x0808A530	thumb	DrawClosedDoorTiles
0x0808A568	thumb	DrawDoor
0x0808A5F0	thumb	AnimateDoorFrame
0x0808A654	thumb	Task_AnimateDoor
0x0808A68C	thumb	GetLastDoorFrame
0x0808A6A0	thumb	GetDoorGraphics
0x0808A6C4	thumb	StartDoorAnimationTask
0x0808A728	thumb	DrawClosedDoor
0x0808A734	thumb	DrawOpenedDoor
0x0808A774	thumb	StartDoorOpenAnimation
0x0808A7CC	thumb	StartDoorCloseAnimation
0x0808A80C	thumb	GetDoorSoundType
0x0808A83C	thumb	Debug_FieldAnimateDoorOpen
0x0808A854	thumb	FieldSetDoorOpened
0x0808A880	thumb	FieldSetDoorClosed
0x0808A8AC	thumb	FieldAnimateDoorClose
0x0808A8E4	thumb	FieldAnimateDoorOpen
0x0808A91C	thumb	FieldIsDoorAnimationRunning
0x0808A930	thumb	GetDoorSoundEffect
0x0808A964	thumb	ShouldUseMultiCorridorDoor
0x0808A998	thumb	MovementType_Player
0x0808A9BC	thumb	ObjectEventCB2_NoMovement2
0x0808A9C0	thumb	PlayerStep
0x0808AA38	thumb	TryInterruptObjectEventSpecialAnim
0x0808AA9C	thumb	npc_clear_strange_bits
0x0808AAC0	thumb	MovePlayerAvatarUsingKeypadInput
0x0808AAF8	thumb	PlayerAllowForcedMovementIfMovingSameDirection
0x0808AB14	thumb	TryDoMetatileBehaviorForcedMovement
0x0808AB38	thumb	GetForcedMovementByMetatileBehavior
0x0808AB94	thumb	ForcedMovement_None
0x0808ABE0	thumb	DoForcedMovement
0x0808AC58	thumb	DoForcedMovementInCurrentDirection
0x0808AC8C	thumb	ForcedMovement_Slip
0x0808ACA0	thumb	ForcedMovement_WalkSouth
0x0808ACB8	thumb	ForcedMovement_WalkNorth
0x0808ACD0	thumb	ForcedMovement_WalkWest
0x0808ACE8	thumb	ForcedMovement_WalkEast
0x0808AD00	thumb	ForcedMovement_PushedSouthByCurrent
0x0808AD18	thumb	ForcedMovement_PushedNorthByCurrent
0x0808AD30	thumb	ForcedMovement_PushedWestByCurrent
0x0808AD48	thumb	ForcedMovement_PushedEastByCurrent
0x0808AD60	thumb	ForcedMovement_Slide
0x0808AD98	thumb	ForcedMovement_SlideSouth
0x0808ADB0	thumb	ForcedMovement_SlideNorth
0x0808ADC8	thumb	ForcedMovement_SlideWest
0x0808ADE0	thumb	ForcedMovement_SlideEast
0x0808ADF8	thumb	ForcedMovement_MatJump
0x0808AE04	thumb	ForcedMovement_MatSpin
0x0808AE10	thumb	ForcedMovement_MuddySlope
0x0808AE68	thumb	MovePlayerNotOnBike
0x0808AE98	thumb	CheckMovementInputNotOnBike
0x0808AEDC	thumb	PlayerNotOnBikeNotMoving
0x0808AEF0	thumb	PlayerNotOnBikeTurningInPlace
0x0808AF00	thumb	PlayerNotOnBikeMoving
0x0808AFBC	thumb	CheckForPlayerAvatarCollision
0x0808B028	thumb	CheckForPlayerAvatarStaticCollision
0x0808B094	thumb	CheckForObjectEventCollision
0x0808B164	thumb	CheckForObjectEventStaticCollision
0x0808B1BC	thumb	CanStopSurfing
0x0808B214	thumb	ShouldJumpLedge
0x0808B238	thumb	TryPushBoulder
0x0808B2E4	thumb	CheckAcroBikeCollision
0x0808B324	thumb	IsPlayerCollidingWithFarawayIslandMew
0x0808B3CC	thumb	SetPlayerAvatarTransitionFlags
0x0808B3E8	thumb	DoPlayerAvatarTransition
0x0808B43C	thumb	PlayerAvatarTransition_Dummy
0x0808B440	thumb	PlayerAvatarTransition_Normal
0x0808B46C	thumb	PlayerAvatarTransition_MachBike
0x0808B4A0	thumb	PlayerAvatarTransition_AcroBike
0x0808B4D8	thumb	PlayerAvatarTransition_Surfing
0x0808B534	thumb	PlayerAvatarTransition_Underwater
0x0808B568	thumb	PlayerAvatarTransition_ReturnToField
0x0808B578	thumb	UpdatePlayerAvatarTransitionState
0x0808B5BC	thumb	PlayerAnimIsMultiFrameStationary
0x0808B618	thumb	PlayerAnimIsMultiFrameStationaryAndStateNotTurning
0x0808B63C	thumb	PlayerIsAnimActive
0x0808B660	thumb	PlayerCheckIfAnimFinishedOrInactive
0x0808B684	thumb	PlayerSetCopyableMovement
0x0808B6A0	thumb	PlayerGetCopyableMovement
0x0808B6BC	thumb	PlayerForceSetHeldMovement
0x0808B6E4	thumb	PlayerSetAnimId
0x0808B720	thumb	PlayerWalkNormal
0x0808B738	thumb	PlayerWalkFast
0x0808B750	thumb	PlayerRideWaterCurrent
0x0808B768	thumb	PlayerWalkFaster
0x0808B780	thumb	PlayerRun
0x0808B798	thumb	PlayerOnBikeCollide
0x0808B7BC	thumb	PlayerOnBikeCollideWithFarawayIslandMew
0x0808B7D4	thumb	PlayerNotOnBikeCollide
0x0808B7F8	thumb	PlayerNotOnBikeCollideWithFarawayIslandMew
0x0808B810	thumb	PlayerFaceDirection
0x0808B828	thumb	PlayerTurnInPlace
0x0808B840	thumb	PlayerJumpLedge
0x0808B864	thumb	PlayerFreeze
0x0808B8A8	thumb	PlayerIdleWheelie
0x0808B8C0	thumb	PlayerStartWheelie
0x0808B8D8	thumb	PlayerEndWheelie
0x0808B8F0	thumb	PlayerStandingHoppingWheelie
0x0808B914	thumb	PlayerMovingHoppingWheelie
0x0808B938	thumb	PlayerLedgeHoppingWheelie
0x0808B95C	thumb	PlayerAcroTurnJump
0x0808B980	thumb	PlayerWheelieInPlace
0x0808B9A4	thumb	PlayerPopWheelieWhileMoving
0x0808B9BC	thumb	PlayerWheelieMove
0x0808B9D4	thumb	PlayerEndWheelieWhileMoving
0x0808B9EC	thumb	PlayCollisionSoundIfNotFacingWarp
0x0808BA68	thumb	GetXYCoordsOneStepInFrontOfPlayer
0x0808BAAC	thumb	PlayerGetDestCoords
0x0808BADC	thumb	player_get_pos_including_state_based_drift
0x0808BC38	thumb	GetPlayerFacingDirection
0x0808BC58	thumb	GetPlayerMovementDirection
0x0808BC74	thumb	PlayerGetElevation
0x0808BC90	thumb	MovePlayerToMapCoords
0x0808BCC0	thumb	TestPlayerAvatarFlags
0x0808BCD0	thumb	GetPlayerAvatarFlags
0x0808BCDC	thumb	GetPlayerAvatarSpriteId
0x0808BCE8	thumb	CancelPlayerForcedMovement
0x0808BCF4	thumb	StopPlayerAvatar
0x0808BD3C	thumb	GetRivalAvatarGraphicsIdByStateIdAndGender
0x0808BD54	thumb	GetPlayerAvatarGraphicsIdByStateIdAndGender
0x0808BD6C	thumb	GetFRLGAvatarGraphicsIdByGender
0x0808BD7C	thumb	GetRSAvatarGraphicsIdByGender
0x0808BD8C	thumb	GetPlayerAvatarGraphicsIdByStateId
0x0808BDA8	thumb	unref_GetRivalAvatarGenderByGraphicsId
0x0808BDD4	thumb	GetPlayerAvatarGenderByGraphicsId
0x0808BE00	thumb	PartyHasMonWithSurf
0x0808BE50	thumb	IsPlayerSurfingNorth
0x0808BE74	thumb	IsPlayerFacingSurfableFishableWater
0x0808BF00	thumb	ClearPlayerAvatarInfo
0x0808BF14	thumb	SetPlayerAvatarStateMask
0x0808BF2C	thumb	GetPlayerAvatarStateTransitionByGraphicsId
0x0808BF6C	thumb	GetPlayerAvatarGraphicsIdByCurrentState
0x0808BFB0	thumb	SetPlayerAvatarExtraStateTransition
0x0808BFE0	thumb	InitPlayerAvatar
0x0808C0A8	thumb	SetPlayerInvisibility
0x0808C114	thumb	SetPlayerAvatarFieldMove
0x0808C15C	thumb	SetPlayerAvatarFishing
0x0808C1B4	thumb	PlayerUseAcroBikeOnBumpySlope
0x0808C228	thumb	SetPlayerAvatarWatering
0x0808C280	thumb	HideShowWarpArrow
0x0808C310	thumb	StartStrengthAnim
0x0808C34C	thumb	Task_PushBoulder
0x0808C3A4	thumb	PushBoulder_Start
0x0808C3C4	thumb	PushBoulder_Move
0x0808C484	thumb	PushBoulder_End
0x0808C4D8	thumb	DoPlayerMatJump
0x0808C4F8	thumb	DoPlayerAvatarSecretBaseMatJump
0x0808C544	thumb	PlayerAvatar_DoSecretBaseMatJump
0x0808C5B0	thumb	DoPlayerMatSpin
0x0808C5D0	thumb	PlayerAvatar_DoSecretBaseMatSpin
0x0808C61C	thumb	PlayerAvatar_SecretBaseMatSpinStep0
0x0808C644	thumb	PlayerAvatar_SecretBaseMatSpinStep1
0x0808C6BC	thumb	PlayerAvatar_SecretBaseMatSpinStep2
0x0808C6FC	thumb	PlayerAvatar_SecretBaseMatSpinStep3
0x0808C750	thumb	CreateStopSurfingTask
0x0808C7A8	thumb	Task_StopSurfingInit
0x0808C814	thumb	Task_WaitStopSurfing
0x0808C88C	thumb	StartFishing
0x0808C8C0	thumb	Task_Fishing
0x0808C8F8	thumb	Fishing_Init
0x0808C918	thumb	Fishing_GetRodOut
0x0808C9B0	thumb	Fishing_WaitBeforeDots
0x0808C9D4	thumb	Fishing_InitDots
0x0808CA20	thumb	Fishing_ShowDots
0x0808CABC	thumb	Fishing_CheckForBite
0x0808CB6C	thumb	Fishing_GotBite
0x0808CBA4	thumb	Fishing_WaitForA
0x0808CBFC	thumb	Fishing_CheckMoreDots
0x0808CC64	thumb	Fishing_MonOnHook
0x0808CCA8	thumb	Fishing_StartEncounter
0x0808CD94	thumb	Fishing_NotEvenNibble
0x0808CE04	thumb	Fishing_GotAway
0x0808CE74	thumb	Fishing_NoMon
0x0808CE8C	thumb	Fishing_PutRodAway
0x0808CF2C	thumb	Fishing_EndNoMon
0x0808CF78	thumb	AlignFishingAnimationFrames
0x0808D074	thumb	SetSpinStartFacingDir
0x0808D080	thumb	GetSpinStartFacingDir
0x0808D094	thumb	Task_DoPlayerSpinExit
0x0808D194	thumb	DoPlayerSpinEntrance
0x0808D1B4	thumb	IsPlayerSpinEntranceActive
0x0808D1C8	thumb	DoPlayerSpinExit
0x0808D1E8	thumb	IsPlayerSpinExitActive
0x0808D1FC	thumb	Task_DoPlayerSpinEntrance
0x0808D38C	thumb	TrySpinPlayerForWarp
0x0808D3F0	thumb	ClearObjectEvent
0x0808D410	thumb	ClearAllObjectEvents
0x0808D438	thumb	ResetObjectEvents
0x0808D450	thumb	CreateReflectionEffectSprites
0x0808D4F4	thumb	GetFirstInactiveObjectEventId
0x0808D524	thumb	GetObjectEventIdByLocalIdAndMap
0x0808D548	thumb	TryGetObjectEventIdByLocalIdAndMap
0x0808D574	thumb	GetObjectEventIdByXY
0x0808D5B8	thumb	GetObjectEventIdByLocalIdAndMapInternal
0x0808D608	thumb	GetObjectEventIdByLocalId
0x0808D644	thumb	InitObjectEventStateFromTemplate
0x0808D77C	thumb	Unref_TryInitLocalObjectEvent
0x0808D810	thumb	GetAvailableObjectEventId
0x0808D8B0	thumb	RemoveObjectEvent
0x0808D8C4	thumb	RemoveObjectEventByLocalIdAndMap
0x0808D90C	thumb	RemoveObjectEventInternal
0x0808D958	thumb	RemoveAllObjectEventsExceptPlayer
0x0808D98C	thumb	TrySetupObjectEventSprite
0x0808DB40	thumb	TrySpawnObjectEventTemplate
0x0808DC08	thumb	SpawnSpecialObjectEvent
0x0808DC44	thumb	SpawnSpecialObjectEventParameterized
0x0808DCAC	thumb	TrySpawnObjectEvent
0x0808DCFC	thumb	CopyObjectGraphicsInfoToSpriteTemplate
0x0808DD30	thumb	CopyObjectGraphicsInfoToSpriteTemplate_WithMovementType
0x0808DD50	thumb	MakeSpriteTemplateFromObjectEventTemplate
0x0808DD68	thumb	CreateObjectGraphicsSprite
0x0808DE0C	thumb	CreateVirtualObject
0x0808DF80	thumb	TrySpawnObjectEvents
0x0808E08C	thumb	RemoveObjectEventsOutsideView
0x0808E0EC	thumb	RemoveObjectEventIfOutsideView
0x0808E16C	thumb	SpawnObjectEventsOnReturnToField
0x0808E1B8	thumb	SpawnObjectEventOnReturnToField
0x0808E38C	thumb	ResetObjectEventFldEffData
0x0808E3C4	thumb	SetPlayerAvatarObjectEventIdAndObjectId
0x0808E3F8	thumb	ObjectEventSetGraphicsId
0x0808E504	thumb	ObjectEventSetGraphicsIdByLocalIdAndMap
0x0808E544	thumb	ObjectEventTurn
0x0808E594	thumb	ObjectEventTurnByLocalIdAndMap
0x0808E5D4	thumb	PlayerObjectTurn
0x0808E5F4	thumb	SetBerryTreeGraphics
0x0808E694	thumb	GetObjectEventGraphicsInfo
0x0808E6DC	thumb	SetObjectEventDynamicGraphicsId
0x0808E6F8	thumb	SetObjectInvisibility
0x0808E748	thumb	ObjectEventGetLocalIdAndMap
0x0808E75C	thumb	AllowObjectAtPosTriggerGroundEffects
0x0808E78C	thumb	SetObjectSubpriority
0x0808E7E4	thumb	ResetObjectSubpriority
0x0808E82C	thumb	SetObjectEventSpritePosByLocalIdAndMap
0x0808E880	thumb	FreeAndReserveObjectSpritePalettes
0x0808E894	thumb	LoadObjectEventPalette
0x0808E8C0	thumb	LoadObjectEventPaletteSet
0x0808E8F4	thumb	LoadSpritePaletteIfTagExists
0x0808E91C	thumb	PatchObjectPalette
0x0808E954	thumb	PatchObjectPaletteRange
0x0808E980	thumb	FindObjectEventPaletteIndexByTag
0x0808E9C8	thumb	LoadPlayerObjectReflectionPalette
0x0808EA38	thumb	LoadSpecialObjectReflectionPalette
0x0808EAB0	thumb	_PatchObjectPalette
0x0808EAC4	thumb	IncrementObjectEventCoords
0x0808EAE4	thumb	ShiftObjectEventCoords
0x0808EAF4	thumb	SetObjectEventCoords
0x0808EB08	thumb	MoveObjectEventToMapCoords
0x0808EBA8	thumb	TryMoveObjectEventToMapCoords
0x0808EBFC	thumb	ShiftStillObjectEventCoords
0x0808EC10	thumb	UpdateObjectEventCoordsForCameraUpdate
0x0808EC78	thumb	GetObjectEventIdByPosition
0x0808ECE0	thumb	ObjectEventDoesElevationMatch
0x0808ED08	thumb	UpdateObjectEventsForCameraUpdate
0x0808ED34	thumb	AddCameraObject
0x0808ED78	thumb	SpriteCB_CameraObject
0x0808EDA0	thumb	CameraObject_Init
0x0808EDDC	thumb	CameraObject_UpdateMove
0x0808EE14	thumb	CameraObject_UpdateFrozen
0x0808EE44	thumb	FindCameraSprite
0x0808EE8C	thumb	CameraObjectReset
0x0808EEA8	thumb	CameraObjectSetFollowedSpriteId
0x0808EEC4	thumb	CameraObjectGetFollowedSpriteId
0x0808EEDC	thumb	CameraObjectFreeze
0x0808EEEC	thumb	CopySprite
0x0808EF50	thumb	CreateCopySpriteAt
0x0808EFC0	thumb	SetObjectEventDirection
0x0808F004	thumb	GetObjectEventScriptPointerByLocalIdAndMap
0x0808F01C	thumb	GetObjectEventScriptPointerByObjectEventId
0x0808F040	thumb	GetObjectEventFlagIdByLocalIdAndMap
0x0808F058	thumb	GetObjectEventFlagIdByObjectEventId
0x0808F080	thumb	GetObjectTrainerTypeByLocalIdAndMap
0x0808F0BC	thumb	GetObjectTrainerTypeByObjectEventId
0x0808F0D4	thumb	GetObjectEventBerryTreeIdByLocalIdAndMap
0x0808F110	thumb	GetObjectEventBerryTreeId
0x0808F128	thumb	GetObjectEventTemplateByLocalIdAndMap
0x0808F17C	thumb	FindObjectEventTemplateByLocalId
0x0808F1B4	thumb	GetBaseTemplateForObjectEvent
0x0808F208	thumb	OverrideTemplateCoordsForObjectEvent
0x0808F228	thumb	OverrideObjectEventTemplateScript
0x0808F23C	thumb	TryOverrideTemplateCoordsForObjectEvent
0x0808F254	thumb	TryOverrideObjectEventTemplateCoords
0x0808F28C	thumb	OverrideSecretBaseDecorationSpriteScript
0x0808F2F8	thumb	InitObjectEventPalettes
0x0808F360	thumb	GetObjectPaletteTag
0x0808F3E0	thumb	MovementType_None
0x0808F404	thumb	MovementType_None_callback
0x0808F408	thumb	MovementType_WanderAround
0x0808F42C	thumb	MovementType_WanderAround_callback
0x0808F44C	thumb	MovementType_WanderAround_Step0
0x0808F460	thumb	MovementType_WanderAround_Step1
0x0808F48C	thumb	MovementType_WanderAround_Step2
0x0808F4C8	thumb	MovementType_WanderAround_Step3
0x0808F4E8	thumb	MovementType_WanderAround_Step4
0x0808F534	thumb	MovementType_WanderAround_Step5
0x0808F564	thumb	MovementType_WanderAround_Step6
0x0808F58C	thumb	ObjectEventIsTrainerAndCloseToPlayer
0x0808F608	thumb	GetVectorDirection
0x0808F638	thumb	GetLimitedVectorDirection_SouthNorth
0x0808F648	thumb	GetLimitedVectorDirection_WestEast
0x0808F65C	thumb	GetLimitedVectorDirection_WestNorth
0x0808F6B8	thumb	GetLimitedVectorDirection_EastNorth
0x0808F714	thumb	GetLimitedVectorDirection_WestSouth
0x0808F770	thumb	GetLimitedVectorDirection_EastSouth
0x0808F7CC	thumb	GetLimitedVectorDirection_SouthNorthWest
0x0808F808	thumb	GetLimitedVectorDirection_SouthNorthEast
0x0808F844	thumb	GetLimitedVectorDirection_NorthWestEast
0x0808F880	thumb	GetLimitedVectorDirection_SouthWestEast
0x0808F8BC	thumb	TryGetTrainerEncounterDirection
0x0808F944	thumb	MovementType_LookAround
0x0808F968	thumb	MovementType_LookAround_callback
0x0808F988	thumb	MovementType_LookAround_Step0
0x0808F99C	thumb	MovementType_LookAround_Step1
0x0808F9C8	thumb	MovementType_LookAround_Step2
0x0808FA0C	thumb	MovementType_LookAround_Step3
0x0808FA3C	thumb	MovementType_LookAround_Step4
0x0808FA84	thumb	MovementType_WanderUpAndDown
0x0808FAA8	thumb	MovementType_WanderUpAndDown_callback
0x0808FAC8	thumb	MovementType_WanderUpAndDown_Step0
0x0808FADC	thumb	MovementType_WanderUpAndDown_Step1
0x0808FB08	thumb	MovementType_WanderUpAndDown_Step2
0x0808FB44	thumb	MovementType_WanderUpAndDown_Step3
0x0808FB64	thumb	MovementType_WanderUpAndDown_Step4
0x0808FBB0	thumb	MovementType_WanderUpAndDown_Step5
0x0808FBE0	thumb	MovementType_WanderUpAndDown_Step6
0x0808FC08	thumb	MovementType_WanderLeftAndRight
0x0808FC2C	thumb	MovementType_WanderLeftAndRight_callback
0x0808FC4C	thumb	MovementType_WanderLeftAndRight_Step0
0x0808FC60	thumb	MovementType_WanderLeftAndRight_Step1
0x0808FC8C	thumb	MovementType_WanderLeftAndRight_Step2
0x0808FCC8	thumb	MovementType_WanderLeftAndRight_Step3
0x0808FCE8	thumb	MovementType_WanderLeftAndRight_Step4
0x0808FD34	thumb	MovementType_WanderLeftAndRight_Step5
0x0808FD64	thumb	MovementType_WanderLeftAndRight_Step6
0x0808FD8C	thumb	MovementType_FaceDirection
0x0808FDB0	thumb	MovementType_FaceDirection_callback
0x0808FDD0	thumb	MovementType_FaceDirection_Step0
0x0808FDFC	thumb	MovementType_FaceDirection_Step1
0x0808FE1C	thumb	MovementType_FaceDirection_Step2
0x0808FE2C	thumb	MovementType_BerryTreeGrowth
0x0808FE70	thumb	ObjectEventCB2_BerryTree
0x0808FE90	thumb	MovementType_BerryTreeGrowth_Normal
0x0808FF48	thumb	MovementType_BerryTreeGrowth_Move
0x0808FF68	thumb	MovementType_BerryTreeGrowth_SparkleStart
0x0808FFB4	thumb	MovementType_BerryTreeGrowth_Sparkle
0x08090004	thumb	MovementType_BerryTreeGrowth_SparkleEnd
0x08090050	thumb	MovementType_FaceDownAndUp
0x08090074	thumb	MovementType_FaceDownAndUp_callback
0x08090094	thumb	MovementType_FaceDownAndUp_Step0
0x080900A8	thumb	MovementType_FaceDownAndUp_Step1
0x080900D4	thumb	MovementType_FaceDownAndUp_Step2
0x08090118	thumb	MovementType_FaceDownAndUp_Step3
0x08090148	thumb	MovementType_FaceDownAndUp_Step4
0x08090190	thumb	MovementType_FaceLeftAndRight
0x080901B4	thumb	MovementType_FaceLeftAndRight_callback
0x080901D4	thumb	MovementType_FaceLeftAndRight_Step0
0x080901E8	thumb	MovementType_FaceLeftAndRight_Step1
0x08090214	thumb	MovementType_FaceLeftAndRight_Step2
0x08090258	thumb	MovementType_FaceLeftAndRight_Step3
0x08090288	thumb	MovementType_FaceLeftAndRight_Step4
0x080902D0	thumb	MovementType_FaceUpAndLeft
0x080902F4	thumb	MovementType_FaceUpAndLeft_callback
0x08090314	thumb	MovementType_FaceUpAndLeft_Step0
0x08090328	thumb	MovementType_FaceUpAndLeft_Step1
0x08090354	thumb	MovementType_FaceUpAndLeft_Step2
0x08090398	thumb	MovementType_FaceUpAndLeft_Step3
0x080903C8	thumb	MovementType_FaceUpAndLeft_Step4
0x08090410	thumb	MovementType_FaceUpAndRight
0x08090434	thumb	MovementType_FaceUpAndRight_callback
0x08090454	thumb	MovementType_FaceUpAndRight_Step0
0x08090468	thumb	MovementType_FaceUpAndRight_Step1
0x08090494	thumb	MovementType_FaceUpAndRight_Step2
0x080904D8	thumb	MovementType_FaceUpAndRight_Step3
0x08090508	thumb	MovementType_FaceUpAndRight_Step4
0x08090550	thumb	MovementType_FaceDownAndLeft
0x08090574	thumb	MovementType_FaceDownAndLeft_callback
0x08090594	thumb	MovementType_FaceDownAndLeft_Step0
0x080905A8	thumb	MovementType_FaceDownAndLeft_Step1
0x080905D4	thumb	MovementType_FaceDownAndLeft_Step2
0x08090618	thumb	MovementType_FaceDownAndLeft_Step3
0x08090648	thumb	MovementType_FaceDownAndLeft_Step4
0x08090690	thumb	MovementType_FaceDownAndRight
0x080906B4	thumb	MovementType_FaceDownAndRight_callback
0x080906D4	thumb	MovementType_FaceDownAndRight_Step0
0x080906E8	thumb	MovementType_FaceDownAndRight_Step1
0x08090714	thumb	MovementType_FaceDownAndRight_Step2
0x08090758	thumb	MovementType_FaceDownAndRight_Step3
0x08090788	thumb	MovementType_FaceDownAndRight_Step4
0x080907D0	thumb	MovementType_FaceDownUpAndLeft
0x080907F4	thumb	MovementType_FaceDownUpAndLeft_callback
0x08090814	thumb	MovementType_FaceDownUpAndLeft_Step0
0x08090828	thumb	MovementType_FaceDownUpAndLeft_Step1
0x08090854	thumb	MovementType_FaceDownUpAndLeft_Step2
0x08090898	thumb	MovementType_FaceDownUpAndLeft_Step3
0x080908C8	thumb	MovementType_FaceDownUpAndLeft_Step4
0x08090910	thumb	MovementType_FaceDownUpAndRight
0x08090934	thumb	MovementType_FaceDownUpAndRight_callback
0x08090954	thumb	MovementType_FaceDownUpAndRight_Step0
0x08090968	thumb	MovementType_FaceDownUpAndRight_Step1
0x08090994	thumb	MovementType_FaceDownUpAndRight_Step2
0x080909D8	thumb	MovementType_FaceDownUpAndRight_Step3
0x08090A08	thumb	MovementType_FaceDownUpAndRight_Step4
0x08090A50	thumb	MovementType_FaceUpRightAndLeft
0x08090A74	thumb	MovementType_FaceUpRightAndLeft_callback
0x08090A94	thumb	MovementType_FaceUpLeftAndRight_Step0
0x08090AA8	thumb	MovementType_FaceUpLeftAndRight_Step1
0x08090AD4	thumb	MovementType_FaceUpLeftAndRight_Step2
0x08090B18	thumb	MovementType_FaceUpLeftAndRight_Step3
0x08090B48	thumb	MovementType_FaceUpLeftAndRight_Step4
0x08090B90	thumb	MovementType_FaceDownRightAndLeft
0x08090BB4	thumb	MovementType_FaceDownRightAndLeft_callback
0x08090BD4	thumb	MovementType_FaceDownLeftAndRight_Step0
0x08090BE8	thumb	MovementType_FaceDownLeftAndRight_Step1
0x08090C14	thumb	MovementType_FaceDownLeftAndRight_Step2
0x08090C58	thumb	MovementType_FaceDownLeftAndRight_Step3
0x08090C88	thumb	MovementType_FaceDownLeftAndRight_Step4
0x08090CD0	thumb	MovementType_RotateCounterclockwise
0x08090CF4	thumb	MovementType_RotateCounterclockwise_callback
0x08090D14	thumb	MovementType_RotateCounterclockwise_Step0
0x08090D40	thumb	MovementType_RotateCounterclockwise_Step1
0x08090D64	thumb	MovementType_RotateCounterclockwise_Step2
0x08090D90	thumb	MovementType_RotateCounterclockwise_Step3
0x08090DD4	thumb	MovementType_RotateClockwise
0x08090DF8	thumb	MovementType_RotateClockwise_callback
0x08090E18	thumb	MovementType_RotateClockwise_Step0
0x08090E44	thumb	MovementType_RotateClockwise_Step1
0x08090E68	thumb	MovementType_RotateClockwise_Step2
0x08090E94	thumb	MovementType_RotateClockwise_Step3
0x08090ED8	thumb	MovementType_WalkBackAndForth
0x08090EFC	thumb	MovementType_WalkBackAndForth_callback
0x08090F1C	thumb	MovementType_WalkBackAndForth_Step0
0x08090F30	thumb	MovementType_WalkBackAndForth_Step1
0x08090F68	thumb	MovementType_WalkBackAndForth_Step2
0x08091020	thumb	MovementType_WalkBackAndForth_Step3
0x08091048	thumb	MovementType_WalkSequence_Step0
0x0809105C	thumb	MoveNextDirectionInSequence
0x08091110	thumb	MovementType_WalkSequence_Step2
0x08091138	thumb	MovementType_WalkSequenceUpRightLeftDown
0x0809115C	thumb	MovementType_WalkSequenceUpRightLeftDown_callback
0x0809117C	thumb	MovementType_WalkSequenceUpRightLeftDown_Step1
0x080911C4	thumb	MovementType_WalkSequenceRightLeftDownUp
0x080911E8	thumb	MovementType_WalkSequenceRightLeftDownUp_callback
0x08091208	thumb	MovementType_WalkSequenceRightLeftDownUp_Step1
0x08091250	thumb	MovementType_WalkSequenceDownUpRightLeft
0x08091274	thumb	MovementType_WalkSequenceDownUpRightLeft_callback
0x08091294	thumb	MovementType_WalkSequenceDownUpRightLeft_Step1
0x080912DC	thumb	MovementType_WalkSequenceLeftDownUpRight
0x08091300	thumb	MovementType_WalkSequenceLeftDownUpRight_callback
0x08091320	thumb	MovementType_WalkSequenceLeftDownUpRight_Step1
0x08091368	thumb	MovementType_WalkSequenceUpLeftRightDown
0x0809138C	thumb	MovementType_WalkSequenceUpLeftRightDown_callback
0x080913AC	thumb	MovementType_WalkSequenceUpLeftRightDown_Step1
0x080913F4	thumb	MovementType_WalkSequenceLeftRightDownUp
0x08091418	thumb	MovementType_WalkSequenceLeftRightDownUp_callback
0x08091438	thumb	MovementType_WalkSequenceLeftRightDownUp_Step1
0x08091480	thumb	MovementType_WalkSequenceDownUpLeftRight
0x080914A4	thumb	MovementType_WalkSequenceDownUpLeftRight_callback
0x080914C4	thumb	MovementType_WalkSequenceDownUpLeftRight_Step1
0x0809150C	thumb	MovementType_WalkSequenceRightDownUpLeft
0x08091530	thumb	MovementType_WalkSequenceRightDownUpLeft_callback
0x08091550	thumb	MovementType_WalkSequenceRightDownUpLeft_Step1
0x08091598	thumb	MovementType_WalkSequenceLeftUpDownRight
0x080915BC	thumb	MovementType_WalkSequenceLeftUpDownRight_callback
0x080915DC	thumb	MovementType_WalkSequenceLeftUpDownRight_Step1
0x08091624	thumb	MovementType_WalkSequenceUpDownRightLeft
0x08091648	thumb	MovementType_WalkSequenceUpDownRightLeft_callback
0x08091668	thumb	MovementType_WalkSequenceUpDownRightLeft_Step1
0x080916B0	thumb	MovementType_WalkSequenceRightLeftUpDown
0x080916D4	thumb	MovementType_WalkSequenceRightLeftUpDown_callback
0x080916F4	thumb	MovementType_WalkSequenceRightLeftUpDown_Step1
0x0809173C	thumb	MovementType_WalkSequenceDownRightLeftUp
0x08091760	thumb	MovementType_WalkSequenceDownRightLeftUp_callback
0x08091780	thumb	MovementType_WalkSequenceDownRightLeftUp_Step1
0x080917C8	thumb	MovementType_WalkSequenceRightUpDownLeft
0x080917EC	thumb	MovementType_WalkSequenceRightUpDownLeft_callback
0x0809180C	thumb	MovementType_WalkSequenceRightUpDownLeft_Step1
0x08091854	thumb	MovementType_WalkSequenceUpDownLeftRight
0x08091878	thumb	MovementType_WalkSequenceUpDownLeftRight_callback
0x08091898	thumb	MovementType_WalkSequenceUpDownLeftRight_Step1
0x080918E0	thumb	MovementType_WalkSequenceLeftRightUpDown
0x08091904	thumb	MovementType_WalkSequenceLeftRightUpDown_callback
0x08091924	thumb	MovementType_WalkSequenceLeftRightUpDown_Step1
0x0809196C	thumb	MovementType_WalkSequenceDownLeftRightUp
0x08091990	thumb	MovementType_WalkSequenceDownLeftRightUp_callback
0x080919B0	thumb	MovementType_WalkSequenceDownLeftRightUp_Step1
0x080919F8	thumb	MovementType_WalkSequenceUpLeftDownRight
0x08091A1C	thumb	MovementType_WalkSequenceUpLeftDownRight_callback
0x08091A3C	thumb	MovementType_WalkSequenceUpLeftDownRight_Step1
0x08091A84	thumb	MovementType_WalkSequenceDownRightUpLeft
0x08091AA8	thumb	MovementType_WalkSequenceDownRightUpLeft_callback
0x08091AC8	thumb	MovementType_WalkSequenceDownRightUpLeft_Step1
0x08091B10	thumb	MovementType_WalkSequenceLeftDownRightUp
0x08091B34	thumb	MovementType_WalkSequenceLeftDownRightUp_callback
0x08091B54	thumb	MovementType_WalkSequenceLeftDownRightUp_Step1
0x08091B9C	thumb	MovementType_WalkSequenceRightUpLeftDown
0x08091BC0	thumb	MovementType_WalkSequenceRightUpLeftDown_callback
0x08091BE0	thumb	MovementType_WalkSequenceRightUpLeftDown_Step1
0x08091C28	thumb	MovementType_WalkSequenceUpRightDownLeft
0x08091C4C	thumb	MovementType_WalkSequenceUpRightDownLeft_callback
0x08091C6C	thumb	MovementType_WalkSequenceUpRightDownLeft_Step1
0x08091CB4	thumb	MovementType_WalkSequenceDownLeftUpRight
0x08091CD8	thumb	MovementType_WalkSequenceDownLeftUpRight_callback
0x08091CF8	thumb	MovementType_WalkSequenceDownLeftUpRight_Step1
0x08091D40	thumb	MovementType_WalkSequenceLeftUpRightDown
0x08091D64	thumb	MovementType_WalkSequenceLeftUpRightDown_callback
0x08091D84	thumb	MovementType_WalkSequenceLeftUpRightDown_Step1
0x08091DCC	thumb	MovementType_WalkSequenceRightDownLeftUp
0x08091DF0	thumb	MovementType_WalkSequenceRightDownLeftUp_callback
0x08091E10	thumb	MovementType_WalkSequenceRightDownLeftUp_Step1
0x08091E58	thumb	MovementType_CopyPlayer
0x08091E7C	thumb	MovementType_CopyPlayer_callback
0x08091E9C	thumb	MovementType_CopyPlayer_Step0
0x08091EC0	thumb	MovementType_CopyPlayer_Step1
0x08091F20	thumb	MovementType_CopyPlayer_Step2
0x08091F48	thumb	CopyablePlayerMovement_None
0x08091F4C	thumb	CopyablePlayerMovement_FaceDirection
0x08091F94	thumb	CopyablePlayerMovement_WalkNormal
0x080920A4	thumb	CopyablePlayerMovement_WalkFast
0x0809215C	thumb	CopyablePlayerMovement_WalkFaster
0x08092214	thumb	CopyablePlayerMovement_Slide
0x080922CC	thumb	CopyablePlayerMovement_JumpInPlace
0x08092314	thumb	CopyablePlayerMovement_Jump
0x080923CC	thumb	CopyablePlayerMovement_Jump2
0x08092494	thumb	MovementType_CopyPlayerInGrass
0x080924B8	thumb	MovementType_CopyPlayerInGrass_callback
0x080924D8	thumb	MovementType_CopyPlayerInGrass_Step1
0x0809253C	thumb	MovementType_TreeDisguise
0x080925AC	thumb	MovementType_Disguise_Callback
0x080925B8	thumb	MovementType_MountainDisguise
0x08092628	thumb	MovementType_Buried
0x0809268C	thumb	MovementType_Buried_Callback
0x080926AC	thumb	MovementType_Buried_Step0
0x080926B8	thumb	MovementType_MoveInPlace_Step1
0x080926D4	thumb	MovementType_WalkInPlace
0x080926F8	thumb	MovementType_WalkInPlace_callback
0x08092718	thumb	MovementType_WalkInPlace_Step0
0x08092744	thumb	MovementType_WalkSlowlyInPlace
0x08092768	thumb	MovementType_WalkSlowlyInPlace_callback
0x08092788	thumb	MovementType_WalkSlowlyInPlace_Step0
0x080927B4	thumb	MovementType_JogInPlace
0x080927D8	thumb	MovementType_JogInPlace_callback
0x080927F8	thumb	MovementType_JogInPlace_Step0
0x08092824	thumb	MovementType_RunInPlace
0x08092848	thumb	MovementType_RunInPlace_callback
0x08092868	thumb	MovementType_RunInPlace_Step0
0x08092894	thumb	MovementType_Invisible
0x080928B8	thumb	MovementType_Invisible_callback
0x080928D8	thumb	MovementType_Invisible_Step0
0x0809290C	thumb	MovementType_Invisible_Step1
0x0809292C	thumb	MovementType_Invisible_Step2
0x0809293C	thumb	ClearObjectEventMovement
0x0809295C	thumb	GetFaceDirectionAnimNum
0x0809296C	thumb	GetMoveDirectionAnimNum
0x0809297C	thumb	GetMoveDirectionFastAnimNum
0x0809298C	thumb	GetMoveDirectionFasterAnimNum
0x0809299C	thumb	GetMoveDirectionFastestAnimNum
0x080929AC	thumb	GetJumpSpecialDirectionAnimNum
0x080929BC	thumb	GetAcroWheelieDirectionAnimNum
0x080929CC	thumb	GetAcroUnusedDirectionAnimNum
0x080929DC	thumb	GetAcroEndWheelieDirectionAnimNum
0x080929EC	thumb	GetAcroUnusedActionDirectionAnimNum
0x080929FC	thumb	GetAcroWheeliePedalDirectionAnimNum
0x08092A0C	thumb	GetFishingDirectionAnimNum
0x08092A1C	thumb	GetFishingNoCatchDirectionAnimNum
0x08092A2C	thumb	GetFishingBiteDirectionAnimNum
0x08092A3C	thumb	GetRunningDirectionAnimNum
0x08092A4C	thumb	GetStepAnimTable
0x08092A70	thumb	SetStepAnimHandleAlternation
0x08092AB8	thumb	SetStepAnim
0x08092AF8	thumb	GetDirectionToFace
0x08092B2C	thumb	SetTrainerMovementType
0x08092B78	thumb	GetTrainerFacingDirectionMovementType
0x08092B88	thumb	GetCollisionInDirection
0x08092BC8	thumb	GetCollisionAtCoords
0x08092C8C	thumb	GetCollisionFlagsAtCoords
0x08092D58	thumb	IsCoordOutsideObjectEventMovementRange
0x08092DC8	thumb	IsMetatileDirectionallyImpassable
0x08092E20	thumb	DoesObjectCollideWithObjectAt
0x08092E9C	thumb	IsBerryTreeSparkling
0x08092EF0	thumb	SetBerryTreeJustPicked
0x08092F3C	thumb	MoveCoords
0x08092F60	thumb	MoveCoordsInMapCoordIncrement
0x08092F88	thumb	MoveCoordsInDirection
0x08092FF0	thumb	GetMapCoordsFromSpritePos
0x08093038	thumb	SetSpritePosToMapCoords
0x080930E0	thumb	SetSpritePosToOffsetMapCoords
0x0809312C	thumb	GetObjectEventMovingCameraOffset
0x0809316C	thumb	ObjectEventMoveDestCoords
0x0809318C	thumb	ObjectEventIsMovementOverridden
0x080931A4	thumb	ObjectEventIsHeldMovementActive
0x080931C0	thumb	ObjectEventSetHeldMovement
0x08093208	thumb	ObjectEventForceSetHeldMovement
0x08093224	thumb	ObjectEventClearHeldMovementIfActive
0x0809323C	thumb	ObjectEventClearHeldMovement
0x08093270	thumb	ObjectEventCheckHeldMovementStatus
0x08093284	thumb	ObjectEventClearHeldMovementIfFinished
0x080932A8	thumb	ObjectEventGetHeldMovementActionId
0x080932C0	thumb	UpdateObjectEventCurrentMovement
0x08093330	thumb	GetFaceDirectionMovementAction
0x0809335C	thumb	GetWalkSlowMovementAction
0x08093388	thumb	GetWalkNormalMovementAction
0x080933B4	thumb	GetWalkFastMovementAction
0x080933E0	thumb	GetRideWaterCurrentMovementAction
0x0809340C	thumb	GetWalkFasterMovementAction
0x08093438	thumb	GetSlideMovementAction
0x08093464	thumb	GetPlayerRunMovementAction
0x08093490	thumb	GetJump2MovementAction
0x080934BC	thumb	GetJumpInPlaceMovementAction
0x080934E8	thumb	GetJumpInPlaceTurnAroundMovementAction
0x08093514	thumb	GetJumpMovementAction
0x08093540	thumb	GetJumpSpecialMovementAction
0x0809356C	thumb	GetWalkInPlaceSlowMovementAction
0x08093598	thumb	GetWalkInPlaceNormalMovementAction
0x080935C4	thumb	GetWalkInPlaceFastMovementAction
0x080935F0	thumb	GetWalkInPlaceFasterMovementAction
0x0809361C	thumb	ObjectEventFaceOppositeDirection
0x08093648	thumb	GetAcroWheelieFaceDirectionMovementAction
0x08093674	thumb	GetAcroPopWheelieFaceDirectionMovementAction
0x080936A0	thumb	GetAcroEndWheelieFaceDirectionMovementAction
0x080936CC	thumb	GetAcroWheelieHopFaceDirectionMovementAction
0x080936F8	thumb	GetAcroWheelieHopDirectionMovementAction
0x08093724	thumb	GetAcroWheelieJumpDirectionMovementAction
0x08093750	thumb	GetAcroWheelieInPlaceDirectionMovementAction
0x0809377C	thumb	GetAcroPopWheelieMoveDirectionMovementAction
0x080937A8	thumb	GetAcroWheelieMoveDirectionMovementAction
0x080937D4	thumb	GetAcroEndWheelieMoveDirectionMovementAction
0x08093800	thumb	GetOppositeDirection
0x08093834	thumb	GetPlayerDirectionForCopy
0x0809384C	thumb	GetCopyDirection
0x0809388C	thumb	ObjectEventExecHeldMovementAction
0x080938C4	thumb	ObjectEventExecSingleMovementAction
0x08093904	thumb	ObjectEventSetSingleMovement
0x0809390C	thumb	FaceDirection
0x08093950	thumb	MovementAction_FaceDown_Step0
0x08093960	thumb	MovementAction_FaceUp_Step0
0x08093970	thumb	MovementAction_FaceLeft_Step0
0x08093980	thumb	MovementAction_FaceRight_Step0
0x08093990	thumb	InitNpcForMovement
0x08093A2C	thumb	InitMovementNormal
0x08093A88	thumb	StartRunningAnim
0x08093AB8	thumb	UpdateMovementNormal
0x08093AF0	thumb	InitNpcForWalkSlow
0x08093B60	thumb	InitWalkSlow
0x08093B8C	thumb	UpdateWalkSlow
0x08093BC4	thumb	MovementAction_WalkSlowDiagonalUpLeft_Step0
0x08093BE4	thumb	MovementAction_WalkSlowDiagonalUpLeft_Step1
0x08093C04	thumb	MovementAction_WalkSlowDiagonalUpRight_Step0
0x08093C24	thumb	MovementAction_WalkSlowDiagonalUpRight_Step1
0x08093C44	thumb	MovementAction_WalkSlowDiagonalDownLeft_Step0
0x08093C64	thumb	MovementAction_WalkSlowDiagonalDownLeft_Step1
0x08093C84	thumb	MovementAction_WalkSlowDiagonalDownRight_Step0
0x08093CA4	thumb	MovementAction_WalkSlowDiagonalDownRight_Step1
0x08093CC4	thumb	MovementAction_WalkSlowDown_Step0
0x08093CE4	thumb	MovementAction_WalkSlowDown_Step1
0x08093D04	thumb	MovementAction_WalkSlowUp_Step0
0x08093D24	thumb	MovementAction_WalkSlowUp_Step1
0x08093D44	thumb	MovementAction_WalkSlowLeft_Step0
0x08093D64	thumb	MovementAction_WalkSlowLeft_Step1
0x08093D84	thumb	MovementAction_WalkSlowRight_Step0
0x08093DA4	thumb	MovementAction_WalkSlowRight_Step1
0x08093DC4	thumb	MovementAction_WalkNormalDiagonalUpLeft_Step0
0x08093DE4	thumb	MovementAction_WalkNormalDiagonalUpLeft_Step1
0x08093E04	thumb	MovementAction_WalkNormalDiagonalUpRight_Step0
0x08093E24	thumb	MovementAction_WalkNormalDiagonalUpRight_Step1
0x08093E44	thumb	MovementAction_WalkNormalDiagonalDownLeft_Step0
0x08093E64	thumb	MovementAction_WalkNormalDiagonalDownLeft_Step1
0x08093E84	thumb	MovementAction_WalkNormalDiagonalDownRight_Step0
0x08093EA4	thumb	MovementAction_WalkNormalDiagonalDownRight_Step1
0x08093EC4	thumb	MovementAction_WalkNormalDown_Step0
0x08093EE4	thumb	MovementAction_WalkNormalDown_Step1
0x08093F04	thumb	MovementAction_WalkNormalUp_Step0
0x08093F24	thumb	MovementAction_WalkNormalUp_Step1
0x08093F44	thumb	MovementAction_WalkNormalLeft_Step0
0x08093F64	thumb	MovementAction_WalkNormalLeft_Step1
0x08093F84	thumb	MovementAction_WalkNormalRight_Step0
0x08093FA4	thumb	MovementAction_WalkNormalRight_Step1
0x08093FC4	thumb	InitJump
0x08094080	thumb	InitJumpRegular
0x080940C4	thumb	UpdateJumpAnim
0x08094188	thumb	DoJumpAnimStep
0x0809419C	thumb	DoJumpSpecialAnimStep
0x080941B0	thumb	DoJumpAnim
0x080941C8	thumb	DoJumpSpecialAnim
0x080941E0	thumb	DoJumpInPlaceAnim
0x08094230	thumb	MovementAction_Jump2Down_Step0
0x0809425C	thumb	MovementAction_Jump2Down_Step1
0x08094288	thumb	MovementAction_Jump2Up_Step0
0x080942B4	thumb	MovementAction_Jump2Up_Step1
0x080942E0	thumb	MovementAction_Jump2Left_Step0
0x0809430C	thumb	MovementAction_Jump2Left_Step1
0x08094338	thumb	MovementAction_Jump2Right_Step0
0x08094364	thumb	MovementAction_Jump2Right_Step1
0x08094390	thumb	InitMovementDelay
0x08094398	thumb	MovementAction_Delay_Step1
0x080943B4	thumb	MovementAction_Delay1_Step0
0x080943D4	thumb	MovementAction_Delay2_Step0
0x080943F4	thumb	MovementAction_Delay4_Step0
0x08094414	thumb	MovementAction_Delay8_Step0
0x08094434	thumb	MovementAction_Delay16_Step0
0x08094454	thumb	MovementAction_WalkFastDown_Step0
0x08094474	thumb	MovementAction_WalkFastDown_Step1
0x08094494	thumb	MovementAction_WalkFastUp_Step0
0x080944B4	thumb	MovementAction_WalkFastUp_Step1
0x080944D4	thumb	MovementAction_WalkFastLeft_Step0
0x080944F4	thumb	MovementAction_WalkFastLeft_Step1
0x08094514	thumb	MovementAction_WalkFastRight_Step0
0x08094534	thumb	MovementAction_WalkFastRight_Step1
0x08094554	thumb	InitMoveInPlace
0x0809459C	thumb	MovementAction_WalkInPlace_Step1
0x080945C4	thumb	MovementAction_WalkInPlaceSlow_Step1
0x08094600	thumb	MovementAction_WalkInPlaceSlowDown_Step0
0x08094638	thumb	MovementAction_WalkInPlaceSlowUp_Step0
0x08094670	thumb	MovementAction_WalkInPlaceSlowLeft_Step0
0x080946A8	thumb	MovementAction_WalkInPlaceSlowRight_Step0
0x080946E0	thumb	MovementAction_WalkInPlaceNormalDown_Step0
0x08094718	thumb	MovementAction_WalkInPlaceNormalUp_Step0
0x08094750	thumb	MovementAction_WalkInPlaceNormalLeft_Step0
0x08094788	thumb	MovementAction_WalkInPlaceNormalRight_Step0
0x080947C0	thumb	MovementAction_WalkInPlaceFastDown_Step0
0x080947F8	thumb	MovementAction_WalkInPlaceFastUp_Step0
0x08094830	thumb	MovementAction_WalkInPlaceFastLeft_Step0
0x08094868	thumb	MovementAction_WalkInPlaceFastRight_Step0
0x080948A0	thumb	MovementAction_WalkInPlaceFasterDown_Step0
0x080948D8	thumb	MovementAction_WalkInPlaceFasterUp_Step0
0x08094910	thumb	MovementAction_WalkInPlaceFasterLeft_Step0
0x08094948	thumb	MovementAction_WalkInPlaceFasterRight_Step0
0x08094980	thumb	MovementAction_RideWaterCurrentDown_Step0
0x080949A0	thumb	MovementAction_RideWaterCurrentDown_Step1
0x080949C0	thumb	MovementAction_RideWaterCurrentUp_Step0
0x080949E0	thumb	MovementAction_RideWaterCurrentUp_Step1
0x08094A00	thumb	MovementAction_RideWaterCurrentLeft_Step0
0x08094A20	thumb	MovementAction_RideWaterCurrentLeft_Step1
0x08094A40	thumb	MovementAction_RideWaterCurrentRight_Step0
0x08094A60	thumb	MovementAction_RideWaterCurrentRight_Step1
0x08094A80	thumb	MovementAction_WalkFasterDown_Step0
0x08094AA0	thumb	MovementAction_WalkFasterDown_Step1
0x08094AC0	thumb	MovementAction_WalkFasterUp_Step0
0x08094AE0	thumb	MovementAction_WalkFasterUp_Step1
0x08094B00	thumb	MovementAction_WalkFasterLeft_Step0
0x08094B20	thumb	MovementAction_WalkFasterLeft_Step1
0x08094B40	thumb	MovementAction_WalkFasterRight_Step0
0x08094B60	thumb	MovementAction_WalkFasterRight_Step1
0x08094B80	thumb	MovementAction_SlideDown_Step0
0x08094BA0	thumb	MovementAction_SlideDown_Step1
0x08094BC0	thumb	MovementAction_SlideUp_Step0
0x08094BE0	thumb	MovementAction_SlideUp_Step1
0x08094C00	thumb	MovementAction_SlideLeft_Step0
0x08094C20	thumb	MovementAction_SlideLeft_Step1
0x08094C40	thumb	MovementAction_SlideRight_Step0
0x08094C60	thumb	MovementAction_SlideRight_Step1
0x08094C80	thumb	MovementAction_PlayerRunDown_Step0
0x08094CA0	thumb	MovementAction_PlayerRunDown_Step1
0x08094CC0	thumb	MovementAction_PlayerRunUp_Step0
0x08094CE0	thumb	MovementAction_PlayerRunUp_Step1
0x08094D00	thumb	MovementAction_PlayerRunLeft_Step0
0x08094D20	thumb	MovementAction_PlayerRunLeft_Step1
0x08094D40	thumb	MovementAction_PlayerRunRight_Step0
0x08094D60	thumb	MovementAction_PlayerRunRight_Step1
0x08094D80	thumb	StartSpriteAnimInDirection
0x08094DAC	thumb	MovementAction_StartAnimInDirection_Step0
0x08094DC4	thumb	MovementAction_WaitSpriteAnim
0x08094DE4	thumb	InitJumpSpecial
0x08094E18	thumb	MovementAction_JumpSpecialDown_Step0
0x08094E38	thumb	MovementAction_JumpSpecialDown_Step1
0x08094E60	thumb	MovementAction_JumpSpecialUp_Step0
0x08094E80	thumb	MovementAction_JumpSpecialUp_Step1
0x08094EA8	thumb	MovementAction_JumpSpecialLeft_Step0
0x08094EC8	thumb	MovementAction_JumpSpecialLeft_Step1
0x08094EF0	thumb	MovementAction_JumpSpecialRight_Step0
0x08094F10	thumb	MovementAction_JumpSpecialRight_Step1
0x08094F38	thumb	MovementAction_FacePlayer_Step0
0x08094F94	thumb	MovementAction_FaceAwayPlayer_Step0
0x08094FF8	thumb	MovementAction_LockFacingDirection_Step0
0x08095008	thumb	MovementAction_UnlockFacingDirection_Step0
0x08095018	thumb	MovementAction_JumpDown_Step0
0x08095044	thumb	MovementAction_JumpDown_Step1
0x08095070	thumb	MovementAction_JumpUp_Step0
0x0809509C	thumb	MovementAction_JumpUp_Step1
0x080950C8	thumb	MovementAction_JumpLeft_Step0
0x080950F4	thumb	MovementAction_JumpLeft_Step1
0x08095120	thumb	MovementAction_JumpRight_Step0
0x0809514C	thumb	MovementAction_JumpRight_Step1
0x08095178	thumb	MovementAction_JumpInPlaceDown_Step0
0x080951A4	thumb	MovementAction_JumpInPlaceDown_Step1
0x080951D0	thumb	MovementAction_JumpInPlaceUp_Step0
0x080951FC	thumb	MovementAction_JumpInPlaceUp_Step1
0x08095228	thumb	MovementAction_JumpInPlaceLeft_Step0
0x08095254	thumb	MovementAction_JumpInPlaceLeft_Step1
0x08095280	thumb	MovementAction_JumpInPlaceRight_Step0
0x080952AC	thumb	MovementAction_JumpInPlaceRight_Step1
0x080952D8	thumb	MovementAction_JumpInPlaceDownUp_Step0
0x08095304	thumb	MovementAction_JumpInPlaceDownUp_Step1
0x08095330	thumb	MovementAction_JumpInPlaceUpDown_Step0
0x0809535C	thumb	MovementAction_JumpInPlaceUpDown_Step1
0x08095388	thumb	MovementAction_JumpInPlaceLeftRight_Step0
0x080953B4	thumb	MovementAction_JumpInPlaceLeftRight_Step1
0x080953E0	thumb	MovementAction_JumpInPlaceRightLeft_Step0
0x0809540C	thumb	MovementAction_JumpInPlaceRightLeft_Step1
0x08095438	thumb	MovementAction_FaceOriginalDirection_Step0
0x08095450	thumb	MovementAction_NurseJoyBowDown_Step0
0x08095460	thumb	MovementAction_EnableJumpLandingGroundEffect_Step0
0x08095470	thumb	MovementAction_DisableJumpLandingGroundEffect_Step0
0x08095480	thumb	MovementAction_DisableAnimation_Step0
0x08095490	thumb	MovementAction_RestoreAnimation_Step0
0x080954BC	thumb	MovementAction_SetInvisible_Step0
0x080954CC	thumb	MovementAction_SetVisible_Step0
0x080954DC	thumb	MovementAction_EmoteExclamationMark_Step0
0x08095500	thumb	MovementAction_EmoteQuestionMark_Step0
0x08095524	thumb	MovementAction_EmoteHeart_Step0
0x08095548	thumb	MovementAction_RevealTrainer_Step0
0x0809558C	thumb	MovementAction_RevealTrainer_Step1
0x080955AC	thumb	MovementAction_RockSmashBreak_Step0
0x080955C8	thumb	MovementAction_RockSmashBreak_Step1
0x080955EC	thumb	MovementAction_RockSmashBreak_Step2
0x08095628	thumb	MovementAction_CutTree_Step0
0x08095644	thumb	MovementAction_CutTree_Step1
0x08095668	thumb	MovementAction_CutTree_Step2
0x080956A4	thumb	MovementAction_SetFixedPriority_Step0
0x080956B4	thumb	MovementAction_ClearFixedPriority_Step0
0x080956C4	thumb	MovementAction_InitAffineAnim_Step0
0x080956F4	thumb	MovementAction_ClearAffineAnim_Step0
0x08095724	thumb	MovementAction_HideReflection_Step0
0x08095730	thumb	MovementAction_ShowReflection_Step0
0x08095740	thumb	MovementAction_WalkDownStartAffine_Step0
0x08095774	thumb	MovementAction_WalkDownStartAffine_Step1
0x080957A0	thumb	MovementAction_WalkDownAffine_Step0
0x080957D4	thumb	MovementAction_WalkDownAffine_Step1
0x08095800	thumb	MovementAction_WalkLeftAffine_Step0
0x08095834	thumb	MovementAction_WalkLeftAffine_Step1
0x08095860	thumb	MovementAction_WalkRightAffine_Step0
0x08095894	thumb	MovementAction_WalkRightAffine_Step1
0x080958C0	thumb	AcroWheelieFaceDirection
0x08095900	thumb	MovementAction_AcroWheelieFaceDown_Step0
0x08095910	thumb	MovementAction_AcroWheelieFaceUp_Step0
0x08095920	thumb	MovementAction_AcroWheelieFaceLeft_Step0
0x08095930	thumb	MovementAction_AcroWheelieFaceRight_Step0
0x08095940	thumb	MovementAction_AcroPopWheelieDown_Step0
0x08095964	thumb	MovementAction_AcroPopWheelieUp_Step0
0x08095988	thumb	MovementAction_AcroPopWheelieLeft_Step0
0x080959AC	thumb	MovementAction_AcroPopWheelieRight_Step0
0x080959D0	thumb	MovementAction_AcroEndWheelieFaceDown_Step0
0x080959F4	thumb	MovementAction_AcroEndWheelieFaceUp_Step0
0x08095A18	thumb	MovementAction_AcroEndWheelieFaceLeft_Step0
0x08095A3C	thumb	MovementAction_AcroEndWheelieFaceRight_Step0
0x08095A60	thumb	MovementAction_UnusedAcroActionDown_Step0
0x08095A84	thumb	MovementAction_UnusedAcroActionUp_Step0
0x08095AA8	thumb	MovementAction_UnusedAcroActionLeft_Step0
0x08095ACC	thumb	MovementAction_UnusedAcroActionRight_Step0
0x08095AF0	thumb	InitFigure8Anim
0x08095B0C	thumb	DoFigure8Anim
0x08095B44	thumb	MovementAction_Figure8_Step0
0x08095B64	thumb	MovementAction_Figure8_Step1
0x08095B84	thumb	InitAcroWheelieJump
0x08095BC8	thumb	MovementAction_AcroWheelieHopFaceDown_Step0
0x08095BF4	thumb	MovementAction_AcroWheelieHopFaceDown_Step1
0x08095C20	thumb	MovementAction_AcroWheelieHopFaceUp_Step0
0x08095C4C	thumb	MovementAction_AcroWheelieHopFaceUp_Step1
0x08095C78	thumb	MovementAction_AcroWheelieHopFaceLeft_Step0
0x08095CA4	thumb	MovementAction_AcroWheelieHopFaceLeft_Step1
0x08095CD0	thumb	MovementAction_AcroWheelieHopFaceRight_Step0
0x08095CFC	thumb	MovementAction_AcroWheelieHopFaceRight_Step1
0x08095D28	thumb	MovementAction_AcroWheelieHopDown_Step0
0x08095D54	thumb	MovementAction_AcroWheelieHopDown_Step1
0x08095D80	thumb	MovementAction_AcroWheelieHopUp_Step0
0x08095DAC	thumb	MovementAction_AcroWheelieHopUp_Step1
0x08095DD8	thumb	MovementAction_AcroWheelieHopLeft_Step0
0x08095E04	thumb	MovementAction_AcroWheelieHopLeft_Step1
0x08095E30	thumb	MovementAction_AcroWheelieHopRight_Step0
0x08095E5C	thumb	MovementAction_AcroWheelieHopRight_Step1
0x08095E88	thumb	MovementAction_AcroWheelieJumpDown_Step0
0x08095EB4	thumb	MovementAction_AcroWheelieJumpDown_Step1
0x08095EE0	thumb	MovementAction_AcroWheelieJumpUp_Step0
0x08095F0C	thumb	MovementAction_AcroWheelieJumpUp_Step1
0x08095F38	thumb	MovementAction_AcroWheelieJumpLeft_Step0
0x08095F64	thumb	MovementAction_AcroWheelieJumpLeft_Step1
0x08095F90	thumb	MovementAction_AcroWheelieJumpRight_Step0
0x08095FBC	thumb	MovementAction_AcroWheelieJumpRight_Step1
0x08095FE8	thumb	MovementAction_AcroWheelieInPlaceDown_Step0
0x08096020	thumb	MovementAction_AcroWheelieInPlaceUp_Step0
0x08096058	thumb	MovementAction_AcroWheelieInPlaceLeft_Step0
0x08096090	thumb	MovementAction_AcroWheelieInPlaceRight_Step0
0x080960C8	thumb	InitAcroPopWheelie
0x08096100	thumb	MovementAction_AcroPopWheelieMoveDown_Step0
0x08096120	thumb	MovementAction_AcroPopWheelieMoveDown_Step1
0x08096140	thumb	MovementAction_AcroPopWheelieMoveUp_Step0
0x08096160	thumb	MovementAction_AcroPopWheelieMoveUp_Step1
0x08096180	thumb	MovementAction_AcroPopWheelieMoveLeft_Step0
0x080961A0	thumb	MovementAction_AcroPopWheelieMoveLeft_Step1
0x080961C0	thumb	MovementAction_AcroPopWheelieMoveRight_Step0
0x080961E0	thumb	MovementAction_AcroPopWheelieMoveRight_Step1
0x08096200	thumb	InitAcroWheelieMove
0x08096230	thumb	MovementAction_AcroWheelieMoveDown_Step0
0x08096250	thumb	MovementAction_AcroWheelieMoveDown_Step1
0x08096270	thumb	MovementAction_AcroWheelieMoveUp_Step0
0x08096290	thumb	MovementAction_AcroWheelieMoveUp_Step1
0x080962B0	thumb	MovementAction_AcroWheelieMoveLeft_Step0
0x080962D0	thumb	MovementAction_AcroWheelieMoveLeft_Step1
0x080962F0	thumb	MovementAction_AcroWheelieMoveRight_Step0
0x08096310	thumb	MovementAction_AcroWheelieMoveRight_Step1
0x08096330	thumb	InitAcroEndWheelie
0x08096368	thumb	MovementAction_AcroEndWheelieMoveDown_Step0
0x08096388	thumb	MovementAction_AcroEndWheelieMoveDown_Step1
0x080963A8	thumb	MovementAction_AcroEndWheelieMoveUp_Step0
0x080963C8	thumb	MovementAction_AcroEndWheelieMoveUp_Step1
0x080963E8	thumb	MovementAction_AcroEndWheelieMoveLeft_Step0
0x08096408	thumb	MovementAction_AcroEndWheelieMoveLeft_Step1
0x08096428	thumb	MovementAction_AcroEndWheelieMoveRight_Step0
0x08096448	thumb	MovementAction_AcroEndWheelieMoveRight_Step1
0x08096468	thumb	MovementAction_Levitate_Step0
0x0809647C	thumb	MovementAction_StopLevitate_Step0
0x08096494	thumb	MovementAction_StopLevitateAtTop_Step0
0x080964B8	thumb	MovementAction_Finish
0x080964BC	thumb	MovementAction_PauseSpriteAnim
0x080964CC	thumb	UpdateObjectEventSpriteAnimPause
0x080964E8	thumb	TryEnableObjectEventAnim
0x08096518	thumb	UpdateObjectEventVisibility
0x08096530	thumb	UpdateObjectEventOffscreen
0x08096610	thumb	UpdateObjectEventSpriteVisibility
0x08096638	thumb	GetAllGroundEffectFlags_OnSpawn
0x08096680	thumb	GetAllGroundEffectFlags_OnBeginStep
0x080966D8	thumb	GetAllGroundEffectFlags_OnFinishStep
0x08096728	thumb	ObjectEventUpdateMetatileBehaviors
0x08096750	thumb	GetGroundEffectFlags_Reflection
0x080967AC	thumb	GetGroundEffectFlags_TallGrassOnSpawn
0x080967CC	thumb	GetGroundEffectFlags_TallGrassOnBeginStep
0x080967EC	thumb	GetGroundEffectFlags_LongGrassOnSpawn
0x0809680C	thumb	GetGroundEffectFlags_LongGrassOnBeginStep
0x0809682C	thumb	GetGroundEffectFlags_Tracks
0x0809686C	thumb	GetGroundEffectFlags_SandHeap
0x080968BC	thumb	GetGroundEffectFlags_ShallowFlowingWater
0x08096920	thumb	GetGroundEffectFlags_Puddle
0x08096950	thumb	GetGroundEffectFlags_Ripple
0x08096970	thumb	GetGroundEffectFlags_ShortGrass
0x080969C0	thumb	GetGroundEffectFlags_HotSprings
0x08096A10	thumb	GetGroundEffectFlags_Seaweed
0x08096A30	thumb	GetGroundEffectFlags_JumpLanding
0x08096A8C	thumb	ObjectEventGetNearbyReflectionType
0x08096BDC	thumb	GetReflectionTypeByMetatileBehavior
0x08096C0C	thumb	GetLedgeJumpDirection
0x08096C68	thumb	SetObjectEventSpriteOamTableForLongGrass
0x08096CC4	thumb	IsElevationMismatchAt
0x08096D00	thumb	UpdateObjectEventElevationAndPriority
0x08096D5C	thumb	InitObjectPriorityByElevation
0x08096DA8	thumb	ElevationToPriority
0x08096DB8	thumb	ObjectEventUpdateElevation
0x08096E0C	thumb	SetObjectSubpriorityByElevation
0x08096E54	thumb	ObjectEventUpdateSubpriority
0x08096E70	thumb	AreElevationsCompatible
0x08096E90	thumb	GroundEffect_SpawnOnTallGrass
0x08096EDC	thumb	GroundEffect_StepOnTallGrass
0x08096F28	thumb	GroundEffect_SpawnOnLongGrass
0x08096F74	thumb	GroundEffect_StepOnLongGrass
0x08096FC0	thumb	GroundEffect_WaterReflection
0x08096FCC	thumb	GroundEffect_IceReflection
0x08096FD8	thumb	GroundEffect_FlowingWater
0x08096FE8	thumb	GroundEffect_SandTracks
0x08097014	thumb	GroundEffect_DeepSandTracks
0x08097040	thumb	DoTracksGroundEffect_None
0x08097044	thumb	DoTracksGroundEffect_Footprints
0x08097094	thumb	DoTracksGroundEffect_BikeTireTracks
0x080970E4	thumb	GroundEffect_Ripple
0x080970F0	thumb	GroundEffect_StepOnPuddle
0x08097100	thumb	GroundEffect_SandHeap
0x08097110	thumb	GroundEffect_JumpOnTallGrass
0x08097168	thumb	GroundEffect_JumpOnLongGrass
0x08097190	thumb	GroundEffect_JumpOnShallowWater
0x080971C0	thumb	GroundEffect_JumpOnWater
0x080971F0	thumb	GroundEffect_JumpLandingDust
0x08097220	thumb	GroundEffect_ShortGrass
0x08097230	thumb	GroundEffect_HotSprings
0x08097240	thumb	GroundEffect_Seaweed
0x08097260	thumb	DoFlaggedGroundEffects
0x080972BC	thumb	filters_out_some_ground_effects
0x080972F4	thumb	FilterOutStepOnPuddleGroundEffectIfJumping
0x08097310	thumb	DoGroundEffects_OnSpawn
0x0809735C	thumb	DoGroundEffects_OnBeginStep
0x080973B0	thumb	DoGroundEffects_OnFinishStep
0x08097404	thumb	FreezeObjectEvent
0x08097494	thumb	FreezeObjectEvents
0x080974D0	thumb	FreezeObjectEventsExceptOne
0x08097514	thumb	UnfreezeObjectEvent
0x0809757C	thumb	UnfreezeObjectEvents
0x080975AC	thumb	Step1
0x080975CC	thumb	Step2
0x080975F0	thumb	Step3
0x08097618	thumb	Step4
0x0809763C	thumb	Step8
0x08097660	thumb	SetSpriteDataForNormalStep
0x08097674	thumb	NpcTakeStep
0x080976DC	thumb	SetWalkSlowSpriteData
0x080976EC	thumb	UpdateWalkSlowAnim
0x08097728	thumb	GetFigure8YOffset
0x0809773C	thumb	GetFigure8XOffset
0x08097750	thumb	InitSpriteForFigure8Anim
0x08097758	thumb	AnimateSpriteInFigure8
0x08097820	thumb	GetJumpY
0x0809783C	thumb	SetJumpSpriteData
0x0809785C	thumb	DoJumpSpriteMovement
0x080978E4	thumb	DoJumpSpecialSpriteMovement
0x08097978	thumb	SetMovementDelay
0x0809797C	thumb	WaitForMovementDelay
0x08097994	thumb	SetAndStartSpriteAnim
0x080979BC	thumb	SpriteAnimEnded
0x080979D4	thumb	UpdateObjectEventSpriteInvisibility
0x08097AC8	thumb	SpriteCB_VirtualObject
0x08097AF0	thumb	DestroyVirtualObjects
0x08097B2C	thumb	GetVirtualObjectSpriteId
0x08097B78	thumb	TurnVirtualObject
0x08097BB4	thumb	SetVirtualObjectGraphics
0x08097C44	thumb	SetVirtualObjectInvisibility
0x08097C8C	thumb	IsVirtualObjectInvisible
0x08097CC4	thumb	SetVirtualObjectSpriteAnim
0x08097CF4	thumb	MoveUnionRoomObjectUp
0x08097D30	thumb	MoveUnionRoomObjectDown
0x08097D68	thumb	VirtualObject_UpdateAnim
0x08097D9C	thumb	IsVirtualObjectAnimating
0x08097DD0	thumb	StartFieldEffectForObjectEvent
0x08097DF8	thumb	DoShadowFieldEffect
0x08097E14	thumb	DoRippleFieldEffect
0x08097E50	thumb	MovementAction_LockAnim_Step0
0x08097EF0	thumb	MovementAction_UnlockAnim_Step0
0x08097F78	thumb	FindLockedObjectEventIndex
0x08097FA4	thumb	CreateLevitateMovementTask
0x08097FE4	thumb	ApplyLevitateMovement
0x08098044	thumb	DestroyLevitateMovementTask
0x08098074	thumb	FreezeObjectEventsExceptTwo
0x080980C0	thumb	MovementAction_FlyUp_Step0
0x080980D0	thumb	MovementAction_FlyUp_Step1
0x080980F4	thumb	MovementAction_FlyDown_Step0
0x08098108	thumb	MovementAction_FlyDown_Step1
0x08098124	thumb	MovementAction_Fly_Finish
0x08098128	thumb	InitFieldMessageBox
0x08098154	thumb	Task_DrawFieldMessage
0x080981BC	thumb	CreateTask_DrawFieldMessage
0x080981D0	thumb	DestroyTask_DrawFieldMessage
0x080981EC	thumb	ShowFieldMessage
0x08098214	thumb	Task_HidePokenavMessageWhenDone
0x08098238	thumb	ShowPokenavFieldMessage
0x08098278	thumb	ShowFieldAutoScrollMessage
0x080982A0	thumb	ForceShowFieldAutoScrollMessage
0x080982B8	thumb	ShowFieldMessageFromBuffer
0x080982DC	thumb	ExpandStringAndStartDrawFieldMessage
0x08098304	thumb	StartDrawFieldMessage
0x08098314	thumb	HideFieldMessageBox
0x08098330	thumb	GetFieldMessageBoxMode
0x0809833C	thumb	IsFieldMessageBoxHidden
0x08098358	thumb	ReplaceFieldMessageWithFrame
0x08098374	thumb	StopFieldMessage
0x08098388	thumb	IsPlayerStandingStill
0x080983A4	thumb	Task_FreezePlayer
0x080983C4	thumb	IsFreezePlayerFinished
0x080983E8	thumb	FreezeObjects_WaitForPlayer
0x08098400	thumb	Task_FreezeSelectedObjectAndPlayer
0x0809847C	thumb	IsFreezeSelectedObjectAndPlayerFinished
0x080984A0	thumb	FreezeObjects_WaitForPlayerAndSelected
0x080984F4	thumb	ScriptUnfreezeObjectEvents
0x08098524	thumb	UnionRoom_UnlockPlayerAndChatPartner
0x08098574	thumb	Script_FacePlayer
0x0809859C	thumb	Script_ClearHeldMovement
0x080985BC	thumb	Task_FreezeObjectAndPlayer
0x08098630	thumb	FreezeForApproachingTrainers
0x08098734	thumb	IsFreezeObjectAndPlayerFinished
0x08098758	thumb	GetWindowFrameTilesPal
0x0809877C	thumb	LoadMessageBoxGfx
0x080987BC	thumb	LoadUserWindowBorderGfx_
0x080987D4	thumb	LoadWindowGfx
0x0809882C	thumb	LoadUserWindowBorderGfx
0x08098858	thumb	DrawTextBorderOuter
0x080989E0	thumb	DrawTextBorderInner
0x08098B7C	thumb	rbox_fill_rectangle
0x08098C18	thumb	GetTextWindowPalette
0x08098C64	thumb	GetOverworldTextboxPalettePtr
0x08098C6C	thumb	LoadUserWindowBorderGfxOnBg
0x08098CB8	thumb	InitScriptContext
0x08098CF4	thumb	SetupBytecodeScript
0x08098D00	thumb	SetupNativeScript
0x08098D08	thumb	StopScript
0x08098D10	thumb	RunScriptCommand
0x08098D98	thumb	ScriptPush
0x08098DC0	thumb	ScriptPop
0x08098DE4	thumb	ScriptJump
0x08098DE8	thumb	ScriptCall
0x08098DFC	thumb	ScriptReturn
0x08098E0C	thumb	ScriptReadHalfword
0x08098E24	thumb	ScriptReadWord
0x08098E54	thumb	LockPlayerFieldControls
0x08098E60	thumb	UnlockPlayerFieldControls
0x08098E6C	thumb	ArePlayerFieldControlsLocked
0x08098E78	thumb	ScriptContext_IsEnabled
0x08098E94	thumb	ScriptContext_Init
0x08098EBC	thumb	ScriptContext_RunScript
0x08098EF8	thumb	ScriptContext_SetupScript
0x08098F30	thumb	ScriptContext_Stop
0x08098F3C	thumb	ScriptContext_Enable
0x08098F50	thumb	RunScriptImmediately
0x08098F88	thumb	MapHeaderGetScriptTable
0x08098FC8	thumb	MapHeaderRunScriptType
0x08098FE0	thumb	MapHeaderCheckScriptTable
0x08099040	thumb	RunOnLoadMapScript
0x0809904C	thumb	RunOnTransitionMapScript
0x08099058	thumb	RunOnResumeMapScript
0x08099064	thumb	RunOnReturnToFieldMapScript
0x08099070	thumb	RunOnDiveWarpMapScript
0x0809907C	thumb	TryRunOnFrameMapScript
0x08099098	thumb	TryRunOnWarpIntoMapScript
0x080990AC	thumb	CalculateRamScriptChecksum
0x080990D0	thumb	ClearRamScript
0x080990FC	thumb	InitRamScript
0x08099188	thumb	GetRamScript
0x080991F8	thumb	ValidateSavedRamScript
0x08099244	thumb	GetSavedRamScriptIfValid
0x080992A0	thumb	InitRamScript_NoObjectEvent
0x080992CC	thumb	ScrCmd_nop
0x080992D0	thumb	ScrCmd_nop1
0x080992D4	thumb	ScrCmd_end
0x080992E0	thumb	ScrCmd_gotonative
0x080992F8	thumb	ScrCmd_special
0x08099318	thumb	ScrCmd_specialvar
0x0809934C	thumb	ScrCmd_callnative
0x0809935C	thumb	ScrCmd_waitstate
0x08099368	thumb	ScrCmd_goto
0x08099380	thumb	ScrCmd_return
0x0809938C	thumb	ScrCmd_call
0x080993A4	thumb	ScrCmd_goto_if
0x080993E0	thumb	ScrCmd_call_if
0x0809941C	thumb	ScrCmd_setvaddress
0x08099438	thumb	ScrCmd_vgoto
0x0809945C	thumb	ScrCmd_vcall
0x08099480	thumb	ScrCmd_vgoto_if
0x080994C4	thumb	ScrCmd_vcall_if
0x08099508	thumb	ScrCmd_gotostd
0x08099538	thumb	ScrCmd_callstd
0x08099568	thumb	ScrCmd_gotostd_if
0x080995B4	thumb	ScrCmd_callstd_if
0x08099600	thumb	ScrCmd_returnram
0x08099614	thumb	ScrCmd_endram
0x0809962C	thumb	ScrCmd_setmysteryeventstatus
0x08099644	thumb	ScrCmd_loadword
0x08099668	thumb	ScrCmd_loadbytefromptr
0x0809968C	thumb	ScrCmd_setptr
0x080996A4	thumb	ScrCmd_loadbyte
0x080996C0	thumb	ScrCmd_setptrbyte
0x080996E4	thumb	ScrCmd_copylocal
0x08099704	thumb	ScrCmd_copybyte
0x08099720	thumb	ScrCmd_setvar
0x08099744	thumb	ScrCmd_copyvar
0x08099770	thumb	ScrCmd_setorcopyvar
0x0809979C	thumb	Compare
0x080997BC	thumb	ScrCmd_compare_local_to_local
0x080997EC	thumb	ScrCmd_compare_local_to_value
0x08099814	thumb	ScrCmd_compare_local_to_ptr
0x08099840	thumb	ScrCmd_compare_ptr_to_local
0x0809986C	thumb	ScrCmd_compare_ptr_to_value
0x0809988C	thumb	ScrCmd_compare_ptr_to_ptr
0x080998B0	thumb	ScrCmd_compare_var_to_value
0x080998E0	thumb	ScrCmd_compare_var_to_var
0x08099914	thumb	ScrCmd_addvar
0x0809993C	thumb	ScrCmd_subvar
0x0809996C	thumb	ScrCmd_random
0x080999A0	thumb	ScrCmd_additem
0x080999E4	thumb	ScrCmd_removeitem
0x08099A28	thumb	ScrCmd_checkitemspace
0x08099A6C	thumb	ScrCmd_checkitem
0x08099AB0	thumb	ScrCmd_checkitemtype
0x08099ADC	thumb	ScrCmd_addpcitem
0x08099B20	thumb	ScrCmd_checkpcitem
0x08099B64	thumb	ScrCmd_adddecoration
0x08099B90	thumb	ScrCmd_removedecoration
0x08099BBC	thumb	ScrCmd_checkdecorspace
0x08099BE8	thumb	ScrCmd_checkdecor
0x08099C14	thumb	ScrCmd_setflag
0x08099C28	thumb	ScrCmd_clearflag
0x08099C3C	thumb	ScrCmd_checkflag
0x08099C58	thumb	ScrCmd_incrementgamestat
0x08099C70	thumb	ScrCmd_animateflash
0x08099C8C	thumb	ScrCmd_setflashlevel
0x08099CA8	thumb	IsPaletteNotActive
0x08099CC8	thumb	ScrCmd_fadescreen
0x08099CF0	thumb	ScrCmd_fadescreenspeed
0x08099D20	thumb	ScrCmd_fadescreenswapbuffers
0x08099D94	thumb	RunPauseTimer
0x08099DB4	thumb	ScrCmd_delay
0x08099DD8	thumb	ScrCmd_initclock
0x08099E10	thumb	ScrCmd_dotimebasedevents
0x08099E1C	thumb	ScrCmd_gettime
0x08099E54	thumb	ScrCmd_setweather
0x08099E70	thumb	ScrCmd_resetweather
0x08099E7C	thumb	ScrCmd_doweather
0x08099E88	thumb	ScrCmd_setstepcallback
0x08099EA0	thumb	ScrCmd_setmaplayoutindex
0x08099EBC	thumb	ScrCmd_warp
0x08099F44	thumb	ScrCmd_warpsilent
0x08099FCC	thumb	ScrCmd_warpdoor
0x0809A054	thumb	ScrCmd_warphole
0x0809A0C8	thumb	ScrCmd_warpteleport
0x0809A150	thumb	ScrCmd_warpmossdeepgym
0x0809A1D8	thumb	ScrCmd_setwarp
0x0809A258	thumb	ScrCmd_setdynamicwarp
0x0809A2DC	thumb	ScrCmd_setdivewarp
0x0809A35C	thumb	ScrCmd_setholewarp
0x0809A3DC	thumb	ScrCmd_setescapewarp
0x0809A45C	thumb	ScrCmd_getplayerxy
0x0809A498	thumb	ScrCmd_getpartysize
0x0809A4B4	thumb	ScrCmd_playse
0x0809A4C8	thumb	WaitForSoundEffectFinish
0x0809A4E0	thumb	ScrCmd_waitse
0x0809A4F4	thumb	ScrCmd_playfanfare
0x0809A508	thumb	WaitForFanfareFinish
0x0809A518	thumb	ScrCmd_waitfanfare
0x0809A52C	thumb	ScrCmd_playbgm
0x0809A55C	thumb	ScrCmd_savebgm
0x0809A570	thumb	ScrCmd_fadedefaultbgm
0x0809A57C	thumb	ScrCmd_fadenewbgm
0x0809A590	thumb	ScrCmd_fadeoutbgm
0x0809A5C4	thumb	ScrCmd_fadeinbgm
0x0809A5E8	thumb	ScrCmd_applymovement
0x0809A62C	thumb	ScrCmd_applymovementat
0x0809A670	thumb	WaitForMovementFinish
0x0809A698	thumb	ScrCmd_waitmovement
0x0809A6EC	thumb	ScrCmd_waitmovementat
0x0809A740	thumb	ScrCmd_removeobject
0x0809A768	thumb	ScrCmd_removeobjectat
0x0809A798	thumb	ScrCmd_addobject
0x0809A7C0	thumb	ScrCmd_addobjectat
0x0809A7F0	thumb	ScrCmd_setobjectxy
0x0809A858	thumb	ScrCmd_setobjectxyperm
0x0809A8B0	thumb	ScrCmd_copyobjectxytoperm
0x0809A8D8	thumb	ScrCmd_showobjectat
0x0809A908	thumb	ScrCmd_hideobjectat
0x0809A938	thumb	ScrCmd_setobjectsubpriority
0x0809A974	thumb	ScrCmd_resetobjectsubpriority
0x0809A9A4	thumb	ScrCmd_faceplayer
0x0809A9DC	thumb	ScrCmd_turnobject
0x0809AA10	thumb	ScrCmd_setobjectmovementtype
0x0809AA38	thumb	ScrCmd_createvobject
0x0809AAA8	thumb	ScrCmd_turnvobject
0x0809AAC4	thumb	ScrCmd_lockall
0x0809AAEC	thumb	ScrCmd_lock
0x0809AB44	thumb	ScrCmd_releaseall
0x0809AB7C	thumb	ScrCmd_release
0x0809ABD4	thumb	ScrCmd_message
0x0809ABF0	thumb	ScrCmd_pokenavcall
0x0809AC0C	thumb	ScrCmd_messageautoscroll
0x0809AC3C	thumb	ScrCmd_messageinstant
0x0809AC78	thumb	ScrCmd_waitmessage
0x0809AC8C	thumb	ScrCmd_closemessage
0x0809AC98	thumb	WaitForAorBPress
0x0809ACC0	thumb	ScrCmd_waitbuttonpress
0x0809ACD4	thumb	ScrCmd_yesnobox
0x0809AD00	thumb	ScrCmd_multichoice
0x0809AD3C	thumb	ScrCmd_multichoicedefault
0x0809AD8C	thumb	ScrCmd_drawbox
0x0809AD90	thumb	ScrCmd_multichoicegrid
0x0809ADE0	thumb	ScrCmd_erasebox
0x0809ADEC	thumb	ScrCmd_drawboxtext
0x0809ADF8	thumb	ScrCmd_showmonpic
0x0809AE28	thumb	ScrCmd_hidemonpic
0x0809AE48	thumb	ScrCmd_showcontestpainting
0x0809AE6C	thumb	ScrCmd_braillemessage
0x0809AF94	thumb	ScrCmd_closebraillemessage
0x0809AFA0	thumb	ScrCmd_vmessage
0x0809AFBC	thumb	ScrCmd_bufferspeciesname
0x0809AFFC	thumb	ScrCmd_bufferleadmonspeciesname
0x0809B048	thumb	ScrCmd_bufferpartymonnick
0x0809B090	thumb	ScrCmd_bufferitemname
0x0809B0C4	thumb	ScrCmd_bufferitemnameplural
0x0809B114	thumb	ScrCmd_bufferdecorationname
0x0809B150	thumb	ScrCmd_buffermovename
0x0809B190	thumb	ScrCmd_buffernumberstring
0x0809B1D4	thumb	ScrCmd_bufferstdstring
0x0809B214	thumb	ScrCmd_buffercontestname
0x0809B248	thumb	ScrCmd_bufferstring
0x0809B270	thumb	ScrCmd_vbuffermessage
0x0809B294	thumb	ScrCmd_vbufferstring
0x0809B2C8	thumb	ScrCmd_bufferboxname
0x0809B304	thumb	ScrCmd_givemon
0x0809B384	thumb	ScrCmd_giveegg
0x0809B3B0	thumb	ScrCmd_setmonmove
0x0809B3DC	thumb	ScrCmd_checkpartymove
0x0809B458	thumb	ScrCmd_addmoney
0x0809B48C	thumb	ScrCmd_removemoney
0x0809B4C0	thumb	ScrCmd_checkmoney
0x0809B500	thumb	ScrCmd_showmoneybox
0x0809B53C	thumb	ScrCmd_hidemoneybox
0x0809B548	thumb	ScrCmd_updatemoneybox
0x0809B578	thumb	ScrCmd_showcoinsbox
0x0809B5A0	thumb	ScrCmd_hidecoinsbox
0x0809B5B4	thumb	ScrCmd_updatecoinsbox
0x0809B5D0	thumb	ScrCmd_trainerbattle
0x0809B5E4	thumb	ScrCmd_dotrainerbattle
0x0809B5F0	thumb	ScrCmd_gotopostbattlescript
0x0809B604	thumb	ScrCmd_gotobeatenscript
0x0809B618	thumb	ScrCmd_checktrainerflag
0x0809B63C	thumb	ScrCmd_settrainerflag
0x0809B658	thumb	ScrCmd_cleartrainerflag
0x0809B674	thumb	ScrCmd_setwildbattle
0x0809B6A8	thumb	ScrCmd_dowildbattle
0x0809B6B8	thumb	ScrCmd_pokemart
0x0809B6CC	thumb	ScrCmd_pokemartdecoration
0x0809B6E0	thumb	ScrCmd_pokemartdecoration2
0x0809B6F4	thumb	ScrCmd_playslotmachine
0x0809B71C	thumb	ScrCmd_setberrytree
0x0809B758	thumb	ScrCmd_getpokenewsactive
0x0809B784	thumb	ScrCmd_choosecontestmon
0x0809B794	thumb	ScrCmd_startcontest
0x0809B7A4	thumb	ScrCmd_showcontestresults
0x0809B7B4	thumb	ScrCmd_contestlinktransfer
0x0809B7CC	thumb	ScrCmd_dofieldeffect
0x0809B7F4	thumb	ScrCmd_setfieldeffectargument
0x0809B824	thumb	WaitForFieldEffectFinish
0x0809B844	thumb	ScrCmd_waitfieldeffect
0x0809B870	thumb	ScrCmd_setrespawn
0x0809B88C	thumb	ScrCmd_checkplayergender
0x0809B8A4	thumb	ScrCmd_playmoncry
0x0809B8DC	thumb	ScrCmd_waitmoncry
0x0809B8F0	thumb	ScrCmd_setmetatile
0x0809B970	thumb	ScrCmd_opendoor
0x0809B9C8	thumb	ScrCmd_closedoor
0x0809BA0C	thumb	IsDoorAnimationStopped
0x0809BA24	thumb	ScrCmd_waitdooranim
0x0809BA38	thumb	ScrCmd_setdooropen
0x0809BA7C	thumb	ScrCmd_setdoorclosed
0x0809BAC0	thumb	ScrCmd_addelevmenuitem
0x0809BAFC	thumb	ScrCmd_showelevmenu
0x0809BB00	thumb	ScrCmd_checkcoins
0x0809BB20	thumb	ScrCmd_addcoins
0x0809BB58	thumb	ScrCmd_removecoins
0x0809BB90	thumb	ScrCmd_moverotatingtileobjects
0x0809BBB4	thumb	ScrCmd_turnrotatingtileobjects
0x0809BBC0	thumb	ScrCmd_initrotatingtilepuzzle
0x0809BBDC	thumb	ScrCmd_freerotatingtilepuzzle
0x0809BBE8	thumb	ScrCmd_selectapproachingtrainer
0x0809BBFC	thumb	ScrCmd_lockfortrainer
0x0809BC44	thumb	ScrCmd_setmodernfatefulencounter
0x0809BC7C	thumb	ScrCmd_checkmodernfatefulencounter
0x0809BCB4	thumb	ScrCmd_trywondercardscript
0x0809BCDC	thumb	ScrCmd_warpspinenter
0x0809BD70	thumb	ScrCmd_setmonmetlocation
0x0809BDB4	thumb	CloseBrailleWindow
0x0809BDD0	thumb	ScrCmd_buffertrainerclassname
0x0809BE0C	thumb	ScrCmd_buffertrainername
0x0809BE48	thumb	SetMovingNpcId
0x0809BE54	thumb	ScrCmd_warpwhitefade
0x0809BEDC	thumb	FieldClearPlayerInput
0x0809BF08	thumb	FieldGetPlayerInput
0x0809C014	thumb	ProcessPlayerFieldInput
0x0809C17C	thumb	GetPlayerPosition
0x0809C194	thumb	GetInFrontOfPlayerPosition
0x0809C1D0	thumb	GetPlayerCurMetatileBehavior
0x0809C1FC	thumb	TryStartInteractionScript
0x0809C270	thumb	GetInteractionScript
0x0809C2C8	thumb	GetInteractedLinkPlayerScript
0x0809C384	thumb	GetInteractedObjectEventScript
0x0809C458	thumb	GetInteractedBackgroundEventScript
0x0809C538	thumb	GetInteractedMetatileScript
0x0809C7EC	thumb	GetInteractedWaterScript
0x0809C868	thumb	TrySetupDiveDownScript
0x0809C89C	thumb	TrySetupDiveEmergeScript
0x0809C8DC	thumb	TryStartStepBasedScript
0x0809C938	thumb	TryStartCoordEventScript
0x0809C96C	thumb	TryStartMiscWalkingScripts
0x0809C9F4	thumb	TryStartStepCountScript
0x0809CB30	thumb	ClearFriendshipStepCounter
0x0809CB44	thumb	UpdateFriendshipStepCounter
0x0809CB80	thumb	ClearPoisonStepCounter
0x0809CB94	thumb	UpdatePoisonStepCounter
0x0809CBDC	thumb	RestartWildEncounterImmunitySteps
0x0809CBE8	thumb	CheckStandardWildEncounter
0x0809CC38	thumb	TryArrowWarp
0x0809CC9C	thumb	TryStartWarpEventScript
0x0809CD94	thumb	IsWarpMetatileBehavior
0x0809CE34	thumb	IsArrowWarpMetatileBehavior
0x0809CE8C	thumb	GetWarpEventAtMapPosition
0x0809CEB0	thumb	SetupWarp
0x0809CF78	thumb	TryDoorWarp
0x0809D004	thumb	GetWarpEventAtPosition
0x0809D04C	thumb	TryRunCoordEventScript
0x0809D08C	thumb	GetCoordEventScriptAtPosition
0x0809D0F4	thumb	GetCoordEventScriptAtMapPosition
0x0809D11C	thumb	GetBackgroundEventAtPosition
0x0809D16C	thumb	TryDoDiveWarp
0x0809D1E8	thumb	TrySetDiveWarp
0x0809D280	thumb	GetObjectEventScriptPointerPlayerFacing
0x0809D2BC	thumb	SetCableClubWarp
0x0809D300	thumb	InitEventData
0x0809D344	thumb	ClearTempFieldEventData
0x0809D3A0	thumb	ClearDailyFlags
0x0809D3C0	thumb	DisableNationalPokedex
0x0809D3E8	thumb	EnableNationalPokedex
0x0809D42C	thumb	IsNationalPokedexEnabled
0x0809D470	thumb	DisableMysteryEvent
0x0809D480	thumb	EnableMysteryEvent
0x0809D490	thumb	IsMysteryEventEnabled
0x0809D4A4	thumb	DisableMysteryGift
0x0809D4B4	thumb	EnableMysteryGift
0x0809D4C4	thumb	IsMysteryGiftEnabled
0x0809D4D8	thumb	ClearMysteryGiftFlags
0x0809D570	thumb	ClearMysteryGiftVars
0x0809D5D8	thumb	DisableResetRTC
0x0809D5F4	thumb	EnableResetRTC
0x0809D614	thumb	CanResetRTC
0x0809D648	thumb	GetVarPointer
0x0809D694	thumb	VarGet
0x0809D6B0	thumb	VarSet
0x0809D6D0	thumb	VarGetObjectEventGraphicsId
0x0809D6EC	thumb	GetFlagPointer
0x0809D740	thumb	FlagSet
0x0809D768	thumb	FlagClear
0x0809D790	thumb	FlagGet
0x0809D7BC	thumb	CoordEventWeather_Clouds
0x0809D7C8	thumb	CoordEventWeather_Sunny
0x0809D7D4	thumb	CoordEventWeather_Rain
0x0809D7E0	thumb	CoordEventWeather_Snow
0x0809D7EC	thumb	CoordEventWeather_Thunderstorm
0x0809D7F8	thumb	CoordEventWeather_HorizontalFog
0x0809D804	thumb	CoordEventWeather_DiagonalFog
0x0809D810	thumb	CoordEventWeather_Ash
0x0809D81C	thumb	CoordEventWeather_Sandstorm
0x0809D828	thumb	CoordEventWeather_Shade
0x0809D834	thumb	CoordEventWeather_Drought
0x0809D840	thumb	CoordEventWeather_Route119Cycle
0x0809D84C	thumb	CoordEventWeather_Route123Cycle
0x0809D858	thumb	DoCoordEventWeather
0x0809D88C	thumb	Task_RunPerStepCallback
0x0809D8B8	thumb	RunTimeBasedEvents
0x0809D908	thumb	Task_RunTimeBasedEvents
0x0809D93C	thumb	SetUpFieldTasks
0x0809D9A8	thumb	ActivatePerStepCallback
0x0809D9F0	thumb	ResetFieldTasksArgs
0x0809DA2C	thumb	DummyPerStepCallback
0x0809DA30	thumb	GetPacifidlogBridgeMetatileOffsets
0x0809DA88	thumb	TrySetPacifidlogBridgeMetatiles
0x0809DB10	thumb	TrySetLogBridgeHalfSubmerged
0x0809DB34	thumb	TrySetLogBridgeFullySubmerged
0x0809DB58	thumb	TrySetLogBridgeFloating
0x0809DB7C	thumb	ShouldRaisePacifidlogLogs
0x0809DC18	thumb	ShouldSinkPacifidlogLogs
0x0809DCB4	thumb	PacifidlogBridgePerStepCallback
0x0809DE28	thumb	TryLowerFortreeBridge
0x0809DE8C	thumb	TryRaiseFortreeBridge
0x0809DEF0	thumb	FortreeBridgePerStepCallback
0x0809E108	thumb	CoordInIcePuzzleRegion
0x0809E14C	thumb	MarkIcePuzzleCoordVisited
0x0809E184	thumb	IsIcePuzzleCoordVisited
0x0809E1C8	thumb	SetSootopolisGymCrackedIceMetatiles
0x0809E224	thumb	SootopolisGymIcePerStepCallback
0x0809E3B4	thumb	AshGrassPerStepCallback
0x0809E490	thumb	SetCrackedFloorHoleMetatile
0x0809E4CC	thumb	CrackedFloorPerStepCallback
0x0809E5DC	thumb	SetMuddySlopeMetatile
0x0809E638	thumb	Task_MuddySlope
0x0809E778	thumb	InitTimeBasedEvents
0x0809E7B0	thumb	DoTimeBasedEvents
0x0809E7E8	thumb	UpdatePerDay
0x0809E858	thumb	UpdatePerMinute
0x0809E8B4	thumb	ReturnFromStartWallClock
0x0809E8C8	thumb	StartWallClock
0x0809E8E8	thumb	SpriteCB_Cursor_UpOrRight
0x0809EA04	thumb	SpriteCB_Cursor_Down
0x0809EB04	thumb	CreateCursor
0x0809EB8C	thumb	FreeCursorPalette
0x0809EBA0	thumb	HideChooseTimeWindow
0x0809EBC4	thumb	PrintTime
0x0809ECB4	thumb	ShowChooseTimeWindow
0x0809ED38	thumb	MoveTimeUpDown
0x0809EDA0	thumb	Task_ResetRtc_SetFinished
0x0809EDB8	thumb	Task_ResetRtc_Exit
0x0809EDE8	thumb	Task_ResetRtc_HandleInput
0x0809EF00	thumb	Task_ResetRtc_Init
0x0809EF88	thumb	CB2_InitResetRtcScreen
0x0809F048	thumb	InitResetRtcScreenBgAndWindows
0x0809F090	thumb	CB2_ResetRtcScreen
0x0809F0AC	thumb	VBlankCB
0x0809F0C0	thumb	ShowMessage
0x0809F0F8	thumb	Task_ShowResetRtcPrompt
0x0809F200	thumb	Task_ResetRtcScreen
0x0809F41C	thumb	SetDexPokemonPokenavFlags
0x0809F440	thumb	BuildStartMenuActions
0x0809F4B0	thumb	AddStartMenuAction
0x0809F4CC	thumb	BuildNormalStartMenu
0x0809F538	thumb	BuildSafariZoneStartMenu
0x0809F568	thumb	BuildLinkModeStartMenu
0x0809F5A4	thumb	BuildUnionRoomStartMenu
0x0809F5E0	thumb	BuildBattlePikeStartMenu
0x0809F604	thumb	BuildBattlePyramidStartMenu
0x0809F634	thumb	BuildMultiPartnerRoomStartMenu
0x0809F654	thumb	ShowSafariBallsWindow
0x0809F6C8	thumb	ShowPyramidFloorWindow
0x0809F774	thumb	RemoveExtraStartMenuWindows
0x0809F7C0	thumb	PrintStartMenuActions
0x0809F894	thumb	InitStartMenuStep
0x0809F998	thumb	InitStartMenu
0x0809F9B4	thumb	StartMenuTask
0x0809F9D0	thumb	CreateStartMenuTask
0x0809FA00	thumb	FieldCB_ReturnToFieldStartMenu
0x0809FA18	thumb	ShowReturnToFieldStartMenu
0x0809FA34	thumb	Task_ShowStartMenu
0x0809FA9C	thumb	ShowStartMenu
0x0809FAC4	thumb	HandleStartMenuInput
0x0809FBB4	thumb	StartMenuPokedexCallback
0x0809FBF0	thumb	StartMenuPokemonCallback
0x0809FC24	thumb	StartMenuBagCallback
0x0809FC58	thumb	StartMenuPokeNavCallback
0x0809FC8C	thumb	StartMenuPlayerNameCallback
0x0809FCFC	thumb	StartMenuSaveCallback
0x0809FD20	thumb	StartMenuOptionCallback
0x0809FD64	thumb	StartMenuExitCallback
0x0809FD74	thumb	StartMenuSafariZoneRetireCallback
0x0809FD88	thumb	StartMenuLinkModePlayerNameCallback
0x0809FDC0	thumb	StartMenuBattlePyramidRetireCallback
0x0809FDD4	thumb	ShowBattlePyramidStartMenu
0x0809FDF4	thumb	StartMenuBattlePyramidBagCallback
0x0809FE28	thumb	SaveStartCallback
0x0809FE44	thumb	SaveCallback
0x0809FE9C	thumb	BattlePyramidRetireStartCallback
0x0809FEB8	thumb	BattlePyramidRetireReturnCallback
0x0809FED4	thumb	BattlePyramidRetireCallback
0x0809FF28	thumb	InitSave
0x0809FF4C	thumb	RunSaveCallback
0x0809FF80	thumb	SaveGame
0x0809FF98	thumb	ShowSaveMessage
0x0809FFD0	thumb	SaveGameTask
0x080A0014	thumb	HideSaveMessageWindow
0x080A0024	thumb	HideSaveInfoWindow
0x080A0030	thumb	SaveStartTimer
0x080A003C	thumb	SaveSuccesTimer
0x080A0070	thumb	SaveErrorTimer
0x080A00A0	thumb	SaveConfirmSaveCallback
0x080A00EC	thumb	SaveYesNoCallback
0x080A0108	thumb	SaveConfirmInputCallback
0x080A017C	thumb	SaveFileExistsCallback
0x080A01B4	thumb	SaveConfirmOverwriteDefaultNoCallback
0x080A01D0	thumb	SaveConfirmOverwriteCallback
0x080A01EC	thumb	SaveOverwriteInputCallback
0x080A0234	thumb	SaveSavingMessageCallback
0x080A024C	thumb	SaveDoSaveCallback
0x080A02B0	thumb	SaveSuccessCallback
0x080A02D8	thumb	SaveReturnSuccessCallback
0x080A02FC	thumb	SaveErrorCallback
0x080A0324	thumb	SaveReturnErrorCallback
0x080A0340	thumb	InitBattlePyramidRetire
0x080A035C	thumb	BattlePyramidConfirmRetireCallback
0x080A0388	thumb	BattlePyramidRetireYesNoCallback
0x080A03A4	thumb	BattlePyramidRetireInputCallback
0x080A03D8	thumb	VBlankCB_LinkBattleSave
0x080A03E4	thumb	InitSaveWindowAfterLinkBattle
0x080A0514	thumb	CB2_SetUpSaveAfterLinkBattle
0x080A0540	thumb	CB2_SaveAfterLinkBattle
0x080A0550	thumb	Task_SaveAfterLinkBattle
0x080A06B4	thumb	ShowSaveInfoWindow
0x080A0888	thumb	RemoveSaveInfoWindow
0x080A08A4	thumb	Task_WaitForBattleTowerLinkSave
0x080A08CC	thumb	SaveForBattleTowerLink
0x080A0914	thumb	HideStartMenuWindow
0x080A0934	thumb	HideStartMenu
0x080A0944	thumb	AppendToList
0x080A0954	thumb	ResetTilesetAnimBuffer
0x080A0980	thumb	AppendTilesetAnimToBuffer
0x080A09D0	thumb	TransferTilesetAnimsBuffer
0x080A0A18	thumb	InitTilesetAnimations
0x080A0A2C	thumb	InitSecondaryTilesetAnimation
0x080A0A38	thumb	UpdateTilesetAnimations
0x080A0AA8	thumb	_InitPrimaryTilesetAnimation
0x080A0AE4	thumb	_InitSecondaryTilesetAnimation
0x080A0B20	thumb	InitTilesetAnim_General
0x080A0B48	thumb	InitTilesetAnim_Building
0x080A0B70	thumb	TilesetAnim_General
0x080A0BB4	thumb	TilesetAnim_Building
0x080A0BCC	thumb	QueueAnimTiles_General_Flower
0x080A0BF4	thumb	QueueAnimTiles_General_Water
0x080A0C1C	thumb	QueueAnimTiles_General_SandWaterEdge
0x080A0C44	thumb	QueueAnimTiles_General_Waterfall
0x080A0C6C	thumb	InitTilesetAnim_Petalburg
0x080A0C94	thumb	InitTilesetAnim_Rustboro
0x080A0CC0	thumb	InitTilesetAnim_Dewford
0x080A0CEC	thumb	InitTilesetAnim_Slateport
0x080A0D18	thumb	InitTilesetAnim_Mauville
0x080A0D48	thumb	InitTilesetAnim_Lavaridge
0x080A0D74	thumb	InitTilesetAnim_Fallarbor
0x080A0D9C	thumb	InitTilesetAnim_Fortree
0x080A0DC4	thumb	InitTilesetAnim_Lilycove
0x080A0DEC	thumb	InitTilesetAnim_Mossdeep
0x080A0E14	thumb	InitTilesetAnim_EverGrande
0x080A0E40	thumb	InitTilesetAnim_Pacifidlog
0x080A0E70	thumb	InitTilesetAnim_Sootopolis
0x080A0E9C	thumb	InitTilesetAnim_BattleFrontierOutsideWest
0x080A0EC8	thumb	InitTilesetAnim_BattleFrontierOutsideEast
0x080A0EF4	thumb	InitTilesetAnim_Underwater
0x080A0F18	thumb	InitTilesetAnim_SootopolisGym
0x080A0F3C	thumb	InitTilesetAnim_Cave
0x080A0F68	thumb	InitTilesetAnim_EliteFour
0x080A0F8C	thumb	InitTilesetAnim_MauvilleGym
0x080A0FB8	thumb	InitTilesetAnim_BikeShop
0x080A0FE4	thumb	InitTilesetAnim_BattlePyramid
0x080A1010	thumb	InitTilesetAnim_BattleDome
0x080A103C	thumb	TilesetAnim_Rustboro
0x080A10B8	thumb	TilesetAnim_Dewford
0x080A10D0	thumb	TilesetAnim_Slateport
0x080A10E8	thumb	TilesetAnim_Mauville
0x080A115C	thumb	TilesetAnim_Lavaridge
0x080A1188	thumb	TilesetAnim_EverGrande
0x080A11FC	thumb	TilesetAnim_Pacifidlog
0x080A122C	thumb	TilesetAnim_Sootopolis
0x080A1244	thumb	TilesetAnim_Underwater
0x080A1260	thumb	TilesetAnim_Cave
0x080A127C	thumb	TilesetAnim_BattleFrontierOutsideWest
0x080A1294	thumb	TilesetAnim_BattleFrontierOutsideEast
0x080A12AC	thumb	QueueAnimTiles_General_LandWaterEdge
0x080A12D4	thumb	QueueAnimTiles_Lavaridge_Steam
0x080A131C	thumb	QueueAnimTiles_Pacifidlog_LogBridges
0x080A1344	thumb	QueueAnimTiles_Underwater_Seaweed
0x080A136C	thumb	QueueAnimTiles_Pacifidlog_WaterCurrents
0x080A1394	thumb	QueueAnimTiles_Mauville_Flowers
0x080A1434	thumb	QueueAnimTiles_Rustboro_WindyWater
0x080A1470	thumb	QueueAnimTiles_Rustboro_Fountain
0x080A1498	thumb	QueueAnimTiles_Lavaridge_Lava
0x080A14C0	thumb	QueueAnimTiles_EverGrande_Flowers
0x080A14F8	thumb	QueueAnimTiles_Cave_Lava
0x080A1520	thumb	QueueAnimTiles_Dewford_Flag
0x080A1548	thumb	QueueAnimTiles_BattleFrontierOutsideWest_Flag
0x080A1570	thumb	QueueAnimTiles_BattleFrontierOutsideEast_Flag
0x080A1598	thumb	QueueAnimTiles_Slateport_Balloons
0x080A15C0	thumb	TilesetAnim_MauvilleGym
0x080A15D8	thumb	TilesetAnim_SootopolisGym
0x080A15F0	thumb	TilesetAnim_EliteFour
0x080A161C	thumb	TilesetAnim_BikeShop
0x080A1634	thumb	TilesetAnim_BattlePyramid
0x080A1658	thumb	TilesetAnim_BattleDome
0x080A1670	thumb	TilesetAnim_BattleDome2
0x080A1688	thumb	QueueAnimTiles_Building_TVTurnedOn
0x080A16B0	thumb	QueueAnimTiles_SootopolisGym_Waterfalls
0x080A16F8	thumb	QueueAnimTiles_EliteFour_WallLights
0x080A1720	thumb	QueueAnimTiles_EliteFour_GroundLights
0x080A1748	thumb	QueueAnimTiles_MauvilleGym_ElectricGates
0x080A1770	thumb	QueueAnimTiles_BikeShop_BlinkingLights
0x080A1798	thumb	QueueAnimTiles_Sootopolis_StormyWater
0x080A17C0	thumb	QueueAnimTiles_BattlePyramid_Torch
0x080A17EC	thumb	QueueAnimTiles_BattlePyramid_StatueShadow
0x080A1818	thumb	BlendAnimPalette_BattleDome_FloorLights
0x080A1884	thumb	BlendAnimPalette_BattleDome_FloorLightsNoBlend
0x080A18F4	thumb	LoadCompressedPalette
0x080A1938	thumb	LoadPalette
0x080A1970	thumb	FillPalette
0x080A19C0	thumb	TransferPlttBuffer
0x080A1A1C	thumb	UpdatePaletteFade
0x080A1A74	thumb	ResetPaletteFade
0x080A1A94	thumb	ReadPlttIntoBuffers
0x080A1AD4	thumb	BeginNormalPaletteFade
0x080A1C1C	thumb	BeginPlttFade
0x080A1C64	thumb	PaletteStruct_Run
0x080A1CDC	thumb	PaletteStruct_Copy
0x080A1E40	thumb	PaletteStruct_Blend
0x080A1F00	thumb	PaletteStruct_TryEnd
0x080A1F58	thumb	PaletteStruct_ResetById
0x080A1F74	thumb	PaletteStruct_Reset
0x080A1FD0	thumb	ResetPaletteFadeControl
0x080A2048	thumb	PaletteStruct_SetUnusedFlag
0x080A2074	thumb	PaletteStruct_ClearUnusedFlag
0x080A20A4	thumb	PaletteStruct_GetPalNum
0x080A20D8	thumb	UpdateNormalPaletteFade
0x080A2218	thumb	InvertPlttBuffer
0x080A2260	thumb	TintPlttBuffer
0x080A2334	thumb	UnfadePlttBuffer
0x080A2390	thumb	BeginFastPaletteFade
0x080A23B4	thumb	BeginFastPaletteFadeInternal
0x080A2438	thumb	UpdateFastPaletteFade
0x080A27B0	thumb	BeginHardwarePaletteFade
0x080A284C	thumb	UpdateHardwarePaletteFade
0x080A2968	thumb	UpdateBlendRegisters
0x080A29BC	thumb	IsSoftwarePaletteFadeFinishing
0x080A2A20	thumb	BlendPalettes
0x080A2A5C	thumb	BlendPalettesUnfaded
0x080A2A90	thumb	TintPalette_GrayScale
0x080A2AE0	thumb	TintPalette_GrayScale2
0x080A2B40	thumb	TintPalette_SepiaTone
0x080A2BAC	thumb	TintPalette_CustomTone
0x080A2C44	thumb	BlendPalettesGradually
0x080A2CF8	thumb	IsBlendPalettesGraduallyTaskActive
0x080A2D34	thumb	DestroyBlendPalettesGraduallyTask
0x080A2D54	thumb	Task_BlendPalettesGradually
0x080A2DD4	thumb	InitMapMusic
0x080A2DE8	thumb	MapMusicMain
0x080A2EE0	thumb	ResetMapMusic
0x080A2F04	thumb	GetCurrentMapMusic
0x080A2F10	thumb	PlayNewMapMusic
0x080A2F30	thumb	StopMapMusic
0x080A2F50	thumb	FadeOutMapMusic
0x080A2F88	thumb	FadeOutAndPlayNewMapMusic
0x080A2FBC	thumb	FadeOutAndFadeInNewMapMusic
0x080A3000	thumb	FadeInNewMapMusic
0x080A303C	thumb	IsNotWaitingForBGMStop
0x080A3060	thumb	PlayFanfareByFanfareNum
0x080A3094	thumb	WaitFanfare
0x080A30CC	thumb	StopFanfareByFanfareNum
0x080A30E4	thumb	PlayFanfare
0x080A3120	thumb	IsFanfareTaskInactive
0x080A3140	thumb	Task_Fanfare
0x080A3170	thumb	CreateFanfareTask
0x080A3194	thumb	FadeInNewBGM
0x080A31E8	thumb	FadeOutBGMTemporarily
0x080A3200	thumb	IsBGMPausedOrStopped
0x080A3228	thumb	FadeInBGM
0x080A3240	thumb	FadeOutBGM
0x080A3258	thumb	IsBGMStopped
0x080A3274	thumb	PlayCry_Normal
0x080A32C0	thumb	PlayCry_NormalNoDucking
0x080A32E4	thumb	PlayCry_ByMode
0x080A3344	thumb	PlayCry_ReleaseDouble
0x080A33A8	thumb	PlayCry_DuckNoRestore
0x080A3404	thumb	PlayCry_Script
0x080A344C	thumb	PlayCryInternal
0x080A3678	thumb	IsCryFinished
0x080A369C	thumb	StopCryAndClearCrySongs
0x080A36B4	thumb	StopCry
0x080A36C8	thumb	IsCryPlayingOrClearCrySongs
0x080A36EC	thumb	IsCryPlaying
0x080A370C	thumb	Task_DuckBGMForPokemonCry
0x080A3754	thumb	RestoreBGMVolumeAfterPokemonCry
0x080A3778	thumb	PlayBGM
0x080A37A4	thumb	PlaySE
0x080A37B4	thumb	PlaySE12WithPanning
0x080A3808	thumb	PlaySE1WithPanning
0x080A383C	thumb	PlaySE2WithPanning
0x080A3870	thumb	SE12PanpotControl
0x080A38A0	thumb	IsSEPlaying
0x080A38E4	thumb	IsBGMPlaying
0x080A390C	thumb	IsSpecialSEPlaying
0x080A3934	thumb	ClearBattleAnimationVars
0x080A3A10	thumb	DoMoveAnim
0x080A3A48	thumb	LaunchBattleAnimation
0x080A3BFC	thumb	DestroyAnimSprite
0x080A3C1C	thumb	DestroyAnimVisualTask
0x080A3C38	thumb	DestroyAnimSoundTask
0x080A3C54	thumb	AddSpriteIndex
0x080A3C84	thumb	ClearSpriteIndex
0x080A3CB8	thumb	WaitAnimFrameCount
0x080A3CE4	thumb	RunAnimScriptCommand
0x080A3D24	thumb	Cmd_loadspritegfx
0x080A3D8C	thumb	Cmd_unloadspritegfx
0x080A3DD8	thumb	Cmd_createsprite
0x080A3ECC	thumb	Cmd_createvisualtask
0x080A3F48	thumb	Cmd_delay
0x080A3F88	thumb	Cmd_waitforvisualfinish
0x080A3FBC	thumb	Cmd_nop
0x080A3FC0	thumb	Cmd_nop2
0x080A3FC4	thumb	Cmd_end
0x080A40CC	thumb	Cmd_playse
0x080A40F4	thumb	Task_InitUpdateMonBg
0x080A41D8	thumb	Cmd_monbg
0x080A4310	thumb	IsBattlerSpriteVisible
0x080A438C	thumb	MoveBattlerSpriteToBG
0x080A46A0	thumb	FlipBattlerBgTiles
0x080A4720	thumb	RelocateBattleBgPal
0x080A477C	thumb	ResetBattleAnimBg
0x080A47D8	thumb	Task_UpdateMonBg
0x080A48B0	thumb	Cmd_clearmonbg
0x080A4980	thumb	Task_ClearMonBg
0x080A4A18	thumb	Cmd_monbg_static
0x080A4ADC	thumb	Cmd_clearmonbg_static
0x080A4BB0	thumb	Task_ClearMonBgStatic
0x080A4C48	thumb	Cmd_setalpha
0x080A4C80	thumb	Cmd_setbldcnt
0x080A4CA8	thumb	Cmd_blendoff
0x080A4CCC	thumb	Cmd_call
0x080A4D00	thumb	Cmd_return
0x080A4D14	thumb	Cmd_setarg
0x080A4D48	thumb	Cmd_choosetwoturnanim
0x080A4D88	thumb	Cmd_jumpifmoveturn
0x080A4DCC	thumb	Cmd_goto
0x080A4DF0	thumb	IsContest
0x080A4E18	thumb	Cmd_fadetobg
0x080A4E5C	thumb	Cmd_fadetobgfromset
0x080A4EF4	thumb	Task_FadeToBg
0x080A4FC8	thumb	LoadMoveBg
0x080A5090	thumb	LoadDefaultBg
0x080A50AC	thumb	Cmd_restorebg
0x080A50F0	thumb	Cmd_waitbgfadeout
0x080A5124	thumb	Cmd_waitbgfadein
0x080A5158	thumb	Cmd_changebg
0x080A5178	thumb	BattleAnimAdjustPanning
0x080A5278	thumb	BattleAnimAdjustPanning2
0x080A52EC	thumb	KeepPanInRange
0x080A5314	thumb	CalculatePanIncrement
0x080A5354	thumb	Cmd_playsewithpan
0x080A538C	thumb	Cmd_setpan
0x080A53B8	thumb	Cmd_panse
0x080A5478	thumb	Task_PanFromInitialToTarget
0x080A5508	thumb	Cmd_panse_adjustnone
0x080A559C	thumb	Cmd_panse_adjustall
0x080A565C	thumb	Cmd_loopsewithpan
0x080A56E4	thumb	Task_LoopAndPlaySE
0x080A5740	thumb	Cmd_waitplaysewithpan
0x080A57B4	thumb	Task_WaitAndPlaySE
0x080A57F8	thumb	Cmd_createsoundtask
0x080A586C	thumb	Cmd_waitsound
0x080A58F0	thumb	Cmd_jumpargeq
0x080A5944	thumb	Cmd_jumpifcontest
0x080A5984	thumb	Cmd_splitbgprio
0x080A59DC	thumb	Cmd_splitbgprio_all
0x080A5A0C	thumb	Cmd_splitbgprio_foes
0x080A5A80	thumb	Cmd_invisible
0x080A5ABC	thumb	Cmd_visible
0x080A5AFC	thumb	Cmd_teamattack_moveback
0x080A5BAC	thumb	Cmd_teamattack_movefwd
0x080A5C44	thumb	Cmd_stopsound
0x080A5C6C	thumb	GetBattlerSpriteCoord
0x080A5DB8	thumb	GetBattlerYDelta
0x080A5FA0	thumb	GetBattlerElevation
0x080A600C	thumb	GetBattlerSpriteFinal_Y
0x080A60AC	thumb	GetBattlerSpriteCoord2
0x080A6138	thumb	GetBattlerSpriteDefault_Y
0x080A614C	thumb	GetSubstituteSpriteDefault_Y
0x080A6190	thumb	GetBattlerYCoordWithElevation
0x080A6240	thumb	GetAnimBattlerSpriteId
0x080A62D4	thumb	StoreSpriteCallbackInData6
0x080A62DC	thumb	SetCallbackToStoredInData6
0x080A62EC	thumb	TranslateSpriteInCircle
0x080A634C	thumb	TranslateSpriteInGrowingCircle
0x080A63C8	thumb	TranslateSpriteInLissajousCurve
0x080A6450	thumb	TranslateSpriteInEllipse
0x080A64B0	thumb	WaitAnimForDuration
0x080A64D0	thumb	AnimPosToTranslateLinear
0x080A64EC	thumb	ConvertPosDataToTranslateLinearData
0x080A653C	thumb	TranslateSpriteLinear
0x080A656C	thumb	TranslateSpriteLinearFixedPoint
0x080A65A8	thumb	TranslateSpriteLinearFixedPointIconFrame
0x080A65EC	thumb	TranslateSpriteToBattleTargetPos
0x080A6630	thumb	TranslateSpriteLinearById
0x080A6680	thumb	TranslateSpriteLinearByIdFixedPoint
0x080A66DC	thumb	TranslateSpriteLinearAndFlicker
0x080A674C	thumb	DestroySpriteAndMatrix
0x080A6760	thumb	TranslateSpriteToBattleAttackerPos
0x080A67A4	thumb	EndUnkPaletteAnim
0x080A67BC	thumb	RunStoredCallbackWhenAffineAnimEnds
0x080A67D8	thumb	RunStoredCallbackWhenAnimEnds
0x080A67F4	thumb	DestroyAnimSpriteAndDisableBlend
0x080A6814	thumb	DestroyAnimVisualTaskAndDisableBlend
0x080A6838	thumb	SetSpriteCoordsToAnimAttackerCoords
0x080A6864	thumb	SetAnimSpriteInitialXOffset
0x080A68D4	thumb	InitAnimArcTranslation
0x080A6900	thumb	TranslateAnimHorizontalArc
0x080A6934	thumb	TranslateAnimVerticalArc
0x080A6968	thumb	SetSpritePrimaryCoordsFromSecondaryCoords
0x080A6980	thumb	InitSpritePosToAnimTarget
0x080A69CC	thumb	InitSpritePosToAnimAttacker
0x080A6A30	thumb	GetBattlerSide
0x080A6A44	thumb	GetBattlerPosition
0x080A6A54	thumb	GetBattlerAtPosition
0x080A6A90	thumb	IsBattlerSpritePresent
0x080A6B20	thumb	IsDoubleBattle
0x080A6B30	thumb	GetBattleAnimBg1Data
0x080A6B90	thumb	GetBattleAnimBgData
0x080A6BFC	thumb	GetBgDataForTransform
0x080A6C68	thumb	ClearBattleAnimBg
0x080A6CC0	thumb	AnimLoadCompressedBgGfx
0x080A6D10	thumb	InitAnimBgTilemapBuffer
0x080A6D48	thumb	AnimLoadCompressedBgTilemap
0x080A6D60	thumb	AnimLoadCompressedBgTilemapHandleContest
0x080A6D94	thumb	GetBattleBgPaletteNum
0x080A6DAC	thumb	UpdateAnimBg3ScreenSize
0x080A6DEC	thumb	Trade_MoveSelectedMonToTarget
0x080A6E14	thumb	InitSpriteDataForLinearTranslation
0x080A6E54	thumb	InitAnimLinearTranslation
0x080A6EEC	thumb	StartAnimLinearTranslation
0x080A6F14	thumb	StartAnimLinearTranslation_SetCornerVecX
0x080A6F3C	thumb	AnimTranslateLinear
0x080A6F98	thumb	AnimTranslateLinear_WithFollowup
0x080A6FB4	thumb	AnimTranslateLinear_WithFollowup_SetCornerVecX
0x080A6FD4	thumb	InitAnimLinearTranslationWithSpeed
0x080A7000	thumb	InitAnimLinearTranslationWithSpeedAndPos
0x080A7028	thumb	InitAnimFastLinearTranslation
0x080A70C0	thumb	InitAndRunAnimFastLinearTranslation
0x080A70E8	thumb	AnimFastTranslateLinear
0x080A7144	thumb	AnimFastTranslateLinearWaitEnd
0x080A7160	thumb	InitAnimFastLinearTranslationWithSpeed
0x080A718C	thumb	InitAnimFastLinearTranslationWithSpeedAndPos
0x080A71B4	thumb	SetSpriteRotScale
0x080A7238	thumb	ShouldRotScaleSpeciesBeFlipped
0x080A7270	thumb	PrepareBattlerSpriteForRotScale
0x080A7344	thumb	ResetSpriteRotScale
0x080A73A0	thumb	SetBattlerSpriteYOffsetFromRotation
0x080A73E0	thumb	TrySetSpriteRotScale
0x080A749C	thumb	ResetSpriteRotScale_PreserveAffine
0x080A74DC	thumb	ArcTan2_
0x080A74F4	thumb	ArcTan2Neg
0x080A750C	thumb	SetGrayscaleOrOriginalPalette
0x080A75AC	thumb	GetBattlePalettesMask
0x080A76C4	thumb	GetBattleMonSpritePalettesMask
0x080A77AC	thumb	GetSpritePalIdxByBattler
0x080A77B4	thumb	GetSpritePalIdxByPosition
0x080A77C8	thumb	AnimSpriteOnMonPos
0x080A7820	thumb	TranslateAnimSpriteToTargetMonLocation
0x080A78AC	thumb	AnimThrowProjectile
0x080A791C	thumb	AnimThrowProjectile_Step
0x080A7938	thumb	AnimTravelDiagonally
0x080A79E8	thumb	CloneBattlerSpriteWithBlend
0x080A7A5C	thumb	DestroySpriteWithActiveSheet
0x080A7A74	thumb	AnimTask_AlphaFadeIn
0x080A7AFC	thumb	AnimTask_AlphaFadeIn_Step
0x080A7B98	thumb	AnimTask_BlendMonInAndOut
0x080A7BF4	thumb	AnimTask_BlendPalInAndOutSetup
0x080A7C1C	thumb	AnimTask_BlendMonInAndOut_Step
0x080A7CB4	thumb	AnimTask_BlendPalInAndOutByTag
0x080A7CFC	thumb	PrepareAffineAnimInTaskData
0x080A7D34	thumb	RunAffineAnimFromTaskData
0x080A7E6C	thumb	SetBattlerSpriteYOffsetFromYScale
0x080A7EC0	thumb	SetBattlerSpriteYOffsetFromOtherYScale
0x080A7F18	thumb	GetBattlerYDeltaFromSpriteId
0x080A8048	thumb	StorePointerInVars
0x080A8050	thumb	LoadPointerFromVars
0x080A805C	thumb	PrepareEruptAnimTaskData
0x080A80C8	thumb	UpdateEruptAnimTask
0x080A8140	thumb	AnimTask_GetFrustrationPowerLevel
0x080A8174	thumb	SetPriorityForVisibleBattlers
0x080A8278	thumb	InitPrioritiesForVisibleBattlers
0x080A82E4	thumb	GetBattlerSpriteSubpriority
0x080A8328	thumb	GetBattlerSpriteBGPriority
0x080A8364	thumb	GetBattlerSpriteBGPriorityRank
0x080A8394	thumb	CreateAdditionalMonSpriteForMoveAnim
0x080A8610	thumb	DestroySpriteAndFreeResources_
0x080A861C	thumb	GetBattlerSpriteCoordAttr
0x080A8924	thumb	SetAverageBattlerPositions
0x080A89C8	thumb	CreateInvisibleSpriteCopy
0x080A8A6C	thumb	AnimTranslateLinearAndFlicker_Flipped
0x080A8AEC	thumb	AnimTranslateLinearAndFlicker
0x080A8B64	thumb	AnimSpinningSparkle
0x080A8BC4	thumb	AnimTask_AttackerPunchWithTrace
0x080A8CAC	thumb	AnimTask_AttackerPunchWithTrace_Step
0x080A8D78	thumb	CreateBattlerTrace
0x080A8DFC	thumb	AnimBattlerTrace
0x080A8E30	thumb	AnimWeatherBallUp
0x080A8E88	thumb	AnimWeatherBallUp_Step
0x080A8EE4	thumb	AnimWeatherBallDown
0x080A8F50	thumb	ResetTasks
0x080A8FB0	thumb	CreateTask
0x080A9004	thumb	InsertTask
0x080A909C	thumb	DestroyTask
0x080A910C	thumb	RunTasks
0x080A913C	thumb	FindFirstActiveTask
0x080A9178	thumb	TaskDummy
0x080A917C	thumb	SetTaskFuncWithFollowupFunc
0x080A91B0	thumb	SwitchTaskToFollowupFunc
0x080A91E4	thumb	FuncIsActiveTask
0x080A921C	thumb	FindTaskIdByFunc
0x080A924C	thumb	GetTaskCount
0x080A927C	thumb	SetWordTaskArg
0x080A92B4	thumb	GetWordTaskArg
0x080A92F4	thumb	ReshowBattleScreenDummy
0x080A92F8	thumb	ReshowBattleScreenAfterMenu
0x080A933C	thumb	CB2_ReshowBattleScreenAfterMenu
0x080A95F4	thumb	ClearBattleBgCntBaseBlocks
0x080A9614	thumb	LoadBattlerSpriteGfx
0x080A9708	thumb	CreateBattlerSprite
0x080A9ADC	thumb	CreateHealthboxSprite
0x080A9C70	thumb	Task_FlashingCircleImpacts
0x080A9DB4	thumb	Task_UpdateFlashingCircleImpacts
0x080A9E44	thumb	AnimFlashingCircleImpact
0x080A9E78	thumb	AnimFlashingCircleImpact_Step
0x080A9EF4	thumb	AnimTask_FrozenIceCube
0x080A9FD0	thumb	AnimTask_FrozenIceCube_Step1
0x080AA020	thumb	AnimTask_FrozenIceCube_Step2
0x080AA0D0	thumb	AnimTask_FrozenIceCube_Step3
0x080AA124	thumb	AnimTask_FrozenIceCube_Step4
0x080AA18C	thumb	AnimTask_StatsChange
0x080AA364	thumb	LaunchStatusAnimation
0x080AA3B4	thumb	Task_DoStatusAnimation
0x080AA40C	thumb	SpriteCB_VersionBannerLeft
0x080AA474	thumb	SpriteCB_VersionBannerRight
0x080AA4B4	thumb	SpriteCB_PressStartCopyrightBanner
0x080AA4EC	thumb	CreatePressStartBanner
0x080AA548	thumb	CreateCopyrightBanner
0x080AA5A4	thumb	SpriteCB_PokemonLogoShine
0x080AA654	thumb	SpriteCB_PokemonLogoShine_Fast
0x080AA67C	thumb	StartPokemonLogoShine
0x080AA780	thumb	VBlankCB
0x080AA7A4	thumb	CB2_InitTitleScreen
0x080AAB2C	thumb	MainCB2
0x080AAB44	thumb	Task_TitleScreenPhase1
0x080AAC50	thumb	Task_TitleScreenPhase2
0x080AAD64	thumb	Task_TitleScreenPhase3
0x080AAEB8	thumb	CB2_GoToMainMenu
0x080AAED4	thumb	CB2_GoToCopyrightScreen
0x080AAEF0	thumb	CB2_GoToClearSaveDataScreen
0x080AAF0C	thumb	CB2_GoToResetRtcScreen
0x080AAF28	thumb	CB2_GoToBerryFixScreen
0x080AAF48	thumb	UpdateLegendaryMarkingColor
0x080AAFA4	thumb	StartWeather
0x080AB098	thumb	SetNextWeather
0x080AB104	thumb	SetCurrentAndNextWeather
0x080AB130	thumb	SetCurrentAndNextWeatherNoDelay
0x080AB160	thumb	Task_WeatherInit
0x080AB1B0	thumb	Task_WeatherMain
0x080AB26C	thumb	None_Init
0x080AB28C	thumb	None_Main
0x080AB290	thumb	None_Finish
0x080AB294	thumb	BuildColorMaps
0x080AB3A8	thumb	UpdateWeatherColorMap
0x080AB434	thumb	FadeInScreenWithWeather
0x080AB54C	thumb	FadeInScreen_RainShowShade
0x080AB5AC	thumb	FadeInScreen_Drought
0x080AB604	thumb	FadeInScreen_FogHorizontal
0x080AB640	thumb	DoNothing
0x080AB644	thumb	ApplyColorMap
0x080AB848	thumb	ApplyColorMapWithBlend
0x080AB990	thumb	ApplyDroughtColorMapWithBlend
0x080ABAB0	thumb	ApplyFogBlend
0x080ABBCC	thumb	MarkFogSpritePalToLighten
0x080ABC00	thumb	LightenSpritePaletteInFog
0x080ABC48	thumb	ApplyWeatherColorMapIfIdle
0x080ABC7C	thumb	ApplyWeatherColorMapIfIdle_Gradual
0x080ABCD0	thumb	FadeScreen
0x080ABDFC	thumb	IsWeatherNotFadingIn
0x080ABE18	thumb	UpdateSpritePaletteWithWeather
0x080ABF00	thumb	ApplyWeatherColorMapToPal
0x080ABF20	thumb	IsFirstFrameOfWeatherFadeIn
0x080ABF4C	thumb	LoadCustomWeatherSpritePalette
0x080ABF7C	thumb	LoadDroughtWeatherPalette
0x080ABF84	thumb	ResetDroughtWeatherPaletteLoading
0x080ABFA4	thumb	LoadDroughtWeatherPalettes
0x080ABFE0	thumb	SetDroughtColorMap
0x080ABFF0	thumb	DroughtStateInit
0x080AC01C	thumb	DroughtStateRun
0x080AC124	thumb	Weather_SetBlendCoeffs
0x080AC164	thumb	Weather_SetTargetBlendCoeffs
0x080AC1A8	thumb	Weather_UpdateBlend
0x080AC274	thumb	SetFieldWeather
0x080AC30C	thumb	GetCurrentWeather
0x080AC31C	thumb	SetRainStrengthFromSoundEffect
0x080AC378	thumb	PlayRainStoppingSoundEffect
0x080AC3BC	thumb	IsWeatherChangeComplete
0x080AC3D0	thumb	SetWeatherScreenFadeOut
0x080AC3E4	thumb	SetWeatherPalStateIdle
0x080AC3F8	thumb	PreservePaletteInWeather
0x080AC428	thumb	ResetPreservedPalettesInWeather
0x080AC438	thumb	Clouds_InitVars
0x080AC484	thumb	Clouds_InitAll
0x080AC4B4	thumb	Clouds_Main
0x080AC514	thumb	Clouds_Finish
0x080AC55C	thumb	Sunny_InitVars
0x080AC580	thumb	Sunny_InitAll
0x080AC58C	thumb	Sunny_Main
0x080AC590	thumb	Sunny_Finish
0x080AC594	thumb	CreateCloudSprites
0x080AC660	thumb	DestroyCloudSprites
0x080AC6B4	thumb	UpdateCloudSprite
0x080AC6D0	thumb	Drought_InitVars
0x080AC704	thumb	Drought_InitAll
0x080AC734	thumb	Drought_Main
0x080AC818	thumb	Drought_Finish
0x080AC81C	thumb	StartDroughtWeatherBlend
0x080AC830	thumb	UpdateDroughtBlend
0x080AC928	thumb	Rain_InitVars
0x080AC994	thumb	Rain_InitAll
0x080AC9C4	thumb	Rain_Main
0x080ACA24	thumb	Rain_Finish
0x080ACAB0	thumb	StartRainSpriteFall
0x080ACB84	thumb	UpdateRainSprite
0x080ACC88	thumb	WaitRainSprite
0x080ACCB4	thumb	InitRainSpriteMovement
0x080ACD68	thumb	LoadRainSpriteSheet
0x080ACD78	thumb	CreateRainSprite
0x080ACEAC	thumb	UpdateVisibleRainSprites
0x080ACF38	thumb	DestroyRainSprites
0x080ACF8C	thumb	Snow_InitVars
0x080ACFDC	thumb	Snow_InitAll
0x080AD048	thumb	Snow_Main
0x080AD084	thumb	Snow_Finish
0x080AD0E8	thumb	UpdateVisibleSnowflakeSprites
0x080AD164	thumb	CreateSnowflakeSprite
0x080AD1D0	thumb	DestroySnowflakeSprite
0x080AD204	thumb	InitSnowflakeSpriteMovement
0x080AD2B0	thumb	WaitSnowflakeSprite
0x080AD30C	thumb	UpdateSnowflakeSprite
0x080AD444	thumb	Thunderstorm_InitVars
0x080AD4B8	thumb	Thunderstorm_InitAll
0x080AD4E8	thumb	Downpour_InitVars
0x080AD554	thumb	Downpour_InitAll
0x080AD584	thumb	Thunderstorm_Main
0x080AD910	thumb	Thunderstorm_Finish
0x080AD9BC	thumb	EnqueueThunder
0x080AD9F8	thumb	UpdateThunderSound
0x080ADA60	thumb	FogHorizontal_InitVars
0x080ADAC0	thumb	FogHorizontal_InitAll
0x080ADAF0	thumb	FogHorizontal_Main
0x080ADBB0	thumb	FogHorizontal_Finish
0x080ADC4C	thumb	FogHorizontalSpriteCallback
0x080ADCAC	thumb	CreateFogHorizontalSprites
0x080ADD68	thumb	DestroyFogHorizontalSprites
0x080ADDBC	thumb	Ash_InitVars
0x080ADE18	thumb	Ash_InitAll
0x080ADE48	thumb	Ash_Main
0x080ADEF4	thumb	Ash_Finish
0x080ADF5C	thumb	LoadAshSpriteSheet
0x080ADF6C	thumb	CreateAshSprites
0x080AE014	thumb	DestroyAshSprites
0x080AE068	thumb	UpdateAshSprite
0x080AE0E4	thumb	FogDiagonal_InitVars
0x080AE168	thumb	FogDiagonal_InitAll
0x080AE198	thumb	FogDiagonal_Main
0x080AE1FC	thumb	FogDiagonal_Finish
0x080AE25C	thumb	UpdateFogDiagonalMovement
0x080AE2F0	thumb	CreateFogDiagonalSprites
0x080AE3A8	thumb	DestroyFogDiagonalSprites
0x080AE3FC	thumb	UpdateFogDiagonalSprite
0x080AE45C	thumb	Sandstorm_InitVars
0x080AE4DC	thumb	Sandstorm_InitAll
0x080AE50C	thumb	Sandstorm_Main
0x080AE588	thumb	Sandstorm_Finish
0x080AE5EC	thumb	UpdateSandstormWaveIndex
0x080AE624	thumb	UpdateSandstormMovement
0x080AE6A4	thumb	DestroySandstormSprites
0x080AE738	thumb	CreateSandstormSprites
0x080AE7F8	thumb	CreateSwirlSandstormSprites
0x080AE8F8	thumb	UpdateSandstormSprite
0x080AE958	thumb	WaitSandSwirlSpriteEntrance
0x080AE97C	thumb	UpdateSandstormSwirlSprite
0x080AE9F0	thumb	Shade_InitVars
0x080AEA20	thumb	Shade_InitAll
0x080AEA2C	thumb	Shade_Main
0x080AEA30	thumb	Shade_Finish
0x080AEA34	thumb	Bubbles_InitVars
0x080AEA88	thumb	Bubbles_InitAll
0x080AEAB8	thumb	Bubbles_Main
0x080AEB2C	thumb	Bubbles_Finish
0x080AEB48	thumb	CreateBubbleSprite
0x080AEBD0	thumb	DestroyBubbleSprites
0x080AEC34	thumb	UpdateBubbleSprite
0x080AEC94	thumb	UnusedSetCurrentAbnormalWeather
0x080AECA8	thumb	Task_DoAbnormalWeather
0x080AED28	thumb	CreateAbnormalWeatherTask
0x080AED7C	thumb	SetSavedWeather
0x080AEDAC	thumb	GetSavedWeather
0x080AEDBC	thumb	SetSavedWeatherFromCurrMapHeader
0x080AEDF0	thumb	SetWeather
0x080AEE08	thumb	SetWeather_Unused
0x080AEE20	thumb	DoCurrentWeather
0x080AEE84	thumb	ResumePausedWeather
0x080AEEE8	thumb	TranslateWeatherNum
0x080AEFBC	thumb	UpdateWeatherPerDay
0x080AEFDC	thumb	UpdateRainCounter
0x080AEFFC	thumb	FillPalBufferWhite
0x080AF020	thumb	FillPalBufferBlack
0x080AF040	thumb	WarpFadeInScreen
0x080AF08C	thumb	FadeInFromWhite
0x080AF0A0	thumb	FadeInFromBlack
0x080AF0B4	thumb	WarpFadeOutScreen
0x080AF0F4	thumb	SetPlayerVisibility
0x080AF10C	thumb	Task_WaitForUnionRoomFade
0x080AF128	thumb	FieldCB_ContinueScriptUnionRoom
0x080AF148	thumb	Task_WaitForFadeAndEnableScriptCtx
0x080AF168	thumb	FieldCB_ContinueScriptHandleMusic
0x080AF188	thumb	FieldCB_ContinueScript
0x080AF1A4	thumb	Task_ReturnToFieldCableLink
0x080AF214	thumb	FieldCB_ReturnToFieldCableLink
0x080AF234	thumb	Task_ReturnToFieldWirelessLink
0x080AF2B4	thumb	Task_ReturnToFieldRecordMixing
0x080AF314	thumb	FieldCB_ReturnToFieldWirelessLink
0x080AF334	thumb	SetUpWarpExitTask
0x080AF398	thumb	FieldCB_DefaultWarpExit
0x080AF3B0	thumb	FieldCB_WarpExitFadeFromWhite
0x080AF3C8	thumb	FieldCB_WarpExitFadeFromBlack
0x080AF3E8	thumb	FieldCB_SpinEnterWarp
0x080AF40C	thumb	FieldCB_MossdeepGymWarpExit
0x080AF438	thumb	Task_ExitDoor
0x080AF550	thumb	Task_ExitNonAnimDoor
0x080AF610	thumb	Task_ExitNonDoor
0x080AF660	thumb	Task_WaitForFadeShowStartMenu
0x080AF688	thumb	ReturnToFieldOpenStartMenu
0x080AF6A4	thumb	FieldCB_ReturnToFieldOpenStartMenu
0x080AF6B0	thumb	Task_ReturnToFieldNoScript
0x080AF6D4	thumb	FieldCB_ReturnToFieldNoScript
0x080AF6F0	thumb	FieldCB_ReturnToFieldNoScriptCheckMusic
0x080AF710	thumb	PaletteFadeActive
0x080AF71C	thumb	WaitForWeatherFadeIn
0x080AF734	thumb	DoWarp
0x080AF76C	thumb	DoDiveWarp
0x080AF79C	thumb	DoWhiteFadeWarp
0x080AF7D0	thumb	DoDoorWarp
0x080AF7F4	thumb	DoFallWarp
0x080AF80C	thumb	DoEscalatorWarp
0x080AF828	thumb	DoLavaridgeGymB1FWarp
0x080AF838	thumb	DoLavaridgeGym1FWarp
0x080AF848	thumb	DoTeleportTileWarp
0x080AF87C	thumb	DoMossdeepGymWarp
0x080AF8B8	thumb	DoPortholeWarp
0x080AF8E0	thumb	Task_DoCableClubWarp
0x080AF948	thumb	DoCableClubWarp
0x080AF96C	thumb	Task_ReturnToWorldFromLinkRoom
0x080AF9F8	thumb	ReturnFromLinkRoom
0x080AFA0C	thumb	Task_WarpAndLoadMap
0x080AFA88	thumb	Task_DoDoorWarp
0x080AFBF4	thumb	Task_DoContestHallWarp
0x080AFC60	thumb	DoContestHallWarp
0x080AFC98	thumb	SetFlashScanlineEffectWindowBoundary
0x080AFCC4	thumb	SetFlashScanlineEffectWindowBoundaries
0x080AFD50	thumb	SetOrbFlashScanlineEffectWindowBoundary
0x080AFD7C	thumb	SetOrbFlashScanlineEffectWindowBoundaries
0x080AFE08	thumb	UpdateFlashLevelEffect
0x080AFECC	thumb	UpdateOrbFlashEffect
0x080AFF90	thumb	Task_WaitForFlashUpdate
0x080AFFB8	thumb	StartWaitForFlashUpdate
0x080AFFDC	thumb	StartUpdateFlashLevelEffect
0x080B003C	thumb	StartUpdateOrbFlashEffect
0x080B009C	thumb	AnimateFlash
0x080B00E8	thumb	WriteFlashScanlineEffectBuffer
0x080B0124	thumb	WriteBattlePyramidViewScanlineEffectBuffer
0x080B0160	thumb	Task_SpinEnterWarp
0x080B01BC	thumb	Task_SpinExitWarp
0x080B0244	thumb	DoSpinEnterWarp
0x080B0268	thumb	DoSpinExitWarp
0x080B028C	thumb	LoadOrbEffectPalette
0x080B02C8	thumb	UpdateOrbEffectBlend
0x080B0318	thumb	Task_OrbEffect
0x080B0534	thumb	DoOrbEffect
0x080B058C	thumb	FadeOutOrbEffect
0x080B05B4	thumb	Script_FadeOutMapMusic
0x080B05CC	thumb	Task_EnableScriptAfterMusicFade
0x080B05F0	thumb	Task_BattleStart
0x080B065C	thumb	CreateBattleStartTask
0x080B0698	thumb	BattleSetup_StartWildBattle
0x080B06B0	thumb	BattleSetup_StartBattlePikeWildBattle
0x080B06BC	thumb	DoStandardWildBattle
0x080B072C	thumb	BattleSetup_StartRoamerBattle
0x080B077C	thumb	DoSafariBattle
0x080B07B4	thumb	DoBattlePikeWildBattle
0x080B0804	thumb	DoTrainerBattle
0x080B0828	thumb	DoBattlePyramidTrainerHillBattle
0x080B086C	thumb	StartWallyTutorialBattle
0x080B08A8	thumb	BattleSetup_StartScriptedWildBattle
0x080B08EC	thumb	BattleSetup_StartLatiBattle
0x080B0934	thumb	BattleSetup_StartLegendaryBattle
0x080B0A18	thumb	StartGroudonKyogreBattle
0x080B0A74	thumb	StartRegiBattle
0x080B0AF8	thumb	CB2_EndWildBattle
0x080B0B6C	thumb	CB2_EndScriptedWildBattle
0x080B0BD0	thumb	BattleSetup_GetEnvironmentId
0x080B0D24	thumb	GetBattleTransitionTypeByMap
0x080B0D88	thumb	GetSumOfPlayerPartyLevel
0x080B0DE8	thumb	GetSumOfEnemyPartyLevel
0x080B0EC8	thumb	GetWildBattleTransition
0x080B0F34	thumb	GetTrainerBattleTransition
0x080B100C	thumb	GetSpecialBattleTransition
0x080B1138	thumb	ChooseStarter
0x080B1158	thumb	CB2_GiveStarter
0x080B11A8	thumb	CB2_StartFirstBattle
0x080B1204	thumb	CB2_EndFirstBattle
0x080B1218	thumb	TryUpdateGymLeaderRematchFromWild
0x080B1234	thumb	TryUpdateGymLeaderRematchFromTrainer
0x080B1250	thumb	TrainerBattleLoadArg32
0x080B1268	thumb	TrainerBattleLoadArg16
0x080B1274	thumb	TrainerBattleLoadArg8
0x080B1278	thumb	GetTrainerAFlag
0x080B1290	thumb	GetTrainerBFlag
0x080B12A8	thumb	IsPlayerDefeated
0x080B12E8	thumb	ResetTrainerOpponentIds
0x080B12FC	thumb	InitTrainerBattleVariables
0x080B1370	thumb	TrainerBattleLoadArgs
0x080B13F8	thumb	SetMapVarsToTrainer
0x080B1430	thumb	BattleSetup_ConfigureTrainerBattle
0x080B162C	thumb	ConfigureAndSetUpOneTrainerBattle
0x080B1670	thumb	ConfigureTwoTrainersBattle
0x080B16A4	thumb	SetUpTwoTrainersBattle
0x080B16B8	thumb	GetTrainerFlagFromScriptPointer
0x080B16D8	thumb	SetTrainerFacingDirection
0x080B170C	thumb	GetTrainerBattleMode
0x080B1718	thumb	GetTrainerFlag
0x080B1760	thumb	SetBattledTrainersFlags
0x080B178C	thumb	SetBattledTrainerFlag
0x080B17A0	thumb	HasTrainerBeenFought
0x080B17B8	thumb	SetTrainerFlag
0x080B17CC	thumb	ClearTrainerFlag
0x080B17E0	thumb	BattleSetup_StartTrainerBattle
0x080B1918	thumb	CB2_EndTrainerBattle
0x080B1994	thumb	CB2_EndRematchBattle
0x080B19EC	thumb	BattleSetup_StartRematchBattle
0x080B1A14	thumb	ShowTrainerIntroSpeech
0x080B1AF8	thumb	BattleSetup_GetScriptAddrAfterBattle
0x080B1B10	thumb	BattleSetup_GetTrainerPostBattleScript
0x080B1B60	thumb	ShowTrainerCantBattleSpeech
0x080B1B70	thumb	PlayTrainerEncounterMusic
0x080B1C6C	thumb	ReturnEmptyStringIfNull
0x080B1C7C	thumb	GetIntroSpeechOfApproachingTrainer
0x080B1CA4	thumb	GetTrainerALoseText
0x080B1CE0	thumb	GetTrainerBLoseText
0x080B1D04	thumb	GetTrainerWonSpeech
0x080B1D18	thumb	GetTrainerCantBattleSpeech
0x080B1D2C	thumb	FirstBattleTrainerIdToRematchTableId
0x080B1D50	thumb	TrainerIdToRematchTableId
0x080B1D94	thumb	IsRematchForbidden
0x080B1DBC	thumb	SetRematchIdForTrainer
0x080B1DFC	thumb	UpdateRandomTrainerRematches
0x080B1E94	thumb	UpdateRematchIfDefeated
0x080B1EC0	thumb	DoesSomeoneWantRematchIn_
0x080B1F08	thumb	IsRematchTrainerIn_
0x080B1F38	thumb	IsFirstTrainerIdReadyForRematch
0x080B1F74	thumb	IsTrainerReadyForRematch_
0x080B1FB0	thumb	GetRematchTrainerIdFromTable
0x080B2004	thumb	GetLastBeatenRematchTrainerIdFromTable
0x080B205C	thumb	ClearTrainerWantRematchState
0x080B208C	thumb	GetTrainerMatchCallFlag
0x080B20BC	thumb	RegisterTrainerInMatchCall
0x080B20F4	thumb	WasSecondRematchWon
0x080B2128	thumb	HasAtLeastFiveBadges
0x080B215C	thumb	IncrementRematchStepCounter
0x080B2188	thumb	IsRematchStepCounterMaxed
0x080B21B4	thumb	TryUpdateRandomTrainerRematches
0x080B21F4	thumb	DoesSomeoneWantRematchIn
0x080B2214	thumb	IsRematchTrainerIn
0x080B2234	thumb	GetRematchTrainerId
0x080B2250	thumb	GetLastBeatenRematchTrainerId
0x080B226C	thumb	ShouldTryRematchBattle
0x080B22A0	thumb	IsTrainerReadyForRematch
0x080B22BC	thumb	HandleRematchVarsOnBattleEnd
0x080B22D8	thumb	ShouldTryGetTrainerScript
0x080B2318	thumb	CountBattledRematchTeams
0x080B236C	thumb	CreateLinkupTask
0x080B23B0	thumb	PrintNumPlayersInLink
0x080B241C	thumb	ClearLinkPlayerCountWindow
0x080B243C	thumb	UpdateLinkPlayerCountDisplay
0x080B2478	thumb	ExchangeDataAndGetLinkupStatus
0x080B24F8	thumb	CheckLinkErrored
0x080B252C	thumb	CheckLinkCanceledBeforeConnection
0x080B2578	thumb	CheckLinkCanceled
0x080B25CC	thumb	CheckSioErrored
0x080B2600	thumb	Task_DelayedBlockRequest
0x080B2634	thumb	Task_LinkupStart
0x080B2688	thumb	Task_LinkupAwaitConnection
0x080B270C	thumb	Task_LinkupConfirmWhenReady
0x080B275C	thumb	Task_LinkupAwaitConfirmation
0x080B2804	thumb	Task_LinkupTryConfirmation
0x080B28A8	thumb	Task_LinkupConfirm
0x080B2918	thumb	Task_LinkupExchangeDataWithLeader
0x080B2A08	thumb	Task_LinkupCheckStatusAfterConfirm
0x080B2AF4	thumb	AreBattleTowerLinkSpeciesSame
0x080B2B94	thumb	FinishLinkup
0x080B2C30	thumb	Task_LinkupAwaitTrainerCardData
0x080B2CB0	thumb	Task_StopLinkup
0x080B2CEC	thumb	Task_LinkupFailed
0x080B2D2C	thumb	Task_LinkupConnectionError
0x080B2D6C	thumb	TryLinkTimeout
0x080B2DA4	thumb	TryBattleLinkup
0x080B2E4C	thumb	TryTradeLinkup
0x080B2E74	thumb	TryRecordMixLinkup
0x080B2EA8	thumb	ValidateMixingGameLanguage
0x080B2EE4	thumb	Task_ValidateMixingGameLanguage
0x080B2FD8	thumb	TryBerryBlenderLinkup
0x080B3000	thumb	TryContestGModeLinkup
0x080B3028	thumb	TryContestEModeLinkup
0x080B3050	thumb	CreateTask_ReestablishCableClubLink
0x080B3144	thumb	Task_ReestablishLink
0x080B3194	thumb	Task_ReestablishLinkAwaitConnection
0x080B31E8	thumb	Task_ReestablishLinkLeader
0x080B3220	thumb	Task_ReestablishLinkAwaitConfirmation
0x080B3254	thumb	CableClubSaveGame
0x080B3260	thumb	SetLinkBattleTypeFlags
0x080B32B4	thumb	Task_StartWiredCableClubBattle
0x080B33BC	thumb	Task_StartWirelessCableClubBattle
0x080B3554	thumb	CB2_ReturnFromUnionRoomBattle
0x080B360C	thumb	CB2_ReturnFromCableClubBattle
0x080B36EC	thumb	CleanupLinkRoomState
0x080B371C	thumb	ExitLinkRoom
0x080B3728	thumb	Task_EnterCableClubSeat
0x080B37D4	thumb	CreateTask_EnterCableClubSeat
0x080B37FC	thumb	Task_StartWiredTrade
0x080B3894	thumb	Task_StartWirelessTrade
0x080B3924	thumb	PlayerEnteredTradeSeat
0x080B3950	thumb	CreateTask_StartWiredTrade
0x080B3964	thumb	Script_StartWiredTrade
0x080B3968	thumb	ColosseumPlayerSpotTriggered
0x080B39A4	thumb	CreateTask_EnterCableClubSeatNoFollowup
0x080B39BC	thumb	Script_ShowLinkTrainerCard
0x080B39D4	thumb	GetLinkTrainerCardColor
0x080B3A30	thumb	Task_WaitForLinkPlayerConnection
0x080B3AAC	thumb	Task_WaitExitToScript
0x080B3AD0	thumb	ExitLinkToScript
0x080B3AF8	thumb	Task_ReconnectWithLinkPlayers
0x080B3BC4	thumb	TrySetBattleTowerLinkType
0x080B3BE8	thumb	CheckForTrainersWantingBattle
0x080B3D00	thumb	CheckTrainer
0x080B3DF0	thumb	GetTrainerApproachDistance
0x080B3EA0	thumb	GetTrainerApproachDistanceSouth
0x080B3EE4	thumb	GetTrainerApproachDistanceNorth
0x080B3F28	thumb	GetTrainerApproachDistanceWest
0x080B3F6C	thumb	GetTrainerApproachDistanceEast
0x080B3FB0	thumb	CheckPathBetweenTrainerAndPlayer
0x080B406C	thumb	InitTrainerApproachTask
0x080B40C8	thumb	StartTrainerApproach
0x080B4118	thumb	Task_RunTrainerSeeFuncList
0x080B4178	thumb	TrainerSeeIdle
0x080B417C	thumb	TrainerExclamationMark
0x080B41C0	thumb	WaitTrainerExclamationMark
0x080B4200	thumb	TrainerMoveToPlayer
0x080B425C	thumb	PlayerFaceApproachingTrainer
0x080B4318	thumb	WaitPlayerFaceApproachingTrainer
0x080B435C	thumb	RevealDisguisedTrainer
0x080B4390	thumb	WaitRevealDisguisedTrainer
0x080B43AC	thumb	RevealBuriedTrainer
0x080B43E0	thumb	PopOutOfAshBuriedTrainer
0x080B4438	thumb	JumpInPlaceBuriedTrainer
0x080B44AC	thumb	WaitRevealBuriedTrainer
0x080B44C8	thumb	Task_SetBuriedTrainerMovement
0x080B4578	thumb	SetBuriedTrainerMovement
0x080B45AC	thumb	DoTrainerApproach
0x080B45BC	thumb	Task_EndTrainerApproach
0x080B45D0	thumb	TryPrepareSecondApproachingTrainer
0x080B4620	thumb	FldEff_ExclamationMarkIcon
0x080B4658	thumb	FldEff_QuestionMarkIcon
0x080B4690	thumb	FldEff_HeartIcon
0x080B46D8	thumb	SetIconSpriteData
0x080B4724	thumb	SpriteCB_TrainerIcons
0x080B47BC	thumb	GetCurrentApproachingTrainerObjectEventId
0x080B47E0	thumb	GetChosenApproachingTrainerObjectEventId
0x080B4808	thumb	PlayerFaceTrainerAfterBattle
0x080B48B8	thumb	DisableWildEncounters
0x080B48C4	thumb	GetFeebasFishingSpotId
0x080B4984	thumb	CheckFeebas
0x080B4A98	thumb	FeebasRandom
0x080B4AB8	thumb	FeebasSeedRng
0x080B4AC8	thumb	ChooseWildMonIndex_Land
0x080B4B84	thumb	ChooseWildMonIndex_WaterRock
0x080B4BD8	thumb	ChooseWildMonIndex_Fishing
0x080B4C74	thumb	ChooseWildMonLevel
0x080B4CF8	thumb	GetCurrentMapWildMonHeaderId
0x080B4D78	thumb	PickWildMonNature
0x080B4E68	thumb	CreateWildMon
0x080B4F4C	thumb	TryGenerateWildMon
0x080B5024	thumb	GenerateFishingWildMon
0x080B505C	thumb	SetUpMassOutbreakEncounter
0x080B50DC	thumb	DoMassOutbreakEncounterTest
0x080B5144	thumb	EncounterOddsCheck
0x080B5170	thumb	WildEncounterCheck
0x080B523C	thumb	AllowWildCheckOnNewMetatile
0x080B5260	thumb	AreLegendariesInSootopolisPreventingEncounters
0x080B5288	thumb	StandardWildEncounter
0x080B550C	thumb	RockSmashWildEncounter
0x080B5578	thumb	SweetScentWildEncounter
0x080B56FC	thumb	DoesCurrentMapHaveFishingMons
0x080B5734	thumb	FishingWildEncounter
0x080B57A0	thumb	GetLocalWildMon
0x080B582C	thumb	GetLocalWaterMon
0x080B5870	thumb	UpdateRepelCounter
0x080B58CC	thumb	IsWildLevelAllowedByRepel
0x080B5934	thumb	IsAbilityAllowingEncounter
0x080B5990	thumb	TryGetRandomWildMonIndexByType
0x080B5A50	thumb	TryGetAbilityInfluencedWildMonIndex
0x080B5AB0	thumb	ApplyFluteEncounterRateMod
0x080B5AF0	thumb	ApplyCleanseTagEncounterRateMod
0x080B5B18	thumb	FieldEffectStart
0x080B5B60	thumb	FieldEffectCmd_loadtiles
0x080B5B74	thumb	FieldEffectCmd_loadfadedpal
0x080B5B88	thumb	FieldEffectCmd_loadpal
0x080B5B9C	thumb	FieldEffectCmd_callnative
0x080B5BB0	thumb	FieldEffectCmd_end
0x080B5BB4	thumb	FieldEffectCmd_loadgfx_callnative
0x080B5BDC	thumb	FieldEffectCmd_loadtiles_callnative
0x080B5C00	thumb	FieldEffectCmd_loadfadedpal_callnative
0x080B5C24	thumb	FieldEffectScript_ReadWord
0x080B5C3C	thumb	FieldEffectScript_LoadTiles
0x080B5C6C	thumb	FieldEffectScript_LoadFadedPalette
0x080B5C94	thumb	FieldEffectScript_LoadPalette
0x080B5CAC	thumb	FieldEffectScript_CallNative
0x080B5CC8	thumb	FieldEffectFreeGraphicsResources
0x080B5CEC	thumb	FieldEffectStop
0x080B5D04	thumb	FieldEffectFreeTilesIfUnused
0x080B5D68	thumb	FieldEffectFreePaletteIfUnused
0x080B5DC0	thumb	FieldEffectActiveListClear
0x080B5DE4	thumb	FieldEffectActiveListAdd
0x080B5E10	thumb	FieldEffectActiveListRemove
0x080B5E40	thumb	FieldEffectActiveListContains
0x080B5E6C	thumb	CreateTrainerSprite
0x080B5F0C	thumb	LoadTrainerGfx_TrainerCard
0x080B5F44	thumb	AddNewGameBirchObject
0x080B5F84	thumb	CreateMonSprite_PicBox
0x080B5FE8	thumb	CreateMonSprite_FieldMove
0x080B6070	thumb	FreeResourcesAndDestroySprite
0x080B609C	thumb	MultiplyInvertedPaletteRGBComponents
0x080B6128	thumb	MultiplyPaletteRGBComponents
0x080B61A0	thumb	FldEff_PokecenterHeal
0x080B61E4	thumb	Task_PokecenterHeal
0x080B6214	thumb	PokecenterHealEffect_Init
0x080B6250	thumb	PokecenterHealEffect_WaitForBallPlacement
0x080B628C	thumb	PokecenterHealEffect_WaitForBallFlashing
0x080B62B4	thumb	PokecenterHealEffect_WaitForSoundAndEnd
0x080B62F4	thumb	FldEff_HallOfFameRecord
0x080B6330	thumb	Task_HallOfFameRecord
0x080B6360	thumb	HallOfFameRecordEffect_Init
0x080B63D4	thumb	HallOfFameRecordEffect_WaitForBallPlacement
0x080B6404	thumb	HallOfFameRecordEffect_WaitForBallFlashing
0x080B642C	thumb	HallOfFameRecordEffect_WaitForSoundAndEnd
0x080B646C	thumb	CreateGlowingPokeballsEffect
0x080B64C0	thumb	SpriteCB_PokeballGlowEffect
0x080B64DC	thumb	PokeballGlowEffect_PlaceBalls
0x080B6574	thumb	PokeballGlowEffect_TryPlaySe
0x080B65A8	thumb	PokeballGlowEffect_Flash1
0x080B66E8	thumb	PokeballGlowEffect_Flash2
0x080B67DC	thumb	PokeballGlowEffect_WaitAfterFlash
0x080B67F8	thumb	PokeballGlowEffect_Dummy
0x080B6800	thumb	PokeballGlowEffect_WaitForSound
0x080B6824	thumb	PokeballGlowEffect_Idle
0x080B6828	thumb	SpriteCB_PokeballGlow
0x080B6850	thumb	CreatePokecenterMonitorSprite
0x080B68AC	thumb	SpriteCB_PokecenterMonitor
0x080B68EC	thumb	CreateHofMonitorSprite
0x080B6970	thumb	SpriteCB_HallOfFameMonitor
0x080B69DC	thumb	ReturnToFieldFromFlyMapSelect
0x080B69FC	thumb	FieldCallback_UseFly
0x080B6A24	thumb	Task_UseFly
0x080B6AA4	thumb	FieldCallback_FlyIntoMap
0x080B6B0C	thumb	Task_FlyIntoMap
0x080B6B68	thumb	FieldCB_FallWarpExit
0x080B6B94	thumb	Task_FallWarpFieldEffect
0x080B6BCC	thumb	FallWarpEffect_Init
0x080B6C74	thumb	FallWarpEffect_WaitWeather
0x080B6C90	thumb	FallWarpEffect_StartFall
0x080B6D04	thumb	FallWarpEffect_Fall
0x080B6DBC	thumb	FallWarpEffect_Land
0x080B6DD8	thumb	FallWarpEffect_CameraShake
0x080B6E18	thumb	FallWarpEffect_End
0x080B6E4C	thumb	StartEscalatorWarp
0x080B6E88	thumb	Task_EscalatorWarpOut
0x080B6EC0	thumb	EscalatorWarpOut_Init
0x080B6EE0	thumb	EscalatorWarpOut_WaitForPlayer
0x080B6F50	thumb	EscalatorWarpOut_Up_Ride
0x080B6F74	thumb	EscalatorWarpOut_Up_End
0x080B6F84	thumb	EscalatorWarpOut_Down_Ride
0x080B6FA8	thumb	EscalatorWarpOut_Down_End
0x080B6FB8	thumb	RideUpEscalatorOut
0x080B7004	thumb	RideDownEscalatorOut
0x080B7050	thumb	FadeOutAtEndOfEscalator
0x080B7060	thumb	WarpAtEndOfEscalator
0x080B70B4	thumb	FieldCallback_EscalatorWarpIn
0x080B70DC	thumb	Task_EscalatorWarpIn
0x080B7114	thumb	EscalatorWarpIn_Init
0x080B7190	thumb	EscalatorWarpIn_Down_Init
0x080B71D0	thumb	EscalatorWarpIn_Down_Ride
0x080B7230	thumb	EscalatorWarpIn_Up_Init
0x080B7270	thumb	EscalatorWarpIn_Up_Ride
0x080B72D0	thumb	EscalatorWarpIn_WaitForMovement
0x080B72F4	thumb	EscalatorWarpIn_End
0x080B734C	thumb	FldEff_UseWaterfall
0x080B7384	thumb	Task_UseWaterfall
0x080B73D0	thumb	WaterfallFieldEffect_Init
0x080B73F0	thumb	WaterfallFieldEffect_ShowMon
0x080B742C	thumb	WaterfallFieldEffect_WaitForShowMon
0x080B7450	thumb	WaterfallFieldEffect_RideUp
0x080B7478	thumb	WaterfallFieldEffect_ContinueRideOrEnd
0x080B74D0	thumb	FldEff_UseDive
0x080B750C	thumb	Task_UseDive
0x080B7544	thumb	DiveFieldEffect_Init
0x080B7558	thumb	DiveFieldEffect_ShowMon
0x080B7580	thumb	DiveFieldEffect_TryWarp
0x080B75D8	thumb	StartLavaridgeGymB1FWarp
0x080B75F0	thumb	Task_LavaridgeGymB1FWarp
0x080B764C	thumb	LavaridgeGymB1FWarpEffect_Init
0x080B7684	thumb	LavaridgeGymB1FWarpEffect_CameraShake
0x080B76B8	thumb	LavaridgeGymB1FWarpEffect_Launch
0x080B7704	thumb	LavaridgeGymB1FWarpEffect_Rise
0x080B77F8	thumb	LavaridgeGymB1FWarpEffect_FadeOut
0x080B7814	thumb	LavaridgeGymB1FWarpEffect_Warp
0x080B7868	thumb	FieldCB_LavaridgeGymB1FWarpExit
0x080B7890	thumb	Task_LavaridgeGymB1FWarpExit
0x080B78EC	thumb	LavaridgeGymB1FWarpExitEffect_Init
0x080B791C	thumb	LavaridgeGymB1FWarpExitEffect_StartPopOut
0x080B7968	thumb	LavaridgeGymB1FWarpExitEffect_PopOut
0x080B79BC	thumb	LavaridgeGymB1FWarpExitEffect_End
0x080B79F4	thumb	FldEff_AshLaunch
0x080B7A58	thumb	SpriteCB_AshLaunch
0x080B7A74	thumb	StartLavaridgeGym1FWarp
0x080B7A8C	thumb	Task_LavaridgeGym1FWarp
0x080B7AE8	thumb	LavaridgeGym1FWarpEffect_Init
0x080B7B18	thumb	LavaridgeGym1FWarpEffect_AshPuff
0x080B7B94	thumb	LavaridgeGym1FWarpEffect_Disappear
0x080B7BCC	thumb	LavaridgeGym1FWarpEffect_FadeOut
0x080B7BF4	thumb	LavaridgeGym1FWarpEffect_Warp
0x080B7C48	thumb	FldEff_AshPuff
0x080B7CAC	thumb	SpriteCB_AshPuff
0x080B7CC8	thumb	StartEscapeRopeFieldEffect
0x080B7CE4	thumb	Task_EscapeRopeWarpOut
0x080B7D14	thumb	EscapeRopeWarpOutEffect_Init
0x080B7D34	thumb	EscapeRopeWarpOutEffect_Spin
0x080B7E48	thumb	FieldCallback_EscapeRopeWarpIn
0x080B7E94	thumb	Task_EscapeRopeWarpIn
0x080B7EC4	thumb	EscapeRopeWarpInEffect_Init
0x080B7EE8	thumb	EscapeRopeWarpInEffect_Spin
0x080B7FC8	thumb	FldEff_TeleportWarpOut
0x080B7FDC	thumb	Task_TeleportWarpOut
0x080B800C	thumb	TeleportWarpOutFieldEffect_Init
0x080B8034	thumb	TeleportWarpOutFieldEffect_SpinGround
0x080B80C4	thumb	TeleportWarpOutFieldEffect_SpinExit
0x080B8198	thumb	TeleportWarpOutFieldEffect_End
0x080B8200	thumb	FieldCallback_TeleportWarpIn
0x080B8250	thumb	Task_TeleportWarpIn
0x080B8280	thumb	TeleportWarpInFieldEffect_Init
0x080B830C	thumb	TeleportWarpInFieldEffect_SpinEnter
0x080B8410	thumb	TeleportWarpInFieldEffect_SpinGround
0x080B849C	thumb	FldEff_FieldMoveShowMon
0x080B84F8	thumb	FldEff_FieldMoveShowMonInit
0x080B8554	thumb	Task_FieldMoveShowMonOutdoors
0x080B8584	thumb	FieldMoveShowMonOutdoorsEffect_Init
0x080B85F8	thumb	FieldMoveShowMonOutdoorsEffect_LoadGfx
0x080B8660	thumb	FieldMoveShowMonOutdoorsEffect_CreateBanner
0x080B86EC	thumb	FieldMoveShowMonOutdoorsEffect_WaitForMon
0x080B871C	thumb	FieldMoveShowMonOutdoorsEffect_ShrinkBanner
0x080B8770	thumb	FieldMoveShowMonOutdoorsEffect_RestoreBg
0x080B87B8	thumb	FieldMoveShowMonOutdoorsEffect_End
0x080B880C	thumb	VBlankCB_FieldMoveShowMonOutdoors
0x080B8874	thumb	LoadFieldMoveOutdoorStreaksTilemap
0x080B88B4	thumb	Task_FieldMoveShowMonIndoors
0x080B88E4	thumb	FieldMoveShowMonIndoorsEffect_Init
0x080B8920	thumb	FieldMoveShowMonIndoorsEffect_LoadGfx
0x080B898C	thumb	FieldMoveShowMonIndoorsEffect_SlideBannerOn
0x080B89DC	thumb	FieldMoveShowMonIndoorsEffect_WaitForMon
0x080B8A0C	thumb	FieldMoveShowMonIndoorsEffect_RestoreBg
0x080B8A44	thumb	FieldMoveShowMonIndoorsEffect_SlideBannerOff
0x080B8A64	thumb	FieldMoveShowMonIndoorsEffect_End
0x080B8AE0	thumb	VBlankCB_FieldMoveShowMonIndoors
0x080B8B28	thumb	AnimateIndoorShowMonBg
0x080B8B38	thumb	SlideIndoorBannerOnscreen
0x080B8BF0	thumb	SlideIndoorBannerOffscreen
0x080B8C60	thumb	InitFieldMoveMonSprite
0x080B8CC0	thumb	SpriteCB_FieldMoveMonSlideOnscreen
0x080B8D04	thumb	SpriteCB_FieldMoveMonWaitAfterCry
0x080B8D20	thumb	SpriteCB_FieldMoveMonSlideOffscreen
0x080B8D44	thumb	FldEff_UseSurf
0x080B8D84	thumb	Task_SurfFieldEffect
0x080B8DB4	thumb	SurfFieldEffect_Init
0x080B8E14	thumb	SurfFieldEffect_FieldMovePose
0x080B8E60	thumb	SurfFieldEffect_ShowMon
0x080B8EA8	thumb	SurfFieldEffect_JumpOnSurfBlob
0x080B8F24	thumb	SurfFieldEffect_End
0x080B8F98	thumb	FldEff_RayquazaSpotlight
0x080B90CC	thumb	FldEff_NPCFlyOut
0x080B9128	thumb	SpriteCB_NPCFlyOut
0x080B91A4	thumb	FldEff_UseFly
0x080B91D4	thumb	Task_FlyOut
0x080B9204	thumb	FlyOutFieldEffect_FieldMovePose
0x080B925C	thumb	FlyOutFieldEffect_ShowMon
0x080B92A0	thumb	FlyOutFieldEffect_BirdLeaveBall
0x080B92F8	thumb	FlyOutFieldEffect_WaitBirdLeave
0x080B933C	thumb	FlyOutFieldEffect_BirdSwoopDown
0x080B9390	thumb	FlyOutFieldEffect_JumpOnBird
0x080B9418	thumb	FlyOutFieldEffect_FlyOffWithBird
0x080B9474	thumb	FlyOutFieldEffect_WaitFlyOff
0x080B9494	thumb	FlyOutFieldEffect_End
0x080B94C4	thumb	CreateFlyBirdSprite
0x080B9508	thumb	GetFlyBirdAnimCompleted
0x080B9524	thumb	StartFlyBirdSwoopDown
0x080B9560	thumb	SetFlyBirdPlayerSpriteId
0x080B957C	thumb	SpriteCB_FlyBirdLeaveBall
0x080B963C	thumb	SpriteCB_FlyBirdSwoopDown
0x080B96B0	thumb	SpriteCB_FlyBirdReturnToBall
0x080B9794	thumb	StartFlyBirdReturnToBall
0x080B97C0	thumb	FldEff_FlyIn
0x080B97D4	thumb	Task_FlyIn
0x080B9804	thumb	FlyInFieldEffect_BirdSwoopDown
0x080B98B8	thumb	FlyInFieldEffect_FlyInWithBird
0x080B9924	thumb	FlyInFieldEffect_JumpOffBird
0x080B9978	thumb	FlyInFieldEffect_FieldMovePose
0x080B99F0	thumb	FlyInFieldEffect_BirdReturnToBall
0x080B9A28	thumb	FlyInFieldEffect_WaitBirdReturn
0x080B9A60	thumb	FlyInFieldEffect_End
0x080B9ADC	thumb	FldEff_DestroyDeoxysRock
0x080B9B3C	thumb	Task_DeoxysRockCameraShake
0x080B9BD0	thumb	StartEndingDeoxysRockCameraShake
0x080B9BE8	thumb	Task_DestroyDeoxysRock
0x080B9C28	thumb	DestroyDeoxysRockEffect_CameraShake
0x080B9C54	thumb	DestroyDeoxysRockEffect_RockFragments
0x080B9CDC	thumb	DestroyDeoxysRockEffect_WaitAndEnd
0x080B9D24	thumb	CreateDeoxysRockFragments
0x080B9DB8	thumb	SpriteCB_DeoxysRockFragment
0x080B9E28	thumb	FldEff_MoveDeoxysRock
0x080B9EDC	thumb	Task_MoveDeoxysRock
0x080B9FB8	thumb	ScanlineEffect_Stop
0x080B9FF8	thumb	ScanlineEffect_Clear
0x080BA038	thumb	ScanlineEffect_SetParams
0x080BA0A8	thumb	ScanlineEffect_InitHBlankDmaTransfer
0x080BA134	thumb	CopyValue16Bit
0x080BA154	thumb	CopyValue32Bit
0x080BA174	thumb	TaskFunc_UpdateWavePerFrame
0x080BA33C	thumb	GenerateWave
0x080BA384	thumb	ScanlineEffect_InitWave
0x080BA4B0	thumb	MainCB2
0x080BA4C8	thumb	VBlankCB
0x080BA4DC	thumb	CB2_InitOptionMenu
0x080BA83C	thumb	Task_OptionMenuFadeIn
0x080BA86C	thumb	Task_OptionMenuProcessInput
0x080BAA64	thumb	Task_OptionMenuSave
0x080BAB08	thumb	Task_OptionMenuFadeOut
0x080BAB38	thumb	HighlightOptionMenuItem
0x080BAB68	thumb	DrawOptionMenuChoice
0x080BABDC	thumb	TextSpeed_ProcessInput
0x080BAC38	thumb	TextSpeed_DrawChoices
0x080BACE0	thumb	BattleScene_ProcessInput
0x080BAD08	thumb	BattleScene_DrawChoices
0x080BAD5C	thumb	BattleStyle_ProcessInput
0x080BAD84	thumb	BattleStyle_DrawChoices
0x080BADD8	thumb	Sound_ProcessInput
0x080BAE08	thumb	Sound_DrawChoices
0x080BAE5C	thumb	FrameType_ProcessInput
0x080BAF0C	thumb	FrameType_DrawChoices
0x080BAFCC	thumb	ButtonMode_ProcessInput
0x080BB028	thumb	ButtonMode_DrawChoices
0x080BB0D0	thumb	DrawHeaderText
0x080BB104	thumb	DrawOptionMenuTexts
0x080BB154	thumb	DrawBgWindowFrames
0x080BB2D0	thumb	ResetPokedex
0x080BB358	thumb	ResetPokedexScrollPositions
0x080BB370	thumb	VBlankCB_Pokedex
0x080BB384	thumb	ResetPokedexView
0x080BB534	thumb	CB2_OpenPokedex
0x080BB774	thumb	CB2_Pokedex
0x080BB78C	thumb	Task_OpenPokedexMainPage
0x080BB7D4	thumb	Task_HandlePokedexInput
0x080BBA28	thumb	Task_WaitForScroll
0x080BBA78	thumb	Task_HandlePokedexStartMenuInput
0x080BBBF4	thumb	Task_OpenInfoScreenAfterMonMovement
0x080BBC74	thumb	Task_WaitForExitInfoScreen
0x080BBD1C	thumb	Task_WaitForExitSearch
0x080BBDE8	thumb	Task_ClosePokedex
0x080BBE70	thumb	Task_OpenSearchResults
0x080BBEB8	thumb	Task_HandleSearchResultsInput
0x080BC0A8	thumb	Task_WaitForSearchResultsScroll
0x080BC0F8	thumb	Task_HandleSearchResultsStartMenuInput
0x080BC2D4	thumb	Task_OpenSearchResultsInfoScreenAfterMonMovement
0x080BC360	thumb	Task_WaitForExitSearchResultsInfoScreen
0x080BC3DC	thumb	Task_ReturnToPokedexFromSearchResults
0x080BC47C	thumb	Task_ClosePokedexFromSearchResultsStartMenu
0x080BC514	thumb	LoadPokedexListPage
0x080BC844	thumb	LoadPokedexBgPalette
0x080BC890	thumb	FreeWindowAndBgBuffers
0x080BC8D4	thumb	CreatePokedexList
0x080BCE2C	thumb	PrintMonDexNumAndName
0x080BCE84	thumb	CreateMonListEntry
0x080BD154	thumb	CreateMonDexNum
0x080BD1F4	thumb	CreateCaughtBall
0x080BD23C	thumb	CreateMonName
0x080BD28C	thumb	ClearMonListEntry
0x080BD2B4	thumb	CreateMonSpritesAtPos
0x080BD404	thumb	UpdateDexListScroll
0x080BD5A8	thumb	CreateScrollingPokemonSprite
0x080BD69C	thumb	TryDoPokedexScroll
0x080BD8D0	thumb	UpdateSelectedMonSpriteId
0x080BD930	thumb	TryDoInfoScreenScroll
0x080BDA40	thumb	ClearMonSprites
0x080BDA8C	thumb	GetPokemonSpriteToDisplay
0x080BDACC	thumb	CreatePokedexMonSprite
0x080BDB7C	thumb	CreateInterfaceSprites
0x080BE448	thumb	SpriteCB_EndMoveMonForInfoScreen
0x080BE44C	thumb	SpriteCB_SeenOwnInfo
0x080BE470	thumb	SpriteCB_MoveMonForInfoScreen
0x080BE4E0	thumb	SpriteCB_PokedexListMonSprite
0x080BE604	thumb	SpriteCB_Scrollbar
0x080BE658	thumb	SpriteCB_ScrollArrow
0x080BE758	thumb	SpriteCB_DexListInterfaceText
0x080BE780	thumb	SpriteCB_RotatingPokeBall
0x080BE834	thumb	SpriteCB_DexListStartMenuCursor
0x080BE8DC	thumb	PrintInfoScreenText
0x080BE91C	thumb	LoadInfoScreen
0x080BE9C4	thumb	IsInfoScreenScrolling
0x080BE9F8	thumb	StartInfoScreenScroll
0x080BEA24	thumb	Task_LoadInfoScreen
0x080BEDB0	thumb	FreeInfoScreenWindowAndBgBuffers
0x080BEDF4	thumb	Task_HandleInfoScreenInput
0x080BEFD0	thumb	Task_SwitchScreensFromInfoScreen
0x080BF038	thumb	Task_LoadInfoScreenWaitForFade
0x080BF070	thumb	Task_ExitInfoScreen
0x080BF0AC	thumb	Task_LoadAreaScreen
0x080BF1B4	thumb	Task_WaitForAreaScreenInput
0x080BF1EC	thumb	Task_SwitchScreensFromAreaScreen
0x080BF250	thumb	Task_LoadCryScreen
0x080BF5CC	thumb	Task_HandleCryScreenInput
0x080BF790	thumb	Task_SwitchScreensFromCryScreen
0x080BF7FC	thumb	LoadPlayArrowPalette
0x080BF82C	thumb	Task_LoadSizeScreen
0x080BFBB0	thumb	Task_HandleSizeScreenInput
0x080BFC78	thumb	Task_SwitchScreensFromSizeScreen
0x080BFCDC	thumb	LoadScreenSelectBarMain
0x080BFCF4	thumb	LoadScreenSelectBarSubmenu
0x080BFD0C	thumb	HighlightScreenSelectBarItem
0x080BFD7C	thumb	HighlightSubmenuScreenSelectBarItem
0x080BFDF4	thumb	DisplayCaughtMonDexPage
0x080BFE38	thumb	Task_DisplayCaughtMonDexPage
0x080C0088	thumb	Task_HandleCaughtMonPageInput
0x080C012C	thumb	Task_ExitCaughtMonPage
0x080C01CC	thumb	SpriteCB_SlideCaughtMonToCenter
0x080C020C	thumb	PrintMonInfo
0x080C0354	thumb	PrintMonHeight
0x080C0460	thumb	PrintMonWeight
0x080C0620	thumb	GetPokedexCategoryName
0x080C0630	thumb	GetPokedexHeightWeight
0x080C0664	thumb	GetSetPokedexFlag
0x080C07F4	thumb	GetNationalPokedexCount
0x080C0844	thumb	GetHoennPokedexCount
0x080C089C	thumb	GetKantoPokedexCount
0x080C08E4	thumb	HasAllHoennMons
0x080C0918	thumb	HasAllKantoMons
0x080C0944	thumb	HasAllMons
0x080C09B0	thumb	ResetOtherVideoRegisters
0x080C0A88	thumb	PrintInfoSubMenuText
0x080C0AC4	thumb	UnusedPrintNum
0x080C0B44	thumb	PrintCryScreenSpeciesName
0x080C0BF0	thumb	UnusedPrintMonName
0x080C0C6C	thumb	PrintDecimalNum
0x080C0D30	thumb	DrawFootprint
0x080C0DC0	thumb	RS_DrawFootprint
0x080C0E0C	thumb	GetNextPosition
0x080C0E68	thumb	GetPokedexMonPersonality
0x080C0E9C	thumb	CreateMonSpriteFromNationalDexNumber
0x080C0EF8	thumb	CreateSizeScreenTrainerPic
0x080C0F30	thumb	DoPokedexSearch
0x080C1258	thumb	LoadSearchMenu
0x080C1270	thumb	PrintSearchText
0x080C12B0	thumb	ClearSearchMenuRect
0x080C12E0	thumb	Task_LoadSearchMenu
0x080C152C	thumb	FreeSearchWindowAndBgBuffers
0x080C1570	thumb	Task_SwitchToSearchMenuTopBar
0x080C15B0	thumb	Task_HandleSearchTopBarInput
0x080C16CC	thumb	Task_SwitchToSearchMenu
0x080C170C	thumb	Task_HandleSearchMenuInput
0x080C19A4	thumb	Task_StartPokedexSearch
0x080C1A4C	thumb	Task_WaitAndCompleteSearch
0x080C1AB8	thumb	Task_SearchCompleteWaitForInput
0x080C1B64	thumb	Task_SelectSearchMenuItem
0x080C1BCC	thumb	Task_HandleSearchParameterInput
0x080C1D38	thumb	Task_ExitSearch
0x080C1D70	thumb	Task_ExitSearchWaitForFade
0x080C1D98	thumb	SetSearchRectHighlight
0x080C1DFC	thumb	DrawSearchMenuItemBgHighlight
0x080C1EF4	thumb	SetInitialSearchMenuBgHighlights
0x080C2040	thumb	HighlightSelectedSearchTopBarItem
0x080C2064	thumb	HighlightSelectedSearchMenuItem
0x080C20F8	thumb	PrintSelectedSearchParameters
0x080C21D4	thumb	DrawOrEraseSearchParameterBox
0x080C2294	thumb	PrintSearchParameterText
0x080C2318	thumb	GetSearchModeSelection
0x080C23B8	thumb	SetDefaultSearchModeAndOrder
0x080C244C	thumb	SearchParamCantScrollUp
0x080C2494	thumb	SearchParamCantScrollDown
0x080C24E0	thumb	SpriteCB_SearchParameterScrollArrow
0x080C2594	thumb	CreateSearchParameterScrollArrows
0x080C2618	thumb	EraseAndPrintSearchTextBox
0x080C2638	thumb	EraseSelectorArrow
0x080C2650	thumb	PrintSelectorArrow
0x080C2668	thumb	PrintSearchParameterTitle
0x080C267C	thumb	ClearSearchParameterBoxText
0x080C2690	thumb	VblankCb_TrainerCard
0x080C26D4	thumb	HblankCb_TrainerCard
0x080C2710	thumb	CB2_TrainerCard
0x080C2728	thumb	CloseTrainerCard
0x080C2760	thumb	Task_TrainerCard
0x080C2AD8	thumb	LoadCardGfx
0x080C2C80	thumb	CB2_InitTrainerCard
0x080C2DE4	thumb	GetCappedGameStat
0x080C2DFC	thumb	HasAllFrontierSymbols
0x080C2E40	thumb	CountPlayerTrainerStars
0x080C2E84	thumb	GetRubyTrainerStars
0x080C2EC4	thumb	SetPlayerCardData
0x080C3020	thumb	TrainerCard_GenerateCardForPlayer
0x080C30A4	thumb	TrainerCard_GenerateCardForLinkPlayer
0x080C3120	thumb	CopyTrainerCardData
0x080C3190	thumb	SetDataFromTrainerCard
0x080C3278	thumb	InitGpuRegs
0x080C32EC	thumb	UpdateCardFlipRegs
0x080C334C	thumb	ResetGpuRegs
0x080C3388	thumb	InitBgsAndWindows
0x080C3404	thumb	SetTrainerCardCb2
0x080C3414	thumb	SetUpTrainerCardTask
0x080C3438	thumb	PrintAllOnCardFront
0x080C34B0	thumb	PrintAllOnCardBack
0x080C3548	thumb	BufferTextsVarsForCardPage2
0x080C3574	thumb	PrintNameOnCardFront
0x080C3608	thumb	PrintIdOnCard
0x080C3684	thumb	PrintMoneyOnCard
0x080C376C	thumb	GetCaughtMonsCount
0x080C378C	thumb	PrintPokedexOnCard
0x080C3880	thumb	PrintTimeOnCard
0x080C3A18	thumb	PrintProfilePhraseOnCard
0x080C3AF0	thumb	BufferNameForCardBack
0x080C3B50	thumb	PrintNameOnCardBack
0x080C3BC4	thumb	BufferHofDebutTime
0x080C3C34	thumb	PrintStatOnBackOfCard
0x080C3CCC	thumb	PrintHofDebutTimeOnCard
0x080C3CF4	thumb	BufferLinkBattleResults
0x080C3D60	thumb	PrintLinkBattleResultsOnCard
0x080C3DC0	thumb	BufferNumTrades
0x080C3DF0	thumb	PrintTradesStringOnCard
0x080C3E20	thumb	BufferBerryCrushPoints
0x080C3E58	thumb	PrintBerryCrushStringOnCard
0x080C3E98	thumb	BufferUnionRoomStats
0x080C3ED4	thumb	PrintUnionStringOnCard
0x080C3F14	thumb	BufferLinkPokeblocksNum
0x080C3F64	thumb	PrintPokeblockStringOnCard
0x080C3FA4	thumb	BufferLinkContestNum
0x080C3FE0	thumb	PrintContestStringOnCard
0x080C4020	thumb	BufferBattleFacilityStats
0x080C40CC	thumb	PrintBattleFacilityStringOnCard
0x080C4140	thumb	PrintPokemonIconsOnCard
0x080C41D8	thumb	LoadMonIconGfx
0x080C42A4	thumb	PrintStickersOnCard
0x080C4330	thumb	LoadStickerGfx
0x080C438C	thumb	DrawTrainerCardWindow
0x080C43A8	thumb	SetCardBgsAndPals
0x080C4550	thumb	DrawCardScreenBackground
0x080C45C0	thumb	DrawCardFrontOrBack
0x080C4630	thumb	DrawStarsAndBadgesOnCard
0x080C474C	thumb	DrawCardBackStats
0x080C48C8	thumb	BlinkTimeColon
0x080C4904	thumb	GetTrainerCardStars
0x080C4918	thumb	FlipTrainerCard
0x080C4940	thumb	IsCardFlipTaskActive
0x080C4960	thumb	Task_DoCardFlipTask
0x080C4998	thumb	Task_BeginCardFlip
0x080C49D8	thumb	Task_AnimateCardFlipDown
0x080C4B08	thumb	Task_DrawFlippedCardSide
0x080C4C1C	thumb	Task_SetCardFlipped
0x080C4C84	thumb	Task_AnimateCardFlipUp
0x080C4DB0	thumb	Task_EndCardFlip
0x080C4DDC	thumb	ShowPlayerTrainerCard
0x080C4E74	thumb	ShowTrainerCardInLink
0x080C4EE4	thumb	InitTrainerCardData
0x080C4F50	thumb	GetSetCardType
0x080C4FCC	thumb	VersionToCardType
0x080C4FF0	thumb	CreateTrainerCardTrainerPic
0x080C50D0	thumb	ResetGpuRegsAndBgs
0x080C51C4	thumb	ShowFrontierPass
0x080C51D8	thumb	LeaveFrontierPass
0x080C51F0	thumb	AllocateFrontierPassData
0x080C52E4	thumb	FreeFrontierPassData
0x080C5310	thumb	AllocateFrontierPassGfx
0x080C5340	thumb	FreeFrontierPassGfx
0x080C53AC	thumb	VBlankCB_FrontierPass
0x080C5438	thumb	CB2_FrontierPass
0x080C544C	thumb	CB2_InitFrontierPass
0x080C5470	thumb	CB2_HideFrontierPass
0x080C5484	thumb	InitFrontierPass
0x080C570C	thumb	HideFrontierPass
0x080C57FC	thumb	GetCursorAreaFromCoords
0x080C5868	thumb	CB2_ReshowFrontierPass
0x080C58D4	thumb	CB2_ReturnFromRecord
0x080C5934	thumb	CB2_ShowFrontierPassFeature
0x080C59A4	thumb	TryCallPassAreaFunction
0x080C5A48	thumb	Task_HandleFrontierPassInput
0x080C5BD8	thumb	Task_PassAreaZoom
0x080C5DB8	thumb	ShowAndPrintWindows
0x080C5ED0	thumb	PrintAreaDescription
0x080C5F58	thumb	ShowHideZoomingArea
0x080C6104	thumb	UpdateAreaHighlight
0x080C629C	thumb	DrawFrontierPassBg
0x080C62DC	thumb	LoadCursorAndSymbolSprites
0x080C63FC	thumb	FreeCursorAndSymbolSprites
0x080C6450	thumb	SpriteCB_PlayerHead
0x080C6454	thumb	ShowFrontierMap
0x080C6498	thumb	FreeFrontierMap
0x080C64CC	thumb	InitFrontierMap
0x080C66AC	thumb	ExitFrontierMap
0x080C67BC	thumb	Task_HandleFrontierMap
0x080C68E8	thumb	MapNumToFrontierFacilityId
0x080C6974	thumb	InitFrontierMapSprites
0x080C6B94	thumb	PrintOnFrontierMap
0x080C6C70	thumb	HandleFrontierMapCursorMove
0x080C6D80	thumb	DrawTextWindowAndBufferTiles
0x080C6EAC	thumb	UnusedDrawTextWindow
0x080C6FA0	thumb	CountMonsInBox
0x080C6FD4	thumb	GetFirstFreeBoxSpot
0x080C7008	thumb	CountPartyNonEggMons
0x080C7050	thumb	CountPartyAliveNonEggMonsExcept
0x080C70AC	thumb	CountPartyAliveNonEggMons_IgnoreVar0x8004Slot
0x080C70C4	thumb	CountPartyMons
0x080C70FC	thumb	StringCopyAndFillWithSpaces
0x080C7128	thumb	UnusedWriteRectCpu
0x080C71A4	thumb	UnusedWriteRectDma
0x080C7268	thumb	Task_PCMainMenu
0x080C7578	thumb	ShowPokemonStorageSystemPC
0x080C75A8	thumb	FieldTask_ReturnToPcMenu
0x080C75FC	thumb	CreateMainMenu
0x080C7678	thumb	CB2_ExitPokeStorage
0x080C76A4	thumb	StorageSystemGetNextMonIndex
0x080C7770	thumb	ResetPokemonStorageSystem
0x080C77E8	thumb	LoadChooseBoxMenuGfx
0x080C7890	thumb	FreeChooseBoxMenu
0x080C78D4	thumb	CreateChooseBoxMenuSprites
0x080C78E4	thumb	DestroyChooseBoxMenuSprites
0x080C78F0	thumb	HandleChooseBoxMenuInput
0x080C7958	thumb	ChooseBoxMenu_CreateSprites
0x080C7B14	thumb	ChooseBoxMenu_DestroySprites
0x080C7B80	thumb	ChooseBoxMenu_MoveRight
0x080C7BB4	thumb	ChooseBoxMenu_MoveLeft
0x080C7BE4	thumb	ChooseBoxMenu_PrintInfo
0x080C7CF4	thumb	SpriteCB_ChooseBoxArrow
0x080C7D28	thumb	VBlankCB_PokeStorage
0x080C7D54	thumb	CB2_PokeStorage
0x080C7D74	thumb	EnterPokeStorage
0x080C7DEC	thumb	CB2_ReturnToPokeStorage
0x080C7E50	thumb	ResetAllBgCoords
0x080C7E98	thumb	ResetForPokeStorage
0x080C7F1C	thumb	InitStartingPosData
0x080C7F4C	thumb	SetMonIconTransparency
0x080C7F80	thumb	SetPokeStorageTask
0x080C7FA8	thumb	Task_InitPokeStorage
0x080C81AC	thumb	Task_ShowPokeStorage
0x080C81F8	thumb	Task_ReshowPokeStorage
0x080C82AC	thumb	Task_PokeStorageMain
0x080C87A8	thumb	Task_ShowPartyPokemon
0x080C87E8	thumb	Task_HidePartyPokemon
0x080C8864	thumb	Task_OnSelectedMon
0x080C8B90	thumb	Task_MoveMon
0x080C8BEC	thumb	Task_PlaceMon
0x080C8C48	thumb	Task_ShiftMon
0x080C8C90	thumb	Task_WithdrawMon
0x080C8D78	thumb	Task_DepositMenu
0x080C8EB4	thumb	Task_ReleaseMon
0x080C90A4	thumb	Task_ShowMarkMenu
0x080C9128	thumb	Task_TakeItemForMoving
0x080C91DC	thumb	Task_GiveMovingItemToMon
0x080C9298	thumb	Task_ItemToBag
0x080C93B0	thumb	Task_SwitchSelectedItem
0x080C9498	thumb	Task_ShowItemInfo
0x080C954C	thumb	Task_CloseBoxWhileHoldingItem
0x080C9670	thumb	Task_HandleMovingMonFromParty
0x080C96B8	thumb	Task_PrintCantStoreMail
0x080C972C	thumb	Task_HandleBoxOptions
0x080C9824	thumb	Task_HandleWallpapers
0x080C99D8	thumb	Task_JumpBox
0x080C9AC8	thumb	Task_NameBox
0x080C9B28	thumb	Task_ShowMonSummary
0x080C9B88	thumb	Task_GiveItemFromBag
0x080C9BE8	thumb	Task_OnCloseBoxPressed
0x080C9D1C	thumb	Task_OnBPressed
0x080C9E50	thumb	Task_ChangeScreen
0x080C9F6C	thumb	GiveChosenBagItem
0x080C9FC8	thumb	FreePokeStorageData
0x080C9FEC	thumb	SetScrollingBackground
0x080CA028	thumb	ScrollBackground
0x080CA044	thumb	LoadPokeStorageMenuGfx
0x080CA0A4	thumb	InitPokeStorageWindows
0x080CA0C8	thumb	LoadWaveformSpritePalette
0x080CA0D8	thumb	InitPalettesAndSprites
0x080CA154	thumb	CreateMarkingComboSprite
0x080CA1C4	thumb	CreateWaveformSprites
0x080CA230	thumb	RefreshDisplayMonData
0x080CA260	thumb	StartDisplayMonMosaicEffect
0x080CA2B8	thumb	IsDisplayMosaicActive
0x080CA2D0	thumb	SpriteCB_DisplayMonMosaic
0x080CA318	thumb	CreateDisplayMonSprite
0x080CA44C	thumb	LoadDisplayMonGfx
0x080CA4FC	thumb	PrintDisplayMonInfo
0x080CA65C	thumb	UpdateWaveformAnimation
0x080CA704	thumb	InitSupplementalTilemaps
0x080CA7D4	thumb	SetUpShowPartyMenu
0x080CA80C	thumb	ShowPartyMenu
0x080CA888	thumb	SetUpHidePartyMenu
0x080CA8C8	thumb	HidePartyMenu
0x080CA984	thumb	UpdateCloseBoxButtonTilemap
0x080CA9C0	thumb	StartFlashingCloseBoxButton
0x080CA9EC	thumb	StopFlashingCloseBoxButton
0x080CAA14	thumb	UpdateCloseBoxButtonFlash
0x080CAA74	thumb	SetPartySlotTilemaps
0x080CAAA8	thumb	SetPartySlotTilemap
0x080CAB20	thumb	UpdatePartySlotColors
0x080CAB4C	thumb	SetUpDoShowPartyMenu
0x080CAB70	thumb	DoShowPartyMenu
0x080CABE0	thumb	UpdateBoxToSendMons
0x080CAC1C	thumb	InitPokeStorageBg0
0x080CAC58	thumb	PrintMessage
0x080CAD9C	thumb	ShowYesNoWindow
0x080CADC4	thumb	ClearBottomWindow
0x080CADD8	thumb	AddWallpaperSetsMenu
0x080CAE0C	thumb	AddWallpapersMenu
0x080CAEA0	thumb	GetCurrentBoxOption
0x080CAEAC	thumb	InitCursorItemIcon
0x080CAF04	thumb	InitMonIconFields
0x080CAFAC	thumb	GetMonIconPriorityByCursorPos
0x080CAFC4	thumb	CreateMovingMonIcon
0x080CB028	thumb	InitBoxMonSprites
0x080CB140	thumb	CreateBoxMonIconAtPos
0x080CB1F0	thumb	StartBoxMonIconsScrollOut
0x080CB234	thumb	SpriteCB_BoxMonIconScrollIn
0x080CB278	thumb	SpriteCB_BoxMonIconScrollOut
0x080CB2B0	thumb	DestroyBoxMonIconsInColumn
0x080CB2F8	thumb	CreateBoxMonIconsInColumn
0x080CB4CC	thumb	InitBoxMonIconScroll
0x080CB584	thumb	UpdateBoxMonIconScroll
0x080CB6F0	thumb	GetIncomingBoxMonData
0x080CB778	thumb	DestroyBoxMonIconAtPosition
0x080CB7AC	thumb	SetBoxMonIconObjMode
0x080CB7E8	thumb	CreatePartyMonsSprites
0x080CB950	thumb	CompactPartySprites
0x080CB9BC	thumb	GetNumPartySpritesCompacting
0x080CB9D0	thumb	MovePartySpriteToNextSlot
0x080CBA3C	thumb	SpriteCB_MovePartyMonToNextSlot
0x080CBAC4	thumb	DestroyMovingMonIcon
0x080CBAF0	thumb	MovePartySprites
0x080CBB68	thumb	DestroyPartyMonIcon
0x080CBB9C	thumb	DestroyAllPartyMonIcons
0x080CBBDC	thumb	SetPartyMonIconObjMode
0x080CBC14	thumb	SetMovingMonSprite
0x080CBCAC	thumb	SetPlacedMonSprite
0x080CBD5C	thumb	SaveMonSpriteAtPos
0x080CBDC4	thumb	MoveShiftingMons
0x080CBF14	thumb	SetReleaseMon
0x080CBFD8	thumb	TryHideReleaseMonSprite
0x080CC020	thumb	DestroyReleaseMonIcon
0x080CC064	thumb	ReshowReleaseMon
0x080CC0A0	thumb	ResetReleaseMonSpritePtr
0x080CC0D4	thumb	SetMovingMonPriority
0x080CC100	thumb	SpriteCB_HeldMon
0x080CC124	thumb	TryLoadMonIconTiles
0x080CC1E0	thumb	RemoveSpeciesFromIconList
0x080CC230	thumb	CreateMonIconSprite
0x080CC314	thumb	DestroyBoxMonIcon
0x080CC32C	thumb	CreateInitBoxTask
0x080CC35C	thumb	IsInitBoxActive
0x080CC370	thumb	Task_InitBox
0x080CC464	thumb	SetUpScrollToBox
0x080CC54C	thumb	ScrollToBox
0x080CC644	thumb	DetermineBoxScrollDirection
0x080CC680	thumb	SetWallpaperForCurrentBox
0x080CC6B0	thumb	DoWallpaperGfxChange
0x080CC7A0	thumb	LoadWallpaperGfx
0x080CCA00	thumb	WaitForWallpaperGfxLoad
0x080CCA3C	thumb	DrawWallpaper
0x080CCAE0	thumb	TrimOldWallpaper
0x080CCB50	thumb	InitBoxTitle
0x080CCCFC	thumb	CreateIncomingBoxTitle
0x080CCEE0	thumb	CycleBoxTitleSprites
0x080CCF30	thumb	SpriteCB_IncomingBoxTitle
0x080CCF64	thumb	SpriteCB_OutgoingBoxTitle
0x080CCF9C	thumb	CycleBoxTitleColor
0x080CD00C	thumb	GetBoxTitleBaseX
0x080CD02C	thumb	CreateBoxScrollArrows
0x080CD0B8	thumb	StartBoxScrollArrowsSlide
0x080CD158	thumb	StopBoxScrollArrowsSlide
0x080CD1A8	thumb	AnimateBoxScrollArrows
0x080CD210	thumb	SpriteCB_Arrow
0x080CD2E8	thumb	CreateChooseBoxArrows
0x080CD36C	thumb	InitCursor
0x080CD3EC	thumb	InitCursorOnReopen
0x080CD444	thumb	GetCursorCoordsByPos
0x080CD504	thumb	GetSpeciesAtCursorPosition
0x080CD554	thumb	UpdateCursorPos
0x080CD6AC	thumb	InitNewCursorPos
0x080CD70C	thumb	InitCursorMove
0x080CD894	thumb	SetCursorPosition
0x080CDA68	thumb	DoCursorNewPosUpdate
0x080CDBA0	thumb	SetCursorInParty
0x080CDBF8	thumb	SetCursorBoxPosition
0x080CDC0C	thumb	ClearSavedCursorPos
0x080CDC18	thumb	SaveCursorPos
0x080CDC2C	thumb	GetSavedCursorPos
0x080CDC38	thumb	InitMonPlaceChange
0x080CDC64	thumb	InitMultiMonPlaceChange
0x080CDCAC	thumb	DoMonPlaceChange
0x080CDCCC	thumb	MonPlaceChange_Grab
0x080CDD5C	thumb	MonPlaceChange_Place
0x080CDDD8	thumb	MonPlaceChange_Shift
0x080CDEB4	thumb	MultiMonPlaceChange_Down
0x080CDEC4	thumb	MultiMonPlaceChange_Up
0x080CDED4	thumb	MonPlaceChange_CursorDown
0x080CDF08	thumb	MonPlaceChange_CursorUp
0x080CDF38	thumb	MoveMon
0x080CDFAC	thumb	PlaceMon
0x080CE00C	thumb	RefreshDisplayMon
0x080CE018	thumb	SetMovingMonData
0x080CE08C	thumb	SetPlacedMonData
0x080CE0E8	thumb	PurgeMonOrBoxMon
0x080CE110	thumb	SetShiftedMonData
0x080CE19C	thumb	TryStorePartyMonInBox
0x080CE22C	thumb	ResetSelectionAfterDeposit
0x080CE250	thumb	InitReleaseMon
0x080CE2A8	thumb	TryHideReleaseMon
0x080CE2D8	thumb	ReleaseMon
0x080CE324	thumb	TrySetCursorFistAnim
0x080CE350	thumb	GetRestrictedReleaseMoves
0x080CE3A0	thumb	InitCanReleaseMonVars
0x080CE51C	thumb	AtLeastThreeUsableMons
0x080CE580	thumb	RunCanReleaseMon
0x080CE760	thumb	SaveMovingMon
0x080CE790	thumb	LoadSavedMovingMon
0x080CE7E8	thumb	InitSummaryScreenData
0x080CE8E4	thumb	SetSelectionAfterSummaryScreen
0x080CE90C	thumb	CompactPartySlots
0x080CE9A8	thumb	SetMonMarkings
0x080CEA30	thumb	IsRemovingLastPartyMon
0x080CEA6C	thumb	CanShiftMon
0x080CEAD0	thumb	IsMonBeingMoved
0x080CEADC	thumb	IsCursorOnBoxTitle
0x080CEAF8	thumb	IsCursorOnCloseBox
0x080CEB24	thumb	IsCursorInBox
0x080CEB40	thumb	TryRefreshDisplayMon
0x080CEBDC	thumb	ReshowDisplayMon
0x080CEC00	thumb	SetDisplayMonData
0x080CF0CC	thumb	HandleInput_InBox
0x080CF108	thumb	InBoxInput_Normal
0x080CF374	thumb	InBoxInput_SelectingMultiple
0x080CF4B0	thumb	InBoxInput_MovingMultiple
0x080CF5C4	thumb	HandleInput_InParty
0x080CF7E4	thumb	HandleInput_OnBox
0x080CF8D8	thumb	HandleInput_OnButtons
0x080CF9EC	thumb	HandleInput
0x080CFA38	thumb	AddBoxOptionsMenu
0x080CFA5C	thumb	SetSelectionMenuTexts
0x080CFA84	thumb	SetMenuTexts_Mon
0x080CFB44	thumb	SetMenuTexts_Item
0x080CFBF4	thumb	SpriteCB_CursorShadow
0x080CFC14	thumb	CreateCursorSprites
0x080CFDC4	thumb	ToggleCursorAutoAction
0x080CFE08	thumb	GetCursorPosition
0x080CFE14	thumb	GetCursorBoxColumnAndRow
0x080CFE54	thumb	StartCursorAnim
0x080CFE78	thumb	GetMovingMonOriginalBoxId
0x080CFE84	thumb	SetCursorPriorityTo1
0x080CFEA8	thumb	TryHideItemAtCursor
0x080CFECC	thumb	TryShowItemAtCursor
0x080CFEF0	thumb	InitMenu
0x080CFF34	thumb	SetMenuText
0x080CFF98	thumb	GetMenuItemTextId
0x080CFFD0	thumb	AddMenu
0x080D00A8	thumb	IsMenuLoading
0x080D00AC	thumb	HandleMenuInput
0x080D013C	thumb	RemoveMenu
0x080D0164	thumb	MultiMove_Init
0x080D01B8	thumb	MultiMove_Free
0x080D01D0	thumb	MultiMove_SetFunction
0x080D01E4	thumb	MultiMove_RunFunction
0x080D024C	thumb	MultiMove_Start
0x080D0344	thumb	MultiMove_Cancel
0x080D03B0	thumb	MultiMove_ChangeSelection
0x080D0420	thumb	MultiMove_GrabSelection
0x080D04A0	thumb	MultiMove_MoveMons
0x080D04C8	thumb	MultiMove_PlaceMons
0x080D0580	thumb	MultiMove_TryMoveGroup
0x080D062C	thumb	MultiMove_UpdateSelectedIcons
0x080D06D0	thumb	MultiMove_SelectColumn
0x080D0708	thumb	MultiMove_SelectRow
0x080D0740	thumb	MultiMove_DeselectColumn
0x080D0778	thumb	MultiMove_DeselectRow
0x080D07B0	thumb	MultiMove_SetIconToBg
0x080D0834	thumb	MultiMove_ClearIconFromBg
0x080D0884	thumb	MultiMove_InitMove
0x080D0894	thumb	MultiMove_UpdateMove
0x080D08CC	thumb	MultiMove_GetMonsFromSelection
0x080D09A4	thumb	MultiMove_RemoveMonsFromBox
0x080D0A1C	thumb	MultiMove_CreatePlacedMonIcons
0x080D0AAC	thumb	MultiMove_SetPlacedMonData
0x080D0B5C	thumb	MultiMove_ResetBg
0x080D0BA4	thumb	MultiMove_GetOrigin
0x080D0BC0	thumb	MultiMove_CanPlaceSelection
0x080D0C60	thumb	CreateItemIconSprites
0x080D0D8C	thumb	TryLoadItemIconAtPos
0x080D0E50	thumb	TryHideItemIconAtPos
0x080D0E90	thumb	TakeItemFromMon
0x080D0F38	thumb	InitItemIconInCursor
0x080D0FAC	thumb	SwapItemsWithMon
0x080D1080	thumb	GiveItemToMon
0x080D1114	thumb	MoveItemFromMonToBag
0x080D1194	thumb	MoveItemFromCursorToBag
0x080D11CC	thumb	MoveHeldItemWithPartyMenu
0x080D1218	thumb	IsItemIconAnimActive
0x080D127C	thumb	IsMovingItem
0x080D12B8	thumb	GetMovingItemName
0x080D12D4	thumb	GetMovingItemId
0x080D12E8	thumb	GetNewItemIconIdx
0x080D1324	thumb	IsItemIconAtPosition
0x080D1370	thumb	GetItemIconIdxByPosition
0x080D13C4	thumb	GetItemIconIdxBySprite
0x080D140C	thumb	SetItemIconPosition
0x080D1524	thumb	LoadItemIconGfx
0x080D15D4	thumb	SetItemIconAffineAnim
0x080D1604	thumb	SetItemIconCallback
0x080D1740	thumb	SetItemIconActive
0x080D1794	thumb	GetItemIconPic
0x080D17A4	thumb	GetItemIconPalette
0x080D17B4	thumb	PrintItemDescription
0x080D1818	thumb	InitItemInfoWindow
0x080D184C	thumb	UpdateItemInfoWindowSlideIn
0x080D18E4	thumb	UpdateItemInfoWindowSlideOut
0x080D19B4	thumb	DrawItemInfoWindow
0x080D1A48	thumb	SpriteCB_ItemIcon_WaitAnim
0x080D1A74	thumb	SpriteCB_ItemIcon_ToHand
0x080D1AD8	thumb	SpriteCB_ItemIcon_SetPosToCursor
0x080D1B14	thumb	SpriteCB_ItemIcon_ToMon
0x080D1B94	thumb	SpriteCB_ItemIcon_SwapToHand
0x080D1C30	thumb	SpriteCB_ItemIcon_SwapToMon
0x080D1CCC	thumb	SpriteCB_ItemIcon_HideParty
0x080D1D04	thumb	BackupPokemonStorage
0x080D1D08	thumb	RestorePokemonStorage
0x080D1D0C	thumb	StorageGetCurrentBox
0x080D1D18	thumb	SetCurrentBox
0x080D1D30	thumb	GetBoxMonDataAt
0x080D1D74	thumb	SetBoxMonDataAt
0x080D1DB8	thumb	GetCurrentBoxMonData
0x080D1DD8	thumb	SetCurrentBoxMonData
0x080D1DFC	thumb	GetBoxMonNickAt
0x080D1E44	thumb	GetBoxMonLevelAt
0x080D1E90	thumb	SetBoxMonNickAt
0x080D1ED0	thumb	GetAndCopyBoxMonDataAt
0x080D1F18	thumb	SetBoxMonAt
0x080D1F58	thumb	CopyBoxMonAt
0x080D1F98	thumb	CreateBoxMonAt
0x080D2018	thumb	ZeroBoxMonAt
0x080D2054	thumb	BoxMonAtToMon
0x080D2094	thumb	GetBoxedMonPtr
0x080D20D0	thumb	GetBoxNamePtr
0x080D20F8	thumb	GetBoxWallpaper
0x080D2120	thumb	SetBoxWallpaper
0x080D214C	thumb	AdvanceStorageMonIndex
0x080D2218	thumb	CheckFreePokemonStorageSpace
0x080D2270	thumb	CheckBoxMonSanityAt
0x080D22D0	thumb	CountStorageNonEggMons
0x080D233C	thumb	CountAllStorageMons
0x080D23A8	thumb	AnyStorageMonWithMove
0x080D242C	thumb	ResetWaldaWallpaper
0x080D2480	thumb	SetWaldaWallpaperLockedOrUnlocked
0x080D2494	thumb	IsWaldaWallpaperUnlocked
0x080D24A8	thumb	GetWaldaWallpaperPatternId
0x080D24BC	thumb	SetWaldaWallpaperPatternId
0x080D24DC	thumb	GetWaldaWallpaperIconId
0x080D24F0	thumb	SetWaldaWallpaperIconId
0x080D2510	thumb	GetWaldaWallpaperColorsPtr
0x080D2524	thumb	SetWaldaWallpaperColors
0x080D2548	thumb	GetWaldaPhrasePtr
0x080D255C	thumb	SetWaldaPhrase
0x080D2578	thumb	IsWaldaPhraseEmpty
0x080D259C	thumb	TilemapUtil_Init
0x080D25F0	thumb	TilemapUtil_Free
0x080D2604	thumb	TilemapUtil_UpdateAll
0x080D2644	thumb	TilemapUtil_SetMap
0x080D2740	thumb	TilemapUtil_SetSavedMap
0x080D2770	thumb	TilemapUtil_SetPos
0x080D27AC	thumb	TilemapUtil_SetRect
0x080D27F4	thumb	TilemapUtil_Move
0x080D2918	thumb	TilemapUtil_Update
0x080D2960	thumb	TilemapUtil_DrawPrev
0x080D29F8	thumb	TilemapUtil_Draw
0x080D2A90	thumb	UnkUtil_Init
0x080D2AA4	thumb	UnkUtil_Run
0x080D2AEC	thumb	UnkUtil_CpuAdd
0x080D2B88	thumb	UnkUtil_CpuRun
0x080D2BC0	thumb	UnkUtil_DmaAdd
0x080D2C1C	thumb	UnkUtil_DmaRun
0x080D2CC4	thumb	CreateMonIcon
0x080D2D78	thumb	CreateMonIconNoPersonality
0x080D2E08	thumb	GetIconSpecies
0x080D2E48	thumb	GetUnownLetterByPersonality
0x080D2E84	thumb	GetIconSpeciesNoPersonality
0x080D2EDC	thumb	GetMonIconPtr
0x080D2EF8	thumb	FreeAndDestroyMonIconSprite
0x080D2F04	thumb	LoadMonIconPalettes
0x080D2F28	thumb	SafeLoadMonIconPalette
0x080D2F68	thumb	LoadMonIconPalette
0x080D2F9C	thumb	FreeMonIconPalettes
0x080D2FC0	thumb	SafeFreeMonIconPalette
0x080D2FF0	thumb	FreeMonIconPalette
0x080D3014	thumb	SpriteCB_MonIcon
0x080D3020	thumb	GetMonIconTiles
0x080D304C	thumb	TryLoadAllMonIconPalettesAtOffset
0x080D3080	thumb	GetValidMonIconPalIndex
0x080D30A0	thumb	GetMonIconPaletteIndexFromSpecies
0x080D30B0	thumb	GetValidMonIconPalettePtr
0x080D30DC	thumb	UpdateMonIconFrame
0x080D31B4	thumb	CreateMonIconSprite
0x080D328C	thumb	FreeAndDestroyMonIconSprite_
0x080D32C8	thumb	SetPartyHPBarSprite
0x080D32E8	thumb	ScriptMovement_StartObjectMovementScript
0x080D3340	thumb	ScriptMovement_IsObjectMovementFinished
0x080D338C	thumb	ScriptMovement_UnfreezeObjectEvents
0x080D33AC	thumb	ScriptMovement_StartMoveObjects
0x080D33F4	thumb	GetMoveObjectsTaskId
0x080D3408	thumb	ScriptMovement_TryAddNewMovement
0x080D3474	thumb	GetMovementScriptIdFromObjectEventId
0x080D34B0	thumb	LoadObjectEventIdPtrFromMovementScript
0x080D34E4	thumb	SetObjectEventIdAtMovementScript
0x080D3508	thumb	LoadObjectEventIdFromMovementScript
0x080D352C	thumb	ClearMovementScriptFinished
0x080D355C	thumb	SetMovementScriptFinished
0x080D3584	thumb	IsMovementScriptFinished
0x080D35BC	thumb	SetMovementScript
0x080D35CC	thumb	GetMovementScript
0x080D35DC	thumb	ScriptMovement_AddNewMovement
0x080D361C	thumb	ScriptMovement_UnfreezeActiveObjects
0x080D3660	thumb	ScriptMovement_MoveObjects
0x080D36A4	thumb	ScriptMovement_TakeStep
0x080D3718	thumb	SetUpFieldMove_Cut
0x080D3A50	thumb	FieldCallback_CutGrass
0x080D3A6C	thumb	FldEff_UseCutOnGrass
0x080D3A9C	thumb	FieldCallback_CutTree
0x080D3ABC	thumb	FldEff_UseCutOnTree
0x080D3AEC	thumb	StartCutGrassFieldEffect
0x080D3B00	thumb	FldEff_CutGrass
0x080D3C10	thumb	SetCutGrassMetatile
0x080D3D08	thumb	GetLongGrassCaseAt
0x080D3D5C	thumb	SetCutGrassMetatiles
0x080D3EF4	thumb	HandleLongGrassOnHyper
0x080D4160	thumb	CutGrassSpriteCallback1
0x080D4174	thumb	CutGrassSpriteCallback2
0x080D41D0	thumb	CutGrassSpriteCallbackEnd
0x080D423C	thumb	FixLongGrassMetatilesWindowTop
0x080D42B8	thumb	FixLongGrassMetatilesWindowBottom
0x080D4354	thumb	StartCutTreeFieldEffect
0x080D436C	thumb	ClearAllMail
0x080D439C	thumb	ClearMail
0x080D43F0	thumb	MonHasMail
0x080D4420	thumb	GiveMailToMonByItemId
0x080D45C8	thumb	SpeciesToMailSpecies
0x080D45E8	thumb	MailSpeciesToSpecies
0x080D460C	thumb	GiveMailToMon
0x080D467C	thumb	DummyMailFunc
0x080D4680	thumb	TakeMailFromMon
0x080D46E0	thumb	ClearMailItemId
0x080D4700	thumb	TakeMailFromMonAndSave
0x080D47BC	thumb	ItemIsMail
0x080D47D4	thumb	StartMenu_ShowMapNamePopup
0x080D47E4	thumb	ShowMapNamePopup
0x080D487C	thumb	Task_MapNamePopUpWindow
0x080D4974	thumb	HideMapNamePopUpWindow
0x080D49B0	thumb	ShowMapNamePopUpWindow
0x080D4A78	thumb	DrawMapNamePopUpFrame
0x080D4BE0	thumb	LoadMapNamePopUpWindowBg
0x080D4CA8	thumb	RemoveBagSprite
0x080D4D00	thumb	AddBagVisualSprite
0x080D4D38	thumb	SetBagVisualPocketId
0x080D4D94	thumb	SpriteCB_BagVisualSwitchingPockets
0x080D4DC4	thumb	ShakeBagSprite
0x080D4E0C	thumb	SpriteCB_ShakeBagSprite
0x080D4E34	thumb	AddSwitchPocketRotatingBallSprite
0x080D4E8C	thumb	UpdateSwitchPocketRotatingBallCoords
0x080D4EB0	thumb	SpriteCB_SwitchPocketRotatingBallInit
0x080D4F14	thumb	SpriteCB_SwitchPocketRotatingBallContinue
0x080D4F38	thumb	AddBagItemIconSprite
0x080D4F98	thumb	RemoveBagItemIconSprite
0x080D4FAC	thumb	CreateItemMenuSwapLine
0x080D4FC8	thumb	SetItemMenuSwapLineInvisibility
0x080D4FEC	thumb	UpdateItemMenuSwapLinePos
0x080D5018	thumb	ArrangeBerryGfx
0x080D5070	thumb	LoadBerryGfx
0x080D50D4	thumb	CreateBerryTagSprite
0x080D510C	thumb	FreeBerryTagSpritePalette
0x080D511C	thumb	CreateSpinningBerrySprite
0x080D518C	thumb	CreateBerryFlavorCircleSprite
0x080D51AC	thumb	AnimTask_ShakeMon
0x080D5220	thumb	AnimTask_ShakeMon_Step
0x080D52D0	thumb	AnimTask_ShakeMon2
0x080D53BC	thumb	AnimTask_ShakeMon2_Step
0x080D5484	thumb	AnimTask_ShakeMonInPlace
0x080D5508	thumb	AnimTask_ShakeMonInPlace_Step
0x080D5644	thumb	AnimTask_ShakeAndSinkMon
0x080D56A4	thumb	AnimTask_ShakeAndSinkMon_Step
0x080D5738	thumb	AnimTask_TranslateMonElliptical
0x080D57B8	thumb	AnimTask_TranslateMonElliptical_Step
0x080D5830	thumb	AnimTask_TranslateMonEllipticalRespectSide
0x080D5860	thumb	DoHorizontalLunge
0x080D58D4	thumb	ReverseHorizontalLungeDirection
0x080D58F8	thumb	DoVerticalDip
0x080D5944	thumb	ReverseVerticalDipDirection
0x080D5968	thumb	SlideMonToOriginalPos
0x080D5A24	thumb	SlideMonToOriginalPos_Step
0x080D5A94	thumb	SlideMonToOffset
0x080D5B48	thumb	SlideMonToOffsetAndBack
0x080D5C20	thumb	SlideMonToOffsetAndBack_End
0x080D5C50	thumb	AnimTask_WindUpLunge
0x080D5CE4	thumb	AnimTask_WindUpLunge_Step1
0x080D5D48	thumb	AnimTask_WindUpLunge_Step2
0x080D5DB0	thumb	AnimTask_SlideOffScreen
0x080D5E6C	thumb	AnimTask_SlideOffScreen_Step
0x080D5EB8	thumb	AnimTask_SwayMon
0x080D5F3C	thumb	AnimTask_SwayMonStep
0x080D6064	thumb	AnimTask_ScaleMonAndRestore
0x080D60BC	thumb	AnimTask_ScaleMonAndRestore_Step
0x080D6134	thumb	AnimTask_RotateMonSpriteToSide
0x080D622C	thumb	AnimTask_RotateMonToSideAndRestore
0x080D6308	thumb	AnimTask_RotateMonSpriteToSide_Step
0x080D6388	thumb	AnimTask_ShakeTargetBasedOnMovePowerOrDmg
0x080D646C	thumb	AnimTask_ShakeTargetBasedOnMovePowerOrDmg_Step
0x080D6554	thumb	GetBagItemQuantity
0x080D656C	thumb	SetBagItemQuantity
0x080D6584	thumb	GetPCItemQuantity
0x080D6588	thumb	SetPCItemQuantity
0x080D658C	thumb	ApplyNewEncryptionKeyToBagItems
0x080D65E4	thumb	ApplyNewEncryptionKeyToBagItems_
0x080D65F0	thumb	SetBagItemsPointers
0x080D6644	thumb	CopyItemName
0x080D6660	thumb	CopyItemNameHandlePlural
0x080D66C4	thumb	GetBerryCountString
0x080D66EC	thumb	IsBagPocketNonEmpty
0x080D6724	thumb	CheckBagHasItem
0x080D67C4	thumb	HasAtLeastOneBerry
0x080D6800	thumb	CheckBagHasSpace
0x080D6928	thumb	AddBagItem
0x080D6AA4	thumb	RemoveBagItem
0x080D6C68	thumb	GetPocketByItemId
0x080D6C7C	thumb	ClearItemSlots
0x080D6CAC	thumb	FindFreePCItemSlot
0x080D6CE4	thumb	CountUsedPCItemSlots
0x080D6D1C	thumb	CheckPCHasItem
0x080D6D70	thumb	AddPCItem
0x080D6E48	thumb	RemovePCItem
0x080D6E84	thumb	CompactPCItems
0x080D6EDC	thumb	SwapRegisteredBike
0x080D6F14	thumb	BagGetItemIdByPocketPosition
0x080D6F30	thumb	BagGetQuantityByPocketPosition
0x080D6F58	thumb	SwapItemSlots
0x080D6F64	thumb	CompactItemsInBagPocket
0x080D6FB4	thumb	SortBerriesOrTMHMs
0x080D702C	thumb	MoveItemSlotInList
0x080D7094	thumb	ClearBag
0x080D70BC	thumb	CountTotalItemQuantityInBag
0x080D710C	thumb	CheckPyramidBagHasItem
0x080D7184	thumb	CheckPyramidBagHasSpace
0x080D7204	thumb	AddPyramidBagItem
0x080D7334	thumb	RemovePyramidBagItem
0x080D745C	thumb	SanitizeItemId
0x080D7474	thumb	GetItemName
0x080D7494	thumb	GetItemId
0x080D74B8	thumb	GetItemPrice
0x080D74DC	thumb	GetItemHoldEffect
0x080D7500	thumb	GetItemHoldEffectParam
0x080D7524	thumb	GetItemDescription
0x080D7548	thumb	GetItemImportance
0x080D756C	thumb	GetItemRegistrability
0x080D7590	thumb	GetItemPocket
0x080D75B4	thumb	GetItemType
0x080D75D8	thumb	GetItemFieldFunc
0x080D75FC	thumb	GetItemBattleUsage
0x080D7620	thumb	GetItemBattleFunc
0x080D7644	thumb	GetItemSecondaryId
0x080D7668	thumb	TaskDummy1
0x080D766C	thumb	ResetLinkContestBoolean
0x080D7678	thumb	SetupContestGpuRegs
0x080D7724	thumb	LoadContestBgAfterMoveAnim
0x080D779C	thumb	InitContestInfoBgs
0x080D77E4	thumb	InitContestWindows
0x080D782C	thumb	LoadContestPalettes
0x080D787C	thumb	InitContestResources
0x080D7988	thumb	AllocContestResources
0x080D7A5C	thumb	FreeContestResources
0x080D7B24	thumb	CB2_StartContest
0x080D7C7C	thumb	Task_StartContestWaitFade
0x080D7CB4	thumb	Task_TryStartLinkContest
0x080D7DAC	thumb	Task_CommunicateMonIdxs
0x080D7DC8	thumb	Task_EndCommunicateMonIdxs
0x080D7DE8	thumb	Task_ReadyStartLinkContest
0x080D7E44	thumb	SetupContestGraphics
0x080D80C8	thumb	Task_WaitToRaiseCurtainAtStart
0x080D8108	thumb	Task_RaiseCurtainAtStart
0x080D823C	thumb	CB2_ContestMain
0x080D827C	thumb	VBlankCB_Contest
0x080D833C	thumb	Task_DisplayAppealNumberText
0x080D8424	thumb	Task_TryShowMoveSelectScreen
0x080D8490	thumb	Task_ShowMoveSelectScreen
0x080D8610	thumb	Task_HandleMoveSelectInput
0x080D880C	thumb	DrawMoveSelectArrow
0x080D883C	thumb	EraseMoveSelectArrow
0x080D8894	thumb	Task_SelectedMove
0x080D892C	thumb	Task_EndCommunicateMoveSelections
0x080D895C	thumb	Task_HideMoveSelectScreen
0x080D8A04	thumb	Task_HideApplauseMeterForAppealStart
0x080D8A50	thumb	Task_WaitHideApplauseMeterForAppealStart
0x080D8A88	thumb	Task_AppealSetup
0x080D8B38	thumb	Task_DoAppeals
0x080DA110	thumb	Task_EndWaitForLink
0x080DA134	thumb	SpriteCB_MonSlideIn
0x080DA164	thumb	SpriteCB_MonSlideOut
0x080DA198	thumb	Task_FinishRoundOfAppeals
0x080DA25C	thumb	Task_ReadyUpdateHeartSliders
0x080DA28C	thumb	Task_UpdateHeartSliders
0x080DA31C	thumb	Task_WaitForHeartSliders
0x080DA348	thumb	Task_RestorePlttBufferUnfaded
0x080DA38C	thumb	Task_WaitPrintRoundResult
0x080DA3CC	thumb	Task_PrintRoundResultText
0x080DA464	thumb	Task_ReUpdateHeartSliders
0x080DA49C	thumb	Task_WaitForHeartSlidersAgain
0x080DA4CC	thumb	Task_DropCurtainAtRoundEnd
0x080DA4F4	thumb	Task_UpdateContestantBoxOrder
0x080DA51C	thumb	Task_TryStartNextRoundOfAppeals
0x080DA5B4	thumb	Task_StartNewRoundOfAppeals
0x080DA5E8	thumb	Task_EndAppeals
0x080DA6B4	thumb	Task_WaitForOutOfTimeMsg
0x080DA700	thumb	Task_DropCurtainAtAppealsEnd
0x080DA740	thumb	Task_TryCommunicateFinalStandings
0x080DA7A0	thumb	Task_CommunicateFinalStandings
0x080DA7EC	thumb	Task_EndCommunicateFinalStandings
0x080DA830	thumb	Task_ContestReturnToField
0x080DA874	thumb	FieldCB_ContestReturnToField
0x080DA884	thumb	TryPutPlayerLast
0x080DA8A4	thumb	IsPlayerLinkLeader
0x080DA8C8	thumb	CreateContestMonFromParty
0x080DAB8C	thumb	SetContestants
0x080DACBC	thumb	SetLinkAIContestants
0x080DAE0C	thumb	GetContestEntryEligibility
0x080DAEA4	thumb	DrawContestantWindowText
0x080DAED4	thumb	Contest_CopyStringWithColor
0x080DAF04	thumb	PrintContestantTrainerName
0x080DAF1C	thumb	PrintContestantTrainerNameWithColor
0x080DAF88	thumb	PrintContestantMonName
0x080DAFA0	thumb	PrintContestantMonNameWithColor
0x080DAFE0	thumb	CalculateContestantRound1Points
0x080DB09C	thumb	CalculateRound1Points
0x080DB0C4	thumb	CreateJudgeSprite
0x080DB120	thumb	CreateJudgeSpeechBubbleSprite
0x080DB174	thumb	CreateContestantSprite
0x080DB2A8	thumb	IsSpeciesNotUnown
0x080DB2BC	thumb	SwapMoveDescAndContestTilemaps
0x080DB2EC	thumb	GetMoveEffectSymbolTileOffset
0x080DB370	thumb	PrintContestMoveDescription
0x080DB4E0	thumb	DrawMoveEffectSymbol
0x080DB584	thumb	DrawMoveEffectSymbols
0x080DB5B0	thumb	GetStarTileOffset
0x080DB5B8	thumb	UpdateConditionStars
0x080DB69C	thumb	DrawConditionStars
0x080DB748	thumb	GetStatusSymbolTileOffset
0x080DB798	thumb	DrawStatusSymbol
0x080DB884	thumb	DrawStatusSymbols
0x080DB89C	thumb	ContestClearGeneralTextWindow
0x080DB8B8	thumb	GetChosenMove
0x080DB918	thumb	GetAllChosenMoves
0x080DB944	thumb	RankContestants
0x080DBA18	thumb	SetAttentionLevels
0x080DBA68	thumb	ContestantCanUseTurn
0x080DBAA0	thumb	SetContestantStatusesForNextRound
0x080DBCA8	thumb	Contest_IsMonsTurnDisabled
0x080DBCE0	thumb	CalculateTotalPointsForContestant
0x080DBD18	thumb	CalculateFinalScores
0x080DBD34	thumb	GetContestantRound2Points
0x080DBD4C	thumb	DetermineFinalStandings
0x080DBED4	thumb	SaveLinkContestResults
0x080DBF30	thumb	DidContestantPlaceHigher
0x080DBF68	thumb	ContestPrintLinkStandby
0x080DBF90	thumb	FillContestantWindowBgs
0x080DBFC8	thumb	GetAppealHeartTileOffset
0x080DBFFC	thumb	GetNumHeartsFromAppealPoints
0x080DC028	thumb	UpdateAppealHearts
0x080DC0F4	thumb	Task_UpdateAppealHearts
0x080DC2BC	thumb	CreateSliderHeartSprites
0x080DC308	thumb	UpdateHeartSlider
0x080DC3AC	thumb	UpdateHeartSliders
0x080DC3C4	thumb	SlidersDoneUpdating
0x080DC408	thumb	SpriteCB_UpdateHeartSlider
0x080DC44C	thumb	UpdateSliderHeartSpriteYPositions
0x080DC490	thumb	SetBottomSliderHeartsInvisibility
0x080DC4F0	thumb	CreateNextTurnSprites
0x080DC594	thumb	CreateApplauseMeterSprite
0x080DC5E8	thumb	CreateJudgeAttentionEyeTask
0x080DC630	thumb	StartFlashJudgeAttentionEye
0x080DC674	thumb	StopFlashJudgeAttentionEye
0x080DC6A4	thumb	Task_StopFlashJudgeAttentionEye
0x080DC728	thumb	Task_FlashJudgeAttentionEye
0x080DC7EC	thumb	CreateUnusedBlendTask
0x080DC81C	thumb	InitUnusedBlendTaskData
0x080DC864	thumb	UpdateBlendTaskContestantsData
0x080DC87C	thumb	UpdateBlendTaskContestantData
0x080DC8D0	thumb	Task_UnusedBlend
0x080DC9B4	thumb	StartStopFlashJudgeAttentionEye
0x080DC9EC	thumb	CreateContestantBoxBlinkSprites
0x080DCB78	thumb	DestroyContestantBoxBlinkSprites
0x080DCBB4	thumb	SetBlendForContestantBoxBlink
0x080DCBD0	thumb	ResetBlendForContestantBoxBlink
0x080DCBE8	thumb	BlinkContestantBox
0x080DCC84	thumb	SpriteCB_BlinkContestantBox
0x080DCCD8	thumb	SpriteCB_EndBlinkContestantBox
0x080DCD08	thumb	ContestDebugTogglePointTotal
0x080DCD48	thumb	ContestDebugDoPrint
0x080DCE58	thumb	SortContestants
0x080DD04C	thumb	DrawContestantWindows
0x080DD080	thumb	CalculateAppealMoveImpact
0x080DD3D4	thumb	SetContestantEffectStringID
0x080DD3F0	thumb	SetContestantEffectStringID2
0x080DD40C	thumb	SetStartledString
0x080DD45C	thumb	PrintAppealMoveResultText
0x080DD560	thumb	MakeContestantNervous
0x080DD590	thumb	ApplyNextTurnOrder
0x080DD6DC	thumb	SpriteCB_JudgeSpeechBubble
0x080DD720	thumb	DoJudgeSpeechBubble
0x080DD940	thumb	UpdateApplauseMeter
0x080DD9F0	thumb	Contest_GetMoveExcitement
0x080DDA20	thumb	StartApplauseOverflowAnimation
0x080DDA60	thumb	Task_ApplauseOverflowAnimation
0x080DDB0C	thumb	SlideApplauseMeterIn
0x080DDB6C	thumb	Task_SlideApplauseMeterIn
0x080DDBE8	thumb	SlideApplauseMeterOut
0x080DDC4C	thumb	Task_SlideApplauseMeterOut
0x080DDCDC	thumb	ShowAndUpdateApplauseMeter
0x080DDD20	thumb	Task_ShowAndUpdateApplauseMeter
0x080DDDA8	thumb	HideApplauseMeterNoAnim
0x080DDDE4	thumb	ShowApplauseMeterNoAnim
0x080DDE0C	thumb	AnimateAudience
0x080DDE30	thumb	Task_AnimateAudience
0x080DDED0	thumb	BlendAudienceBackground
0x080DDF80	thumb	Task_BlendAudienceBackground
0x080DE008	thumb	ShowHideNextTurnGfx
0x080DE0F0	thumb	GetTurnOrderNumberGfx
0x080DE12C	thumb	DrawUnnervedSymbols
0x080DE1E8	thumb	IsContestantAllowedToCombo
0x080DE224	thumb	SetBgForCurtainDrop
0x080DE350	thumb	UpdateContestantBoxOrder
0x080DE424	thumb	Task_StartDropCurtainAtRoundEnd
0x080DE464	thumb	Task_UpdateCurtainDropAtRoundEnd
0x080DE4A8	thumb	Task_ResetForNextRound
0x080DE5C0	thumb	Task_UpdateRaiseCurtainAtRoundEnd
0x080DE5F4	thumb	Task_WaitRaiseCurtainAtRoundEnd
0x080DE65C	thumb	Task_StartRaiseCurtainAtRoundEnd
0x080DE69C	thumb	AnimateSliderHearts
0x080DE794	thumb	Task_WaitForSliderHeartAnim
0x080DE834	thumb	SanitizeMove
0x080DE84C	thumb	SanitizeSpecies
0x080DE864	thumb	SetMoveSpecificAnimData
0x080DE9B0	thumb	ClearMoveAnimData
0x080DE9DC	thumb	SetMoveAnimAttackerData
0x080DEA20	thumb	CreateInvisibleBattleTargetSprite
0x080DEA5C	thumb	SetBattleTargetSpritePosition
0x080DEAA8	thumb	SetMoveTargetPosition
0x080DEB70	thumb	Contest_PrintTextToBg0WindowStd
0x080DEBD0	thumb	Contest_PrintTextToBg0WindowAt
0x080DEC30	thumb	Contest_StartTextPrinter
0x080DECB8	thumb	ContestBG_FillBoxWithIncrementingTile
0x080DED10	thumb	ContestBG_FillBoxWithTile
0x080DED4C	thumb	Contest_RunTextPrinters
0x080DED60	thumb	Contest_SetBgCopyFlags
0x080DED74	thumb	ResetContestLinkResults
0x080DEDA8	thumb	SaveContestWinner
0x080DEFA8	thumb	GetContestWinnerSaveIdx
0x080DF040	thumb	ClearContestWinnerPicsInContestHall
0x080DF080	thumb	SetContestLiveUpdateFlags
0x080DF250	thumb	CalculateContestLiveUpdateData
0x080DF4F8	thumb	SetConestLiveUpdateTVData
0x080DF704	thumb	ContestDebugToggleBitfields
0x080DF750	thumb	ContestDebugPrintBitStrings
0x080DF940	thumb	GetMonNicknameLanguage
0x080DF9D4	thumb	StripPlayerNameForLinkContest
0x080DF9E0	thumb	StripMonNameForLinkContest
0x080DFA08	thumb	StripPlayerAndMonNamesForLinkContest
0x080DFA78	thumb	CreateShopMenu
0x080DFB4C	thumb	SetShopMenuCallback
0x080DFB58	thumb	SetShopItemsForSale
0x080DFB88	thumb	Task_ShopMenu
0x080DFBD0	thumb	Task_HandleShopMenuBuy
0x080DFC0C	thumb	Task_HandleShopMenuSell
0x080DFC48	thumb	CB2_ExitSellMenu
0x080DFC68	thumb	Task_HandleShopMenuQuit
0x080DFCA4	thumb	Task_GoToBuyOrSellMenu
0x080DFCE0	thumb	MapPostLoadHook_ReturnToShopMenu
0x080DFCF8	thumb	Task_ReturnToShopMenu
0x080DFD44	thumb	ShowShopMenuAfterExitingBuyOrSellMenu
0x080DFD64	thumb	CB2_BuyMenu
0x080DFD80	thumb	VBlankCB_BuyMenu
0x080DFD94	thumb	CB2_InitBuyMenu
0x080DFEFC	thumb	BuyMenuFreeMemory
0x080DFF2C	thumb	BuyMenuBuildListMenuTemplate
0x080E0000	thumb	BuyMenuSetListEntry
0x080E003C	thumb	BuyMenuPrintItemDescriptionAndShowItemIcon
0x080E0114	thumb	BuyMenuPrintPriceInList
0x080E01C8	thumb	BuyMenuAddScrollIndicatorArrows
0x080E0224	thumb	BuyMenuRemoveScrollIndicatorArrows
0x080E0250	thumb	BuyMenuPrintCursor
0x080E0284	thumb	BuyMenuAddItemIcon
0x080E031C	thumb	BuyMenuRemoveItemIcon
0x080E036C	thumb	BuyMenuInitBgs
0x080E0424	thumb	BuyMenuDecompressBgGraphics
0x080E0468	thumb	BuyMenuInitWindows
0x080E04A4	thumb	BuyMenuPrint
0x080E04E8	thumb	BuyMenuDisplayMessage
0x080E0524	thumb	BuyMenuDrawGraphics
0x080E0570	thumb	BuyMenuDrawMapGraphics
0x080E0584	thumb	BuyMenuDrawMapBg
0x080E0670	thumb	BuyMenuDrawMapMetatile
0x080E0734	thumb	BuyMenuDrawMapMetatileLayer
0x080E075C	thumb	BuyMenuCollectObjectEventData
0x080E08F0	thumb	BuyMenuDrawObjectEvents
0x080E0A14	thumb	BuyMenuCheckIfObjectEventOverlapsMenuBg
0x080E0A40	thumb	BuyMenuCopyMenuBgToBg1TilemapBuffer
0x080E0A88	thumb	BuyMenuCheckForOverlapWithMenuBg
0x080E0AC8	thumb	Task_BuyMenu
0x080E0CA4	thumb	Task_BuyHowManyDialogueInit
0x080E0D88	thumb	Task_BuyHowManyDialogueHandleInput
0x080E0EAC	thumb	BuyMenuConfirmPurchase
0x080E0EDC	thumb	BuyMenuTryMakePurchase
0x080E0F88	thumb	BuyMenuSubtractMoney
0x080E100C	thumb	Task_ReturnToItemListAfterItemPurchase
0x080E1078	thumb	Task_ReturnToItemListAfterDecorationPurchase
0x080E10A0	thumb	BuyMenuReturnToItemList
0x080E10EC	thumb	BuyMenuPrintItemQuantityAndPrice
0x080E1168	thumb	ExitBuyMenu
0x080E11B0	thumb	Task_ExitBuyMenu
0x080E11E4	thumb	ClearItemPurchases
0x080E1204	thumb	RecordItemPurchase
0x080E1284	thumb	CreatePokemartMenu
0x080E12A8	thumb	CreateDecorationShop1Menu
0x080E12C8	thumb	CreateDecorationShop2Menu
0x080E12E8	thumb	SetEscalatorMetatile
0x080E1444	thumb	Task_DrawEscalator
0x080E150C	thumb	CreateEscalatorTask
0x080E1558	thumb	StartEscalator
0x080E1570	thumb	StopEscalator
0x080E1584	thumb	IsEscalatorMoving
0x080E15B8	thumb	ClearEnigmaBerries
0x080E15E4	thumb	SetEnigmaBerry
0x080E1610	thumb	GetEnigmaBerryChecksum
0x080E162C	thumb	IsEnigmaBerryValid
0x080E167C	thumb	GetBerryInfo
0x080E16C0	thumb	GetBerryTreeInfo
0x080E16DC	thumb	ObjectEventInteractionWaterBerryTree
0x080E1738	thumb	IsPlayerFacingEmptyBerryTreePatch
0x080E1770	thumb	TryToWaterBerryTree
0x080E1794	thumb	ClearBerryTrees
0x080E17C8	thumb	BerryTreeGrow
0x080E1870	thumb	BerryTreeTimeUpdate
0x080E191C	thumb	PlantBerryTree
0x080E1984	thumb	RemoveBerryTree
0x080E19AC	thumb	GetBerryTypeByBerryTreeId
0x080E19C8	thumb	GetStageByBerryTreeId
0x080E19E8	thumb	ItemIdToBerryType
0x080E1A10	thumb	BerryTypeToItemId
0x080E1A38	thumb	GetBerryNameByBerryType
0x080E1A58	thumb	GetBerryCountStringByBerryType
0x080E1A78	thumb	AllowBerryTreeGrowth
0x080E1A90	thumb	BerryTreeGetNumStagesWatered
0x080E1ACC	thumb	GetNumStagesWateredByBerryTreeId
0x080E1AE4	thumb	CalcBerryYieldInternal
0x080E1B38	thumb	CalcBerryYield
0x080E1B64	thumb	GetBerryCountByBerryTreeId
0x080E1B7C	thumb	GetStageDurationByBerryType
0x080E1B94	thumb	ObjectEventInteractionGetBerryTreeData
0x080E1C2C	thumb	ObjectEventInteractionGetBerryName
0x080E1C54	thumb	ObjectEventInteractionGetBerryCountString
0x080E1C94	thumb	Bag_ChooseBerry
0x080E1CA4	thumb	ObjectEventInteractionPlantBerryTree
0x080E1CDC	thumb	ObjectEventInteractionPickBerryTree
0x080E1D28	thumb	ObjectEventInteractionRemoveBerryTree
0x080E1D5C	thumb	PlayerHasBerries
0x080E1D6C	thumb	SetBerryTreesSeen
0x080E1E08	thumb	ScriptMenu_Multichoice
0x080E1E58	thumb	ScriptMenu_MultichoiceWithDefault
0x080E1EB8	thumb	GetLengthWithExpandedPlayerName
0x080E1EFC	thumb	DrawMultichoiceMenu
0x080E1FBC	thumb	InitMultichoiceCheckWrap
0x080E2058	thumb	Task_HandleMultichoiceInput
0x080E2108	thumb	ScriptMenu_YesNo
0x080E2140	thumb	IsScriptActive
0x080E215C	thumb	Task_HandleYesNoInput
0x080E21D0	thumb	ScriptMenu_MultichoiceGrid
0x080E2308	thumb	Task_HandleMultichoiceGridInput
0x080E236C	thumb	ScriptMenu_CreatePCMultichoice
0x080E239C	thumb	CreatePCMultichoice
0x080E2514	thumb	ScriptMenu_DisplayPCStartupPrompt
0x080E2548	thumb	ScriptMenu_CreateLilycoveSSTidalMultichoice
0x080E2578	thumb	CreateLilycoveSSTidalMultichoice
0x080E2878	thumb	GetLilycoveSSTidalSelection
0x080E2898	thumb	Task_PokemonPicWindow
0x080E2900	thumb	ScriptMenu_ShowPokemonPic
0x080E29C4	thumb	ScriptMenu_HidePokemonPic
0x080E29FC	thumb	IsPicboxClosed
0x080E2A1C	thumb	CreateWindowFromRect
0x080E2A78	thumb	ClearToTransparentAndRemoveWindow
0x080E2A94	thumb	DrawLinkServicesMultichoiceMenu
0x080E2B7C	thumb	ScriptMenu_CreateStartMenuForPokenavTutorial
0x080E2BAC	thumb	CreateStartMenuForPokenavTutorial
0x080E2CC4	thumb	InitMultichoiceNoWrap
0x080E2D10	thumb	DisplayTextAndGetWidthInternal
0x080E2D2C	thumb	DisplayTextAndGetWidth
0x080E2D40	thumb	ConvertPixelWidthToTileWidth
0x080E2D5C	thumb	ScriptMenu_AdjustLeftCoordFromWidth
0x080E2D78	thumb	DoNamingScreen
0x080E2E04	thumb	CB2_LoadNamingScreen
0x080E2EA8	thumb	NamingScreen_Init
0x080E2FA4	thumb	SetSpritesVisible
0x080E2FE4	thumb	NamingScreen_InitBGs
0x080E3194	thumb	CreateNamingScreenTask
0x080E31B0	thumb	Task_NamingScreen
0x080E3244	thumb	PageToNextGfxId
0x080E3254	thumb	CurrentPageToNextKeyboardId
0x080E3274	thumb	CurrentPageToKeyboardId
0x080E3294	thumb	MainState_FadeIn
0x080E335C	thumb	MainState_WaitFadeIn
0x080E3398	thumb	MainState_HandleInput
0x080E33A8	thumb	MainState_MoveToOKButton
0x080E33D8	thumb	MainState_PressedOKButton
0x080E3448	thumb	MainState_FadeOut
0x080E347C	thumb	MainState_Exit
0x080E34E4	thumb	DisplaySentToPCMessage
0x080E3604	thumb	MainState_WaitSentToPCMessage
0x080E3640	thumb	MainState_StartPageSwap
0x080E3680	thumb	MainState_WaitPageSwap
0x080E373C	thumb	StartPageSwapAnim
0x080E375C	thumb	Task_HandlePageSwapAnim
0x080E3794	thumb	IsPageSwapAnimNotInProgress
0x080E37B4	thumb	PageSwapAnimState_Init
0x080E37DC	thumb	PageSwapAnimState_1
0x080E3870	thumb	PageSwapAnimState_2
0x080E3904	thumb	PageSwapAnimState_Done
0x080E3920	thumb	CreateButtonFlashTask
0x080E3948	thumb	TryStartButtonFlash
0x080E39BC	thumb	Task_UpdateButtonFlash
0x080E3A74	thumb	GetButtonPalOffset
0x080E3AE8	thumb	RestoreButtonColor
0x080E3B10	thumb	StartButtonFlash
0x080E3B30	thumb	SpriteCB_Cursor
0x080E3C20	thumb	SpriteCB_InputArrow
0x080E3C6C	thumb	SpriteCB_Underscore
0x080E3CC8	thumb	CreateSprites
0x080E3CE4	thumb	CreateCursorSprite
0x080E3D78	thumb	SetCursorPos
0x080E3DFC	thumb	GetCursorPos
0x080E3E28	thumb	MoveCursorToOKButton
0x080E3E3C	thumb	SetCursorInvisibility
0x080E3E94	thumb	SetCursorFlashing
0x080E3ED8	thumb	SquishCursor
0x080E3F04	thumb	IsCursorAnimFinished
0x080E3F30	thumb	GetKeyRoleAtCursorPos
0x080E3F70	thumb	GetCurrentPageColumnCount
0x080E3F8C	thumb	CreatePageSwapButtonSprites
0x080E4050	thumb	StartPageSwapButtonAnim
0x080E4084	thumb	SpriteCB_PageSwap
0x080E40AC	thumb	PageSwapSprite_Init
0x080E4100	thumb	PageSwapSprite_Idle
0x080E4104	thumb	PageSwapSprite_SlideOff
0x080E4178	thumb	PageSwapSprite_SlideOn
0x080E41B8	thumb	SetPageSwapButtonGfx
0x080E4218	thumb	CreateBackOkSprites
0x080E4290	thumb	CreateTextEntrySprites
0x080E4354	thumb	CreateInputTargetIcon
0x080E4380	thumb	NamingScreen_NoIcon
0x080E4384	thumb	NamingScreen_CreatePlayerIcon
0x080E43E0	thumb	NamingScreen_CreatePCIcon
0x080E4420	thumb	NamingScreen_CreateMonIcon
0x080E447C	thumb	NamingScreen_CreateWaldaDadIcon
0x080E44BC	thumb	HandleKeyboardEvent
0x080E450C	thumb	KeyboardKeyHandler_Character
0x080E4558	thumb	KeyboardKeyHandler_Page
0x080E4580	thumb	KeyboardKeyHandler_Backspace
0x080E45A4	thumb	KeyboardKeyHandler_OK
0x080E45E0	thumb	SwapKeyboardPage
0x080E45F8	thumb	CreateInputHandlerTask
0x080E460C	thumb	GetInputEvent
0x080E4630	thumb	SetInputState
0x080E465C	thumb	Task_HandleInput
0x080E468C	thumb	Input_Disabled
0x080E4694	thumb	Input_Enabled
0x080E46E8	thumb	Input_Override
0x080E46F0	thumb	HandleDpadMovement
0x080E4894	thumb	DrawNormalTextEntryBox
0x080E48E8	thumb	DrawMonTextEntryBox
0x080E4964	thumb	DrawTextEntryBox
0x080E498C	thumb	TryDrawGenderIcon
0x080E49B8	thumb	DummyGenderIcon
0x080E49BC	thumb	DrawGenderIcon
0x080E4A2C	thumb	GetCharAtKeyboardPos
0x080E4A60	thumb	GetTextEntryPosition
0x080E4AB4	thumb	GetPreviousTextCaretPosition
0x080E4AF8	thumb	DeleteTextCharacter
0x080E4B54	thumb	AddTextCharacter
0x080E4BBC	thumb	BufferCharacter
0x080E4BE4	thumb	SaveInputText
0x080E4C54	thumb	LoadGfx
0x080E4CB8	thumb	CreateHelperTasks
0x080E4CC8	thumb	LoadPalettes
0x080E4CF8	thumb	DrawBgTilemap
0x080E4D0C	thumb	NamingScreen_Dummy
0x080E4D10	thumb	DrawTextEntry
0x080E4DE4	thumb	PrintKeyboardKeys
0x080E4E5C	thumb	DrawKeyboardPageOnDeck
0x080E4EF0	thumb	PrintControls
0x080E4F58	thumb	CB2_NamingScreen
0x080E4F70	thumb	ResetVHBlank
0x080E4F84	thumb	SetVBlank
0x080E4F94	thumb	VBlankCB_NamingScreen
0x080E501C	thumb	NamingScreen_ShowBgs
0x080E503C	thumb	IsWideLetter
0x080E5074	thumb	Debug_NamingScreenPlayer
0x080E509C	thumb	Debug_NamingScreenBox
0x080E50C4	thumb	Debug_NamingScreenCaughtMon
0x080E50EC	thumb	Debug_NamingScreenNickname
0x080E5114	thumb	GetMoney
0x080E5128	thumb	SetMoney
0x080E513C	thumb	IsEnoughMoney
0x080E5154	thumb	AddMoney
0x080E518C	thumb	RemoveMoney
0x080E51B0	thumb	IsEnoughForCostInVar0x8005
0x080E51D4	thumb	SubtractMoneyFromVar0x8005
0x080E51F4	thumb	PrintMoneyAmountInMoneyBox
0x080E5214	thumb	PrintMoneyAmount
0x080E5298	thumb	PrintMoneyAmountInMoneyBoxWithBorder
0x080E52D4	thumb	ChangeAmountInMoneyBox
0x080E52EC	thumb	DrawMoneyBox
0x080E5384	thumb	HideMoneyBox
0x080E53AC	thumb	AddMoneyLabelObject
0x080E53F4	thumb	RemoveMoneyLabelObject
0x080E5414	thumb	AreMovesContestCombo
0x080E547C	thumb	ContestEffect_HighlyAppealing
0x080E5480	thumb	ContestEffect_UserMoreEasilyStartled
0x080E54B0	thumb	ContestEffect_GreatAppealButNoMoreMoves
0x080E54E0	thumb	ContestEffect_RepetitionNotBoring
0x080E5534	thumb	ContestEffect_AvoidStartleOnce
0x080E5560	thumb	ContestEffect_AvoidStartle
0x080E5590	thumb	ContestEffect_AvoidStartleSlightly
0x080E55BC	thumb	ContestEffect_UserLessEasilyStartled
0x080E55EC	thumb	ContestEffect_StartleFrontMon
0x080E5664	thumb	ContestEffect_StartlePrevMons
0x080E56E0	thumb	ContestEffect_StartlePrevMon2
0x080E5718	thumb	ContestEffect_StartlePrevMons2
0x080E57CC	thumb	ContestEffect_ShiftJudgeAttention
0x080E588C	thumb	ContestEffect_StartleMonWithJudgesAttention
0x080E5938	thumb	ContestEffect_JamsOthersButMissOneTurn
0x080E5970	thumb	ContestEffect_StartleMonsSameTypeAppeal
0x080E59B0	thumb	ContestEffect_StartleMonsCoolAppeal
0x080E59D0	thumb	ContestEffect_StartleMonsBeautyAppeal
0x080E59F0	thumb	ContestEffect_StartleMonsCuteAppeal
0x080E5A10	thumb	ContestEffect_StartleMonsSmartAppeal
0x080E5A30	thumb	ContestEffect_StartleMonsToughAppeal
0x080E5A50	thumb	ContestEffect_MakeFollowingMonNervous
0x080E5AD4	thumb	ContestEffect_MakeFollowingMonsNervous
0x080E5CD4	thumb	ContestEffect_WorsenConditionOfPrevMons
0x080E5D7C	thumb	ContestEffect_BadlyStartlesMonsInGoodCondition
0x080E5E04	thumb	ContestEffect_BetterIfFirst
0x080E5E5C	thumb	ContestEffect_BetterIfLast
0x080E5EB4	thumb	ContestEffect_AppealAsGoodAsPrevOnes
0x080E5F64	thumb	ContestEffect_AppealAsGoodAsPrevOne
0x080E5FE4	thumb	ContestEffect_BetterWhenLater
0x080E6068	thumb	ContestEffect_QualityDependsOnTiming
0x080E611C	thumb	ContestEffect_BetterIfSameType
0x080E620C	thumb	ContestEffect_BetterIfDiffType
0x080E62B8	thumb	ContestEffect_AffectedByPrevAppeal
0x080E6334	thumb	ContestEffect_ImproveConditionPreventNervousness
0x080E6398	thumb	ContestEffect_BetterWithGoodCondition
0x080E63E8	thumb	ContestEffect_NextAppealEarlier
0x080E6520	thumb	ContestEffect_NextAppealLater
0x080E6664	thumb	ContestEffect_MakeScramblingTurnOrderEasier
0x080E6668	thumb	ContestEffect_ScrambleNextTurnOrder
0x080E6778	thumb	ContestEffect_ExciteAudienceInAnyContest
0x080E67BC	thumb	ContestEffect_BadlyStartleMonsWithGoodAppeals
0x080E6868	thumb	ContestEffect_BetterWhenAudienceExcited
0x080E68EC	thumb	ContestEffect_DontExciteAudience
0x080E6934	thumb	JamByMoveCategory
0x080E69C8	thumb	CanUnnerveContestant
0x080E6A2C	thumb	WasAtLeastOneOpponentJammed
0x080E6B3C	thumb	JamContestant
0x080E6B70	thumb	RoundTowardsZero
0x080E6BB4	thumb	RoundUp
0x080E6BE8	thumb	RecordMixingPlayerSpotTriggered
0x080E6BF8	thumb	SetSrcLookupPointers
0x080E6CA0	thumb	PrepareUnknownExchangePacket
0x080E6D54	thumb	PrepareExchangePacketForRubySapphire
0x080E6E24	thumb	PrepareExchangePacket
0x080E6F60	thumb	ReceiveExchangePacket
0x080E70F4	thumb	PrintTextOnRecordMixing
0x080E7128	thumb	Task_RecordMixing_SoundEffect
0x080E715C	thumb	Task_RecordMixing_Main
0x080E7324	thumb	Task_MixingRecordsRecv
0x080E756C	thumb	Task_SendPacket
0x080E7630	thumb	Task_CopyReceiveBuffer
0x080E776C	thumb	Task_WaitReceivePacket
0x080E77A0	thumb	Task_ReceivePacket
0x080E77D4	thumb	Task_SendPacket_SwitchToReceive
0x080E77FC	thumb	LoadPtrFromTaskData
0x080E7808	thumb	StorePtrInTaskData
0x080E7810	thumb	GetMultiplayerId_
0x080E7820	thumb	GetPlayerRecvBuffer
0x080E7830	thumb	ShufflePlayerIndices
0x080E78C4	thumb	ReceiveOldManData
0x080E7948	thumb	ReceiveBattleTowerData
0x080E7A14	thumb	ReceiveLilycoveLadyData
0x080E7A9C	thumb	GetDaycareMailItemId
0x080E7AA4	thumb	SwapDaycareMail
0x080E7B2C	thumb	CalculateDaycareMailRandSum
0x080E7B54	thumb	GetDaycareMailRandSum
0x080E7B60	thumb	ReceiveDaycareMailData
0x080E7F68	thumb	ReceiveGiftItem
0x080E7FF8	thumb	Task_DoRecordMixing
0x080E8110	thumb	GetSavedApprentices
0x080E8260	thumb	GetPlayerHallRecords
0x080E841C	thumb	IsApprenticeAlreadySaved
0x080E8468	thumb	ReceiveApprenticeData
0x080E8578	thumb	GetNewHallRecords
0x080E8880	thumb	FillWinStreakRecords1P
0x080E88CC	thumb	FillWinStreakRecords2P
0x080E8924	thumb	SaveHighestWinStreakRecords
0x080E89AC	thumb	ReceiveRankingHallRecords
0x080E89F8	thumb	GetRecordMixingDaycareMail
0x080E8A54	thumb	SanitizeDaycareMailForRuby
0x080E8ABC	thumb	SanitizeRubyBattleTowerRecord
0x080E8AC0	thumb	SanitizeEmeraldBattleTowerRecord
0x080E8AF0	thumb	ClearSecretBase
0x080E8B28	thumb	ClearSecretBases
0x080E8B58	thumb	SetCurSecretBaseId
0x080E8B6C	thumb	TrySetCurSecretBaseIndex
0x080E8BC8	thumb	CheckPlayerHasSecretBase
0x080E8BF8	thumb	GetSecretBaseTypeInFrontOfPlayer_
0x080E8C98	thumb	GetSecretBaseTypeInFrontOfPlayer
0x080E8CB0	thumb	FindMetatileIdMapCoords
0x080E8D4C	thumb	ToggleSecretBaseEntranceMetatile
0x080E8DF4	thumb	GetNameLength
0x080E8E18	thumb	SetPlayerSecretBase
0x080E8EE0	thumb	SetOccupiedSecretBaseEntranceMetatiles
0x080E8F9C	thumb	SetSecretBaseWarpDestination
0x080E8FD0	thumb	Task_EnterSecretBase
0x080E9068	thumb	EnterSecretBase
0x080E909C	thumb	SecretBaseMapPopupEnabled
0x080E90C8	thumb	EnterNewlyCreatedSecretBase_WaitFadeIn
0x080E9108	thumb	EnterNewlyCreatedSecretBase_StartFadeIn
0x080E916C	thumb	Task_EnterNewlyCreatedSecretBase
0x080E91F8	thumb	EnterNewlyCreatedSecretBase
0x080E9214	thumb	CurMapIsSecretBase
0x080E9238	thumb	InitSecretBaseAppearance
0x080E933C	thumb	InitSecretBaseDecorationSprites
0x080E9578	thumb	HideSecretBaseDecorationSprites
0x080E95D4	thumb	SetSecretBaseOwnerGfxId
0x080E9608	thumb	SetCurSecretBaseIdFromPosition
0x080E9668	thumb	WarpIntoSecretBase
0x080E9680	thumb	TrySetCurSecretBase
0x080E96A4	thumb	Task_WarpOutOfSecretBase
0x080E9728	thumb	WarpOutOfSecretBase
0x080E9744	thumb	IsCurSecretBaseOwnedByAnotherPlayer
0x080E9780	thumb	GetSecretBaseName
0x080E97EC	thumb	GetSecretBaseMapName
0x080E980C	thumb	CopyCurSecretBaseOwnerName_StrVar1
0x080E9878	thumb	IsSecretBaseRegistered
0x080E98AC	thumb	GetAverageEVs
0x080E9914	thumb	SetPlayerSecretBaseParty
0x080E9A90	thumb	ClearAndLeaveSecretBase
0x080E9AC0	thumb	MoveOutOfSecretBase
0x080E9AD0	thumb	ClosePlayerSecretBaseEntrance
0x080E9B70	thumb	MoveOutOfSecretBaseFromOutside
0x080E9BA8	thumb	GetNumRegisteredSecretBases
0x080E9BDC	thumb	GetCurSecretBaseRegistrationValidity
0x080E9C2C	thumb	ToggleCurSecretBaseRegistry
0x080E9C74	thumb	ShowSecretBaseDecorationMenu
0x080E9C88	thumb	ShowSecretBaseRegistryMenu
0x080E9C9C	thumb	Task_ShowSecretBaseRegistryMenu
0x080E9D2C	thumb	BuildRegistryMenuItems
0x080E9DEC	thumb	RegistryMenu_OnCursorMove
0x080E9E00	thumb	FinalizeRegistryMenu
0x080E9E44	thumb	AddRegistryMenuScrollArrows
0x080E9E90	thumb	HandleRegistryMenuInput
0x080E9F20	thumb	ShowRegistryMenuActions
0x080E9FB0	thumb	HandleRegistryMenuActionsInput
0x080E9FFC	thumb	ShowRegistryMenuDeleteConfirmation
0x080EA06C	thumb	ShowRegistryMenuDeleteYesNo
0x080EA08C	thumb	DeleteRegistry_Yes_Callback
0x080EA120	thumb	DeleteRegistry_Yes
0x080EA13C	thumb	DeleteRegistry_No
0x080EA18C	thumb	ReturnToMainRegistryMenu
0x080EA1D0	thumb	GoToSecretBasePCRegisterMenu
0x080EA20C	thumb	GetSecretBaseOwnerType
0x080EA250	thumb	GetSecretBaseTrainerLoseText
0x080EA2E4	thumb	PrepSecretBaseBattleFlags
0x080EA30C	thumb	SetBattledOwnerFromResult
0x080EA354	thumb	GetSecretBaseOwnerAndState
0x080EA3E4	thumb	SecretBasePerStepCallback
0x080EA828	thumb	SaveSecretBase
0x080EA8D4	thumb	SecretBasesHaveSameTrainerId
0x080EA904	thumb	SecretBasesHaveSameTrainerName
0x080EA950	thumb	SecretBasesBelongToSamePlayer
0x080EA990	thumb	GetSecretBaseIndexFromId
0x080EA9D8	thumb	FindAvailableSecretBaseIndex
0x080EAA18	thumb	FindUnregisteredSecretBaseIndex
0x080EAA64	thumb	TrySaveFriendsSecretBase
0x080EAAF4	thumb	SortSecretBasesByRegistryStatus
0x080EABA4	thumb	TrySaveFriendsSecretBases
0x080EABDC	thumb	SecretBaseBelongsToPlayer
0x080EAC5C	thumb	DeleteFirstOldBaseFromPlayerInRecordMixingFriendsRecords
0x080EAD14	thumb	ClearDuplicateOwnedSecretBase
0x080EAD94	thumb	ClearDuplicateOwnedSecretBases
0x080EAE90	thumb	TrySaveRegisteredDuplicate
0x080EAEB4	thumb	TrySaveRegisteredDuplicates
0x080EAEF4	thumb	SaveRecordMixBases
0x080EAF80	thumb	ReceiveSecretBasesData
0x080EB18C	thumb	ClearJapaneseSecretBases
0x080EB1AC	thumb	InitSecretBaseVars
0x080EB218	thumb	CheckLeftFriendsSecretBase
0x080EB290	thumb	CheckInteractedWithFriendsDollDecor
0x080EB2C8	thumb	CheckInteractedWithFriendsCushionDecor
0x080EB300	thumb	DeclinedSecretBaseBattle
0x080EB368	thumb	WonSecretBaseBattle
0x080EB3D0	thumb	LostSecretBaseBattle
0x080EB438	thumb	DrewSecretBaseBattle
0x080EB498	thumb	CheckInteractedWithFriendsPosterDecor
0x080EB56C	thumb	CheckInteractedWithFriendsFurnitureBottom
0x080EB9E0	thumb	CheckInteractedWithFriendsFurnitureMiddle
0x080EBB28	thumb	CheckInteractedWithFriendsFurnitureTop
0x080EBE7C	thumb	CheckInteractedWithFriendsSandOrnament
0x080EBEE0	thumb	ClearTVShowData
0x080EBF3C	thumb	GetRandomActiveShowIdx
0x080EBFF4	thumb	FindAnyTVShowOnTheAir
0x080EC044	thumb	UpdateTVScreensOnMap
0x080EC0CC	thumb	SetTVMetatilesOnMap
0x080EC130	thumb	TurnOffTVScreen
0x080EC14C	thumb	TurnOnTVScreen
0x080EC168	thumb	GetSelectedTVShow
0x080EC18C	thumb	FindFirstActiveTVShowThatIsNotAMassOutbreak
0x080EC1D4	thumb	GetNextActiveShowIfMassOutbreak
0x080EC21C	thumb	ResetGabbyAndTy
0x080EC31C	thumb	GabbyAndTyBeforeInterview
0x080EC448	thumb	GabbyAndTyAfterInterview
0x080EC4E8	thumb	TakeGabbyAndTyOffTheAir
0x080EC504	thumb	GabbyAndTyGetBattleNum
0x080EC530	thumb	IsGabbyAndTyShowOnTheAir
0x080EC548	thumb	GabbyAndTyGetLastQuote
0x080EC58C	thumb	GabbyAndTyGetLastBattleTrivia
0x080EC5D8	thumb	GetGabbyAndTyLocalIds
0x080EC6BC	thumb	InterviewAfter
0x080EC728	thumb	TryPutPokemonTodayOnAir
0x080EC8A4	thumb	InitWorldOfMastersShowAttempt
0x080EC8FC	thumb	TryPutPokemonTodayFailedOnTheAir
0x080EC9E8	thumb	StorePlayerIdInRecordMixShow
0x080ECA10	thumb	StorePlayerIdInNormalShow
0x080ECA38	thumb	InterviewAfter_ContestLiveUpdates
0x080ECB00	thumb	PutBattleUpdateOnTheAir
0x080ECC04	thumb	Put3CheersForPokeblocksOnTheAir
0x080ECD00	thumb	PutFanClubSpecialOnTheAir
0x080ECDA4	thumb	ContestLiveUpdates_Init
0x080ECDF4	thumb	ContestLiveUpdates_SetRound2Placing
0x080ECE34	thumb	ContestLiveUpdates_SetWinnerAppealFlag
0x080ECE74	thumb	ContestLiveUpdates_SetWinnerMoveUsed
0x080ECEB4	thumb	ContestLiveUpdates_SetLoserData
0x080ECF5C	thumb	InterviewAfter_BravoTrainerPokemonProfile
0x080ED03C	thumb	BravoTrainerPokemonProfile_BeforeInterview1
0x080ED090	thumb	BravoTrainerPokemonProfile_BeforeInterview2
0x080ED164	thumb	InterviewAfter_BravoTrainerBattleTowerProfile
0x080ED238	thumb	TryPutSmartShopperOnAir
0x080ED320	thumb	PutNameRaterShowOnTheAir
0x080ED430	thumb	StartMassOutbreak
0x080ED4DC	thumb	PutLilycoveContestLadyShowOnTheAir
0x080ED548	thumb	InterviewAfter_FanClubLetter
0x080ED5B8	thumb	InterviewAfter_RecentHappenings
0x080ED610	thumb	InterviewAfter_PkmnFanClubOpinions
0x080ED714	thumb	InterviewAfter_Dummy
0x080ED718	thumb	TryStartRandomMassOutbreak
0x080ED808	thumb	EndMassOutbreak
0x080ED888	thumb	UpdateTVShowsPerDay
0x080ED8B4	thumb	UpdateTimeBeforeMassOutbreak
0x080ED924	thumb	TryEndMassOutbreak
0x080ED950	thumb	RecordFishingAttemptForTV
0x080ED9A8	thumb	TryPutFishingAdviceOnAir
0x080EDA3C	thumb	SetPokemonAnglerSpecies
0x080EDA48	thumb	ResolveWorldOfMastersShow
0x080EDA80	thumb	TryPutWorldOfMastersOnAir
0x080EDB44	thumb	TryPutTodaysRivalTrainerOnAir
0x080EDC60	thumb	TryPutTrendWatcherOnAir
0x080EDCE8	thumb	TryPutTreasureInvestigatorsOnAir
0x080EDD78	thumb	TryPutFindThatGamerOnAir
0x080EDE70	thumb	AlertTVThatPlayerPlayedSlotMachine
0x080EDE84	thumb	AlertTVThatPlayerPlayedRoulette
0x080EDE98	thumb	SecretBaseVisit_CalculateDecorationData
0x080EDFB4	thumb	SecretBaseVisit_CalculatePartyData
0x080EE104	thumb	TryPutSecretBaseVisitOnAir
0x080EE184	thumb	TryPutBreakingNewsOnAir
0x080EE2CC	thumb	TryPutLotteryWinnerReportOnAir
0x080EE35C	thumb	TryPutBattleSeminarOnAir
0x080EE44C	thumb	TryPutSafariFanClubOnAir
0x080EE4DC	thumb	TryPutSpotTheCutiesOnAir
0x080EE5A4	thumb	GetRibbonCount
0x080EE69C	thumb	MonDataIdxToRibbon
0x080EE72C	thumb	TryPutTrainerFanClubOnAir
0x080EE7C0	thumb	ShouldHideFanClubInterviewer
0x080EE818	thumb	ShouldAirFrontierTVShow
0x080EE8C8	thumb	TryPutFrontierTVShowOnAir
0x080EEA70	thumb	TryPutSecretBaseSecretsOnAir
0x080EEB98	thumb	ResolveNumberOneShow
0x080EEBF4	thumb	TryPutNumberOneOnAir
0x080EEC80	thumb	IncrementDailySlotsUses
0x080EECA4	thumb	IncrementDailyRouletteUses
0x080EECC8	thumb	IncrementDailyWildBattles
0x080EECEC	thumb	IncrementDailyBerryBlender
0x080EED10	thumb	IncrementDailyPlantedBerries
0x080EED34	thumb	IncrementDailyPickedBerries
0x080EED60	thumb	IncrementDailyBattlePoints
0x080EED88	thumb	TryPutRandomPokeNewsOnAir
0x080EEE30	thumb	GetFirstEmptyPokeNewsSlot
0x080EEE5C	thumb	ClearPokeNews
0x080EEE78	thumb	ClearPokeNewsBySlot
0x080EEEB8	thumb	CompactPokeNews
0x080EEF20	thumb	FindAnyPokeNewsOnTheAir
0x080EEF6C	thumb	DoPokeNews
0x080EF038	thumb	IsPokeNewsActive
0x080EF094	thumb	ShouldApplyPokeNewsEffect
0x080EF0E4	thumb	IsAddingPokeNewsDisallowed
0x080EF120	thumb	UpdatePokeNewsCountdown
0x080EF1BC	thumb	CopyContestRankToStringVar
0x080EF250	thumb	CopyContestCategoryToStringVar
0x080EF30C	thumb	SetContestCategoryStringVarForInterview
0x080EF340	thumb	ConvertIntToDecimalString
0x080EF370	thumb	CountDigits
0x080EF40C	thumb	SmartShopper_BufferPurchaseTotal
0x080EF46C	thumb	IsRecordMixShowAlreadySpawned
0x080EF500	thumb	SortPurchasesByQuantity
0x080EF550	thumb	TryReplaceOldTVShowOfKind
0x080EF5B8	thumb	InterviewBefore
0x080EF64C	thumb	InterviewBefore_FanClubLetter
0x080EF6C4	thumb	InterviewBefore_RecentHappenings
0x080EF704	thumb	InterviewBefore_PkmnFanClubOpinions
0x080EF79C	thumb	InterviewBefore_Dummy
0x080EF7A8	thumb	InterviewBefore_NameRater
0x080EF7B4	thumb	InterviewBefore_BravoTrainerPkmnProfile
0x080EF7F4	thumb	InterviewBefore_ContestLiveUpdates
0x080EF800	thumb	InterviewBefore_3CheersForPokeblocks
0x080EF80C	thumb	InterviewBefore_BravoTrainerBTProfile
0x080EF84C	thumb	InterviewBefore_FanClubSpecial
0x080EF88C	thumb	IsPartyMonNicknamedOrNotEnglish
0x080EF8F8	thumb	IsLeadMonNicknamedOrNotEnglish
0x080EF910	thumb	DeleteTVShowInArrayByIdx
0x080EF93C	thumb	CompactTVShowArray
0x080EF9E8	thumb	GetRandomDifferentSpeciesAndNameSeenByPlayer
0x080EFA24	thumb	GetRandomDifferentSpeciesSeenByPlayer
0x080EFA88	thumb	Script_FindFirstEmptyNormalTVShowSlot
0x080EFADC	thumb	FindFirstEmptyNormalTVShowSlot
0x080EFB08	thumb	FindFirstEmptyRecordMixTVShowSlot
0x080EFB38	thumb	BernoulliTrial
0x080EFB58	thumb	GetRandomWordFromShow
0x080EFBA4	thumb	GetRandomNameRaterStateFromName
0x080EFBDC	thumb	GetNicknameSubstring
0x080EFD54	thumb	IsTVShowAlreadyInQueue
0x080EFD98	thumb	TryPutNameRaterShowOnTheAir
0x080EFDDC	thumb	ChangePokemonNickname
0x080EFE98	thumb	ChangePokemonNickname_CB
0x080EFEC4	thumb	ChangeBoxPokemonNickname
0x080EFF48	thumb	ChangeBoxPokemonNickname_CB
0x080EFF6C	thumb	BufferMonNickname
0x080EFF9C	thumb	IsMonOTIDNotPlayers
0x080EFFE0	thumb	GetTVGroupByShowId
0x080F0020	thumb	GetPlayerIDAsU32
0x080F0040	thumb	CheckForPlayersHouseNews
0x080F00A4	thumb	GetMomOrDadStringForTVMessage
0x080F01B8	thumb	HideBattleTowerReporter
0x080F01E8	thumb	ReceiveTvShowsData
0x080F0358	thumb	SetMixedTVShows
0x080F049C	thumb	TryMixTVShow
0x080F0580	thumb	TryMixNormalTVShow
0x080F05E8	thumb	TryMixRecordMixTVShow
0x080F0668	thumb	TryMixOutbreakTVShow
0x080F06D0	thumb	FindInactiveShowInArray
0x080F0708	thumb	DeactivateShowsWithUnseenSpecies
0x080F0B00	thumb	DeactivateShow
0x080F0B24	thumb	DeactivateShowIfNotSeenSpecies
0x080F0B64	thumb	DeactivateGameCompleteShowsIfNotUnlocked
0x080F0BB8	thumb	DeactivateAllNormalTVShows
0x080F0C04	thumb	DeleteExcessMixedShows
0x080F0C7C	thumb	ReceivePokeNewsData
0x080F0D60	thumb	SetMixedPokeNews
0x080F0E58	thumb	InitTryMixPokeNewsShow
0x080F0E84	thumb	TryMixPokeNewsShow
0x080F0ECC	thumb	GetPokeNewsSlotIfActive
0x080F0EEC	thumb	ClearInvalidPokeNews
0x080F0F24	thumb	ClearPokeNewsIfGameNotComplete
0x080F0F64	thumb	TranslateShowNames
0x080F1208	thumb	SanitizeTVShowsForRuby
0x080F1254	thumb	TranslateRubyShows
0x080F1290	thumb	GetStringLanguage
0x080F12A4	thumb	TranslateJapaneseEmeraldShows
0x080F14F8	thumb	SanitizeTVShowLocationsForRuby
0x080F153C	thumb	DoTVShow
0x080F16EC	thumb	DoTVShowBravoTrainerPokemonProfile
0x080F1974	thumb	DoTVShowBravoTrainerBattleTower
0x080F1C0C	thumb	DoTVShowTodaysSmartShopper
0x080F1E48	thumb	DoTVShowTheNameRaterShow
0x080F211C	thumb	DoTVShowPokemonTodaySuccessfulCapture
0x080F2370	thumb	DoTVShowPokemonTodayFailedCapture
0x080F24D8	thumb	DoTVShowPokemonFanClubLetter
0x080F2708	thumb	DoTVShowRecentHappenings
0x080F28A4	thumb	DoTVShowPokemonFanClubOpinions
0x080F299C	thumb	DoTVShowDummiedOut
0x080F29A0	thumb	DoTVShowPokemonNewsMassOutbreak
0x080F2A10	thumb	DoTVShowPokemonContestLiveUpdates
0x080F3140	thumb	DoTVShowPokemonBattleUpdate
0x080F3388	thumb	DoTVShow3CheersForPokeblocks
0x080F363C	thumb	DoTVShowInSearchOfTrainers
0x080F3828	thumb	DoTVShowPokemonAngler
0x080F3904	thumb	DoTVShowTheWorldOfMasters
0x080F39E4	thumb	DoTVShowTodaysRivalTrainer
0x080F3C04	thumb	DoTVShowDewfordTrendWatcherNetwork
0x080F3D74	thumb	DoTVShowHoennTreasureInvestigators
0x080F3E7C	thumb	DoTVShowFindThatGamer
0x080F4028	thumb	DoTVShowBreakingNewsTV
0x080F4360	thumb	DoTVShowSecretBaseVisit
0x080F45A0	thumb	DoTVShowPokemonLotteryWinnerFlashReport
0x080F466C	thumb	DoTVShowThePokemonBattleSeminar
0x080F487C	thumb	DoTVShowTrainerFanClubSpecial
0x080F49BC	thumb	DoTVShowTrainerFanClub
0x080F4B5C	thumb	DoTVShowSpotTheCuties
0x080F4D9C	thumb	DoTVShowPokemonNewsBattleFrontier
0x080F5030	thumb	DoTVShowWhatsNo1InHoennToday
0x080F5180	thumb	SecretBaseSecrets_GetNumActionsTaken
0x080F51AC	thumb	SecretBaseSecrets_GetStateByFlagNumber
0x080F51EC	thumb	DoTVShowSecretBaseSecrets
0x080F5548	thumb	DoTVShowSafariFanClub
0x080F56D4	thumb	DoTVShowLilycoveContestLady
0x080F577C	thumb	TVShowDone
0x080F57B8	thumb	ResetTVShowState
0x080F57C4	thumb	InitContestResultsDisplay
0x080F591C	thumb	LoadContestResultsBgGfx
0x080F5A74	thumb	LoadContestMonName
0x080F5AE0	thumb	LoadAllContestMonNames
0x080F5B00	thumb	CB2_StartShowContestResults
0x080F5C00	thumb	CB2_ShowContestResults
0x080F5C24	thumb	VBlankCB_ShowContestResults
0x080F5CE4	thumb	Task_ShowContestResults
0x080F5ED8	thumb	Task_WaitForLinkPartnersBeforeResults
0x080F5F14	thumb	Task_CommunicateMonIdxsForResults
0x080F5F30	thumb	Task_WaitForLinkPartnerMonIdxs
0x080F5F74	thumb	Task_AnnouncePreliminaryResults
0x080F6058	thumb	Task_ShowPreliminaryResults
0x080F60F0	thumb	Task_AnnounceRound2Results
0x080F616C	thumb	Task_ShowRound2Results
0x080F6204	thumb	Task_AnnounceWinner
0x080F6404	thumb	Task_ShowWinnerMonBanner
0x080F66B4	thumb	Task_SetSeenWinnerMon
0x080F671C	thumb	Task_TryDisconnectLinkPartners
0x080F677C	thumb	Task_WaitForLinkPartnersDisconnect
0x080F67C4	thumb	Task_TrySetContestInterviewData
0x080F6820	thumb	Task_EndShowContestResults
0x080F68B4	thumb	Task_SlideContestResultsBg
0x080F68F0	thumb	Task_FlashStarsAndHearts
0x080F69B8	thumb	LoadContestMonIcon
0x080F6A64	thumb	LoadAllContestMonIcons
0x080F6A9C	thumb	LoadAllContestMonIconPalettes
0x080F6AE8	thumb	TryCreateWirelessSprites
0x080F6B78	thumb	DrawResultsTextWindow
0x080F6DC0	thumb	CreateResultsTextWindowSprites
0x080F6E9C	thumb	StartTextBoxSlideIn
0x080F6EF4	thumb	StartTextBoxSlideOut
0x080F6F40	thumb	EndTextBoxSlideOut
0x080F6F68	thumb	SpriteCB_TextBoxSlideIn
0x080F6FDC	thumb	SpriteCB_EndTextBoxSlideIn
0x080F7014	thumb	SpriteCB_TextBoxSlideOut
0x080F707C	thumb	ShowLinkResultsTextBox
0x080F7144	thumb	HideLinkResultsTextBox
0x080F71C8	thumb	LoadContestResultsTitleBarTilemaps
0x080F7310	thumb	GetNumPreliminaryPoints
0x080F7364	thumb	GetNumRound2Points
0x080F73DC	thumb	Task_DrawFinalStandingNumber
0x080F74BC	thumb	Task_StartHighlightWinnersBox
0x080F753C	thumb	Task_HighlightWinnersBox
0x080F75A8	thumb	SpriteCB_WinnerMonSlideIn
0x080F7620	thumb	SpriteCB_WinnerMonSlideOut
0x080F7670	thumb	Task_CreateConfetti
0x080F7768	thumb	SpriteCB_Confetti
0x080F77E0	thumb	BounceMonIconInBox
0x080F7824	thumb	Task_BounceMonIconInBox
0x080F7880	thumb	CalculateContestantsResultData
0x080F7A80	thumb	UpdateContestResultBars
0x080F7CA8	thumb	Task_UpdateContestResultBar
0x080F7DF4	thumb	AllocContestResults
0x080F7E64	thumb	FreeContestResults
0x080F7ED0	thumb	AddContestTextPrinter
0x080F7F30	thumb	TryEnterContestMon
0x080F7F7C	thumb	HasMonWonThisContestBefore
0x080F7FFC	thumb	GiveMonContestRibbon
0x080F8264	thumb	BufferContestantTrainerName
0x080F8290	thumb	BufferContestantMonNickname
0x080F82B4	thumb	GetContestMonConditionRanking
0x080F82FC	thumb	GetContestMonCondition
0x080F831C	thumb	GetContestWinnerId
0x080F834C	thumb	BufferContestWinnerTrainerName
0x080F8390	thumb	BufferContestWinnerMonName
0x080F83D0	thumb	CB2_SetStartContestCallback
0x080F83E0	thumb	Task_StartContest
0x080F840C	thumb	StartContest
0x080F8438	thumb	BufferContestantMonSpecies
0x080F8458	thumb	Task_StartShowContestResults
0x080F8484	thumb	ShowContestResults
0x080F84B0	thumb	GetContestPlayerId
0x080F84C4	thumb	ContestLinkTransfer
0x080F8508	thumb	Task_StartCommunication
0x080F8568	thumb	Task_StartCommunicateRngRS
0x080F8584	thumb	Task_StartCommunicateLeaderIdsRS
0x080F85A0	thumb	Task_StartCommunicateCategoryRS
0x080F85BC	thumb	Task_LinkContest_SetUpContestRS
0x080F86B8	thumb	Task_LinkContest_CalculateTurnOrderRS
0x080F86E0	thumb	LinkContest_GetLeaderIndex
0x080F8714	thumb	Task_LinkContest_FinalizeConnection
0x080F878C	thumb	Task_LinkContest_Disconnect
0x080F87B4	thumb	Task_LinkContest_WaitDisconnect
0x080F87D8	thumb	SetContestTrainerGfxIds
0x080F8814	thumb	GetNpcContestantLocalId
0x080F8850	thumb	BufferContestTrainerAndMonNames
0x080F8864	thumb	DoesContestCategoryHaveMuseumPainting
0x080F88DC	thumb	SaveMuseumContestPainting
0x080F88E8	thumb	ShouldReadyContestArtist
0x080F8940	thumb	CountPlayerMuseumPaintings
0x080F8970	thumb	GetContestantNamesAtRank
0x080F8ACC	thumb	ExitContestPainting
0x080F8ADC	thumb	ShowContestPainting
0x080F8AFC	thumb	SetLinkContestPlayerGfx
0x080F8B94	thumb	LoadLinkContestPlayerPalettes
0x080F8C7C	thumb	GiveMonArtistRibbon
0x080F8D24	thumb	IsContestDebugActive
0x080F8D28	thumb	ShowContestEntryMonPic
0x080F8EB8	thumb	HideContestEntryMonPic
0x080F8EE8	thumb	Task_ShowContestEntryMonPic
0x080F8FA0	thumb	GetContestMultiplayerId
0x080F8FE8	thumb	GenerateContestRand
0x080F903C	thumb	GetContestRand
0x080F905C	thumb	LinkContestWaitForConnection
0x080F9088	thumb	Task_LinkContestWaitForConnection
0x080F90DC	thumb	LinkContestTryShowWirelessIndicator
0x080F910C	thumb	LinkContestTryHideWirelessIndicator
0x080F9134	thumb	IsContestWithRSPlayer
0x080F9154	thumb	ClearLinkContestFlags
0x080F9160	thumb	IsWirelessContest
0x080F9180	thumb	HealPlayerParty
0x080F9244	thumb	ScriptGiveMon
0x080F92C8	thumb	ScriptGiveEgg
0x080F92F8	thumb	HasEnoughMonsForDoubleBattle
0x080F9320	thumb	CheckPartyMonHasHeldItem
0x080F9370	thumb	DoesPartyHaveEnigmaBerry
0x080F93A0	thumb	CreateScriptedWildMon
0x080F9400	thumb	ScriptSetMonMoveSlot
0x080F9438	thumb	ChooseHalfPartyForBattle
0x080F9460	thumb	CB2_ReturnFromChooseHalfParty
0x080F9490	thumb	ChoosePartyForBattleFrontier
0x080F94B8	thumb	CB2_ReturnFromChooseBattleFrontierParty
0x080F94E8	thumb	ReducePlayerPartyToSelectedMons
0x080F9568	thumb	IsMonValidSpecies
0x080F958C	thumb	AllMonsFainted
0x080F95C0	thumb	FaintFromFieldPoison
0x080F960C	thumb	MonFaintedFromPoison
0x080F9654	thumb	Task_TryFieldPoisonWhiteOut
0x080F972C	thumb	TryFieldPoisonWhiteOut
0x080F9744	thumb	DoPoisonFieldEffect
0x080F97C8	thumb	GetMonSizeHash
0x080F986C	thumb	TranslateBigMonSizeTableIndex
0x080F989C	thumb	GetMonSize
0x080F9910	thumb	FormatMonSizeRecord
0x080F9984	thumb	CompareMonSize
0x080F9A14	thumb	GetMonSizeRecordInfo
0x080F9A7C	thumb	InitSeedotSizeRecord
0x080F9A90	thumb	GetSeedotSizeRecordInfo
0x080F9AAC	thumb	CompareSeedotSize
0x080F9AD4	thumb	InitLotadSizeRecord
0x080F9AE8	thumb	GetLotadSizeRecordInfo
0x080F9B04	thumb	CompareLotadSize
0x080F9B30	thumb	GiveGiftRibbonToParty
0x080F9BCC	thumb	ComputerScreenOpenEffect
0x080F9BF4	thumb	ComputerScreenCloseEffect
0x080F9C1C	thumb	IsComputerScreenOpenEffectActive
0x080F9C30	thumb	IsComputerScreenCloseEffectActive
0x080F9C44	thumb	CreateComputerScreenEffectTask
0x080F9C90	thumb	Task_ComputerScreenOpenEffect
0x080F9DFC	thumb	Task_ComputerScreenCloseEffect
0x080F9F5C	thumb	SetCurrentSecretBase
0x080F9F78	thumb	AdjustSecretPowerSpritePixelOffsets
0x080FA004	thumb	SetUpFieldMove_SecretPower
0x080FA0DC	thumb	FieldCallback_SecretBaseCave
0x080FA0FC	thumb	FldEff_UseSecretPowerCave
0x080FA128	thumb	StartSecretBaseCaveFieldEffect
0x080FA13C	thumb	FldEff_SecretPowerCave
0x080FA18C	thumb	SpriteCB_CaveEntranceInit
0x080FA1A8	thumb	SpriteCB_CaveEntranceOpen
0x080FA1D8	thumb	SpriteCB_CaveEntranceEnd
0x080FA1E8	thumb	FieldCallback_SecretBaseTree
0x080FA208	thumb	FldEff_UseSecretPowerTree
0x080FA234	thumb	StartSecretBaseTreeFieldEffect
0x080FA248	thumb	FldEff_SecretPowerTree
0x080FA2D8	thumb	SpriteCB_TreeEntranceInit
0x080FA304	thumb	SpriteCB_TreeEntranceOpen
0x080FA33C	thumb	SpriteCB_TreeEntranceEnd
0x080FA34C	thumb	FieldCallback_SecretBaseShrub
0x080FA36C	thumb	FldEff_UseSecretPowerShrub
0x080FA398	thumb	StartSecretBaseShrubFieldEffect
0x080FA3AC	thumb	FldEff_SecretPowerShrub
0x080FA3FC	thumb	SpriteCB_ShrubEntranceInit
0x080FA418	thumb	SpriteCB_ShrubEntranceOpen
0x080FA448	thumb	SpriteCB_ShrubEntranceEnd
0x080FA458	thumb	FldEff_SecretBasePCTurnOn
0x080FA4A0	thumb	Task_SecretBasePCTurnOn
0x080FA57C	thumb	DoSecretBasePCTurnOffEffect
0x080FA5E4	thumb	PopSecretBaseBalloon
0x080FA62C	thumb	Task_PopSecretBaseBalloon
0x080FA6AC	thumb	DoBalloonSoundEffect
0x080FA6FC	thumb	FldEff_Nop47
0x080FA700	thumb	FldEff_Nop48
0x080FA704	thumb	DoSecretBaseBreakableDoorEffect
0x080FA754	thumb	Task_ShatterSecretBaseBreakableDoor
0x080FA794	thumb	ShatterSecretBaseBreakableDoor
0x080FA7EC	thumb	Task_SecretBaseMusicNoteMatSound
0x080FA970	thumb	PlaySecretBaseMusicNoteMatSound
0x080FA9A4	thumb	SpriteCB_GlitterMatSparkle
0x080FA9D0	thumb	DoSecretBaseGlitterMatSparkle
0x080FAA7C	thumb	FldEff_SandPillar
0x080FABA4	thumb	SpriteCB_SandPillar_BreakTop
0x080FAC24	thumb	SpriteCB_SandPillar_BreakBase
0x080FAC68	thumb	SpriteCB_SandPillar_End
0x080FAC78	thumb	InteractWithShieldOrTVDecoration
0x080FADE4	thumb	IsLargeBreakableDecoration
0x080FAE38	thumb	Task_FieldPoisonEffect
0x080FAEA8	thumb	FldEffPoison_Start
0x080FAEC0	thumb	FldEffPoison_IsActive
0x080FAED4	thumb	Task_WateringBerryTreeAnim
0x080FAEF0	thumb	Task_WateringBerryTreeAnim_Start
0x080FAF64	thumb	Task_WateringBerryTreeAnim_Continue
0x080FAFD4	thumb	Task_WateringBerryTreeAnim_End
0x080FAFF8	thumb	DoWateringBerryTreeAnim
0x080FB00C	thumb	CreateRecordMixingLights
0x080FB074	thumb	DestroyRecordMixingLights
0x080FB0B0	thumb	GetTruckCameraBobbingY
0x080FB0DC	thumb	GetTruckBoxYMovement
0x080FB0F8	thumb	Task_Truck1
0x080FB1AC	thumb	Task_Truck2
0x080FB2C0	thumb	Task_Truck3
0x080FB36C	thumb	Task_HandleTruckSequence
0x080FB4E0	thumb	ExecuteTruckSequence
0x080FB540	thumb	EndTruckSequence
0x080FB59C	thumb	TrySetPortholeWarpDestination
0x080FB5E8	thumb	Task_HandlePorthole
0x080FB6EC	thumb	ShowSSTidalWhileSailing
0x080FB768	thumb	FieldCB_ShowPortholeView
0x080FB7A4	thumb	LookThroughPorthole
0x080FB7E8	thumb	GetCurrentMapRotatingGatePuzzleType
0x080FB818	thumb	RotatingGate_ResetAllGateOrientations
0x080FB854	thumb	RotatingGate_GetGateOrientation
0x080FB870	thumb	RotatingGate_SetGateOrientation
0x080FB890	thumb	RotatingGate_RotateInDirection
0x080FB8CC	thumb	RotatingGate_LoadPuzzleConfig
0x080FB928	thumb	RotatingGate_CreateGatesWithinViewport
0x080FB9FC	thumb	RotatingGate_CreateGate
0x080FBAE4	thumb	SpriteCallback_RotatingGate
0x080FBB64	thumb	RotatingGate_HideGatesOutsideViewport
0x080FBC00	thumb	LoadRotatingGatePics
0x080FBC10	thumb	RotatingGate_DestroyGatesOutsideViewport
0x080FBCDC	thumb	RotatingGate_CanRotate
0x080FBDB4	thumb	RotatingGate_HasArm
0x080FBE08	thumb	RotatingGate_TriggerRotationAnimation
0x080FBE3C	thumb	RotatingGate_GetRotationInfo
0x080FBE90	thumb	RotatingGate_InitPuzzle
0x080FBEA8	thumb	RotatingGatePuzzleCameraUpdate
0x080FBED0	thumb	RotatingGate_InitPuzzleAndGraphics
0x080FBEF0	thumb	CheckForRotatingGatePuzzleCollision
0x080FBFD4	thumb	CheckForRotatingGatePuzzleCollisionWithoutAnimation
0x080FC0A0	thumb	GetSafariZoneFlag
0x080FC0B4	thumb	SetSafariZoneFlag
0x080FC0C4	thumb	ResetSafariZoneFlag
0x080FC0D4	thumb	EnterSafariMode
0x080FC114	thumb	ExitSafariMode
0x080FC14C	thumb	SafariZoneTakeStep
0x080FC180	thumb	SafariZoneRetirePrompt
0x080FC190	thumb	CB2_EndSafariBattle
0x080FC228	thumb	ClearPokeblockFeeder
0x080FC244	thumb	ClearAllPokeblockFeeders
0x080FC258	thumb	GetPokeblockFeederInFront
0x080FC2E8	thumb	GetPokeblockFeederWithinRange
0x080FC388	thumb	SafariZoneGetPokeblockInFront
0x080FC3B8	thumb	SafariZoneGetActivePokeblock
0x080FC3E8	thumb	SafariZoneActivatePokeblockFeeder
0x080FC480	thumb	DecrementFeederStepCounters
0x080FC4B4	thumb	GetInFrontFeederPokeblockAndSteps
0x080FC4F4	thumb	LinkContest_SendBlock
0x080FC530	thumb	LinkContest_GetBlockReceived
0x080FC55C	thumb	LinkContest_GetBlockReceivedFromAllPlayers
0x080FC580	thumb	Task_LinkContest_Init
0x080FC5C0	thumb	Task_LinkContest_StartInitFlags
0x080FC5DC	thumb	Task_LinkContest_InitFlags
0x080FC670	thumb	LinkContest_TryLinkStandby
0x080FC6BC	thumb	Task_LinkContest_CommunicateMonsRS
0x080FC804	thumb	Task_LinkContest_CommunicateRngRS
0x080FC894	thumb	Task_LinkContest_CommunicateCategoryRS
0x080FC998	thumb	Task_LinkContest_CommunicateMonIdxs
0x080FC9F8	thumb	Task_LinkContest_CommunicateMoveSelections
0x080FCACC	thumb	Task_LinkContest_CommunicateFinalStandings
0x080FCC88	thumb	Task_LinkContest_CommunicateAppealsState
0x080FCE48	thumb	Task_LinkContest_CommunicateLeaderIdsRS
0x080FCF40	thumb	Task_LinkContest_CommunicateRound1Points
0x080FCFD0	thumb	Task_LinkContest_CommunicateTurnOrder
0x080FD060	thumb	SetUpItemUseCallback
0x080FD0DC	thumb	SetUpItemUseOnFieldCallback
0x080FD124	thumb	FieldCB_UseItemOnField
0x080FD13C	thumb	Task_CallItemUseOnFieldCallback
0x080FD164	thumb	DisplayCannotUseItemMessage
0x080FD1C8	thumb	DisplayDadsAdviceCannotUseItemMessage
0x080FD1E0	thumb	DisplayCannotDismountBikeMessage
0x080FD1F8	thumb	Task_CloseCantUseKeyItemMessage
0x080FD21C	thumb	CheckIfItemIsTMHMOrEvolutionStone
0x080FD254	thumb	CB2_CheckMail
0x080FD278	thumb	ItemUseOutOfBattle_Mail
0x080FD298	thumb	ItemUseOutOfBattle_Bike
0x080FD358	thumb	ItemUseOnFieldCB_Bike
0x080FD394	thumb	CanFish
0x080FD428	thumb	ItemUseOutOfBattle_Rod
0x080FD468	thumb	ItemUseOnFieldCB_Rod
0x080FD490	thumb	ItemUseOutOfBattle_Itemfinder
0x080FD4B8	thumb	ItemUseOnFieldCB_Itemfinder
0x080FD504	thumb	Task_UseItemfinder
0x080FD5CC	thumb	Task_CloseItemfinderMessage
0x080FD5F0	thumb	ItemfinderCheckForHiddenItems
0x080FD6D4	thumb	IsHiddenItemPresentAtCoords
0x080FD730	thumb	IsHiddenItemPresentInConnection
0x080FD7C8	thumb	CheckForHiddenItemsInMapConnection
0x080FD8E0	thumb	SetDistanceOfClosestHiddenItem
0x080FD9B0	thumb	GetDirectionToHiddenItem
0x080FDA24	thumb	PlayerFaceHiddenItem
0x080FDA94	thumb	Task_HiddenItemNearby
0x080FDADC	thumb	Task_StandingOnHiddenItem
0x080FDB6C	thumb	ItemUseOutOfBattle_PokeblockCase
0x080FDBEC	thumb	CB2_OpenPokeblockFromBag
0x080FDC00	thumb	Task_OpenRegisteredPokeblockCase
0x080FDC34	thumb	ItemUseOutOfBattle_CoinCase
0x080FDCA4	thumb	ItemUseOutOfBattle_PowderJar
0x080FDD10	thumb	ItemUseOutOfBattle_Berry
0x080FDD74	thumb	ItemUseOnFieldCB_Berry
0x080FDDA4	thumb	ItemUseOutOfBattle_WailmerPail
0x080FDE08	thumb	ItemUseOnFieldCB_WailmerPailBerry
0x080FDE2C	thumb	TryToWaterSudowoodo
0x080FDE7C	thumb	ItemUseOnFieldCB_WailmerPailSudowoodo
0x080FDEA0	thumb	ItemUseOutOfBattle_Medicine
0x080FDEBC	thumb	ItemUseOutOfBattle_ReduceEV
0x080FDED8	thumb	ItemUseOutOfBattle_SacredAsh
0x080FDEF4	thumb	ItemUseOutOfBattle_PPRecovery
0x080FDF10	thumb	ItemUseOutOfBattle_PPUp
0x080FDF2C	thumb	ItemUseOutOfBattle_RareCandy
0x080FDF48	thumb	ItemUseOutOfBattle_TMHM
0x080FDF90	thumb	BootUpSoundTMHM
0x080FDFBC	thumb	Task_ShowTMHMContainedMessage
0x080FE024	thumb	UseTMHMYesNo
0x080FE03C	thumb	UseTMHM
0x080FE058	thumb	RemoveUsedItem
0x080FE0BC	thumb	ItemUseOutOfBattle_Repel
0x080FE124	thumb	Task_StartUseRepel
0x080FE164	thumb	Task_UseRepel
0x080FE1D0	thumb	Task_UsedBlackWhiteFlute
0x080FE234	thumb	ItemUseOutOfBattle_BlackWhiteFlute
0x080FE2BC	thumb	Task_UseDigEscapeRopeOnField
0x080FE2D8	thumb	ItemUseOnFieldCB_EscapeRope
0x080FE314	thumb	CanUseDigOrEscapeRopeOnCurMap
0x080FE334	thumb	ItemUseOutOfBattle_EscapeRope
0x080FE378	thumb	ItemUseOutOfBattle_EvolutionStone
0x080FE394	thumb	ItemUseInBattle_PokeBall
0x080FE408	thumb	Task_CloseStatIncreaseMessage
0x080FE440	thumb	Task_UseStatIncreaseItem
0x080FE4B8	thumb	ItemUseInBattle_StatIncrease
0x080FE54C	thumb	ItemUseInBattle_ShowPartyMenu
0x080FE590	thumb	ItemUseInBattle_Medicine
0x080FE5AC	thumb	ItemUseInBattle_SacredAsh
0x080FE5C8	thumb	ItemUseInBattle_PPRecovery
0x080FE5E4	thumb	ItemUseInBattle_Escape
0x080FE650	thumb	ItemUseOutOfBattle_EnigmaBerry
0x080FE77C	thumb	ItemUseInBattle_EnigmaBerry
0x080FE820	thumb	ItemUseOutOfBattle_CannotUse
0x080FE840	thumb	AnimMovePowderParticle
0x080FE898	thumb	AnimMovePowderParticle_Step
0x080FE8E0	thumb	AnimPowerAbsorptionOrb
0x080FE930	thumb	AnimSolarBeamBigOrb
0x080FE988	thumb	AnimSolarBeamSmallOrb
0x080FE9E4	thumb	AnimSolarBeamSmallOrb_Step
0x080FEA58	thumb	AnimTask_CreateSmallSolarBeamOrbs
0x080FEAD8	thumb	AnimAbsorptionOrb
0x080FEB28	thumb	AnimAbsorptionOrb_Step
0x080FEB44	thumb	AnimHyperBeamOrb
0x080FEBFC	thumb	AnimHyperBeamOrb_Step
0x080FEC48	thumb	AnimLeechSeed
0x080FECB8	thumb	AnimLeechSeed_Step
0x080FECF0	thumb	AnimLeechSeedSprouts
0x080FED28	thumb	AnimSporeParticle
0x080FED74	thumb	AnimSporeParticle_Step
0x080FEE1C	thumb	AnimTask_SporeDoubleBattle
0x080FEE78	thumb	AnimPetalDanceBigFlower
0x080FEECC	thumb	AnimPetalDanceBigFlower_Step
0x080FEF44	thumb	AnimPetalDanceSmallFlower
0x080FEF98	thumb	AnimPetalDanceSmallFlower_Step
0x080FEFFC	thumb	AnimRazorLeafParticle
0x080FF044	thumb	AnimRazorLeafParticle_Step1
0x080FF090	thumb	AnimRazorLeafParticle_Step2
0x080FF0F4	thumb	AnimTranslateLinearSingleSineWave
0x080FF1C0	thumb	AnimTranslateLinearSingleSineWave_Step
0x080FF268	thumb	AnimMoveTwisterParticle
0x080FF2BC	thumb	AnimMoveTwisterParticle_Step
0x080FF374	thumb	AnimConstrictBinding
0x080FF3B0	thumb	AnimConstrictBinding_Step1
0x080FF3EC	thumb	AnimConstrictBinding_Step2
0x080FF458	thumb	AnimTask_ShrinkTargetCopy
0x080FF53C	thumb	AnimTask_DuplicateAndShrinkToPos_Step1
0x080FF5CC	thumb	AnimTask_DuplicateAndShrinkToPos_Step2
0x080FF698	thumb	AnimMimicOrb
0x080FF768	thumb	AnimIngrainRoot
0x080FF7EC	thumb	AnimFrenzyPlantRoot
0x080FF8DC	thumb	AnimRootFlickerOut
0x080FF934	thumb	AnimIngrainOrb
0x080FF9B8	thumb	InitItemBagData
0x080FF9E0	thumb	moveAlongLinearPath
0x080FFA84	thumb	AnimItemSteal_Step2
0x080FFAB4	thumb	AnimItemSteal_Step1
0x080FFB18	thumb	AnimPresent
0x080FFB90	thumb	AnimKnockOffOpponentsItem
0x080FFBF4	thumb	AnimKnockOffItem
0x080FFC70	thumb	AnimPresentHealParticle
0x080FFCB4	thumb	AnimItemSteal
0x080FFD2C	thumb	AnimItemSteal_Step3
0x080FFDBC	thumb	AnimTrickBag
0x080FFE58	thumb	AnimTrickBag_Step1
0x080FFEC4	thumb	AnimTrickBag_Step2
0x080FFF7C	thumb	AnimTrickBag_Step3
0x080FFFC0	thumb	AnimTask_LeafBlade
0x08100128	thumb	AnimTask_LeafBlade_Step
0x08100504	thumb	LeafBladeGetPosFactor
0x08100524	thumb	AnimTask_LeafBlade_Step2
0x081005D4	thumb	AnimTask_LeafBlade_Step2_Callback
0x08100640	thumb	AnimFlyingParticle
0x0810074C	thumb	AnimFlyingParticle_Step
0x081007C4	thumb	AnimTask_CycleMagicalLeafPal
0x08100898	thumb	AnimNeedleArmSpike
0x081009A0	thumb	AnimNeedleArmSpike_Step
0x081009DC	thumb	AnimWhipHit_WaitEnd
0x081009F8	thumb	AnimSlidingHit
0x08100A50	thumb	AnimWhipHit
0x08100A94	thumb	AnimFlickeringPunch
0x08100AE0	thumb	AnimCuttingSlice
0x08100B88	thumb	AnimAirCutterSlice
0x08100CCC	thumb	AnimSlice_Step
0x08100D38	thumb	UnusedFlickerAnim
0x08100E1C	thumb	AnimCirclingMusicNote
0x08100E80	thumb	AnimCirclingMusicNote_Step
0x08100EF0	thumb	AnimProtect
0x08100FD4	thumb	AnimProtect_Step
0x081010CC	thumb	AnimMilkBottle
0x08101138	thumb	AnimMilkBottle_Step1
0x08101298	thumb	AnimMilkBottle_Step2
0x0810130C	thumb	AnimGrantingStars
0x0810135C	thumb	AnimSparklingStars
0x08101440	thumb	AnimBubbleBurst
0x081014A0	thumb	AnimBubbleBurst_Step
0x081014F4	thumb	AnimSleepLetterZ
0x08101560	thumb	AnimSleepLetterZ_Step
0x081015AC	thumb	AnimLockOnTarget
0x081015D4	thumb	AnimLockOnTarget_Step1
0x08101684	thumb	AnimLockOnTarget_Step2
0x081016B8	thumb	AnimLockOnTarget_Step3
0x08101774	thumb	AnimLockOnTarget_Step4
0x08101820	thumb	AnimLockOnTarget_Step5
0x08101848	thumb	AnimLockOnTarget_Step6
0x08101898	thumb	AnimLockOnMoveTarget
0x08101940	thumb	AnimBowMon
0x08101998	thumb	AnimBowMon_Step1
0x081019E8	thumb	AnimBowMon_Step1_Callback
0x08101A74	thumb	AnimBowMon_Step2
0x08101AC4	thumb	AnimBowMon_Step3
0x08101AE8	thumb	AnimBowMon_Step3_Callback
0x08101B84	thumb	AnimBowMon_Step4
0x08101B90	thumb	AnimTipMon
0x08101BA0	thumb	AnimTipMon_Step
0x08101C94	thumb	AnimTask_SkullBashPosition
0x08101D2C	thumb	AnimTask_SkullBashPositionSet
0x08101EEC	thumb	AnimTask_SkullBashPositionReset
0x08101F40	thumb	AnimSlashSlice
0x08101FA8	thumb	AnimFalseSwipeSlice
0x08101FF0	thumb	AnimFalseSwipePositionedSlice
0x08102044	thumb	AnimFalseSwipeSlice_Step1
0x0810207C	thumb	AnimFalseSwipeSlice_Step2
0x0810208C	thumb	AnimFalseSwipeSlice_Step3
0x081020D8	thumb	AnimEndureEnergy
0x0810213C	thumb	AnimEndureEnergy_Step
0x0810217C	thumb	AnimSharpenSphere
0x081021CC	thumb	AnimSharpenSphere_Step
0x08102268	thumb	AnimConversion
0x081022D4	thumb	AnimTask_ConversionAlphaBlend
0x0810234C	thumb	AnimConversion2
0x0810237C	thumb	AnimConversion2_Step
0x081023E0	thumb	AnimTask_Conversion2AlphaBlend
0x08102434	thumb	AnimTask_HideBattlersHealthbox
0x081024A8	thumb	AnimTask_ShowBattlersHealthbox
0x081024E0	thumb	AnimMoon
0x08102528	thumb	AnimMoon_Step
0x08102540	thumb	AnimMoonlightSparkle
0x08102584	thumb	AnimMoonlightSparkle_Step
0x081025C0	thumb	AnimTask_MoonlightEndFade
0x081026A8	thumb	AnimTask_MoonlightEndFade_Step
0x08102844	thumb	AnimHornHit
0x0810296C	thumb	AnimHornHit_Step
0x081029B4	thumb	AnimTask_DoubleTeam
0x08102AE0	thumb	AnimTask_DoubleTeam_Step
0x08102B3C	thumb	AnimDoubleTeam
0x08102BCC	thumb	AnimSuperFang
0x08102BE8	thumb	AnimTask_MusicNotesRainbowBlend
0x08102CA0	thumb	AnimTask_MusicNotesClearRainbowBlend
0x08102CD4	thumb	AnimWavyMusicNotes
0x08102D8C	thumb	AnimWavyMusicNotes_CalcVelocity
0x08102DE4	thumb	AnimWavyMusicNotes_Step
0x08102EB0	thumb	AnimFlyingMusicNotes
0x08102F40	thumb	AnimFlyingMusicNotes_Step
0x08102FB8	thumb	AnimBellyDrumHand
0x08103028	thumb	AnimSlowFlyingMusicNotes
0x081030B0	thumb	AnimSlowFlyingMusicNotes_Step
0x0810310C	thumb	SetSpriteNextToMonHead
0x08103164	thumb	AnimThoughtBubble
0x081031D0	thumb	AnimThoughtBubble_Step
0x08103208	thumb	AnimMetronomeFinger
0x08103250	thumb	AnimMetronomeFinger_Step
0x08103284	thumb	AnimFollowMeFinger
0x08103300	thumb	AnimFollowMeFinger_Step1
0x08103320	thumb	AnimFollowMeFinger_Step2
0x08103390	thumb	AnimTauntFinger
0x081033F0	thumb	AnimTauntFinger_Step1
0x0810342C	thumb	AnimTauntFinger_Step2
0x08103448	thumb	AnimCirclingFinger
0x08103498	thumb	AnimBouncingMusicNote
0x081034D8	thumb	AnimBouncingMusicNote_Step
0x0810353C	thumb	AnimVibrateBattlerBack_Step
0x0810358C	thumb	AnimVibrateBattlerBack
0x08103620	thumb	AnimMovingClamp
0x08103658	thumb	AnimMovingClamp_Step
0x08103680	thumb	AnimMovingClamp_End
0x081036A0	thumb	AnimTask_Withdraw
0x081036DC	thumb	AnimTask_Withdraw_Step
0x081037D8	thumb	AnimKinesisZapEnergy
0x0810387C	thumb	AnimSwordsDanceBlade
0x081038A0	thumb	AnimSwordsDanceBlade_Step
0x081038C8	thumb	AnimSonicBoomProjectile
0x081039CC	thumb	AnimAirWaveProjectile_Step2
0x08103A00	thumb	AnimAirWaveProjectile_Step1
0x08103AA4	thumb	AnimAirWaveProjectile
0x08103BE4	thumb	AirCutterProjectileStep2
0x08103C0C	thumb	AirCutterProjectileStep1
0x08103CF0	thumb	AnimTask_AirCutterProjectile
0x08103FE8	thumb	AnimVoidLines
0x08104018	thumb	AnimVoidLines_Step
0x08104088	thumb	AnimCoinThrow
0x0810413C	thumb	AnimFallingCoin
0x08104154	thumb	AnimFallingCoin_Step
0x081041C4	thumb	AnimBulletSeed
0x0810421C	thumb	AnimBulletSeed_Step1
0x081042A0	thumb	AnimBulletSeed_Step2
0x08104304	thumb	AnimRazorWindTornado
0x08104364	thumb	AnimViceGripPincer
0x081043F8	thumb	AnimViceGripPincer_Step
0x08104414	thumb	AnimGuillotinePincer
0x081044BC	thumb	AnimGuillotinePincer_Step1
0x08104530	thumb	AnimGuillotinePincer_Step2
0x08104594	thumb	AnimGuillotinePincer_Step3
0x081045B0	thumb	AnimTask_GrowAndGrayscale
0x08104614	thumb	AnimTask_GrowAndGrayscale_Step
0x08104674	thumb	AnimTask_Minimize
0x081046CC	thumb	AnimTask_Minimize_Step
0x08104800	thumb	CreateMinimizeSprite
0x081048F0	thumb	ClonedMinizeSprite_Step
0x08104938	thumb	AnimTask_Splash
0x08104998	thumb	AnimTask_Splash_Step
0x08104AB4	thumb	AnimTask_GrowAndShrink
0x08104AF0	thumb	AnimTask_GrowAndShrink_Step
0x08104B1C	thumb	AnimBreathPuff
0x08104BAC	thumb	AnimAngerMark
0x08104C38	thumb	AnimTask_ThrashMoveMonHorizontal
0x08104C78	thumb	AnimTask_ThrashMoveMonHorizontal_Step
0x08104CA4	thumb	AnimTask_ThrashMoveMonVertical
0x08104D28	thumb	AnimTask_ThrashMoveMonVertical_Step
0x08104E74	thumb	AnimTask_SketchDrawMon
0x08104F54	thumb	AnimTask_SketchDrawMon_Step
0x0810501C	thumb	AnimPencil
0x08105078	thumb	AnimPencil_Step
0x081051C4	thumb	AnimBlendThinRing
0x08105284	thumb	AnimHyperVoiceRing_WaitEnd
0x081052A4	thumb	AnimHyperVoiceRing
0x081054E8	thumb	AnimUproarRing
0x08105538	thumb	AnimSoftBoiledEgg
0x0810557C	thumb	AnimSoftBoiledEgg_Step1
0x081055F4	thumb	AnimSoftBoiledEgg_Step2
0x0810561C	thumb	AnimSoftBoiledEgg_Step3
0x08105694	thumb	AnimSoftBoiledEgg_Step3_Callback1
0x081056D4	thumb	AnimSoftBoiledEgg_Step3_Callback2
0x0810571C	thumb	AnimSoftBoiledEgg_Step4
0x0810575C	thumb	AnimSoftBoiledEgg_Step4_Callback
0x0810577C	thumb	AnimTask_AttackerStretchAndDisappear
0x081057B8	thumb	AnimTask_AttackerStretchAndDisappear_Step
0x08105810	thumb	AnimTask_ExtremeSpeedImpact
0x08105878	thumb	AnimTask_ExtremeSpeedImpact_Step
0x0810599C	thumb	AnimTask_ExtremeSpeedMonReappear
0x081059E0	thumb	AnimTask_ExtremeSpeedMonReappear_Step
0x08105AAC	thumb	AnimTask_SpeedDust
0x08105B08	thumb	AnimTask_SpeedDust_Step
0x08105C48	thumb	AnimSpeedDust
0x08105CB4	thumb	AnimTask_LoadMusicNotesPals
0x08105D60	thumb	AnimTask_FreeMusicNotesPals
0x08105D88	thumb	SetMusicNotePalette
0x08105DE8	thumb	AnimHealBellMusicNote
0x08105E60	thumb	AnimMagentaHeart
0x08105EB0	thumb	AnimTask_FakeOut
0x08105F30	thumb	AnimTask_FakeOut_Step1
0x08105F84	thumb	AnimTask_FakeOut_Step2
0x08106020	thumb	AnimTask_StretchTargetUp
0x081060B0	thumb	AnimTask_StretchAttackerUp
0x08106140	thumb	AnimRedHeartProjectile
0x0810618C	thumb	AnimRedHeartProjectile_Step
0x081061C4	thumb	AnimParticleBurst
0x0810624C	thumb	AnimRedHeartRising
0x0810627C	thumb	AnimRedHeartRising_Step
0x081062E8	thumb	AnimTask_HeartsBackground
0x081063A8	thumb	AnimTask_HeartsBackground_Step
0x081064F8	thumb	AnimTask_ScaryFace
0x081065EC	thumb	AnimTask_ScaryFace_Step
0x0810673C	thumb	AnimOrbitFast
0x0810679C	thumb	AnimOrbitFast_Step
0x08106878	thumb	AnimOrbitScatter
0x081068CC	thumb	AnimOrbitScatter_Step
0x08106914	thumb	AnimSpitUpOrb_Step
0x08106944	thumb	AnimSpitUpOrb
0x0810699C	thumb	AnimEyeSparkle_Step
0x081069B8	thumb	AnimEyeSparkle
0x081069D0	thumb	AnimAngel
0x08106A64	thumb	AnimPinkHeart_Step
0x08106AD0	thumb	AnimPinkHeart
0x08106B54	thumb	AnimDevil
0x08106C80	thumb	AnimFurySwipes
0x08106CD0	thumb	AnimMovementWaves
0x08106D5C	thumb	AnimMovementWaves_Step
0x08106D90	thumb	AnimTask_UproarDistortion
0x08106DD4	thumb	AnimTask_UproarDistortion_Step
0x08106E00	thumb	AnimJaggedMusicNote
0x08106EC8	thumb	AnimJaggedMusicNote_Step
0x08106F00	thumb	AnimPerishSongMusicNote2
0x08106F60	thumb	AnimPerishSongMusicNote
0x08107018	thumb	AnimPerishSongMusicNote_Step1
0x0810703C	thumb	AnimPerishSongMusicNote_Step2
0x081070AC	thumb	AnimGuardRing
0x08107144	thumb	AnimTask_IsFuryCutterHitRight
0x08107168	thumb	AnimTask_GetFuryCutterHitCount
0x08107188	thumb	AnimTask_CreateRaindrops
0x0810721C	thumb	AnimRainDrop
0x08107228	thumb	AnimRainDrop_Step
0x08107260	thumb	AnimWaterBubbleProjectile
0x08107380	thumb	AnimWaterBubbleProjectile_Step1
0x08107408	thumb	AnimWaterBubbleProjectile_Step2
0x08107430	thumb	AnimWaterBubbleProjectile_Step3
0x0810744C	thumb	AnimAuroraBeamRings
0x081074E4	thumb	AnimAuroraBeamRings_Step
0x08107528	thumb	AnimTask_RotateAuroraRingColors
0x0810756C	thumb	AnimTask_RotateAuroraRingColors_Step
0x081075EC	thumb	AnimToTargetInSinWave
0x08107674	thumb	AnimToTargetInSinWave_Step
0x081076C8	thumb	AnimTask_StartSinAnimTimer
0x081076F4	thumb	AnimTask_RunSinAnimTimer
0x08107730	thumb	AnimHydroCannonCharge
0x081077A4	thumb	AnimHydroCannonCharge_Step
0x081077C0	thumb	AnimHydroCannonBeam
0x08107894	thumb	AnimWaterGunDroplet
0x081078D0	thumb	AnimSmallBubblePair
0x0810790C	thumb	AnimSmallBubblePair_Step
0x08107954	thumb	AnimTask_CreateSurfWave
0x08107B84	thumb	AnimTask_CreateSurfWave_Step1
0x08107CC4	thumb	AnimTask_CreateSurfWave_Step2
0x08107D58	thumb	AnimTask_SurfWaveScanlineEffect
0x08108034	thumb	AnimSmallDriftingBubbles
0x08108098	thumb	AnimSmallDriftingBubbles_Step
0x081080E4	thumb	AnimTask_WaterSpoutLaunch
0x08108140	thumb	AnimTask_WaterSpoutLaunch_Step
0x08108384	thumb	GetWaterSpoutPowerForAnim
0x08108408	thumb	CreateWaterSpoutLaunchDroplets
0x0810851C	thumb	AnimSmallWaterOrb
0x081085C8	thumb	AnimTask_WaterSpoutRain
0x0810862C	thumb	AnimTask_WaterSpoutRain_Step
0x0810871C	thumb	CreateWaterSpoutRainDroplet
0x081087C0	thumb	AnimWaterSpoutRain
0x0810886C	thumb	AnimWaterSpoutRainHit
0x081088E4	thumb	AnimTask_WaterSport
0x08108978	thumb	AnimTask_WaterSport_Step
0x08108AC0	thumb	CreateWaterSportDroplet
0x08108B2C	thumb	AnimWaterSportDroplet
0x08108B94	thumb	AnimWaterSportDroplet_Step
0x08108BE0	thumb	AnimWaterPulseBubble
0x08108C08	thumb	AnimWaterPulseBubble_Step
0x08108C54	thumb	AnimWaterPulseRingBubble
0x08108C94	thumb	AnimWaterPulseRing
0x08108CDC	thumb	AnimWaterPulseRing_Step
0x08108D54	thumb	CreateWaterPulseRingBubbles
0x08108EC8	thumb	AnimFireSpiralInward
0x08108F08	thumb	AnimFireSpread
0x08108F4C	thumb	AnimFirePlume
0x08108FBC	thumb	AnimLargeFlame
0x08109028	thumb	AnimLargeFlame_Step
0x08109064	thumb	AnimUnusedSmallEmber
0x081090D8	thumb	AnimUnusedSmallEmber_Step
0x0810916C	thumb	AnimSunlight
0x08109198	thumb	AnimEmberFlare
0x08109200	thumb	AnimBurnFlame
0x0810921C	thumb	AnimFireRing
0x08109244	thumb	AnimFireRing_Step1
0x0810929C	thumb	AnimFireRing_Step2
0x08109314	thumb	AnimFireRing_Step3
0x08109338	thumb	UpdateFireRingCircleOffset
0x08109364	thumb	AnimFireCross
0x081093A4	thumb	AnimFireSpiralOutward
0x081093E4	thumb	AnimFireSpiralOutward_Step1
0x0810940C	thumb	AnimFireSpiralOutward_Step2
0x08109460	thumb	AnimTask_EruptionLaunchRocks
0x081094D0	thumb	AnimTask_EruptionLaunchRocks_Step
0x081097B4	thumb	CreateEruptionLaunchRocks
0x081098EC	thumb	AnimEruptionLaunchRock
0x08109930	thumb	GetEruptionLaunchRockInitialYPos
0x08109984	thumb	InitEruptionLaunchRockCoordData
0x081099A0	thumb	UpdateEruptionLaunchRockPos
0x08109A10	thumb	AnimEruptionFallingRock
0x08109A64	thumb	AnimEruptionFallingRock_Step
0x08109AFC	thumb	AnimWillOWispOrb
0x08109C4C	thumb	AnimWillOWispOrb_Step
0x08109CB0	thumb	AnimWillOWispFire
0x08109DBC	thumb	AnimTask_MoveHeatWaveTargets
0x08109E2C	thumb	AnimTask_MoveHeatWaveTargets_Step
0x0810A060	thumb	AnimTask_BlendBackground
0x0810A094	thumb	AnimTask_ShakeTargetInPattern
0x0810A1A8	thumb	AnimLightning
0x0810A1F8	thumb	AnimLightning_Step
0x0810A214	thumb	AnimUnusedSpinningFist
0x0810A258	thumb	AnimUnusedSpinningFist_Step
0x0810A274	thumb	AnimUnusedCirclingShock
0x0810A308	thumb	AnimSparkElectricity
0x0810A46C	thumb	AnimZapCannonSpark
0x0810A4F4	thumb	AnimZapCannonSpark_Step
0x0810A56C	thumb	AnimThunderboltOrb_Step
0x0810A5BC	thumb	AnimThunderboltOrb
0x0810A628	thumb	AnimSparkElectricityFlashing
0x0810A6EC	thumb	AnimSparkElectricityFlashing_Step
0x0810A75C	thumb	AnimElectricity
0x0810A7DC	thumb	AnimTask_ElectricBolt
0x0810A834	thumb	AnimTask_ElectricBolt_Step
0x0810A9DC	thumb	AnimElectricBoltSegment
0x0810AA2C	thumb	AnimThunderWave
0x0810AAB0	thumb	AnimThunderWave_Step
0x0810AAFC	thumb	AnimTask_ElectricChargingParticles
0x0810AB78	thumb	AnimTask_ElectricChargingParticles_Step
0x0810AC8C	thumb	AnimElectricChargingParticles_Step
0x0810ACC0	thumb	AnimElectricChargingParticles
0x0810ACD8	thumb	AnimGrowingChargeOrb
0x0810AD30	thumb	AnimElectricPuff
0x0810AD98	thumb	AnimVoltTackleOrbSlide
0x0810ADF8	thumb	AnimVoltTackleOrbSlide_Step
0x0810AE5C	thumb	AnimTask_VoltTackleAttackerReappear
0x0810AFCC	thumb	AnimTask_VoltTackleBolt
0x0810B154	thumb	CreateVoltTackleBolt
0x0810B1F0	thumb	AnimVoltTackleBolt
0x0810B23C	thumb	AnimGrowingShockWaveOrb
0x0810B29C	thumb	AnimTask_ShockWaveProgressingBolt
0x0810B430	thumb	CreateShockWaveBoltSprite
0x0810B51C	thumb	AnimShockWaveProgressingBolt
0x0810B55C	thumb	AnimTask_ShockWaveLightning
0x0810B614	thumb	CreateShockWaveLightningSprite
0x0810B684	thumb	AnimShockWaveLightning
0x0810B6C4	thumb	AnimUnusedIceCrystalThrow
0x0810B848	thumb	AnimUnusedIceCrystalThrow_Step
0x0810B8AC	thumb	AnimIcePunchSwirlingParticle
0x0810B8EC	thumb	AnimIceBeamParticle
0x0810B974	thumb	AnimIceEffectParticle
0x0810B9E8	thumb	AnimFlickerIceEffectParticle
0x0810BA24	thumb	AnimSwirlingSnowball
0x0810BB60	thumb	AnimSwirlingSnowball_Step1
0x0810BBC8	thumb	AnimSwirlingSnowball_Step2
0x0810BC4C	thumb	AnimSwirlingSnowball_End
0x0810BC94	thumb	AnimMoveParticleBeyondTarget
0x0810BDD8	thumb	AnimWiggleParticleTowardsTarget
0x0810BE48	thumb	AnimWaveFromCenterOfTarget
0x0810BED0	thumb	InitSwirlingFogAnim
0x0810C008	thumb	AnimSwirlingFogAnim
0x0810C0A0	thumb	AnimTask_HazeScrollingFog
0x0810C164	thumb	AnimTask_HazeScrollingFog_Step
0x0810C2F0	thumb	AnimThrowMistBall
0x0810C324	thumb	AnimTask_MistBallFog
0x0810C3F0	thumb	AnimTask_MistBallFog_Step
0x0810C560	thumb	InitPoisonGasCloudAnim
0x0810C6D4	thumb	MovePoisonGasCloud
0x0810C918	thumb	AnimTask_Hail
0x0810C934	thumb	AnimTask_Hail2
0x0810C9E4	thumb	GenerateHailParticle
0x0810CB58	thumb	AnimHailBegin
0x0810CC3C	thumb	AnimHailContinue
0x0810CC88	thumb	InitIceBallAnim
0x0810CD1C	thumb	AnimThrowIceBall
0x0810CD4C	thumb	InitIceBallParticle
0x0810CDB0	thumb	AnimIceBallParticle
0x0810CDFC	thumb	AnimTask_GetIceBallCounter
0x0810CE2C	thumb	AnimUnusedHumanoidFoot
0x0810CE68	thumb	AnimSlideHandOrFootToTarget
0x0810CEB4	thumb	AnimJumpKick
0x0810CEE0	thumb	AnimBasicFistOrFoot
0x0810CF30	thumb	AnimFistOrFootRandomPos
0x0810D0B8	thumb	AnimFistOrFootRandomPos_Step
0x0810D10C	thumb	AnimCrossChopHand
0x0810D164	thumb	AnimCrossChopHand_Step
0x0810D1B4	thumb	AnimSlidingKick
0x0810D240	thumb	AnimSlidingKick_Step
0x0810D278	thumb	AnimSpinningKickOrPunch
0x0810D2B0	thumb	AnimSpinningKickOrPunchFinish
0x0810D2E4	thumb	AnimStompFoot
0x0810D308	thumb	AnimStompFoot_Step
0x0810D360	thumb	AnimStompFoot_End
0x0810D37C	thumb	AnimDizzyPunchDuck
0x0810D40C	thumb	AnimBrickBreakWall
0x0810D47C	thumb	AnimBrickBreakWall_Step
0x0810D4F4	thumb	AnimBrickBreakWallShard
0x0810D5DC	thumb	AnimBrickBreakWallShard_Step
0x0810D608	thumb	AnimSuperpowerOrb
0x0810D6A8	thumb	AnimSuperpowerOrb_Step
0x0810D714	thumb	AnimSuperpowerRock
0x0810D770	thumb	AnimSuperpowerRock_Step1
0x0810D830	thumb	AnimSuperpowerRock_Step2
0x0810D874	thumb	AnimSuperpowerFireball
0x0810D960	thumb	AnimArmThrustHit_Step
0x0810D984	thumb	AnimArmThrustHit
0x0810DA10	thumb	AnimRevengeScratch
0x0810DA7C	thumb	AnimFocusPunchFist
0x0810DABC	thumb	AnimTask_MoveSkyUppercutBg
0x0810DBAC	thumb	AnimSludgeProjectile
0x0810DC10	thumb	AnimSludgeProjectile_Step
0x0810DC2C	thumb	AnimAcidPoisonBubble
0x0810DCB4	thumb	AnimAcidPoisonBubble_Step
0x0810DCD0	thumb	AnimSludgeBombHitParticle
0x0810DD24	thumb	AnimSludgeBombHitParticle_Step
0x0810DD50	thumb	AnimAcidPoisonDroplet
0x0810DDC4	thumb	AnimBubbleEffect
0x0810DE2C	thumb	AnimBubbleEffect_Step
0x0810DE70	thumb	AnimEllipticalGust
0x0810DE98	thumb	AnimEllipticalGust_Step
0x0810DED8	thumb	AnimTask_AnimateGustTornadoPalette
0x0810DF18	thumb	AnimTask_AnimateGustTornadoPalette_Step
0x0810DFA8	thumb	AnimGustToTarget
0x0810E028	thumb	AnimGustToTarget_Step
0x0810E044	thumb	AnimAirWaveCrescent
0x0810E13C	thumb	AnimFlyBallUp
0x0810E184	thumb	AnimFlyBallUp_Step
0x0810E1C8	thumb	AnimFlyBallAttack
0x0810E24C	thumb	AnimFlyBallAttack_Step
0x0810E2C8	thumb	DestroyAnimSpriteAfterTimer
0x0810E314	thumb	AnimFallingFeather
0x0810E520	thumb	AnimFallingFeather_Step
0x0810EA4C	thumb	AnimUnusedBubbleThrow
0x0810EAA0	thumb	AnimWhirlwindLine
0x0810EB40	thumb	AnimWhirlwindLine_Step
0x0810EB88	thumb	AnimTask_DrillPeckHitSplats
0x0810EC34	thumb	AnimBounceBallShrink
0x0810EC94	thumb	AnimBounceBallLand
0x0810ED28	thumb	AnimDiveBall
0x0810ED70	thumb	AnimDiveBall_Step1
0x0810EDD0	thumb	AnimDiveBall_Step2
0x0810EE14	thumb	AnimDiveWaterSplash
0x0810EEF8	thumb	AnimSprayWaterDroplet
0x0810EFA8	thumb	AnimSprayWaterDroplet_Step
0x0810F004	thumb	AnimUnusedFlashingLight
0x0810F018	thumb	AnimUnusedFlashingLight_Step
0x0810F084	thumb	AnimSkyAttackBird
0x0810F140	thumb	AnimSkyAttackBird_Step
0x0810F184	thumb	AnimTask_SetAttackerVisibility
0x0810F1EC	thumb	AnimDefensiveWall
0x0810F340	thumb	AnimDefensiveWall_Step1
0x0810F3C8	thumb	AnimDefensiveWall_Step2
0x0810F400	thumb	AnimDefensiveWall_Step3
0x0810F46C	thumb	AnimDefensiveWall_Step4
0x0810F524	thumb	AnimDefensiveWall_Step5
0x0810F58C	thumb	AnimWallSparkle
0x0810F634	thumb	AnimBentSpoon
0x0810F6B0	thumb	AnimQuestionMark
0x0810F740	thumb	AnimQuestionMark_Step1
0x0810F774	thumb	AnimQuestionMark_Step2
0x0810F7D4	thumb	AnimTask_MeditateStretchAttacker
0x0810F810	thumb	AnimTask_MeditateStretchAttacker_Step
0x0810F83C	thumb	AnimTask_Teleport
0x0810F898	thumb	AnimTask_Teleport_Step
0x0810F940	thumb	AnimTask_ImprisonOrbs
0x0810F9D4	thumb	AnimTask_ImprisonOrbs_Step
0x0810FB60	thumb	AnimRedX_Step
0x0810FBA8	thumb	AnimRedX
0x0810FBF0	thumb	AnimTask_SkillSwap
0x0810FD3C	thumb	AnimTask_SkillSwap_Step
0x0810FDF0	thumb	AnimSkillSwapOrb
0x0810FE14	thumb	AnimTask_ExtrasensoryDistortion
0x0810FF34	thumb	AnimTask_ExtrasensoryDistortion_Step
0x08110034	thumb	AnimTask_TransparentCloneGrowAndShrink
0x08110134	thumb	AnimTask_TransparentCloneGrowAndShrink_Step
0x08110240	thumb	AnimPsychoBoost
0x08110368	thumb	AnimMegahornHorn
0x08110438	thumb	AnimLeechLifeNeedle
0x081104E4	thumb	AnimTranslateWebThread
0x0811057C	thumb	AnimTranslateWebThread_Step
0x081105B4	thumb	AnimStringWrap
0x08110630	thumb	AnimStringWrap_Step
0x0811067C	thumb	AnimSpiderWeb
0x081106A4	thumb	AnimSpiderWeb_Step
0x08110700	thumb	AnimSpiderWeb_End
0x08110720	thumb	AnimTranslateStinger
0x08110850	thumb	AnimMissileArc
0x081108CC	thumb	AnimMissileArc_Step
0x08110994	thumb	AnimTailGlowOrb
0x081109F0	thumb	AnimFallingRock
0x08110A70	thumb	AnimFallingRock_Step
0x08110AB4	thumb	AnimRockFragment
0x08110B38	thumb	AnimParticleInVortex
0x08110B80	thumb	AnimParticleInVortex_Step
0x08110BCC	thumb	AnimTask_LoadSandstormBackground
0x08110CB0	thumb	AnimTask_LoadSandstormBackground_Step
0x08110E4C	thumb	AnimFlyingSandCrescent
0x08110F30	thumb	AnimRaiseSprite
0x08110F74	thumb	AnimTask_Rollout
0x081110A4	thumb	AnimTask_Rollout_Step
0x08111214	thumb	CreateRolloutDirtSprite
0x0811131C	thumb	AnimRolloutParticle
0x0811135C	thumb	GetRolloutCounter
0x08111388	thumb	AnimRockTomb
0x081113C8	thumb	AnimRockTomb_Step
0x08111418	thumb	AnimRockBlastRock
0x08111444	thumb	AnimRockScatter
0x0811149C	thumb	AnimRockScatter_Step
0x081114EC	thumb	AnimTask_GetSeismicTossDamageLevel
0x0811152C	thumb	AnimTask_MoveSeismicTossBg
0x08111590	thumb	AnimTask_SeismicTossBgAccelerateDownAtEnd
0x0811160C	thumb	AnimConfuseRayBallBounce
0x08111674	thumb	AnimConfuseRayBallBounce_Step1
0x081116E8	thumb	AnimConfuseRayBallBounce_Step2
0x08111764	thumb	UpdateConfuseRayBallBlend
0x081117F4	thumb	AnimConfuseRayBallSpiral
0x08111814	thumb	AnimConfuseRayBallSpiral_Step
0x0811188C	thumb	AnimTask_NightShadeClone
0x08111914	thumb	AnimTask_NightShadeClone_Step1
0x0811196C	thumb	AnimTask_NightShadeClone_Step2
0x081119E0	thumb	AnimShadowBall
0x08111A88	thumb	AnimShadowBall_Step
0x08111B9C	thumb	AnimLick
0x08111BB4	thumb	AnimLick_Step
0x08111C50	thumb	AnimTask_NightmareClone
0x08111D78	thumb	AnimTask_NightmareClone_Step
0x08111E50	thumb	AnimTask_SpiteTargetShadow
0x08111E78	thumb	AnimTask_SpiteTargetShadow_Step1
0x081120DC	thumb	AnimTask_SpiteTargetShadow_Step2
0x08112170	thumb	AnimTask_SpiteTargetShadow_Step3
0x08112264	thumb	AnimDestinyBondWhiteShadow
0x08112384	thumb	AnimDestinyBondWhiteShadow_Step
0x081123C4	thumb	AnimTask_DestinyBondWhiteShadow
0x081125E0	thumb	AnimTask_DestinyBondWhiteShadow_Step
0x08112758	thumb	AnimTask_CurseStretchingBlackBg
0x0811280C	thumb	AnimTask_CurseStretchingBlackBg_Step1
0x08112994	thumb	AnimTask_CurseStretchingBlackBg_Step2
0x081129F0	thumb	AnimCurseNail
0x08112A4C	thumb	AnimCurseNail_Step1
0x08112ACC	thumb	AnimCurseNail_Step2
0x08112B44	thumb	AnimCurseNail_End
0x08112B78	thumb	AnimGhostStatusSprite
0x08112C4C	thumb	AnimGhostStatusSprite_Step
0x08112C6C	thumb	AnimTask_GrudgeFlames
0x08112D10	thumb	AnimTask_GrudgeFlames_Step
0x08112E9C	thumb	AnimGrudgeFlame
0x08112F60	thumb	AnimMonMoveCircular
0x08112FB8	thumb	AnimMonMoveCircular_Step
0x08113064	thumb	AnimOutrageFlame
0x08113100	thumb	StartDragonFireTranslation
0x081131B4	thumb	AnimDragonRageFirePlume
0x08113224	thumb	AnimDragonFireToTarget
0x08113250	thumb	AnimDragonDanceOrb
0x081132E0	thumb	AnimDragonDanceOrb_Step
0x081133E8	thumb	AnimTask_DragonDanceWaver
0x081134B8	thumb	AnimTask_DragonDanceWaver_Step
0x08113574	thumb	UpdateDragonDanceScanlineEffect
0x081135EC	thumb	AnimOverheatFlame
0x0811369C	thumb	AnimOverheatFlame_Step
0x081136E8	thumb	AnimTask_AttackerFadeToInvisible
0x0811375C	thumb	AnimTask_AttackerFadeToInvisible_Step
0x081137E4	thumb	AnimTask_AttackerFadeFromInvisible
0x0811381C	thumb	AnimTask_AttackerFadeFromInvisible_Step
0x08113888	thumb	AnimTask_InitAttackerFadeFromInvisible
0x081138D4	thumb	AnimUnusedBagSteal
0x08113950	thumb	AnimUnusedBagSteal_Step
0x081139DC	thumb	AnimBite
0x08113A18	thumb	AnimBite_Step1
0x08113A58	thumb	AnimBite_Step2
0x08113A90	thumb	AnimTearDrop
0x08113B90	thumb	AnimTearDrop_Step
0x08113BAC	thumb	AnimTask_MoveAttackerMementoShadow
0x08113D60	thumb	AnimTask_MoveAttackerMementoShadow_Step
0x08113E78	thumb	AnimTask_MoveTargetMementoShadow
0x081140C8	thumb	AnimTask_MoveTargetMementoShadow_Step
0x08114244	thumb	DoMementoShadowEffect
0x08114374	thumb	SetAllBattlersSpritePriority
0x081143C0	thumb	AnimTask_InitMementoShadow
0x08114470	thumb	AnimTask_MementoHandleBg
0x081144BC	thumb	AnimClawSlash
0x081144F8	thumb	AnimTask_MetallicShine
0x08114748	thumb	AnimTask_MetallicShine_Step
0x0811489C	thumb	AnimTask_SetGrayscaleOrOriginalPal
0x08114960	thumb	GetIsDoomDesireHitTurn
0x08114994	thumb	AnimBonemerangProjectile
0x081149FC	thumb	AnimBonemerangProjectile_Step
0x08114A60	thumb	AnimBonemerangProjectile_End
0x08114A7C	thumb	AnimBoneHitProjectile
0x08114AF0	thumb	AnimDirtScatter
0x08114B80	thumb	AnimMudSportDirt
0x08114C10	thumb	AnimMudSportDirtRising
0x08114C4C	thumb	AnimMudSportDirtFalling
0x08114CBC	thumb	AnimTask_DigDownMovement
0x08114CFC	thumb	AnimTask_DigBounceMovement
0x08114EB4	thumb	AnimTask_DigEndBounceMovementSetInvisible
0x08114F14	thumb	AnimTask_DigUpMovement
0x08114F54	thumb	AnimTask_DigSetVisibleUnderground
0x08114FD8	thumb	AnimTask_DigRiseUpFromHole
0x081150E0	thumb	SetDigScanlineEffect
0x081151A0	thumb	AnimDirtPlumeParticle
0x08115228	thumb	AnimDirtPlumeParticle_Step
0x08115244	thumb	AnimDigDirtMound
0x081152DC	thumb	AnimTask_HorizontalShake
0x081153AC	thumb	AnimTask_ShakePlatforms
0x081154A4	thumb	AnimTask_ShakeBattlers
0x08115588	thumb	SetBattlersXOffsetForShake
0x08115600	thumb	AnimTask_IsPowerOver99
0x08115628	thumb	AnimTask_PositionFissureBgOnBattler
0x081156D0	thumb	WaitForFissureCompletion
0x0811572C	thumb	AnimConfusionDuck
0x08115798	thumb	AnimConfusionDuck_Step
0x081157FC	thumb	AnimSimplePaletteBlend
0x0811583C	thumb	UnpackSelectedBattlePalettes
0x08115884	thumb	AnimSimplePaletteBlend_Step
0x081158A4	thumb	AnimComplexPaletteBlend
0x081158F8	thumb	AnimComplexPaletteBlend_Step1
0x08115984	thumb	AnimComplexPaletteBlend_Step2
0x081159B4	thumb	AnimCirclingSparkle
0x08115A04	thumb	AnimTask_BlendColorCycle
0x08115A54	thumb	BlendColorCycle
0x08115AA4	thumb	AnimTask_BlendColorCycleLoop
0x08115B0C	thumb	AnimTask_BlendColorCycleExclude
0x08115BC8	thumb	BlendColorCycleExclude
0x08115C18	thumb	AnimTask_BlendColorCycleExcludeLoop
0x08115C80	thumb	AnimTask_BlendColorCycleByTag
0x08115CD0	thumb	BlendColorCycleByTag
0x08115D2C	thumb	AnimTask_BlendColorCycleByTagLoop
0x08115D94	thumb	AnimTask_FlashAnimTagWithColor
0x08115E00	thumb	AnimTask_FlashAnimTagWithColor_Step1
0x08115EB8	thumb	AnimTask_FlashAnimTagWithColor_Step2
0x08115F10	thumb	AnimTask_InvertScreenColor
0x08115F94	thumb	AnimTask_TintPalettes
0x081160A4	thumb	AnimShakeMonOrBattlePlatforms
0x08116148	thumb	AnimShakeMonOrBattlePlatforms_Step
0x081161F4	thumb	AnimShakeMonOrBattlePlatforms_UpdateCoordOffsetEnabled
0x081162A4	thumb	AnimTask_ShakeBattlePlatforms
0x081162F8	thumb	AnimTask_ShakeBattlePlatforms_Step
0x08116388	thumb	AnimHitSplatBasic
0x081163D0	thumb	AnimHitSplatPersistent
0x08116420	thumb	AnimHitSplatHandleInvert
0x08116458	thumb	AnimHitSplatRandom
0x081164F0	thumb	AnimHitSplatOnMonEdge
0x08116560	thumb	AnimCrossImpact
0x081165A8	thumb	AnimFlashingHitSplat
0x081165E4	thumb	AnimFlashingHitSplat_Step
0x08116620	thumb	AnimTask_BlendBattleAnimPal
0x08116664	thumb	AnimTask_BlendBattleAnimPalExclude
0x0811675C	thumb	AnimTask_SetCamouflageBlend
0x08116848	thumb	AnimTask_BlendParticle
0x08116874	thumb	StartBlendAnimSpriteColor
0x081168B8	thumb	AnimTask_BlendSpriteColor_Step2
0x08116960	thumb	AnimTask_HardwarePaletteFade
0x081169A0	thumb	AnimTask_HardwarePaletteFade_Step
0x081169C0	thumb	AnimTask_TraceMonBlended
0x081169F8	thumb	AnimTask_TraceMonBlended_Step
0x08116AD0	thumb	AnimMonTrace
0x08116B14	thumb	AnimTask_DrawFallingWhiteLinesOnAttacker
0x08116D64	thumb	AnimTask_DrawFallingWhiteLinesOnAttacker_Step
0x08116EB4	thumb	InitStatsChangeAnimation
0x08116F04	thumb	StatsChangeAnimation_Step1
0x081170EC	thumb	StatsChangeAnimation_Step2
0x081172EC	thumb	StatsChangeAnimation_Step3
0x08117494	thumb	AnimTask_Flash
0x08117500	thumb	AnimTask_Flash_Step
0x081175C4	thumb	SetPalettesToColor
0x08117610	thumb	AnimTask_BlendNonAttackerPalettes
0x08117660	thumb	AnimTask_StartSlidingBg
0x081176D8	thumb	AnimTask_UpdateSlidingBg
0x08117754	thumb	AnimTask_GetAttackerSide
0x08117780	thumb	AnimTask_GetTargetSide
0x081177AC	thumb	AnimTask_GetTargetIsAttackerPartner
0x081177E4	thumb	AnimTask_SetAllNonAttackersInvisiblity
0x08117854	thumb	StartMonScrollingBgMask
0x08117A60	thumb	UpdateMonScrollingBgMask
0x08117C24	thumb	AnimTask_GetBattleEnvironment
0x08117C44	thumb	AnimTask_AllocBackupPalBuffer
0x08117C70	thumb	AnimTask_FreeBackupPalBuffer
0x08117CA0	thumb	AnimTask_CopyPalUnfadedToBackup
0x08117D3C	thumb	AnimTask_CopyPalUnfadedFromBackup
0x08117DD8	thumb	AnimTask_CopyPalFadedToUnfaded
0x08117E60	thumb	AnimTask_IsContest
0x08117E94	thumb	AnimTask_SetAnimAttackerAndTargetForEffectTgt
0x08117EC4	thumb	AnimTask_IsTargetSameSide
0x08117F10	thumb	AnimTask_SetAnimTargetToBattlerTarget
0x08117F30	thumb	AnimTask_SetAnimAttackerAndTargetForEffectAtk
0x08117F60	thumb	AnimTask_SetAttackerInvisibleWaitForSignal
0x08117FD0	thumb	AnimTask_WaitAndRestoreVisibility
0x0811802C	thumb	SetAnimBgAttribute
0x08118140	thumb	GetAnimBgAttribute
0x081181D4	thumb	HandleIntroSlide
0x0811828C	thumb	BattleIntroSlideEnd
0x081182EC	thumb	BattleIntroSlide1
0x08118538	thumb	BattleIntroSlide2
0x08118844	thumb	BattleIntroSlide3
0x08118AC0	thumb	BattleIntroSlideLink
0x08118D68	thumb	BattleIntroSlidePartner
0x08118FBC	thumb	DrawBattlerOnBg
0x08119094	thumb	DrawBattlerOnBgDMA
0x08119164	thumb	MovePlayerOnBike
0x0811919C	thumb	MovePlayerOnMachBike
0x081191CC	thumb	GetMachBikeTransition
0x08119224	thumb	MachBikeTransition_FaceDirection
0x08119238	thumb	MachBikeTransition_TurnDirection
0x08119280	thumb	MachBikeTransition_TrySpeedUp
0x08119344	thumb	MachBikeTransition_TrySlowDown
0x081193C8	thumb	MovePlayerOnAcroBike
0x08119400	thumb	CheckMovementInputAcroBike
0x0811942C	thumb	AcroBikeHandleInputNormal
0x081194C8	thumb	AcroBikeHandleInputTurning
0x08119540	thumb	AcroBikeHandleInputWheelieStanding
0x081195E0	thumb	AcroBikeHandleInputBunnyHop
0x08119688	thumb	AcroBikeHandleInputWheelieMoving
0x08119764	thumb	AcroBikeHandleInputSidewaysJump
0x081197C0	thumb	AcroBikeHandleInputTurnJump
0x081197E4	thumb	AcroBikeTransition_FaceDirection
0x081197F4	thumb	AcroBikeTransition_TurnDirection
0x08119830	thumb	AcroBikeTransition_Moving
0x081198C0	thumb	AcroBikeTransition_NormalToWheelie
0x081198FC	thumb	AcroBikeTransition_WheelieToNormal
0x08119938	thumb	AcroBikeTransition_WheelieIdle
0x08119974	thumb	AcroBikeTransition_WheelieHoppingStanding
0x081199B0	thumb	AcroBikeTransition_WheelieHoppingMoving
0x08119A24	thumb	AcroBikeTransition_SideJump
0x08119A94	thumb	AcroBikeTransition_TurnJump
0x08119AA4	thumb	AcroBikeTransition_WheelieMoving
0x08119B34	thumb	AcroBikeTransition_WheelieRisingMoving
0x08119BC4	thumb	AcroBikeTransition_WheelieLoweringMoving
0x08119C3C	thumb	Bike_TryAcroBikeHistoryUpdate
0x08119C64	thumb	AcroBike_TryHistoryUpdate
0x08119CCC	thumb	HasPlayerInputTakenLongerThanList
0x08119D30	thumb	AcroBike_GetJumpDirection
0x08119D80	thumb	Bike_UpdateDirTimerHistory
0x08119DBC	thumb	Bike_UpdateABStartSelectHistory
0x08119DF8	thumb	Bike_DPadToDirection
0x08119E38	thumb	GetBikeCollision
0x08119EA4	thumb	GetBikeCollisionAt
0x08119EF0	thumb	RS_IsRunningDisallowed
0x08119F18	thumb	IsRunningDisallowedByMetatile
0x08119F50	thumb	Bike_TryAdvanceCyclingRoadCollisions
0x08119F74	thumb	CanBikeFaceDirOnMetatile
0x08119FC4	thumb	WillPlayerCollideWithCollision
0x08119FF8	thumb	IsBikingDisallowedByPlayer
0x0811A044	thumb	IsPlayerNotUsingAcroBikeOnBumpySlope
0x0811A080	thumb	GetOnOffBike
0x0811A0D0	thumb	BikeClearState
0x0811A114	thumb	Bike_UpdateBikeCounterSpeed
0x0811A128	thumb	Bike_SetBikeStill
0x0811A138	thumb	GetPlayerSpeed
0x0811A188	thumb	Bike_HandleBumpySlopeJump
0x0811A1DC	thumb	IsRunningDisallowed
0x0811A20C	thumb	DoEasyChatScreen
0x0811A278	thumb	CB2_EasyChatScreen
0x0811A290	thumb	VBlankCB_EasyChatScreen
0x0811A2A4	thumb	StartEasyChatScreen
0x0811A2C0	thumb	Task_InitEasyChatScreen
0x0811A2FC	thumb	Task_EasyChatScreen
0x0811A428	thumb	InitEasyChatScreen
0x0811A4D0	thumb	ExitEasyChatScreen
0x0811A4F0	thumb	ShowEasyChatScreen
0x0811A7E4	thumb	CB2_QuizLadyQuestion
0x0811A858	thumb	QuizLadyShowQuizQuestion
0x0811A868	thumb	GetQuizLadyScreenByFuncId
0x0811A88C	thumb	IsFuncIdForQuizLadyScreen
0x0811A8A4	thumb	EnterQuizLadyScreen
0x0811A8CC	thumb	DoQuizAnswerEasyChatScreen
0x0811A8F0	thumb	DoQuizQuestionEasyChatScreen
0x0811A914	thumb	DoQuizSetAnswerEasyChatScreen
0x0811A938	thumb	DoQuizSetQuestionEasyChatScreen
0x0811A95C	thumb	InitEasyChatScreenStruct
0x0811AA90	thumb	FreeEasyChatScreenStruct
0x0811AAAC	thumb	HandleEasyChatInput
0x0811AB44	thumb	IsCurrentFrame2x5
0x0811AB68	thumb	HandleEasyChatInput_Phrase
0x0811ACDC	thumb	HandleEasyChatInput_MainScreenButtons
0x0811AE44	thumb	HandleEasyChatInput_Keyboard
0x0811AF00	thumb	HandleEasyChatInput_WordSelect
0x0811AF8C	thumb	HandleEasyChatInput_ExitPrompt
0x0811AFEC	thumb	HandleEasyChatInput_ConfirmWordsYesNo
0x0811B040	thumb	HandleEasyChatInput_DeleteAllYesNo
0x0811B08C	thumb	HandleEasyChatInput_QuizQuestion
0x0811B0BC	thumb	HandleEasyChatInput_WaitForMsg
0x0811B0E8	thumb	HandleEasyChatInput_StartConfirmLyrics
0x0811B0F8	thumb	HandleEasyChatInput_ConfirmLyricsYesNo
0x0811B150	thumb	StartConfirmExitPrompt
0x0811B184	thumb	DoDeleteAllButton
0x0811B1B4	thumb	TryConfirmWords
0x0811B264	thumb	DoQuizButton
0x0811B2A4	thumb	GetEasyChatBackupState
0x0811B2B0	thumb	SelectKeyboardGroup
0x0811B32C	thumb	ExitKeyboardToMainScreen
0x0811B33C	thumb	StartSwitchKeyboardMode
0x0811B368	thumb	DeleteSelectedWord
0x0811B394	thumb	SelectNewWord
0x0811B3E4	thumb	SaveCurrentPhrase
0x0811B418	thumb	ResetCurrentPhrase
0x0811B454	thumb	ResetCurrentPhraseToSaved
0x0811B488	thumb	SetSelectedWord
0x0811B4AC	thumb	DidPhraseChange
0x0811B4EC	thumb	GetEasyChatCompleted
0x0811B528	thumb	MoveKeyboardCursor
0x0811B568	thumb	MoveKeyboardCursor_GroupNames
0x0811B634	thumb	MoveKeyboardCursor_Alphabet
0x0811B6C4	thumb	MoveKeyboardCursor_ButtonWindow
0x0811B744	thumb	SetKeyboardCursorInButtonWindow
0x0811B768	thumb	SetKeyboardCursorToLastColumn
0x0811B794	thumb	MoveWordSelectCursor
0x0811B8C8	thumb	GetWordIndexToReplace
0x0811B8E8	thumb	GetSelectedGroupIndex
0x0811B908	thumb	GetSelectedAlphabetGroupId
0x0811B940	thumb	GetSelectedWordIndex
0x0811B960	thumb	GetLastAlphabetColumn
0x0811B978	thumb	ReduceToValidKeyboardColumn
0x0811B9A0	thumb	ReduceToValidWordSelectColumn
0x0811B9C8	thumb	IsSelectedKeyboardIndexInvalid
0x0811BA1C	thumb	IsSelectedWordIndexInvalid
0x0811BA3C	thumb	FooterHasFourOptions
0x0811BA5C	thumb	GetEasyChatScreenType
0x0811BA68	thumb	GetEasyChatScreenFrameId
0x0811BA88	thumb	GetTitleText
0x0811BA94	thumb	GetCurrentPhrase
0x0811BAA0	thumb	GetNumRows
0x0811BAAC	thumb	GetNumColumns
0x0811BAB8	thumb	GetMainCursorColumn
0x0811BAC4	thumb	GetMainCursorRow
0x0811BAD0	thumb	GetEasyChatInstructionsText
0x0811BB08	thumb	GetEasyChatConfirmText
0x0811BB40	thumb	GetEasyChatConfirmExitText
0x0811BB88	thumb	GetEasyChatConfirmDeletionText
0x0811BB9C	thumb	GetKeyboardCursorColAndRow
0x0811BBB0	thumb	GetInAlphabetMode
0x0811BBBC	thumb	GetKeyboardScrollOffset
0x0811BBC8	thumb	GetWordSelectColAndRow
0x0811BBDC	thumb	GetWordSelectScrollOffset
0x0811BBE8	thumb	GetWordSelectLastRow
0x0811BBF4	thumb	UnusedDummy
0x0811BBF8	thumb	CanScrollUp
0x0811BC2C	thumb	CanScrollDown
0x0811BC70	thumb	FooterHasFourOptions_
0x0811BC7C	thumb	IsPhraseDifferentThanPlayerInput
0x0811BCBC	thumb	GetDisplayedPersonType
0x0811BCC8	thumb	GetEachChatScreenTemplateId
0x0811BCF4	thumb	IsCurrentPhraseEmpty
0x0811BD2C	thumb	IsCurrentPhraseFull
0x0811BD64	thumb	IsQuizQuestionEmpty
0x0811BDB0	thumb	IsQuizAnswerEmpty
0x0811BDF0	thumb	GetQuizTitle
0x0811BE54	thumb	BufferCurrentPhraseToStringVar2
0x0811BE9C	thumb	SetSpecialEasyChatResult
0x0811BF20	thumb	DidPlayerInputMysteryGiftPhrase
0x0811BF40	thumb	DidPlayerInputABerryMasterWifePhrase
0x0811BF78	thumb	ClearUnusedField
0x0811BF88	thumb	DummyWordCheck
0x0811BF8C	thumb	InitEasyChatScreenControl
0x0811BFA4	thumb	LoadEasyChatScreen
0x0811C13C	thumb	FreeEasyChatScreenControl
0x0811C158	thumb	StartEasyChatFunction
0x0811C170	thumb	RunEasyChatFunction
0x0811C2D4	thumb	ReprintPhrase
0x0811C30C	thumb	UpdateMainCursor
0x0811C3E4	thumb	UpdateMainCursorOnButtons
0x0811C404	thumb	ShowConfirmExitPrompt
0x0811C448	thumb	ShowConfirmPrompt
0x0811C48C	thumb	ShowConfirmDeleteAllPrompt
0x0811C4D0	thumb	ClosePrompt
0x0811C518	thumb	ClosePromptAfterDeleteAll
0x0811C554	thumb	OpenKeyboard
0x0811C620	thumb	CloseKeyboard
0x0811C6C0	thumb	SwitchKeyboardMode
0x0811C780	thumb	UpdateKeyboardCursor
0x0811C78C	thumb	GroupNamesScrollDown
0x0811C7D4	thumb	GroupNamesScrollUp
0x0811C830	thumb	OpenWordSelect
0x0811C8F0	thumb	CloseWordSelect
0x0811C99C	thumb	ShowConfirmLyricsPrompt
0x0811CA5C	thumb	ReturnToKeyboard
0x0811CB18	thumb	UpdateWordSelectCursor
0x0811CB24	thumb	WordSelectScrollDown
0x0811CB98	thumb	WordSelectScrollUp
0x0811CC08	thumb	WordSelectPageScrollDown
0x0811CC90	thumb	WordSelectPageScrollUp
0x0811CD14	thumb	ShowCreateQuizMsg
0x0811CD54	thumb	ShowSelectAnswerMsg
0x0811CD94	thumb	ShowSongTooShortMsg
0x0811CDD4	thumb	ShowCantDeleteLyricsMsg
0x0811CE14	thumb	ShowCombineTwoWordsMsg
0x0811CE54	thumb	ShowCantExitMsg
0x0811CE94	thumb	InitEasyChatScreenControl_
0x0811CF04	thumb	InitEasyChatBgs
0x0811CF64	thumb	LoadEasyChatPalettes
0x0811CFCC	thumb	PrintTitle
0x0811D028	thumb	PrintEasyChatText
0x0811D058	thumb	PrintEasyChatTextWithColors
0x0811D0BC	thumb	PrintInitialInstructions
0x0811D104	thumb	PrintEasyChatStdMessage
0x0811D214	thumb	CreateEasyChatYesNoMenu
0x0811D230	thumb	AddPhraseWindow
0x0811D2C8	thumb	PrintCurrentPhrase
0x0811D424	thumb	BufferFrameTilemap
0x0811D60C	thumb	AdjustBgTilemapForFooter
0x0811D684	thumb	DrawLowerWindow
0x0811D698	thumb	InitLowerWindowText
0x0811D6D4	thumb	PrintKeyboardText
0x0811D6F4	thumb	PrintKeyboardGroupNames
0x0811D758	thumb	PrintKeyboardAlphabet
0x0811D794	thumb	PrintInitialWordSelectText
0x0811D7A4	thumb	PrintWordSelectNextRowDown
0x0811D7C8	thumb	PrintWordSelectNextRowUp
0x0811D7EC	thumb	PrintWordSelectRowsPageDown
0x0811D830	thumb	PrintWordSelectRowsPageUp
0x0811D864	thumb	PrintWordSelectText
0x0811D950	thumb	EraseWordSelectRows
0x0811D9B4	thumb	ClearWordSelectWindow
0x0811D9CC	thumb	InitLowerWindowAnim
0x0811DAA4	thumb	UpdateLowerWindowAnim
0x0811DADC	thumb	DrawLowerWindowFrame
0x0811DC28	thumb	BufferLowerWindowFrame
0x0811DD84	thumb	ResetLowerWindowScroll
0x0811DDAC	thumb	InitLowerWindowScroll
0x0811DE10	thumb	UpdateLowerWindowScroll
0x0811DE48	thumb	GetLowerWindowScrollOffset
0x0811DE5C	thumb	SetWindowDimensions
0x0811DE90	thumb	LoadEasyChatGfx
0x0811DEC4	thumb	CreateMainCursorSprite
0x0811DF28	thumb	SpriteCB_Cursor
0x0811DF60	thumb	SetMainCursorPos
0x0811DF90	thumb	StopMainCursorAnim
0x0811DFB0	thumb	StartMainCursorAnim
0x0811DFC8	thumb	CreateRectangleCursorSprites
0x0811E050	thumb	DestroyRectangleCursorSprites
0x0811E088	thumb	UpdateRectangleCursorPos
0x0811E0EC	thumb	SetRectangleCursorPos_GroupMode
0x0811E1A4	thumb	SetRectangleCursorPos_AlphabetMode
0x0811E288	thumb	CreateWordSelectCursorSprite
0x0811E2DC	thumb	SpriteCB_WordSelectCursor
0x0811E30C	thumb	UpdateWordSelectCursorPos
0x0811E34C	thumb	SetWordSelectCursorPos
0x0811E380	thumb	DestroyWordSelectCursorSprite
0x0811E3AC	thumb	CreateSideWindowSprites
0x0811E418	thumb	ShowSideWindow
0x0811E4AC	thumb	HideModeWindow
0x0811E4D0	thumb	DestroySideWindowSprites
0x0811E55C	thumb	SetModeWindowToTransition
0x0811E578	thumb	UpdateModeWindowAnim
0x0811E5B8	thumb	IsModeWindowAnimActive
0x0811E5D4	thumb	CreateScrollIndicatorSprites
0x0811E64C	thumb	UpdateScrollIndicatorsVisibility
0x0811E6B0	thumb	HideScrollIndicators
0x0811E6E0	thumb	SetScrollIndicatorXPos
0x0811E720	thumb	CreateStartSelectButtonSprites
0x0811E794	thumb	UpdateStartSelectButtonsVisibility
0x0811E7F8	thumb	HideStartSelectButtons
0x0811E828	thumb	TryAddInterviewObjectEvents
0x0811E8E4	thumb	GetFooterIndex
0x0811E920	thumb	GetFooterOptionXOffset
0x0811E948	thumb	AddMainScreenButtonWindow
0x0811EA28	thumb	IsEasyChatGroupUnlocked
0x0811EA6C	thumb	EasyChat_GetNumWordsInGroup
0x0811EAA4	thumb	IsEasyChatWordInvalid
0x0811EB10	thumb	IsBardWordInvalid
0x0811EB64	thumb	GetEasyChatWord
0x0811EBBC	thumb	CopyEasyChatWord
0x0811EC08	thumb	ConvertEasyChatWordsToString
0x0811EC98	thumb	UnusedConvertEasyChatWordsToString
0x0811ED7C	thumb	GetEasyChatWordStringLength
0x0811EDC4	thumb	CanPhraseFitInXRowsYCols
0x0811EE38	thumb	GetRandomEasyChatWordFromGroup
0x0811EE90	thumb	GetRandomEasyChatWordFromUnlockedGroup
0x0811EECC	thumb	ShowEasyChatProfile
0x0811EF6C	thumb	BufferDeepLinkPhrase
0x0811EF98	thumb	IsTrendySayingUnlocked
0x0811EFC0	thumb	UnlockTrendySaying
0x0811EFF0	thumb	GetNumTrendySayingsUnlocked
0x0811F01C	thumb	UnlockRandomTrendySaying
0x0811F090	thumb	GetRandomUnlockedTrendySaying
0x0811F0F8	thumb	EasyChatIsNationalPokedexEnabled
0x0811F108	thumb	GetRandomUnlockedEasyChatPokemon
0x0811F184	thumb	InitEasyChatPhrases
0x0811F28C	thumb	InitEasyChatScreenWordData
0x0811F2B8	thumb	FreeEasyChatScreenWordData
0x0811F2D4	thumb	SetUnlockedEasyChatGroups
0x0811F3AC	thumb	GetNumUnlockedEasyChatGroups
0x0811F3B8	thumb	GetUnlockedEasyChatGroupId
0x0811F3E0	thumb	BufferEasyChatWordGroupName
0x0811F424	thumb	GetEasyChatWordGroupName
0x0811F434	thumb	CopyEasyChatWordPadded
0x0811F46C	thumb	SetUnlockedWordsByAlphabet
0x0811F548	thumb	SetSelectedWordGroup
0x0811F578	thumb	GetWordFromSelectedGroup
0x0811F5B0	thumb	GetNumWordsInSelectedGroup
0x0811F5C4	thumb	SetSelectedWordGroup_GroupMode
0x0811F6B8	thumb	SetSelectedWordGroup_AlphabetMode
0x0811F72C	thumb	IsEasyChatGroupUnlocked2
0x0811F764	thumb	IsEasyChatIndexAndGroupUnlocked
0x0811F838	thumb	IsRestrictedWordSpecies
0x0811F860	thumb	IsEasyChatWordUnlocked
0x0811F88C	thumb	InitializeEasyChatWordArray
0x0811F8BC	thumb	InitQuestionnaireWords
0x0811F8D8	thumb	IsEasyChatAnswerUnlocked
0x0811F90C	thumb	InitMonMarkingsMenu
0x0811F918	thumb	BufferMenuWindowTiles
0x0811F960	thumb	BufferMenuFrameTiles
0x0811FA90	thumb	BufferMonMarkingsMenuTiles
0x0811FAA4	thumb	OpenMonMarkingsMenu
0x0811FAF8	thumb	FreeMonMarkingsMenu
0x0811FBA4	thumb	HandleMonMarkingsMenuInput
0x0811FC80	thumb	CreateMonMarkingsMenuSprites
0x0811FF3C	thumb	SpriteCB_Dummy
0x0811FF40	thumb	SpriteCB_Marking
0x0811FF7C	thumb	SpriteCB_Cursor
0x0811FF94	thumb	CreateMonMarkingAllCombosSprite
0x0811FFB4	thumb	CreateMonMarkingComboSprite
0x0811FFD4	thumb	CreateMarkingComboSprite
0x08120084	thumb	UpdateMonMarkingTiles
0x081200A0	thumb	SetupBard
0x081200F8	thumb	SetupHipster
0x0812011C	thumb	SetupStoryteller
0x08120128	thumb	SetupGiddy
0x08120154	thumb	SetupTrader
0x08120160	thumb	SetMauvilleOldMan
0x081201C8	thumb	GetCurrentMauvilleOldMan
0x081201DC	thumb	Script_GetCurrentMauvilleMan
0x081201F4	thumb	HasBardSongBeenChanged
0x08120210	thumb	SaveBardSongLyrics
0x08120280	thumb	PrepareSongText
0x08120340	thumb	PlayBardSong
0x08120358	thumb	HasHipsterTaughtWord
0x08120374	thumb	SetHipsterTaughtWord
0x0812038C	thumb	HipsterTryTeachWord
0x081203C4	thumb	GiddyShouldTellAnotherTale
0x081203FC	thumb	GenerateGiddyLine
0x081204DC	thumb	InitGiddyTaleList
0x08120628	thumb	ResetBardFlag
0x08120640	thumb	ResetHipsterFlag
0x08120658	thumb	ResetTraderFlag
0x08120664	thumb	ResetStorytellerFlag
0x08120670	thumb	ResetMauvilleOldManFlag
0x081206C0	thumb	StartBardSong
0x081206F0	thumb	EnableTextPrinters
0x081206FC	thumb	DisableTextPrinters
0x08120708	thumb	DrawSongTextWindow
0x08120748	thumb	BardSing
0x08120944	thumb	Task_BardSong
0x08120B5C	thumb	SetMauvilleOldManObjEventGfx
0x08120B70	thumb	SanitizeMauvilleOldManForRuby
0x08120C0C	thumb	SetMauvilleOldManLanguage
0x08120CD0	thumb	SanitizeReceivedEmeraldOldMan
0x08120D34	thumb	SanitizeReceivedRubyOldMan
0x08120E08	thumb	StorytellerSetup
0x08120E50	thumb	Storyteller_ResetFlag
0x08120E74	thumb	StorytellerGetGameStat
0x08120E88	thumb	GetStoryByStat
0x08120EB4	thumb	GetStoryTitleByStat
0x08120EC0	thumb	GetStoryTextByStat
0x08120ECC	thumb	GetStoryActionByStat
0x08120ED8	thumb	GetFreeStorySlot
0x08120F08	thumb	StorytellerGetRecordedTrainerStat
0x08120F2C	thumb	StorytellerSetRecordedTrainerStat
0x08120F4C	thumb	HasTrainerStatIncreased
0x08120F7C	thumb	GetStoryByStattellerPlayerName
0x08120FAC	thumb	StorytellerSetPlayerName
0x08120FDC	thumb	StorytellerRecordNewStat
0x08121064	thumb	ScrambleStatList
0x081210B8	thumb	StorytellerInitializeRandomStat
0x08121178	thumb	StorytellerDisplayStory
0x081211EC	thumb	PrintStoryList
0x081212FC	thumb	Task_StoryListMenu
0x08121388	thumb	StorytellerStoryListMenu
0x0812139C	thumb	Script_StorytellerDisplayStory
0x081213B0	thumb	StorytellerGetFreeStorySlot
0x081213D8	thumb	StorytellerUpdateStat
0x08121424	thumb	HasStorytellerAlreadyRecorded
0x08121450	thumb	Script_StorytellerInitializeRandomStat
0x08121478	thumb	ReadMail
0x081215EC	thumb	MailReadBuildGraphics
0x081219F0	thumb	CB2_InitMailRead
0x08121A1C	thumb	BufferMailText
0x08121B1C	thumb	PrintMailText
0x08121C50	thumb	VBlankCB_MailRead
0x08121C64	thumb	CB2_MailRead
0x08121C98	thumb	CB2_WaitForPaletteExitOnKeyPress
0x08121CC0	thumb	CB2_ExitOnKeyPress
0x08121D00	thumb	CB2_ExitMailReadFreeVars
0x08121DA0	thumb	ResetVramOamAndBgCntRegs
0x08121E10	thumb	ResetAllBgsCoordinates
0x08121E68	thumb	SetVBlankHBlankCallbacksToNull
0x08121E7C	thumb	DisplayMessageAndContinueTask
0x08121F20	thumb	RunTextPrintersRetIsActive
0x08121F3C	thumb	Task_ContinueTaskAfterMessagePrints
0x08121F68	thumb	DoYesNoFuncWithChoice
0x08121F94	thumb	CreateYesNoMenuWithCallbacks
0x08121FDC	thumb	Task_CallYesOrNoCallback
0x08122034	thumb	AdjustQuantityAccordingToDPadInput
0x081220D0	thumb	GetLRKeysPressed
0x0812210C	thumb	GetLRKeysPressedAndHeld
0x08122148	thumb	IsHoldingItemAllowed
0x0812217C	thumb	IsWritingMailAllowed
0x081221AC	thumb	MenuHelpers_IsLinkActive
0x081221D0	thumb	IsActiveOverworldLinkBusy
0x081221EC	thumb	MenuHelpers_ShouldWaitForLinkRecv
0x0812220C	thumb	SetItemListPerPageCount
0x0812225C	thumb	SetCursorWithinListBounds
0x08122298	thumb	SetCursorScrollWithinListBounds
0x08122328	thumb	LoadListMenuSwapLineGfx
0x08122344	thumb	CreateSwapLineSprites
0x081223B0	thumb	DestroySwapLineSprites
0x081223FC	thumb	SetSwapLineSpritesInvisibility
0x08122448	thumb	UpdateSwapLineSpritesPos
0x081224D4	thumb	InitDewfordTrend
0x08122580	thumb	UpdateDewfordTrendPerDay
0x081226D8	thumb	TrySetTrendyPhrase
0x08122804	thumb	SortTrends
0x0812287C	thumb	ReceiveDewfordTrendData
0x08122998	thumb	BufferTrendyPhraseString
0x081229C8	thumb	IsTrendyPhraseBoring
0x08122A30	thumb	GetDewfordHallPaintingNameIndex
0x08122A58	thumb	CompareTrends
0x08122B28	thumb	SeedTrendRng
0x08122BB0	thumb	IsPhraseInSavedTrends
0x08122BF0	thumb	IsEasyChatPairEqual
0x08122C1C	thumb	GetSavedTrendIndex
0x08122C5C	thumb	GetHealLocationIndexByMap
0x08122C94	thumb	GetHealLocationByMap
0x08122CBC	thumb	GetHealLocation
0x08122CDC	thumb	InitRegionMap
0x08122CF8	thumb	InitRegionMapData
0x08122D88	thumb	ShowRegionMapForPokedexAreaScreen
0x08122DB0	thumb	LoadRegionMapGfx
0x08123030	thumb	BlendRegionMap
0x0812305C	thumb	FreeRegionMapIconResources
0x081230AC	thumb	DoRegionMapInputCallback
0x081230C4	thumb	ProcessRegionMapInput_Full
0x08123190	thumb	MoveRegionMapCursor_Full
0x08123254	thumb	ProcessRegionMapInput_Zoomed
0x08123334	thumb	MoveRegionMapCursor_Zoomed
0x08123418	thumb	SetRegionMapDataForZoom
0x08123514	thumb	UpdateRegionMapZoom
0x081236C4	thumb	CalcZoomScrollParams
0x0812378C	thumb	RegionMap_SetBG2XAndBG2Y
0x081237B4	thumb	UpdateRegionMapVideoRegs
0x08123824	thumb	PokedexAreaScreen_UpdateRegionMapVariablesAndVideoRegs
0x0812386C	thumb	GetMapSecIdAt
0x081238AC	thumb	InitMapBasedOnPlayerLocation
0x08123C00	thumb	RegionMap_InitializeStateBasedOnSSTidalLocation
0x08123D58	thumb	GetMapsecType
0x08123E9C	thumb	GetRegionMapSecIdAt
0x08123EB4	thumb	CorrectSpecialMapSecId_Internal
0x08123F04	thumb	GetTerraOrMarineCaveMapSecId
0x08123F30	thumb	GetMarineCaveCoords
0x08123F74	thumb	IsPlayerInAquaHideout
0x08123F9C	thumb	CorrectSpecialMapSecId
0x08123FB0	thumb	GetPositionOfCursorWithinMapSec
0x08124038	thumb	RegionMap_IsMapSecIdInNextRow
0x08124088	thumb	SpriteCB_CursorMapFull
0x081240D0	thumb	SpriteCB_CursorMapZoomed
0x081240D4	thumb	CreateRegionMapCursor
0x08124238	thumb	FreeRegionMapCursorSprite
0x08124268	thumb	SetUnkCursorSpriteData
0x08124278	thumb	ClearUnkCursorSpriteData
0x08124288	thumb	CreateRegionMapPlayerIcon
0x081243B0	thumb	HideRegionMapPlayerIcon
0x081243DC	thumb	UnhideRegionMapPlayerIcon
0x0812445C	thumb	SpriteCB_PlayerIconMapZoomed
0x081244EC	thumb	SpriteCB_PlayerIconMapFull
0x081244F8	thumb	SpriteCB_PlayerIcon
0x0812454C	thumb	TrySetPlayerIconBlink
0x0812456C	thumb	GetMapName
0x081245DC	thumb	GetMapNameGeneric
0x08124610	thumb	GetMapNameHandleAquaHideout
0x08124630	thumb	GetMapSecDimensions
0x08124658	thumb	IsRegionMapZoomed
0x08124668	thumb	IsEventIslandMapSecId
0x08124690	thumb	CB2_OpenFlyMap
0x081248C0	thumb	VBlankCB_FlyMap
0x081248D4	thumb	CB2_FlyMap
0x081248F4	thumb	SetFlyMapCallback
0x08124904	thumb	DrawFlyDestTextWindow
0x08124A70	thumb	LoadFlyDestIcons
0x08124AD4	thumb	CreateFlyDestIcons
0x08124BE4	thumb	TryCreateRedOutlineFlyDestIcons
0x08124CBC	thumb	SpriteCB_FlyDestIcon
0x08124D14	thumb	CB_FadeInFlyMap
0x08124D64	thumb	CB_HandleFlyMapInput
0x08124E0C	thumb	CB_ExitFlyMap
0x08124F2C	thumb	ApplyImageProcessingEffects
0x081250B8	thumb	ApplyImageEffect_RedChannelGrayscale
0x08125170	thumb	ApplyImageEffect_RedChannelGrayscaleHighlight
0x08125230	thumb	ApplyImageEffect_Pointillism
0x08125250	thumb	ApplyImageEffect_Grayscale
0x081252E8	thumb	ApplyImageEffect_Blur
0x081253A4	thumb	ApplyImageEffect_PersonalityColor
0x08125448	thumb	ApplyImageEffect_BlackAndWhite
0x081254E0	thumb	ApplyImageEffect_BlackOutline
0x08125630	thumb	ApplyImageEffect_Invert
0x081256C8	thumb	ApplyImageEffect_Shimmer
0x081257F8	thumb	ApplyImageEffect_BlurRight
0x081258A0	thumb	ApplyImageEffect_BlurDown
0x08125954	thumb	AddPointillismPoints
0x08125B28	thumb	ConvertColorToGrayscale
0x08125B5C	thumb	QuantizePixel_PersonalityColor
0x08125B98	thumb	GetColorFromPersonality
0x08125C68	thumb	QuantizePixel_BlackAndWhite
0x08125C98	thumb	QuantizePixel_BlackOutline
0x08125CC8	thumb	QuantizePixel_Invert
0x08125CF4	thumb	QuantizePixel_MotionBlur
0x08125E18	thumb	QuantizePixel_Blur
0x08125F38	thumb	QuantizePixel_BlurHard
0x08126058	thumb	ConvertImageProcessingToGBA
0x081261A4	thumb	ApplyImageProcessingQuantization
0x08126270	thumb	SetPresetPalette_PrimaryColors
0x08126318	thumb	SetPresetPalette_BlackAndWhite
0x08126334	thumb	SetPresetPalette_GrayscaleSmall
0x08126370	thumb	SetPresetPalette_Grayscale
0x081263A4	thumb	QuantizePalette_Standard
0x081264FC	thumb	QuantizePalette_BlackAndWhite
0x081265B4	thumb	QuantizePalette_GrayscaleSmall
0x08126664	thumb	QuantizePalette_Grayscale
0x08126714	thumb	QuantizePalette_PrimaryColors
0x081267C4	thumb	QuantizePixel_Standard
0x08126838	thumb	QuantizePixel_PrimaryColors
0x08126908	thumb	QuantizePixel_GrayscaleSmall
0x0812693C	thumb	QuantizePixel_Grayscale
0x08126968	thumb	InitDecorationContextItems
0x081269D4	thumb	AddDecorationWindow
0x08126A58	thumb	RemoveDecorationWindow
0x08126A88	thumb	AddDecorationActionsWindow
0x08126ABC	thumb	InitDecorationActionsWindow
0x08126AD8	thumb	DoSecretBaseDecorationMenu
0x08126B2C	thumb	DoPlayerRoomDecorationMenu
0x08126B80	thumb	HandleDecorationActionsMenuInput
0x08126C08	thumb	PrintCurMainMenuDescription
0x08126C48	thumb	DecorationMenuAction_Decorate
0x08126CA4	thumb	DecorationMenuAction_PutAway
0x08126D10	thumb	DecorationMenuAction_Toss
0x08126D6C	thumb	DecorationMenuAction_Cancel
0x08126DA4	thumb	ReturnToDecorationActionsAfterInvalidSelection
0x08126DCC	thumb	SecretBasePC_PrepMenuForSelectingStoredDecors
0x08126DFC	thumb	InitDecorationCategoriesWindow
0x08126E44	thumb	ReinitDecorationCategoriesWindow
0x08126E8C	thumb	PrintDecorationCategoryMenuItems
0x08126F68	thumb	PrintDecorationCategoryMenuItem
0x08127058	thumb	ColorMenuItemString
0x08127088	thumb	HandleDecorationCategoriesMenuInput
0x081270E8	thumb	SelectDecorationCategory
0x08127180	thumb	ReturnToDecorationCategoriesAfterInvalidSelection
0x0812719C	thumb	ExitDecorationCategoriesMenu
0x081271CC	thumb	ReturnToActionsMenuFromCategories
0x08127208	thumb	ShowDecorationCategoriesWindow
0x08127250	thumb	CopyDecorationCategoryName
0x08127268	thumb	ExitTraderDecorationMenu
0x08127284	thumb	InitDecorationItemsMenuLimits
0x081272C8	thumb	InitDecorationItemsMenuScrollAndCursor
0x081272F8	thumb	InitDecorationItemsMenuScrollAndCursor2
0x08127330	thumb	PrintDecorationItemMenuItems
0x08127454	thumb	CopyDecorationMenuItemName
0x08127480	thumb	DecorationItemsMenu_OnCursorMove
0x081274A0	thumb	DecorationItemsMenu_PrintDecorationInUse
0x08127500	thumb	AddDecorationItemsScrollIndicators
0x08127554	thumb	RemoveDecorationItemsScrollIndicators
0x08127580	thumb	AddDecorationItemsWindow
0x0812759C	thumb	InitDecorationItemsWindow
0x08127620	thumb	ShowDecorationItemsWindow
0x0812764C	thumb	HandleDecorationItemsMenuInput
0x08127718	thumb	ShowDecorationCategorySummaryWindow
0x08127744	thumb	PrintDecorationItemDescription
0x081277A8	thumb	RemoveDecorationItemsOtherWindows
0x081277BC	thumb	IsDecorationIndexInSecretBase
0x081277E8	thumb	IsDecorationIndexInPlayersRoom
0x08127814	thumb	IdentifyOwnedDecorationsCurrentlyInUseInternal
0x081279B4	thumb	IdentifyOwnedDecorationsCurrentlyInUse
0x081279C4	thumb	IsSelectedDecorInThePC
0x08127A14	thumb	Task_ShowDecorationItemsWindow
0x08127A30	thumb	DontTossDecoration
0x08127A5C	thumb	ReturnToDecorationItemsAfterInvalidSelection
0x08127A8C	thumb	DecorationItemsMenuAction_Cancel
0x08127ACC	thumb	SetInitialPositions
0x08127B04	thumb	WarpToInitialPosition
0x08127B54	thumb	GetDecorationElevation
0x08127B90	thumb	ShowDecorationOnMap_
0x08127D38	thumb	ShowDecorationOnMap
0x08127E18	thumb	SetDecoration
0x08127F38	thumb	HasDecorationSpace
0x08127F68	thumb	DecorationItemsMenuAction_AttemptPlace
0x08128060	thumb	Task_PlaceDecoration
0x08128118	thumb	ConfigureCameraObjectForPlacingDecoration
0x081281A8	thumb	SetUpPlacingDecorationPlayerAvatar
0x0812826C	thumb	SetUpDecorationShape
0x081283BC	thumb	AttemptPlaceDecoration
0x08128414	thumb	AttemptCancelPlaceDecoration
0x08128484	thumb	IsSecretBaseTrainerSpot
0x081284AC	thumb	IsntInitialPosition
0x081284F4	thumb	IsFloorOrBoardAndHole
0x0812853C	thumb	CanPlaceDecoration
0x08128950	thumb	AttemptPlaceDecoration_
0x081289D0	thumb	PlaceDecorationPrompt
0x081289F0	thumb	PlaceDecoration
0x08128AAC	thumb	PlaceDecoration_
0x08128B80	thumb	CancelDecoratingPrompt
0x08128BA0	thumb	CancelDecorating
0x08128BBC	thumb	CancelDecorating_
0x08128BEC	thumb	c1_overworld_prev_quest
0x08128C64	thumb	Task_InitDecorationItemsWindow
0x08128CD4	thumb	FieldCB_InitDecorationItemsWindow
0x08128D10	thumb	ApplyCursorMovement_IsInvalid
0x08128DB4	thumb	IsHoldingDirection
0x08128DE0	thumb	ResetCursorMovement
0x08128E18	thumb	Task_SelectLocation
0x08128FD8	thumb	ContinueDecorating
0x08129020	thumb	CantPlaceDecorationPrompt
0x08129048	thumb	ClearPlaceDecorationGraphicsDataBuffer
0x08129068	thumb	CopyPalette
0x08129088	thumb	CopyTile
0x081291A4	thumb	SetDecorSelectionBoxTiles
0x081291CC	thumb	GetMetatile
0x081291E8	thumb	SetDecorSelectionMetatiles
0x0812925C	thumb	SetDecorSelectionBoxOamAttributes
0x081292D0	thumb	InitializePuttingAwayCursorSprite
0x081292E8	thumb	InitializePuttingAwayCursorSprite2
0x08129334	thumb	gpu_pal_decompress_alloc_tag_and_upload
0x081293D8	thumb	AddDecorationIconObjectFromIconTable
0x0812949C	thumb	GetDecorationIconPicOrPalette
0x081294C0	thumb	AddDecorationIconObjectFromObjectEvent
0x081295CC	thumb	AddDecorationIconObject
0x081296EC	thumb	ClearDecorationContextIndex
0x08129708	thumb	PutAwayDecorationIteration
0x081297AC	thumb	GetObjectEventLocalIdByFlag
0x081297F8	thumb	ClearRearrangementNonSprites
0x081298EC	thumb	Task_PutAwayDecoration
0x081299AC	thumb	HasDecorationsInUse
0x081299DC	thumb	SetUpPuttingAwayDecorationPlayerAvatar
0x08129ABC	thumb	Task_ContinuePuttingAwayDecorations
0x08129B34	thumb	ContinuePuttingAwayDecorations
0x08129BCC	thumb	AttemptPutAwayDecoration
0x08129BF8	thumb	AttemptCancelPutAwayDecoration
0x08129C74	thumb	AttemptPutAwayDecoration_
0x08129D64	thumb	ContinuePuttingAwayDecorationsPrompt
0x08129D8C	thumb	SetDecorRearrangementShape
0x08129E0C	thumb	SetCameraSpritePosition
0x08129E74	thumb	DecorationIsUnderCursor
0x08129F20	thumb	SetDecorRearrangementFlagIdIfFlagUnset
0x08129FC8	thumb	AttemptMarkSpriteDecorUnderCursorForRemoval
0x0812A040	thumb	MarkSpriteDecorsInBoundsForRemoval
0x0812A0E8	thumb	AttemptMarkDecorUnderCursorForRemoval
0x0812A1A0	thumb	ReturnDecorationPrompt
0x0812A1C0	thumb	PutAwayDecoration
0x0812A1F0	thumb	StopPuttingAwayDecorationsPrompt
0x0812A210	thumb	StopPuttingAwayDecorations
0x0812A22C	thumb	StopPuttingAwayDecorations_
0x0812A25C	thumb	Task_StopPuttingAwayDecorations
0x0812A2C4	thumb	Task_ReinitializeDecorationMenuHandler
0x0812A334	thumb	FieldCB_StopPuttingAwayDecorations
0x0812A36C	thumb	InitializeCameraSprite1
0x0812A39C	thumb	LoadPlayerSpritePalette
0x0812A3C8	thumb	FreePlayerSpritePalette
0x0812A3D4	thumb	DecorationItemsMenuAction_AttemptToss
0x0812A458	thumb	TossDecorationPrompt
0x0812A478	thumb	TossDecoration
0x0812A4DC	thumb	Task_FadeToSlotMachine
0x0812A540	thumb	PlaySlotMachine
0x0812A588	thumb	CB2_SlotMachineSetup
0x0812A670	thumb	CB2_SlotMachine
0x0812A688	thumb	SlotMachine_VBlankCB
0x0812A6D4	thumb	PlaySlotMachine_Internal
0x0812A710	thumb	SlotMachine_InitFromTask
0x0812A74C	thumb	SlotMachineDummyTask
0x0812A750	thumb	SlotMachineSetup_InitBgsWindows
0x0812A79C	thumb	SlotMachineSetup_InitVBlank
0x0812A7BC	thumb	SlotMachineSetup_InitVRAM
0x0812A810	thumb	SlotMachineSetup_InitOAM
0x0812A834	thumb	SlotMachineSetup_InitGpuRegs
0x0812A8C4	thumb	InitSlotMachine
0x0812A9AC	thumb	SlotMachineSetup_InitPalsSpritesTasks
0x0812A9CC	thumb	SlotMachineSetup_InitTilemaps
0x0812AA48	thumb	SlotMachineSetup_LoadGfxAndTilemaps
0x0812AA78	thumb	CreateSlotMachineSprites
0x0812AA90	thumb	CreateGameplayTasks
0x0812AAA8	thumb	CreateSlotMachineTasks
0x0812AAC8	thumb	Task_SlotMachine
0x0812AB04	thumb	SlotTask_UnfadeScreen
0x0812AB38	thumb	SlotTask_WaitUnfade
0x0812AB60	thumb	SlotTask_ReadyNewSpin
0x0812ABA8	thumb	SlotTask_ReadyNewReelTimeSpin
0x0812ABC8	thumb	SlotTask_AskInsertBet
0x0812ABF8	thumb	SlotTask_HandleBetInput
0x0812ACF4	thumb	SlotTask_PrintMsg_Need3Coins
0x0812AD34	thumb	SlotTask_WaitMsg_Need3Coins
0x0812AD60	thumb	SlotTask_WaitInfoBox
0x0812AD80	thumb	SlotTask_StartSpin
0x0812ADF4	thumb	SlotTask_StartReelTimeSpin
0x0812AE24	thumb	SlotTask_ResetBiasFailure
0x0812AE4C	thumb	SlotTask_WaitReelStop
0x0812AE88	thumb	SlotTask_WaitAllReelsStop
0x0812AEC4	thumb	SlotTask_CheckMatches
0x0812AFFC	thumb	SlotTask_WaitPayout
0x0812B01C	thumb	SlotTask_EndPayout
0x0812B094	thumb	SlotTask_MatchedPower
0x0812B0D8	thumb	SlotTask_WaitReelTimeAnim
0x0812B108	thumb	SlotTask_ResetBetTiles
0x0812B130	thumb	SlotTask_NoMatches
0x0812B158	thumb	SlotTask_AskQuit
0x0812B1B0	thumb	SlotTask_HandleQuitInput
0x0812B214	thumb	SlotTask_PrintMsg_MaxCoins
0x0812B254	thumb	SlotTask_WaitMsg_MaxCoins
0x0812B280	thumb	SlotTask_PrintMsg_NoMoreCoins
0x0812B2C0	thumb	SlotTask_WaitMsg_NoMoreCoins
0x0812B2EC	thumb	SlotTask_EndGame
0x0812B32C	thumb	SlotTask_FreeDataStructures
0x0812B4EC	thumb	DrawMachineBias
0x0812B55C	thumb	ResetBiasFailure
0x0812B57C	thumb	GetBiasSymbol
0x0812B5B0	thumb	ShouldTrySpecialBias
0x0812B5EC	thumb	TrySelectBias_Special
0x0812B634	thumb	TrySelectBias_Regular
0x0812B6CC	thumb	GetReelTimeSpinProbability
0x0812B700	thumb	GetReelTimeDraw
0x0812B760	thumb	ShouldReelTimeMachineExplode
0x0812B78C	thumb	ReelTimeSpeed
0x0812B828	thumb	CheckMatch
0x0812B85C	thumb	CheckMatch_CenterRow
0x0812B8D0	thumb	CheckMatch_TopAndBottom
0x0812B9A0	thumb	CheckMatch_Diagonals
0x0812BA6C	thumb	GetMatchFromSymbols
0x0812BABC	thumb	AwardPayout
0x0812BADC	thumb	IsFinalTask_Task_Payout
0x0812BAFC	thumb	Task_Payout
0x0812BB34	thumb	PayoutTask_Init
0x0812BB68	thumb	PayoutTask_GivePayout
0x0812BC20	thumb	PayoutTask_Free
0x0812BC44	thumb	GetSymbolAtRest
0x0812BC98	thumb	GetSymbol
0x0812BCE8	thumb	GetReelTimeSymbol
0x0812BD28	thumb	AdvanceSlotReel
0x0812BD70	thumb	AdvanceSlotReelToNextSymbol
0x0812BDD4	thumb	AdvanceReeltimeReel
0x0812BE0C	thumb	AdvanceReeltimeReelToNextSymbol
0x0812BE5C	thumb	CreateReelTasks
0x0812BEA4	thumb	SpinSlotReel
0x0812BEDC	thumb	StopSlotReel
0x0812BF04	thumb	IsSlotReelMoving
0x0812BF2C	thumb	Task_Reel
0x0812BF64	thumb	ReelTask_StayStill
0x0812BF68	thumb	ReelTask_Spin
0x0812BF88	thumb	ReelTask_DecideStop
0x0812C01C	thumb	ReelTask_MoveToStop
0x0812C0E0	thumb	ReelTask_ShakingStop
0x0812C138	thumb	DecideStop_Bias_Reel1
0x0812C184	thumb	EitherSymbolAtPos_Reel1
0x0812C1C4	thumb	AreCherriesOnScreen_Reel1
0x0812C218	thumb	BiasedTowardCherryOr7s
0x0812C238	thumb	DecideStop_Bias_Reel1_Bet1
0x0812C290	thumb	DecideStop_Bias_Reel1_Bet2or3
0x0812C3A0	thumb	DecideStop_Bias_Reel2
0x0812C3C8	thumb	DecideStop_Bias_Reel2_Bet1or2
0x0812C414	thumb	DecideStop_Bias_Reel2_Bet3
0x0812C4BC	thumb	DecideStop_Bias_Reel3
0x0812C500	thumb	DecideStop_Bias_Reel3_Bet1or2
0x0812C55C	thumb	DecideStop_Bias_Reel3_Bet3
0x0812C5DC	thumb	DecideStop_NoBias_Reel1
0x0812C608	thumb	IfSymbol7_SwitchColor
0x0812C628	thumb	DecideStop_NoBias_Reel2
0x0812C64C	thumb	DecideStop_NoBias_Reel2_Bet1
0x0812C6CC	thumb	DecideStop_NoBias_Reel2_Bet2
0x0812C74C	thumb	DecideStop_NoBias_Reel2_Bet3
0x0812C854	thumb	MismatchedSyms_77
0x0812C87C	thumb	MismatchedSyms_777
0x0812C8AC	thumb	NeitherMatchNor7Mismatch
0x0812C8FC	thumb	DecideStop_NoBias_Reel3
0x0812C920	thumb	DecideStop_NoBias_Reel3_Bet1
0x0812CA08	thumb	DecideStop_NoBias_Reel3_Bet2
0x0812CB80	thumb	DecideStop_NoBias_Reel3_Bet3
0x0812CD40	thumb	PressStopReelButton
0x0812CD74	thumb	Task_PressStopReelButton
0x0812CDA4	thumb	StopReelButton_Press
0x0812CDD8	thumb	StopReelButton_Wait
0x0812CDF4	thumb	StopReelButton_Unpress
0x0812CE2C	thumb	LightenMatchLine
0x0812CE54	thumb	DarkenMatchLine
0x0812CE7C	thumb	LightenBetTiles
0x0812CEB8	thumb	DarkenBetTiles
0x0812CEF4	thumb	CreateInvisibleFlashMatchLineSprites
0x0812CF34	thumb	FlashMatchLine
0x0812CF6C	thumb	IsMatchLineDoneFlashingBeforePayout
0x0812CFB8	thumb	TryStopMatchLinesFlashing
0x0812CFEC	thumb	TryStopMatchLineFlashing
0x0812D024	thumb	SpriteCB_FlashMatchingLines
0x0812D0B0	thumb	FlashSlotMachineLights
0x0812D0E0	thumb	TryStopSlotMachineLights
0x0812D128	thumb	Task_FlashSlotMachineLights
0x0812D188	thumb	CreatePikaPowerBoltTask
0x0812D1A8	thumb	AddPikaPowerBolt
0x0812D1DC	thumb	ResetPikaPowerBolts
0x0812D20C	thumb	IsPikaPowerBoltAnimating
0x0812D230	thumb	Task_CreatePikaPowerBolt
0x0812D260	thumb	PikaPowerBolt_Idle
0x0812D264	thumb	PikaPowerBolt_AddBolt
0x0812D28C	thumb	PikaPowerBolt_WaitAnim
0x0812D30C	thumb	PikaPowerBolt_ClearAll
0x0812D394	thumb	ResetPikaPowerBoltTask
0x0812D3B4	thumb	LoadPikaPowerMeter
0x0812D4AC	thumb	BeginReelTime
0x0812D4CC	thumb	IsReelTimeTaskDone
0x0812D4EC	thumb	Task_ReelTime
0x0812D51C	thumb	ReelTime_Init
0x0812D594	thumb	ReelTime_WindowEnter
0x0812D60C	thumb	ReelTime_WaitStartPikachu
0x0812D63C	thumb	ReelTime_PikachuSpeedUp1
0x0812D6EC	thumb	ReelTime_PikachuSpeedUp2
0x0812D740	thumb	ReelTime_WaitReel
0x0812D774	thumb	ReelTime_CheckExplode
0x0812D7E4	thumb	ReelTime_LandOnOutcome
0x0812D870	thumb	ReelTime_PikachuReact
0x0812D920	thumb	ReelTime_WaitClearPikaPower
0x0812D950	thumb	ReelTime_CloseWindow
0x0812D9A4	thumb	ReelTime_DestroySprites
0x0812DA20	thumb	ReelTime_SetReelSpeed
0x0812DA6C	thumb	ReelTime_EndSuccess
0x0812DA90	thumb	ReelTime_ExplodeMachine
0x0812DB04	thumb	ReelTime_WaitExplode
0x0812DB8C	thumb	ReelTime_WaitSmoke
0x0812DBBC	thumb	ReelTime_EndFailure
0x0812DC08	thumb	LoadReelTimeWindowTilemap
0x0812DC50	thumb	ClearReelTimeWindowTilemap
0x0812DC80	thumb	OpenInfoBox
0x0812DCB4	thumb	IsInfoBoxClosed
0x0812DCD4	thumb	Task_InfoBox
0x0812DD04	thumb	InfoBox_FadeIn
0x0812DD28	thumb	InfoBox_WaitFade
0x0812DD48	thumb	InfoBox_DrawWindow
0x0812DD78	thumb	InfoBox_AddText
0x0812DDC4	thumb	InfoBox_WaitInput
0x0812DE14	thumb	InfoBox_LoadSlotMachineTilemap
0x0812DE30	thumb	InfoBox_CreateDigitalDisplay
0x0812DE48	thumb	InfoBox_LoadPikaPowerMeter
0x0812DE7C	thumb	InfoBox_FreeTask
0x0812DE94	thumb	CreateDigitalDisplayTask
0x0812DEE4	thumb	CreateDigitalDisplayScene
0x0812DF68	thumb	AddDigitalDisplaySprite
0x0812DFDC	thumb	DestroyDigitalDisplayScene
0x0812E054	thumb	IsDigitalDisplayAnimFinished
0x0812E0B0	thumb	Task_DigitalDisplay
0x0812E0E0	thumb	DigitalDisplay_Idle
0x0812E0E4	thumb	CreateReelSymbolSprites
0x0812E154	thumb	SpriteCB_ReelSymbol
0x0812E1C8	thumb	CreateCreditPayoutNumberSprites
0x0812E230	thumb	CreateCoinNumberSprite
0x0812E2A8	thumb	SpriteCB_CoinNumber
0x0812E300	thumb	CreateReelBackgroundSprite
0x0812E33C	thumb	CreateReelTimePikachuSprite
0x0812E3E8	thumb	DestroyReelTimePikachuSprite
0x0812E424	thumb	SpriteCB_ReelTimePikachu
0x0812E474	thumb	CreateReelTimeMachineSprites
0x0812E5A8	thumb	CreateBrokenReelTimeMachineSprite
0x0812E650	thumb	CreateReelTimeNumberSprites
0x0812E6C4	thumb	SpriteCB_ReelTimeNumbers
0x0812E70C	thumb	CreateReelTimeShadowSprites
0x0812E7CC	thumb	CreateReelTimeNumberGapSprite
0x0812E82C	thumb	DestroyReelTimeMachineSprites
0x0812E8C4	thumb	DestroyReelTimeShadowSprites
0x0812E8F8	thumb	DestroyBrokenReelTimeMachineSprite
0x0812E934	thumb	CreateReelTimeBoltSprites
0x0812E9E8	thumb	SpriteCB_ReelTimeBolt
0x0812EA44	thumb	SetReelTimeBoltDelay
0x0812EA7C	thumb	DestroyReelTimeBoltSprites
0x0812EAB0	thumb	CreateReelTimePikachuAuraSprites
0x0812EB48	thumb	SpriteCB_ReelTimePikachuAura
0x0812EBAC	thumb	SetReelTimePikachuAuraFlashDelay
0x0812EBCC	thumb	DestroyReelTimePikachuAuraSprites
0x0812EC20	thumb	CreateReelTimeExplosionSprite
0x0812EC64	thumb	SpriteCB_ReelTimeExplosion
0x0812EC70	thumb	DestroyReelTimeExplosionSprite
0x0812EC94	thumb	CreateReelTimeDuckSprites
0x0812ED20	thumb	SpriteCB_ReelTimeDuck
0x0812ED8C	thumb	DestroyReelTimeDuckSprites
0x0812EDC0	thumb	CreateReelTimeSmokeSprite
0x0812EE14	thumb	SpriteCB_ReelTimeSmoke
0x0812EEA8	thumb	IsReelTimeSmokeAnimFinished
0x0812EECC	thumb	DestroyReelTimeSmokeSprite
0x0812EF00	thumb	CreatePikaPowerBoltSprite
0x0812EF54	thumb	SpriteCB_PikaPowerBolt
0x0812EF6C	thumb	DestroyPikaPowerBoltSprite
0x0812EF98	thumb	CreateStdDigitalDisplaySprite
0x0812EFDC	thumb	CreateDigitalDisplaySprite
0x0812F078	thumb	SpriteCB_DigitalDisplay_Static
0x0812F080	thumb	SpriteCB_DigitalDisplay_Smoke
0x0812F104	thumb	SpriteCB_DigitalDisplay_SmokeNE
0x0812F11C	thumb	SpriteCB_DigitalDisplay_SmokeSW
0x0812F134	thumb	SpriteCB_DigitalDisplay_SmokeSE
0x0812F150	thumb	SpriteCB_DigitalDisplay_Reel
0x0812F1B8	thumb	SpriteCB_DigitalDisplay_Time
0x0812F21C	thumb	SpriteCB_DigitalDisplay_ReelTimeNumber
0x0812F2CC	thumb	SpriteCB_DigitalDisplay_PokeballRocking
0x0812F36C	thumb	SpriteCB_DigitalDisplay_Stop
0x0812F3B4	thumb	SpriteCB_DigitalDisplay_AButtonStop
0x0812F470	thumb	SpriteCB_DigitalDisplay_PokeballShining
0x0812F514	thumb	SpriteCB_DigitalDisplay_RegBonus
0x0812F5E0	thumb	SpriteCB_DigitalDisplay_BigBonus
0x0812F648	thumb	SpriteCB_DigitalDisplay_AButtonStart
0x0812F780	thumb	EndDigitalDisplayScene_Dummy
0x0812F784	thumb	EndDigitalDisplayScene_StopReel
0x0812F794	thumb	EndDigitalDisplayScene_Win
0x0812F7C0	thumb	EndDigitalDisplayScene_InsertBet
0x0812F7E4	thumb	LoadSlotMachineGfx
0x0812F8A0	thumb	LoadReelBackground
0x0812F908	thumb	LoadMenuGfx
0x0812F958	thumb	LoadMenuAndReelOverlayTilemaps
0x0812F968	thumb	LoadSlotMachineMenuTilemap
0x0812F980	thumb	LoadSlotMachineReelOverlay
0x0812FA78	thumb	SetReelButtonTilemap
0x0812FAF4	thumb	LoadInfoBoxTilemap
0x0812FB14	thumb	SetDigitalDisplayImagePtrs
0x0812FBC4	thumb	AllocDigitalDisplayGfx
0x0812FDA8	thumb	SetContestWinnerForPainting
0x0812FDEC	thumb	CB2_ContestPainting
0x0812FDF8	thumb	CB2_HoldContestPainting
0x0812FE0C	thumb	CB2_QuitContestPainting
0x0812FE58	thumb	ShowContestPainting
0x0812FFC8	thumb	HoldContestPainting
0x08130098	thumb	InitContestPaintingWindow
0x0813010C	thumb	PrintContestPaintingCaption
0x081301EC	thumb	InitContestPaintingBg
0x08130238	thumb	InitContestPaintingVars
0x08130280	thumb	UpdateContestPaintingMosaicEffect
0x081302D0	thumb	VBlankCB_ContestPainting
0x081302E8	thumb	InitContestMonPixels
0x08130380	thumb	_InitContestMonPixels
0x08130430	thumb	LoadContestPaintingFrame
0x08130688	thumb	InitPaintingMonOamData
0x081306CC	thumb	GetImageEffectForContestWinner
0x08130738	thumb	AllocPaintingResources
0x08130760	thumb	DoContestPaintingImageProcessing
0x08130884	thumb	CreateContestPaintingPicture
0x081308C8	thumb	BattleAI_HandleItemUseBeforeAISetup
0x08130950	thumb	BattleAI_SetupAIData
0x08130BA4	thumb	BattleAI_ChooseMoveOrAction
0x08130BDC	thumb	ChooseMoveOrAction_Singles
0x08130CF4	thumb	ChooseMoveOrAction_Doubles
0x08130F48	thumb	BattleAI_DoAIProcessing
0x08131074	thumb	RecordLastUsedMoveByTarget
0x081310F0	thumb	ClearBattlerMoveHistory
0x08131118	thumb	RecordAbilityBattle
0x08131130	thumb	ClearBattlerAbilityHistory
0x08131148	thumb	RecordItemEffectBattle
0x08131160	thumb	ClearBattlerItemEffectHistory
0x08131178	thumb	Cmd_if_random_less_than
0x081311B8	thumb	Cmd_if_random_greater_than
0x081311F8	thumb	Cmd_if_random_equal
0x08131238	thumb	Cmd_if_random_not_equal
0x08131278	thumb	Cmd_score
0x081312BC	thumb	Cmd_if_hp_less_than
0x08131324	thumb	Cmd_if_hp_more_than
0x0813138C	thumb	Cmd_if_hp_equal
0x081313F4	thumb	Cmd_if_hp_not_equal
0x0813145C	thumb	Cmd_if_status
0x081314D0	thumb	Cmd_if_not_status
0x08131544	thumb	Cmd_if_status2
0x081315B8	thumb	Cmd_if_not_status2
0x0813162C	thumb	Cmd_if_status3
0x0813169C	thumb	Cmd_if_not_status3
0x0813170C	thumb	Cmd_if_side_affecting
0x08131788	thumb	Cmd_if_not_side_affecting
0x08131804	thumb	Cmd_if_less_than
0x08131840	thumb	Cmd_if_more_than
0x0813187C	thumb	Cmd_if_equal
0x081318B8	thumb	Cmd_if_not_equal
0x081318F4	thumb	Cmd_if_less_than_ptr
0x08131948	thumb	Cmd_if_more_than_ptr
0x0813199C	thumb	Cmd_if_equal_ptr
0x081319F0	thumb	Cmd_if_not_equal_ptr
0x08131A44	thumb	Cmd_if_move
0x08131A88	thumb	Cmd_if_not_move
0x08131ACC	thumb	Cmd_if_in_bytes
0x08131B34	thumb	Cmd_if_not_in_bytes
0x08131BA0	thumb	Cmd_if_in_hwords
0x08131C0C	thumb	Cmd_if_not_in_hwords
0x08131C7C	thumb	Cmd_if_user_has_attacking_move
0x08131CEC	thumb	Cmd_if_user_has_no_attacking_moves
0x08131D5C	thumb	Cmd_get_turn_count
0x08131D80	thumb	Cmd_get_type
0x08131E70	thumb	BattleAI_GetWantedBattler
0x08131EB4	thumb	Cmd_is_of_type
0x08131F1C	thumb	Cmd_get_considered_move_power
0x08131F48	thumb	Cmd_get_how_powerful_move_is
0x0813214C	thumb	Cmd_get_last_used_battler_move
0x081321A4	thumb	Cmd_if_equal_
0x081321E0	thumb	Cmd_if_not_equal_
0x0813221C	thumb	Cmd_if_user_goes
0x08132268	thumb	Cmd_if_user_doesnt_go
0x081322B4	thumb	Cmd_nop_2A
0x081322B8	thumb	Cmd_nop_2B
0x081322BC	thumb	Cmd_count_usable_party_mons
0x081323B8	thumb	Cmd_get_considered_move
0x081323D4	thumb	Cmd_get_considered_move_effect
0x08132400	thumb	Cmd_get_ability
0x0813251C	thumb	Cmd_check_ability
0x08132614	thumb	Cmd_get_highest_type_effectiveness
0x08132700	thumb	Cmd_if_type_effectiveness
0x081327D0	thumb	Cmd_nop_32
0x081327D4	thumb	Cmd_nop_33
0x081327D8	thumb	Cmd_if_status_in_party
0x081328B8	thumb	Cmd_if_status_not_in_party
0x08132994	thumb	Cmd_get_weather
0x08132A00	thumb	Cmd_if_effect
0x08132A4C	thumb	Cmd_if_not_effect
0x08132A98	thumb	Cmd_if_stat_level_less_than
0x08132B00	thumb	Cmd_if_stat_level_more_than
0x08132B68	thumb	Cmd_if_stat_level_equal
0x08132BD0	thumb	Cmd_if_stat_level_not_equal
0x08132C38	thumb	Cmd_if_can_faint
0x08132D34	thumb	Cmd_if_cant_faint
0x08132E18	thumb	Cmd_if_has_move
0x08132F48	thumb	Cmd_if_doesnt_have_move
0x08133020	thumb	Cmd_if_has_move_with_effect
0x08133118	thumb	Cmd_if_doesnt_have_move_with_effect
0x081331FC	thumb	Cmd_if_any_move_disabled_or_encored
0x08133284	thumb	Cmd_if_curr_move_disabled_or_encored
0x08133314	thumb	Cmd_flee
0x08133328	thumb	Cmd_if_random_safari_flee
0x08133388	thumb	Cmd_watch
0x0813339C	thumb	Cmd_get_hold_effect
0x08133414	thumb	Cmd_if_holds_item
0x08133494	thumb	Cmd_get_gender
0x081334EC	thumb	Cmd_is_first_turn_for
0x08133538	thumb	Cmd_get_stockpile_count
0x08133584	thumb	Cmd_is_double_battle
0x081335AC	thumb	Cmd_get_used_held_item
0x081335F8	thumb	Cmd_get_move_type_from_result
0x08133624	thumb	Cmd_get_move_power_from_result
0x08133650	thumb	Cmd_get_move_effect_from_result
0x0813367C	thumb	Cmd_get_protect_count
0x081336C8	thumb	Cmd_nop_52
0x081336CC	thumb	Cmd_nop_53
0x081336D0	thumb	Cmd_nop_54
0x081336D4	thumb	Cmd_nop_55
0x081336D8	thumb	Cmd_nop_56
0x081336DC	thumb	Cmd_nop_57
0x081336E0	thumb	Cmd_call
0x08133710	thumb	Cmd_goto
0x08133730	thumb	Cmd_end
0x08133754	thumb	Cmd_if_level_cond
0x0813382C	thumb	Cmd_if_target_taunted
0x0813387C	thumb	Cmd_if_target_not_taunted
0x081338CC	thumb	Cmd_if_target_is_ally
0x0813391C	thumb	Cmd_if_flash_fired
0x0813396C	thumb	AIStackPushVar
0x08133990	thumb	AIStackPushVar_cursor
0x081339B8	thumb	AIStackPop
0x081339F8	thumb	TraderSetup
0x08133A60	thumb	Trader_ResetFlag
0x08133A78	thumb	CreateAvailableDecorationsMenu
0x08133BE4	thumb	Task_BufferDecorSelectionAndCloseWindow
0x08133C48	thumb	Task_HandleGetDecorationMenuInput
0x08133CD8	thumb	GetTraderTradedFlag
0x08133CF4	thumb	DoesPlayerHaveNoDecorations
0x08133D2C	thumb	IsDecorationCategoryFull
0x08133D8C	thumb	TraderShowDecorationMenu
0x08133DA0	thumb	DecorationItemsMenuAction_Trade
0x08133E1C	thumb	ExitTraderMenu
0x08133E38	thumb	TraderDoDecorationTrade
0x08133EC0	thumb	TraderMenuGetDecoration
0x08133EDC	thumb	GetStarterPokemon
0x08133EF8	thumb	VblankCB_StarterChoose
0x08133F0C	thumb	CB2_ChooseStarter
0x081341E0	thumb	CB2_StarterChoose
0x081341FC	thumb	Task_StarterChoose
0x0813425C	thumb	Task_HandleStarterChooseInput
0x08134340	thumb	Task_WaitForStarterSprite
0x08134390	thumb	Task_AskConfirmStarter
0x08134400	thumb	Task_HandleConfirmStarterInput
0x081344AC	thumb	Task_DeclineStarter
0x081344C8	thumb	CreateStarterPokemonLabel
0x08134604	thumb	ClearStarterLabel
0x08134640	thumb	Task_MoveStarterChooseCursor
0x08134668	thumb	Task_CreateStarterLabel
0x08134690	thumb	CreatePokemonFrontSprite
0x081346DC	thumb	SpriteCB_SelectionHand
0x0813473C	thumb	SpriteCB_Pokeball
0x08134774	thumb	SpriteCB_StarterPokemon
0x081347B4	thumb	VBlankCB_WallClock
0x081347C8	thumb	LoadWallClockGraphics
0x0813498C	thumb	WallClockInit
0x081349F4	thumb	CB2_StartWallClock
0x08134B44	thumb	CB2_ViewWallClock
0x08134C9C	thumb	CB2_WallClock
0x08134CB8	thumb	Task_SetClock_WaitFadeIn
0x08134CE8	thumb	Task_SetClock_HandleInput
0x08134DC4	thumb	Task_SetClock_AskConfirm
0x08134E30	thumb	Task_SetClock_HandleConfirmInput
0x08134EA4	thumb	Task_SetClock_Confirmed
0x08134EE8	thumb	Task_SetClock_Exit
0x08134F10	thumb	Task_ViewClock_WaitFadeIn
0x08134F40	thumb	Task_ViewClock_HandleInput
0x08134F78	thumb	Task_ViewClock_FadeOut
0x08134FB0	thumb	Task_ViewClock_Exit
0x08134FD4	thumb	CalcMinHandDelta
0x08134FFC	thumb	CalcNewMinHandAngle
0x0813504C	thumb	AdvanceClock
0x081350E8	thumb	UpdateClockPeriod
0x08135130	thumb	InitClockWithRtc
0x081351AC	thumb	SpriteCB_MinuteHand
0x08135244	thumb	SpriteCB_HourHand
0x081352DC	thumb	SpriteCB_PMIndicator
0x08135380	thumb	SpriteCB_AMIndicator
0x08135424	thumb	CheckObjectGraphicsInFrontOfPlayer
0x08135478	thumb	CreateFieldMoveTask
0x0813549C	thumb	Task_DoFieldMove_Init
0x0813552C	thumb	Task_DoFieldMove_ShowMonAfterPose
0x08135578	thumb	Task_DoFieldMove_WaitForMon
0x0813561C	thumb	Task_DoFieldMove_RunFunc
0x08135654	thumb	SetUpFieldMove_RockSmash
0x081356C4	thumb	FieldCallback_RockSmash
0x081356E4	thumb	FldEff_UseRockSmash
0x08135714	thumb	FieldMove_RockSmash
0x0813572C	thumb	SetUpFieldMove_Dig
0x08135760	thumb	FieldCallback_Dig
0x08135780	thumb	FldEff_UseDig
0x081357BC	thumb	StartDigFieldEffect
0x081357FC	thumb	OpenPokeblockCase
0x081358F4	thumb	OpenPokeblockCaseInBattle
0x08135908	thumb	OpenPokeblockCaseOnFeeder
0x0813591C	thumb	CB2_PokeblockMenu
0x08135938	thumb	VBlankCB_PokeblockMenu
0x0813594C	thumb	CB2_InitPokeblockMenu
0x08135978	thumb	InitPokeblockMenu
0x08135BDC	thumb	HandleInitBackgrounds
0x08135C38	thumb	LoadPokeblockMenuGfx
0x08135D24	thumb	HandleInitWindows
0x08135D7C	thumb	PrintOnPokeblockWindow
0x08135DAC	thumb	DrawPokeblockMenuTitleText
0x08135E2C	thumb	UpdatePokeblockList
0x08135F04	thumb	PutPokeblockListMenuString
0x08135F70	thumb	MovePokeblockMenuCursor
0x08135FCC	thumb	DrawPokeblockInfo
0x08136110	thumb	DrawPokeblockMenuHighlight
0x08136140	thumb	CompactPokeblockSlots
0x081361B0	thumb	SwapPokeblockMenuItems
0x0813624C	thumb	ResetPokeblockScrollPositions
0x0813625C	thumb	SetMenuItemsCountAndMaxShowed
0x081362E0	thumb	LimitMenuScrollAndRow
0x08136344	thumb	SetInitialScroll
0x081363BC	thumb	CreateScrollArrows
0x08136418	thumb	DestroyScrollArrows
0x08136444	thumb	CreatePokeblockCaseSprite
0x08136470	thumb	SpriteCB_ShakePokeblockCase
0x081364EC	thumb	FadePaletteAndSetTaskToClosePokeblockCase
0x08136524	thumb	Task_FreeDataAndExitPokeblockCase
0x081365C8	thumb	Task_HandlePokeblockMenuInput
0x0813671C	thumb	Task_HandlePokeblocksSwapInput
0x08136854	thumb	UpdatePokeblockSwapMenu
0x08136938	thumb	ShowPokeblockActionsWindow
0x081369E0	thumb	Task_HandlePokeblockActionsInput
0x08136A50	thumb	PokeblockAction_UseOnField
0x08136A74	thumb	UsePokeblockOnField
0x08136AA0	thumb	ReturnToPokeblockCaseOnField
0x08136AB4	thumb	PokeblockAction_Toss
0x08136B48	thumb	CreateTossPokeblockYesNoMenu
0x08136B78	thumb	TossedPokeblockMessage
0x08136BC0	thumb	TossPokeblock
0x08136C54	thumb	CloseTossPokeblockWindow
0x08136C8C	thumb	PokeblockAction_UseInBattle
0x08136D2C	thumb	PokeblockAction_UseOnPokeblockFeeder
0x08136D90	thumb	PokeblockAction_GiveToContestLady
0x08136DE8	thumb	PokeblockAction_Cancel
0x08136E20	thumb	ClearPokeblock
0x08136E88	thumb	ClearPokeblocks
0x08136EA4	thumb	GetHighestPokeblocksFlavorLevel
0x08136EDC	thumb	GetPokeblocksFeel
0x08136EF4	thumb	GetFirstFreePokeblockSlot
0x08136F2C	thumb	AddPokeblock
0x08136F68	thumb	TryClearPokeblock
0x08136F9C	thumb	GetPokeblockData
0x08136FE4	thumb	PokeblockGetGain
0x08137044	thumb	PokeblockCopyName
0x08137068	thumb	CopyMonFavoritePokeblockName
0x081370B4	thumb	GetPokeblocksFlavor
0x081370FC	thumb	SetUpFieldMove_Flash
0x08137178	thumb	FieldCallback_Flash
0x081371B4	thumb	FldEff_UseFlash
0x081371D4	thumb	CB2_ChangeMapMain
0x081371EC	thumb	VBC_ChangeMapVBlank
0x08137200	thumb	CB2_DoChangeMap
0x08137304	thumb	TryDoMapTransition
0x08137360	thumb	GetMapPairFadeToType
0x081373A8	thumb	GetMapPairFadeFromType
0x081373F0	thumb	DoExitCaveTransition
0x08137404	thumb	Task_ExitCaveTransition1
0x08137420	thumb	Task_ExitCaveTransition2
0x081374C4	thumb	Task_ExitCaveTransition3
0x0813750C	thumb	Task_ExitCaveTransition4
0x08137574	thumb	Task_ExitCaveTransition5
0x081375A8	thumb	DoEnterCaveTransition
0x081375BC	thumb	Task_EnterCaveTransition1
0x081375D8	thumb	Task_EnterCaveTransition2
0x08137678	thumb	Task_EnterCaveTransition3
0x081376DC	thumb	Task_EnterCaveTransition4
0x08137734	thumb	GameClear
0x0813787C	thumb	SetCB2WhiteOut
0x08137890	thumb	GetMirageRnd
0x081378BC	thumb	SetMirageRnd
0x081378E4	thumb	InitMirageRnd
0x08137904	thumb	UpdateMirageRnd
0x0813793C	thumb	IsMirageIslandPresent
0x08137988	thumb	UpdateShoalTideFlag
0x081379D8	thumb	Task_WaitWeather
0x081379F8	thumb	WaitWeather
0x08137A0C	thumb	InitBirchState
0x08137A20	thumb	UpdateBirchState
0x08137A4C	thumb	ScriptGetPokedexInfo
0x08137A98	thumb	GetPokedexRatingText
0x08137C10	thumb	ShowPokedexRatingMessage
0x08137C28	thumb	AccessHallOfFamePC
0x08137C3C	thumb	ReturnFromHallOfFamePC
0x08137C5C	thumb	ReshowPCMenuAfterHallOfFamePC
0x08137C94	thumb	Task_WaitForPaletteFade
0x08137CB4	thumb	Special_ShowDiploma
0x08137CC8	thumb	Special_ViewWallClock
0x08137CEC	thumb	ResetCyclingRoadChallengeData
0x08137D0C	thumb	Special_BeginCyclingRoadChallenge
0x08137D34	thumb	GetPlayerAvatarBike
0x08137D5C	thumb	DetermineCyclingRoadResults
0x08137E6C	thumb	FinishCyclingRoadChallenge
0x08137E9C	thumb	RecordCyclingRoadResults
0x08137EFC	thumb	GetRecordedCyclingRoadResults
0x08137F44	thumb	UpdateCyclingRoadState
0x08137F90	thumb	SetSSTidalFlag
0x08137FB0	thumb	ResetSSTidalFlag
0x08137FC0	thumb	CountSSTidalStep
0x08137FFC	thumb	GetSSTidalLocation
0x081380D8	thumb	ShouldDoWallyCall
0x08138120	thumb	ShouldDoScottFortreeCall
0x08138168	thumb	ShouldDoScottBattleFrontierCall
0x081381B0	thumb	ShouldDoRoxanneCall
0x081381F8	thumb	ShouldDoRivalRayquazaCall
0x08138240	thumb	GetLinkPartnerNames
0x081382A0	thumb	SpawnLinkPartnerObjectEvent
0x0813842C	thumb	LoadLinkPartnerObjectEventSpritePalette
0x081384F0	thumb	MauvilleGymPressSwitch
0x08138540	thumb	MauvilleGymSetDefaultBarriers
0x08138750	thumb	MauvilleGymDeactivatePuzzle
0x081388E4	thumb	PetalburgGymSlideOpenRoomDoors
0x08138910	thumb	Task_PetalburgGymSlideOpenRoomDoors
0x08138978	thumb	PetalburgGymSetDoorMetatiles
0x08138AA4	thumb	PetalburgGymUnlockRoomDoors
0x08138AC0	thumb	ShowFieldMessageStringVar4
0x08138AD0	thumb	StorePlayerCoordsInVars
0x08138AF0	thumb	GetPlayerTrainerIdOnesDigit
0x08138B10	thumb	GetPlayerBigGuyGirlString
0x08138B48	thumb	GetRivalSonDaughterString
0x08138B80	thumb	GetBattleOutcome
0x08138B8C	thumb	CableCarWarp
0x08138BC8	thumb	SetHiddenItemFlag
0x08138BDC	thumb	GetWeekCount
0x08138C04	thumb	GetLeadMonFriendshipScore
0x08138C84	thumb	CB2_FieldShowRegionMap
0x08138C94	thumb	FieldShowRegionMap
0x08138CA4	thumb	DoPCTurnOnEffect
0x08138CE8	thumb	Task_PCTurnOnEffect
0x08138D10	thumb	PCTurnOnEffect
0x08138D88	thumb	PCTurnOnEffect_SetMetatile
0x08138E20	thumb	DoPCTurnOffEffect
0x08138E2C	thumb	PCTurnOffEffect
0x08138EC0	thumb	DoLotteryCornerComputerEffect
0x08138F04	thumb	Task_LotteryCornerComputerEffect
0x08138F2C	thumb	LotteryCornerComputerEffect
0x08138FAC	thumb	EndLotteryCornerComputerEffect
0x08138FD4	thumb	SetTrickHouseNuggetFlag
0x08138FEC	thumb	ResetTrickHouseNuggetFlag
0x08139004	thumb	CheckLeadMonCool
0x08139030	thumb	CheckLeadMonBeauty
0x0813905C	thumb	CheckLeadMonCute
0x08139088	thumb	CheckLeadMonSmart
0x081390B4	thumb	CheckLeadMonTough
0x081390E0	thumb	IsGrassTypeInParty
0x08139158	thumb	SpawnCameraObject
0x081391AC	thumb	RemoveCameraObject
0x081391D0	thumb	GetPokeblockNameByMonNature
0x08139200	thumb	GetSecretBaseNearbyMapName
0x08139228	thumb	GetBattleTowerSinglesStreak
0x08139238	thumb	BufferEReaderTrainerName
0x08139248	thumb	GetSlotMachineId
0x081392AC	thumb	FoundAbandonedShipRoom1Key
0x081392D4	thumb	FoundAbandonedShipRoom2Key
0x081392F8	thumb	FoundAbandonedShipRoom4Key
0x08139320	thumb	FoundAbandonedShipRoom6Key
0x08139348	thumb	LeadMonHasEffortRibbon
0x08139370	thumb	GiveLeadMonEffortRibbon
0x081393C8	thumb	Special_AreLeadMonEVsMaxedOut
0x081393FC	thumb	TryUpdateRusturfTunnelState
0x0813945C	thumb	SetShoalItemFlag
0x0813946C	thumb	LoadWallyZigzagoon
0x081394D8	thumb	IsStarterInParty
0x08139530	thumb	ScriptCheckFreePokemonStorageSpace
0x08139540	thumb	IsPokerusInParty
0x08139560	thumb	ShakeCamera
0x081395BC	thumb	Task_ShakeCamera
0x08139620	thumb	StopCameraShake
0x08139634	thumb	FoundBlackGlasses
0x08139648	thumb	SetRoute119Weather
0x08139668	thumb	SetRoute123Weather
0x08139688	thumb	GetLeadMonIndex
0x081396E0	thumb	ScriptGetPartyMonSpecies
0x08139708	thumb	TryInitBattleTowerAwardManObjectEvent
0x0813970C	thumb	GetDaysUntilPacifidlogTMAvailable
0x08139754	thumb	SetPacifidlogTMReceivedDay
0x08139770	thumb	MonOTNameNotPlayer
0x081397C4	thumb	BufferLottoTicketNumber
0x0813986C	thumb	GetMysteryGiftCardStat
0x081398C0	thumb	BufferTMHMMoveName
0x0813990C	thumb	IsBadEggInParty
0x0813994C	thumb	InMultiPartnerRoom
0x08139980	thumb	OffsetCameraForBattle
0x08139994	thumb	SetDeptStoreFloor
0x081399F4	thumb	GetDeptStoreDefaultFloorChoice
0x08139A78	thumb	MoveElevator
0x08139AF4	thumb	Task_MoveElevator
0x08139B60	thumb	ShowDeptStoreElevatorFloorSelect
0x08139C10	thumb	CloseDeptStoreElevatorWindow
0x08139C2C	thumb	MoveElevatorWindowLights
0x08139C80	thumb	Task_MoveElevatorWindowLights
0x08139D98	thumb	BufferVarsForIVRater
0x08139E80	thumb	UsedPokemonCenterWarp
0x08139ED0	thumb	PlayerNotAtTrainerHillEntrance
0x08139EF4	thumb	UpdateFrontierManiac
0x08139F20	thumb	ShowFrontierManiacMessage
0x0813A080	thumb	BufferBattleTowerElevatorFloors
0x0813A128	thumb	ShowScrollableMultichoice
0x0813A2DC	thumb	Task_ShowScrollableMultichoice
0x0813A42C	thumb	InitScrollableMultichoice
0x0813A46C	thumb	ScrollableMultichoice_MoveCursor
0x0813A4EC	thumb	ScrollableMultichoice_ProcessInput
0x0813A570	thumb	CloseScrollableMultichoice
0x0813A600	thumb	Task_ScrollableMultichoice_WaitReturnToList
0x0813A630	thumb	ScrollableMultichoice_TryReturnToList
0x0813A664	thumb	Task_ScrollableMultichoice_ReturnToList
0x0813A694	thumb	ScrollableMultichoice_UpdateScrollArrows
0x0813A738	thumb	ScrollableMultichoice_RemoveScrollArrows
0x0813A768	thumb	ShowGlassWorkshopMenu
0x0813A76C	thumb	SetBattleTowerLinkPlayerGfx
0x0813A7B8	thumb	ShowNatureGirlMessage
0x0813A7F4	thumb	UpdateFrontierGambler
0x0813A820	thumb	ShowFrontierGamblerLookingMessage
0x0813A854	thumb	ShowFrontierGamblerGoMessage
0x0813A878	thumb	FrontierGamblerSetWonOrLost
0x0813A8FC	thumb	UpdateBattlePointsWindow
0x0813A958	thumb	ShowBattlePointsWindow
0x0813A988	thumb	CloseBattlePointsWindow
0x0813A9A4	thumb	TakeFrontierBattlePoints
0x0813A9D0	thumb	GiveFrontierBattlePoints
0x0813AA04	thumb	GetFrontierBattlePoints
0x0813AA18	thumb	ShowFrontierExchangeCornerItemIconWindow
0x0813AA44	thumb	CloseFrontierExchangeCornerItemIconWindow
0x0813AA60	thumb	FillFrontierExchangeCornerWindowAndItemIcon
0x0813ABD4	thumb	ShowFrontierExchangeCornerItemIcon
0x0813AC44	thumb	HideFrontierExchangeCornerItemIcon
0x0813AC7C	thumb	BufferBattleFrontierTutorMoveName
0x0813ACE8	thumb	ShowBattleFrontierTutorWindow
0x0813AD34	thumb	ShowBattleFrontierTutorMoveDescription
0x0813ADB8	thumb	CloseBattleFrontierTutorWindow
0x0813ADD4	thumb	ScrollableMultichoice_RedrawPersistentMenu
0x0813AEB4	thumb	GetBattleFrontierTutorMoveIndex
0x0813AF48	thumb	ScrollableMultichoice_ClosePersistentMenu
0x0813AFC8	thumb	DoDeoxysRockInteraction
0x0813AFDC	thumb	Task_DeoxysRockInteraction
0x0813B0B4	thumb	ChangeDeoxysRockLevel
0x0813B160	thumb	WaitForDeoxysRockMovement
0x0813B184	thumb	IncrementBirthIslandRockStepCount
0x0813B1D0	thumb	SetDeoxysRockPalette
0x0813B204	thumb	SetPCBoxToSendMon
0x0813B210	thumb	GetPCBoxToSendMon
0x0813B21C	thumb	ShouldShowBoxWasFullMessage
0x0813B260	thumb	IsDestinationBoxFull
0x0813B2E4	thumb	CreateAbnormalWeatherEvent
0x0813B374	thumb	GetAbnormalWeatherMapNameAndType
0x0813B3B0	thumb	AbnormalWeatherHasExpired
0x0813B484	thumb	Unused_SetWeatherSunny
0x0813B490	thumb	GetMartEmployeeObjectEventId
0x0813B4E0	thumb	IsTrainerRegistered
0x0813B514	thumb	ShouldDistributeEonTicket
0x0813B534	thumb	BattleTowerReconnectLink
0x0813B568	thumb	LinkRetireStatusWithBattleTowerPartner
0x0813B57C	thumb	Task_LinkRetireStatusWithBattleTowerPartner
0x0813B7D8	thumb	Script_DoRayquazaScene
0x0813B80C	thumb	LoopWingFlapSE
0x0813B824	thumb	Task_LoopWingFlapSE
0x0813B880	thumb	CloseBattlePikeCurtain
0x0813B8B0	thumb	Task_CloseBattlePikeCurtain
0x0813B968	thumb	GetBattlePyramidHint
0x0813B9A0	thumb	ResetHealLocationFromDewford
0x0813B9C0	thumb	InPokemonCenter
0x0813BA10	thumb	ResetFanClub
0x0813BA30	thumb	TryLoseFansFromPlayTimeAfterLinkBattle
0x0813BA60	thumb	UpdateTrainerFanClubGameClear
0x0813BADC	thumb	TryGainNewFanFromCounter
0x0813BB74	thumb	PlayerGainRandomTrainerFan
0x0813BC00	thumb	PlayerLoseRandomTrainerFan
0x0813BCA8	thumb	GetNumFansOfPlayerInTrainerFanClub
0x0813BCE8	thumb	TryLoseFansFromPlayTime
0x0813BD60	thumb	IsFanClubMemberFanOfPlayer
0x0813BD84	thumb	SetInitialFansOfPlayer
0x0813BDB4	thumb	BufferFanClubTrainerName
0x0813BE30	thumb	BufferFanClubTrainerName_
0x0813BF10	thumb	UpdateTrainerFansAfterLinkBattle
0x0813BF44	thumb	DidPlayerGetFirstFans
0x0813BF60	thumb	SetPlayerGotFirstFans
0x0813BF7C	thumb	Script_TryGainNewFanFromCounter
0x0813BF94	thumb	ClearLinkBattleRecord
0x0813BFC4	thumb	ClearLinkBattleRecords
0x0813BFF8	thumb	GetLinkBattleRecordTotalBattles
0x0813C008	thumb	FindLinkBattleRecord
0x0813C03C	thumb	SortLinkBattleRecords
0x0813C0D0	thumb	UpdateLinkBattleRecord
0x0813C134	thumb	UpdateLinkBattleGameStats
0x0813C170	thumb	UpdateLinkBattleRecords
0x0813C1F8	thumb	ClearPlayerLinkBattleRecords
0x0813C214	thumb	IncTrainerCardWins
0x0813C23C	thumb	IncTrainerCardLosses
0x0813C264	thumb	UpdateTrainerCardWinsLosses
0x0813C2A0	thumb	UpdatePlayerLinkBattleRecords
0x0813C2F4	thumb	PrintLinkBattleWinsLossesDraws
0x0813C384	thumb	PrintLinkBattleRecord
0x0813C4BC	thumb	ShowLinkBattleRecords
0x0813C5A0	thumb	RemoveRecordsWindow
0x0813C5BC	thumb	Task_TrainerHillWaitForPaletteFade
0x0813C5EC	thumb	Task_CloseTrainerHillRecordsOnButton
0x0813C62C	thumb	Task_BeginPaletteFade
0x0813C664	thumb	Task_ExitTrainerHillRecords
0x0813C6A8	thumb	RemoveTrainerHillRecordsWindow
0x0813C6D4	thumb	ClearVramOamPlttRegs
0x0813C80C	thumb	ClearTasksAndGraphicalStructs
0x0813C828	thumb	ResetBgCoordinates
0x0813C880	thumb	SetDispcntReg
0x0813C890	thumb	LoadTrainerHillRecordsWindowGfx
0x0813C8D8	thumb	VblankCB_TrainerHillRecords
0x0813C8EC	thumb	MainCB2_TrainerHillRecords
0x0813C904	thumb	ShowTrainerHillRecords
0x0813C91C	thumb	CB2_ShowTrainerHillRecords
0x0813CA54	thumb	ResetDrawAreaGlowState
0x0813CA68	thumb	DrawAreaGlow
0x0813CB40	thumb	FindMapsWithMon
0x0813CD04	thumb	SetAreaHasMon
0x0813CD64	thumb	SetSpecialMapHasMon
0x0813CE34	thumb	GetRegionMapSectionId
0x0813CE48	thumb	MapHasSpecies
0x0813CED4	thumb	MonListHasSpecies
0x0813CF0C	thumb	BuildAreaGlowTilemap
0x0813D1C8	thumb	StartAreaGlow
0x0813D25C	thumb	DoAreaGlow
0x0813D3D8	thumb	ShowPokedexAreaScreen
0x0813D42C	thumb	Task_ShowPokedexAreaScreen
0x0813D5A0	thumb	Task_HandlePokedexAreaScreenInput
0x0813D6B4	thumb	ResetPokedexAreaMapBg
0x0813D6D0	thumb	CreateAreaMarkerSprites
0x0813D824	thumb	DestroyAreaScreenSprites
0x0813D8A8	thumb	LoadAreaUnknownGraphics
0x0813D8E8	thumb	CreateAreaUnknownSprites
0x0813D9B0	thumb	CB2_BeginEvolutionScene
0x0813D9C0	thumb	Task_BeginEvolutionScene
0x0813DA40	thumb	BeginEvolutionScene
0x0813DA8C	thumb	EvolutionScene
0x0813DD7C	thumb	CB2_EvolutionSceneLoadGraphics
0x0813DF70	thumb	CB2_TradeEvolutionSceneLoadGraphics
0x0813E1D4	thumb	TradeEvolutionScene
0x0813E3A4	thumb	CB2_EvolutionSceneUpdate
0x0813E3C0	thumb	CB2_TradeEvolutionSceneUpdate
0x0813E3DC	thumb	CreateShedinja
0x0813E570	thumb	Task_EvolutionScene
0x0813F1B8	thumb	Task_TradeEvolutionScene
0x0813FCD8	thumb	EvoDummyFunc
0x0813FCDC	thumb	VBlankCB_EvolutionScene
0x0813FD64	thumb	VBlankCB_TradeEvolutionScene
0x0813FDEC	thumb	Task_UpdateBgPalette
0x0813FEA4	thumb	CreateBgAnimTask
0x0813FEE8	thumb	Task_AnimateBg
0x0813FFC0	thumb	InitMovingBgPalette
0x08140000	thumb	StartBgAnimation
0x08140100	thumb	PauseBgPaletteAnim
0x08140134	thumb	StopBgAnimation
0x08140174	thumb	RestoreBgAfterAnim
0x081401E0	thumb	EvoScene_DoMonAnimAndCry
0x08140208	thumb	EvoScene_IsMonAnimFinished
0x08140238	thumb	CB2_Roulette
0x08140264	thumb	VBlankCB_Roulette
0x08140388	thumb	InitRouletteBgAndWindows
0x08140418	thumb	FreeRoulette
0x08140470	thumb	InitRouletteTableData
0x081405CC	thumb	CB2_LoadRoulette
0x08140814	thumb	Task_SpinWheel
0x081408A8	thumb	Task_StartPlaying
0x08140914	thumb	Task_AskKeepPlaying
0x08140968	thumb	Task_ContinuePlaying
0x08140994	thumb	Task_StopPlaying
0x081409B8	thumb	UpdateGridSelectionRect
0x08140B64	thumb	UpdateGridSelection
0x08140B8C	thumb	Task_StartHandleBetGridInput
0x08140BD0	thumb	Task_SelectFirstEmptySquare
0x08140CA8	thumb	CanMoveSelectionInDir
0x08140D6C	thumb	ProcessBetGridInput
0x08140F6C	thumb	Task_StartSpin
0x08140FC4	thumb	Task_PlaceBet
0x08141040	thumb	Task_HandleBetGridInput
0x081410FC	thumb	Task_SlideGridOffscreen
0x0814118C	thumb	GetRandomForBallTravelDistance
0x08141344	thumb	Task_InitBallRoll
0x0814155C	thumb	Task_RollBall
0x081415D4	thumb	Task_RecordBallHit
0x081416D4	thumb	Task_SlideGridOnscreen
0x08141778	thumb	Task_FlashBallOnWinningSquare
0x08141800	thumb	Task_TryIncrementWins
0x0814189C	thumb	Task_PrintSpinResult
0x08141984	thumb	Task_GivePayout
0x08141A18	thumb	Task_PrintPayout
0x08141AC0	thumb	Task_EndTurn
0x08141B58	thumb	Task_TryPrintEndTurnMsg
0x08141D0C	thumb	Task_ClearBoard
0x08141DE4	thumb	ExitRoulette
0x08141E7C	thumb	Task_ExitRoulette
0x08141EF8	thumb	Task_WaitForNextTask
0x08141F7C	thumb	StartTaskAfterDelayOrInput
0x08141FF4	thumb	ResetBallDataForNewSpin
0x08142070	thumb	ResetHits
0x081420D0	thumb	RecordHit
0x081421E8	thumb	IsHitInBetSelection
0x08142284	thumb	FlashSelectionOnWheel
0x081424FC	thumb	DrawGridBackground
0x08142758	thumb	GetMultiplier
0x08142814	thumb	UpdateWheelPosition
0x081428C4	thumb	Task_ShowMinBetYesNo
0x081428E4	thumb	Task_FadeToRouletteGame
0x08142918	thumb	Task_AcceptMinBet
0x0814297C	thumb	Task_DeclineMinBet
0x081429A0	thumb	Task_NotEnoughForMinBet
0x081429F0	thumb	Task_PrintMinBet
0x08142A88	thumb	Task_PrintRouletteEntryMsg
0x08142BC8	thumb	PlayRoulette
0x08142C0C	thumb	LoadOrFreeMiscSpritePalettesAndSheets
0x08142C60	thumb	CreateWheelIconSprite
0x08142CD0	thumb	CreateGridSprites
0x08142E3C	thumb	DestroyGridSprites
0x08142E70	thumb	ShowHideGridIcons
0x08142F7C	thumb	CreateGridBallSprites
0x08143038	thumb	ShowHideGridBalls
0x08143150	thumb	ShowHideWinSlotCursor
0x081431E4	thumb	CreateWheelIconSprites
0x08143280	thumb	SpriteCB_WheelIcon
0x08143314	thumb	CreateInterfaceSprites
0x08143514	thumb	SetCreditDigits
0x08143614	thumb	GetMultiplierAnimId
0x081436D0	thumb	SetMultiplierSprite
0x0814372C	thumb	SetBallCounterNumLeft
0x0814390C	thumb	SpriteCB_GridSquare
0x0814391C	thumb	CreateWheelCenterSprite
0x0814399C	thumb	SpriteCB_WheelCenter
0x081439C8	thumb	CreateWheelBallSprites
0x08143A40	thumb	HideWheelBalls
0x08143AC8	thumb	UpdateBallRelativeWheelAngle
0x08143B14	thumb	UpdateSlotBelowBall
0x08143B48	thumb	GetBallDistanceToSlotMidpoint
0x08143B84	thumb	UpdateBallPos
0x08143C90	thumb	SpriteCB_BallLandInSlot
0x08143CFC	thumb	SpriteCB_UnstickBall_ShroomishBallFall
0x08143E14	thumb	SpriteCB_UnstickBall_Shroomish
0x08143FA4	thumb	SpriteCB_UnstickBall_TaillowDrop
0x08144050	thumb	SpriteCB_UnstickBall_TaillowPickUp
0x08144128	thumb	SpriteCB_UnstickBall_Taillow
0x08144168	thumb	SpriteCB_UnstickBall
0x081441A8	thumb	SpriteCB_RollBall_TryLandAdjacent
0x08144264	thumb	SpriteCB_RollBall_TryLand
0x08144410	thumb	SpriteCB_RollBall_Slow
0x08144514	thumb	SpriteCB_RollBall_Medium
0x081445D8	thumb	SpriteCB_RollBall_Fast
0x081446AC	thumb	SpriteCB_RollBall_Start
0x081446DC	thumb	CreateShroomishSprite
0x081448B8	thumb	CreateTaillowSprite
0x08144A24	thumb	SetBallStuck
0x08144C70	thumb	SpriteCB_ShroomishExit
0x08144CD0	thumb	SpriteCB_ShroomishShakeScreen
0x08144D94	thumb	SpriteCB_ShroomishFall
0x08144E60	thumb	SpriteCB_Shroomish
0x08144F94	thumb	SpriteCB_TaillowShadow_Flash
0x08144FB0	thumb	SpriteCB_Taillow_FlyAway
0x08145030	thumb	SpriteCB_Taillow_PickUpBall
0x081450D8	thumb	SpriteCB_Taillow_FlyIn
0x08145218	thumb	SpriteCB_TaillowShadow_FlyIn
0x08145294	thumb	SpriteCB_Taillow
0x08145354	thumb	LoadCryWaveformWindow
0x0814545C	thumb	UpdateCryWaveformWindow
0x08145534	thumb	CryScreenPlayButton
0x08145588	thumb	PlayCryScreenCry
0x081455A8	thumb	BufferCryWaveformSegment
0x0814560C	thumb	DrawWaveformFlatline
0x08145648	thumb	AdvancePlayhead
0x081456A8	thumb	DrawWaveformSegment
0x08145814	thumb	DrawWaveformWindow
0x08145824	thumb	ShiftWaveformOver
0x08145850	thumb	LoadCryMeter
0x08145914	thumb	FreeCryScreen
0x0814596C	thumb	SpriteCB_CryMeterNeedle
0x08145B24	thumb	SetCryMeterNeedleTarget
0x08145B54	thumb	PrintCoinsString
0x08145BAC	thumb	ShowCoinsWindow
0x08145C14	thumb	HideCoinsWindow
0x08145C30	thumb	GetCoins
0x08145C58	thumb	SetCoins
0x08145C80	thumb	AddCoins
0x08145CCC	thumb	RemoveCoins
0x08145CF4	thumb	GetLandmarkName
0x08145D48	thumb	GetLandmarks
0x08145DC4	thumb	SetUpFieldMove_Strength
0x08145E0C	thumb	FieldCallback_Strength
0x08145E2C	thumb	FldEff_UseStrength
0x08145E74	thumb	StartStrengthFieldEffect
0x08145E84	thumb	CB2_TestBattleTransition
0x08145EDC	thumb	TestBattleTransition
0x08145EF4	thumb	BattleTransition_StartOnField
0x08145F10	thumb	BattleTransition_Start
0x08145F20	thumb	IsBattleTransitionDone
0x08145F6C	thumb	LaunchBattleTransitionTask
0x08145FA8	thumb	Task_BattleTransition
0x08145FE0	thumb	Transition_StartIntro
0x08146030	thumb	Transition_WaitForIntro
0x08146064	thumb	Transition_StartMain
0x0814608C	thumb	Transition_WaitForMain
0x081460BC	thumb	Task_Intro
0x0814610C	thumb	Task_Blur
0x08146144	thumb	Blur_Init
0x08146178	thumb	Blur_Main
0x081461D8	thumb	Blur_End
0x08146204	thumb	Task_Swirl
0x0814623C	thumb	Swirl_Init
0x081462A8	thumb	Swirl_End
0x08146320	thumb	VBlankCB_Swirl
0x08146358	thumb	HBlankCB_Swirl
0x08146384	thumb	Task_Shuffle
0x081463BC	thumb	Shuffle_Init
0x08146420	thumb	Shuffle_End
0x081464B0	thumb	VBlankCB_Shuffle
0x081464E8	thumb	HBlankCB_Shuffle
0x08146514	thumb	Task_BigPokeball
0x0814654C	thumb	Task_Aqua
0x08146584	thumb	Task_Magma
0x081465BC	thumb	Task_Regice
0x081465F4	thumb	Task_Registeel
0x0814662C	thumb	Task_Regirock
0x08146664	thumb	Task_Kyogre
0x0814669C	thumb	InitPatternWeaveTransition
0x0814670C	thumb	Aqua_Init
0x08146760	thumb	Magma_Init
0x081467B4	thumb	Regi_Init
0x08146800	thumb	BigPokeball_Init
0x08146854	thumb	BigPokeball_SetGfx
0x081468E4	thumb	Aqua_SetGfx
0x0814692C	thumb	Magma_SetGfx
0x08146974	thumb	Regice_SetGfx
0x081469CC	thumb	Registeel_SetGfx
0x08146A24	thumb	Regirock_SetGfx
0x08146A7C	thumb	Kyogre_Init
0x08146AC8	thumb	Kyogre_PaletteFlash
0x08146B24	thumb	Kyogre_PaletteBrighten
0x08146B7C	thumb	WeatherDuo_FadeOut
0x08146BA8	thumb	WeatherDuo_End
0x08146BF8	thumb	PatternWeave_Blend1
0x08146C8C	thumb	PatternWeave_Blend2
0x08146D20	thumb	PatternWeave_FinishAppear
0x08146D90	thumb	FramesCountdown
0x08146DAC	thumb	WeatherTrio_BgFadeBlack
0x08146DD8	thumb	WeatherTrio_WaitFade
0x08146DF8	thumb	PatternWeave_CircularMask
0x08146EC0	thumb	VBlankCB_SetWinAndBlend
0x08146F3C	thumb	VBlankCB_PatternWeave
0x08146F68	thumb	VBlankCB_CircularMask
0x08146F94	thumb	Task_PokeballsTrail
0x08146FCC	thumb	PokeballsTrail_Init
0x08147018	thumb	PokeballsTrail_Main
0x081470A4	thumb	PokeballsTrail_End
0x081470D0	thumb	FldEff_PokeballTrail
0x0814713C	thumb	SpriteCB_FldEffPokeballTrail
0x08147204	thumb	Task_ClockwiseWipe
0x0814723C	thumb	ClockwiseWipe_Init
0x081472A4	thumb	ClockwiseWipe_TopRight
0x08147334	thumb	ClockwiseWipe_Right
0x08147428	thumb	ClockwiseWipe_Bottom
0x081474B0	thumb	ClockwiseWipe_Left
0x081475B0	thumb	ClockwiseWipe_TopLeft
0x08147648	thumb	ClockwiseWipe_End
0x08147688	thumb	VBlankCB_ClockwiseWipe
0x08147718	thumb	Task_Ripple
0x08147750	thumb	Ripple_Init
0x081477A8	thumb	Ripple_Main
0x08147888	thumb	VBlankCB_Ripple
0x081478C0	thumb	HBlankCB_Ripple
0x081478EC	thumb	Task_Wave
0x08147924	thumb	Wave_Init
0x0814797C	thumb	Wave_Main
0x08147A18	thumb	Wave_End
0x08147A58	thumb	VBlankCB_Wave
0x08147AE4	thumb	Task_Sidney
0x08147B04	thumb	Task_Phoebe
0x08147B24	thumb	Task_Glacia
0x08147B44	thumb	Task_Drake
0x08147B64	thumb	Task_Champion
0x08147B84	thumb	DoMugshotTransition
0x08147BBC	thumb	Mugshot_Init
0x08147C24	thumb	Mugshot_SetGfx
0x08147CE4	thumb	Mugshot_ShowBanner
0x08147DD0	thumb	Mugshot_StartOpponentSlide
0x08147E4C	thumb	Mugshot_WaitStartPlayerSlide
0x08147E88	thumb	Mugshot_WaitPlayerSlide
0x08147F40	thumb	Mugshot_GradualWhiteFade
0x08148008	thumb	Mugshot_InitFadeWhiteToBlack
0x08148040	thumb	Mugshot_FadeToBlack
0x0814808C	thumb	Mugshot_End
0x081480CC	thumb	VBlankCB_Mugshots
0x08148160	thumb	VBlankCB_MugshotsFadeOut
0x081481E0	thumb	HBlankCB_Mugshots
0x08148218	thumb	Mugshots_CreateTrainerPics
0x08148380	thumb	SpriteCB_MugshotTrainerPic
0x081483A8	thumb	MugshotTrainerPic_Pause
0x081483AC	thumb	MugshotTrainerPic_Init
0x081483F8	thumb	MugshotTrainerPic_Slide
0x0814842C	thumb	MugshotTrainerPic_SlideSlow
0x08148458	thumb	MugshotTrainerPic_SlideOffscreen
0x08148484	thumb	SetTrainerPicSlideDirection
0x0814849C	thumb	IncrementTrainerPicState
0x081484B8	thumb	IsTrainerPicSlideDone
0x081484D0	thumb	Task_Slice
0x08148508	thumb	Slice_Init
0x08148590	thumb	Slice_Main
0x0814865C	thumb	Slice_End
0x0814869C	thumb	VBlankCB_Slice
0x08148728	thumb	HBlankCB_Slice
0x08148760	thumb	Task_ShredSplit
0x08148798	thumb	ShredSplit_Init
0x08148864	thumb	ShredSplit_Main
0x08148AD4	thumb	ShredSplit_BrokenCheck
0x08148B14	thumb	ShredSplit_End
0x08148B54	thumb	Task_Blackhole
0x08148B8C	thumb	Task_BlackholePulsate
0x08148BC4	thumb	Blackhole_Init
0x08148C28	thumb	Blackhole_GrowEnd
0x08148CE8	thumb	Blackhole_Vibrate
0x08148D6C	thumb	BlackholePulsate_Main
0x08148E54	thumb	Task_RectangularSpiral
0x08148E8C	thumb	RectangularSpiral_Init
0x08148F4C	thumb	RectangularSpiral_Main
0x08149008	thumb	RectangularSpiral_End
0x08149048	thumb	UpdateRectangularSpiralLine
0x08149140	thumb	Task_Groudon
0x08149178	thumb	Groudon_Init
0x081491C8	thumb	Groudon_PaletteFlash
0x08149224	thumb	Groudon_PaletteBrighten
0x0814927C	thumb	Task_Rayquaza
0x081492B4	thumb	Rayquaza_Init
0x08149358	thumb	Rayquaza_SetGfx
0x08149388	thumb	Rayquaza_PaletteFlash
0x081493D8	thumb	Rayquaza_FadeToBlack
0x08149410	thumb	Rayquaza_WaitFade
0x0814943C	thumb	Rayquaza_SetBlack
0x0814946C	thumb	Rayquaza_TriRing
0x08149508	thumb	VBlankCB_Rayquaza
0x08149578	thumb	Task_WhiteBarsFade
0x081495B0	thumb	WhiteBarsFade_Init
0x08149628	thumb	WhiteBarsFade_StartBars
0x0814969C	thumb	WhiteBarsFade_WaitBars
0x081496D8	thumb	WhiteBarsFade_BlendToBlack
0x08149740	thumb	WhiteBarsFade_End
0x08149774	thumb	VBlankCB_WhiteBarsFade
0x08149804	thumb	VBlankCB_WhiteBarsFade_Blend
0x08149840	thumb	HBlankCB_WhiteBarsFade
0x08149864	thumb	SpriteCB_WhiteBarFade
0x0814995C	thumb	Task_GridSquares
0x08149994	thumb	GridSquares_Init
0x081499E8	thumb	GridSquares_Main
0x08149A40	thumb	GridSquares_End
0x08149A6C	thumb	Task_AngledWipes
0x08149AA4	thumb	AngledWipes_Init
0x08149B08	thumb	AngledWipes_SetWipeData
0x08149B84	thumb	AngledWipes_DoWipe
0x08149C60	thumb	AngledWipes_TryEnd
0x08149CCC	thumb	AngledWipes_StartNext
0x08149CE8	thumb	VBlankCB_AngledWipes
0x08149D78	thumb	CreateIntroTask
0x08149DDC	thumb	IsIntroTaskDone
0x08149DFC	thumb	Task_BattleTransition_Intro
0x08149E34	thumb	TransitionIntro_FadeToGray
0x08149E90	thumb	TransitionIntro_FadeFromGray
0x08149F08	thumb	InitTransitionData
0x08149F2C	thumb	VBlankCB_BattleTransition
0x08149F40	thumb	GetBg0TilemapDst
0x08149F58	thumb	GetBg0TilesDst
0x08149F84	thumb	FadeScreenBlack
0x08149F98	thumb	SetSinWave
0x0814A014	thumb	SetCircularMask
0x0814A1AC	thumb	InitBlackWipe
0x0814A228	thumb	UpdateBlackWipe
0x0814A324	thumb	FrontierLogoWiggle_Init
0x0814A374	thumb	FrontierLogoWiggle_SetGfx
0x0814A3BC	thumb	Task_FrontierLogoWiggle
0x0814A3F4	thumb	Task_FrontierLogoWave
0x0814A42C	thumb	FrontierLogoWave_Init
0x0814A4D4	thumb	FrontierLogoWave_SetGfx
0x0814A500	thumb	FrontierLogoWave_InitScanline
0x0814A550	thumb	FrontierLogoWave_Main
0x0814A684	thumb	VBlankCB_FrontierLogoWave
0x0814A6CC	thumb	HBlankCB_FrontierLogoWave
0x0814A6F0	thumb	Task_FrontierSquares
0x0814A728	thumb	Task_FrontierSquaresSpiral
0x0814A760	thumb	Task_FrontierSquaresScroll
0x0814A798	thumb	FrontierSquares_Init
0x0814A828	thumb	FrontierSquares_Draw
0x0814A898	thumb	FrontierSquares_Shrink
0x0814A960	thumb	FrontierSquaresSpiral_Init
0x0814AA04	thumb	FrontierSquaresSpiral_Outward
0x0814AA84	thumb	FrontierSquaresSpiral_SetBlack
0x0814AAB8	thumb	FrontierSquaresSpiral_Inward
0x0814ABA0	thumb	FrontierSquares_End
0x0814ABE4	thumb	Task_ScrollBg
0x0814AC38	thumb	FrontierSquaresScroll_Init
0x0814AD48	thumb	FrontierSquaresScroll_Draw
0x0814ADB4	thumb	FrontierSquaresScroll_SetBlack
0x0814ADD8	thumb	FrontierSquaresScroll_Erase
0x0814AE40	thumb	FrontierSquaresScroll_End
0x0814AEAC	thumb	SpriteCB_Null2
0x0814AEB0	thumb	SetControllerToLinkPartner
0x0814AECC	thumb	LinkPartnerBufferRunCommand
0x0814AF1C	thumb	CompleteOnBattlerSpriteCallbackDummy
0x0814AF54	thumb	FreeTrainerSpriteAfterSlide
0x0814AFBC	thumb	Intro_DelayAndEnd
0x0814B004	thumb	Intro_WaitForHealthbox
0x0814B0E8	thumb	Intro_ShowHealthbox
0x0814B290	thumb	WaitForMonAnimAfterLoad
0x0814B2D0	thumb	CompleteOnHealthbarDone
0x0814B340	thumb	FreeMonSpriteAfterFaintAnim
0x0814B3DC	thumb	FreeMonSpriteAfterSwitchOutAnim
0x0814B44C	thumb	CompleteOnInactiveTextPrinter
0x0814B464	thumb	DoHitAnimBlinkSpriteEffect
0x0814B4E0	thumb	SwitchIn_ShowSubstitute
0x0814B554	thumb	SwitchIn_WaitAndEnd
0x0814B5A8	thumb	SwitchIn_ShowHealthbox
0x0814B69C	thumb	SwitchIn_TryShinyAnim
0x0814B740	thumb	LinkPartnerBufferExecCompleted
0x0814B7B8	thumb	CompleteOnFinishedStatusAnimation
0x0814B7E8	thumb	CompleteOnFinishedBattleAnimation
0x0814B818	thumb	LinkPartnerHandleGetMonData
0x0814B88C	thumb	CopyLinkPartnerMonData
0x0814C038	thumb	LinkPartnerHandleGetRawMonData
0x0814C044	thumb	LinkPartnerHandleSetMonData
0x0814C09C	thumb	SetLinkPartnerMonData
0x0814CA98	thumb	LinkPartnerHandleSetRawMonData
0x0814CB0C	thumb	LinkPartnerHandleLoadMonSprite
0x0814CC28	thumb	LinkPartnerHandleSwitchInAnim
0x0814CC98	thumb	StartSendOutAnim
0x0814CE14	thumb	LinkPartnerHandleReturnMonToBall
0x0814CEA4	thumb	DoSwitchOutAnimation
0x0814CF30	thumb	LinkPartnerHandleDrawTrainerPic
0x0814D0E4	thumb	LinkPartnerHandleTrainerSlide
0x0814D0F0	thumb	LinkPartnerHandleTrainerSlideBack
0x0814D19C	thumb	LinkPartnerHandleFaintAnimation
0x0814D288	thumb	LinkPartnerHandlePaletteFade
0x0814D294	thumb	LinkPartnerHandleSuccessBallThrowAnim
0x0814D2A0	thumb	LinkPartnerHandleBallThrowAnim
0x0814D2AC	thumb	LinkPartnerHandlePause
0x0814D2B8	thumb	LinkPartnerHandleMoveAnimation
0x0814D40C	thumb	LinkPartnerDoMoveAnimation
0x0814D590	thumb	LinkPartnerHandlePrintString
0x0814D5E8	thumb	LinkPartnerHandlePrintSelectionString
0x0814D5F4	thumb	LinkPartnerHandleChooseAction
0x0814D600	thumb	LinkPartnerHandleYesNoBox
0x0814D60C	thumb	LinkPartnerHandleChooseMove
0x0814D618	thumb	LinkPartnerHandleChooseItem
0x0814D624	thumb	LinkPartnerHandleChoosePokemon
0x0814D630	thumb	LinkPartnerHandleCmd23
0x0814D63C	thumb	LinkPartnerHandleHealthBarUpdate
0x0814D72C	thumb	LinkPartnerHandleExpUpdate
0x0814D738	thumb	LinkPartnerHandleStatusIconUpdate
0x0814D7B0	thumb	LinkPartnerHandleStatusAnimation
0x0814D818	thumb	LinkPartnerHandleStatusXor
0x0814D824	thumb	LinkPartnerHandleDataTransfer
0x0814D830	thumb	LinkPartnerHandleDMA3Transfer
0x0814D83C	thumb	LinkPartnerHandlePlayBGM
0x0814D848	thumb	LinkPartnerHandleCmd32
0x0814D854	thumb	LinkPartnerHandleTwoReturnValues
0x0814D860	thumb	LinkPartnerHandleChosenMonReturnValue
0x0814D86C	thumb	LinkPartnerHandleOneReturnValue
0x0814D878	thumb	LinkPartnerHandleOneReturnValue_Duplicate
0x0814D884	thumb	LinkPartnerHandleClearUnkVar
0x0814D8A0	thumb	LinkPartnerHandleSetUnkVar
0x0814D8D8	thumb	LinkPartnerHandleClearUnkFlag
0x0814D8F0	thumb	LinkPartnerHandleToggleUnkFlag
0x0814D918	thumb	LinkPartnerHandleHitAnimation
0x0814D988	thumb	LinkPartnerHandleCantSwitch
0x0814D994	thumb	LinkPartnerHandlePlaySE
0x0814D9D8	thumb	LinkPartnerHandlePlayFanfareOrBGM
0x0814DA34	thumb	LinkPartnerHandleFaintingCry
0x0814DA74	thumb	LinkPartnerHandleIntroSlide
0x0814DAA8	thumb	LinkPartnerHandleIntroTrainerBallThrow
0x0814DCCC	thumb	Task_StartSendOutAnim
0x0814DDD8	thumb	LinkPartnerHandleDrawPartyStatusSummary
0x0814DE9C	thumb	EndDrawPartyStatusSummary
0x0814DEE4	thumb	LinkPartnerHandleHidePartyStatusSummary
0x0814DF34	thumb	LinkPartnerHandleEndBounceEffect
0x0814DF40	thumb	LinkPartnerHandleSpriteInvisibility
0x0814DFA0	thumb	LinkPartnerHandleBattleAnimation
0x0814E014	thumb	LinkPartnerHandleLinkStandbyMsg
0x0814E034	thumb	LinkPartnerHandleResetActionMoveSelection
0x0814E040	thumb	LinkPartnerHandleEndLinkBattle
0x0814E0C0	thumb	LinkPartnerCmdEnd
0x0814E0C4	thumb	BufferStringBattle
0x0814E6F0	thumb	BattleStringExpandPlaceholdersToDisplayedString
0x0814E700	thumb	TryGetStatusString
0x0814E764	thumb	BattleStringExpandPlaceholders
0x0814F648	thumb	ExpandBattleTextBuffPlaceholders
0x0814F8F8	thumb	ChooseMoveUsedParticle
0x0814F950	thumb	ChooseTypeOfMoveUsedString
0x0814F9EC	thumb	BattlePutTextOnWindow
0x0814FBAC	thumb	SetPpNumbersPaletteInMoveSelection
0x0814FC20	thumb	GetCurrentPpToMaxPpState
0x0814FC70	thumb	Task_LoadCableCar
0x0814FC9C	thumb	CableCar
0x0814FCC8	thumb	CB2_LoadCableCar
0x0815023C	thumb	CB2_CableCar
0x08150258	thumb	CB2_EndCableCar
0x081503E4	thumb	Task_CableCar
0x08150550	thumb	Task_AnimateBgGoingUp
0x08150664	thumb	Task_AnimateBgGoingDown
0x08150800	thumb	VBlankCB_CableCar
0x08150864	thumb	SpriteCB_Cable
0x08150868	thumb	SpriteCB_CableCar
0x08150948	thumb	SpriteCB_Player
0x08150A68	thumb	SpriteCB_HikerGoingUp
0x08150AF4	thumb	SpriteCB_HikerGoingDown
0x08150B6C	thumb	SetBgRegs
0x08150D28	thumb	CreateCableCarSprites
0x08151088	thumb	BufferNextGroundSegment
0x0815115C	thumb	AnimateGroundGoingUp
0x081511B8	thumb	AnimateGroundGoingDown
0x08151214	thumb	DrawNextGroundSegmentGoingUp
0x08151388	thumb	DrawNextGroundSegmentGoingDown
0x081514C8	thumb	InitGroundTilemapData
0x08151534	thumb	MathUtil_Mul16
0x08151550	thumb	MathUtil_Mul16Shift
0x08151574	thumb	MathUtil_Mul32
0x081515B0	thumb	MathUtil_Div16
0x081515D4	thumb	MathUtil_Div16Shift
0x081515FC	thumb	MathUtil_Div32
0x08151624	thumb	MathUtil_Inv16
0x0815163C	thumb	MathUtil_Inv16Shift
0x0815165C	thumb	MathUtil_Inv32
0x08151678	thumb	RouletteFlash_Reset
0x0815168C	thumb	RouletteFlash_Add
0x08151710	thumb	RouletteFlash_Remove
0x08151744	thumb	RouletteFlash_FadePalette
0x0815194C	thumb	RouletteFlash_FlashPalette
0x081519DC	thumb	RouletteFlash_Run
0x08151A48	thumb	RouletteFlash_Enable
0x08151A9C	thumb	RouletteFlash_Stop
0x08151B3C	thumb	InitPulseBlend
0x08151B68	thumb	InitPulseBlendPaletteSettings
0x08151BD4	thumb	ClearPulseBlendPalettesSettings
0x08151C50	thumb	UnloadUsedPulseBlendPalettes
0x08151CA8	thumb	MarkUsedPulseBlendPalettes
0x08151D28	thumb	UnmarkUsedPulseBlendPalettes
0x08151E50	thumb	UpdatePulseBlend
0x08152008	thumb	FillTilemapRect
0x08152058	thumb	SetTilemapRect
0x081520A8	thumb	FillTilemapRect_Unused
0x08152134	thumb	SetTilemapRect_Unused
0x081521C0	thumb	ConfettiUtil_Init
0x08152254	thumb	ConfettiUtil_Free
0x081522D4	thumb	ConfettiUtil_Update
0x081523F4	thumb	SetAnimAndTileNum
0x08152438	thumb	ConfettiUtil_SetCallback
0x08152474	thumb	ConfettiUtil_SetData
0x081524C4	thumb	ConfettiUtil_AddNew
0x081525D0	thumb	ConfettiUtil_Remove
0x08152650	thumb	ClearSaveData
0x08152680	thumb	Save_ResetSaveCounters
0x0815269C	thumb	SetDamagedSectorBits
0x08152700	thumb	WriteSaveSectorOrSlot
0x081527A0	thumb	HandleWriteSector
0x08152890	thumb	HandleWriteSectorNBytes
0x08152908	thumb	TryWriteSector
0x08152934	thumb	RestoreSaveBackupVarsAndIncrement
0x08152990	thumb	RestoreSaveBackupVars
0x081529D4	thumb	HandleWriteIncrementalSector
0x08152A34	thumb	HandleReplaceSectorAndVerify
0x08152A80	thumb	HandleReplaceSector
0x08152C20	thumb	WriteSectorSignatureByte_NoOffset
0x08152CAC	thumb	CopySectorSignatureByte
0x08152D44	thumb	WriteSectorSignatureByte
0x08152DD0	thumb	TryLoadSaveSlot
0x08152E10	thumb	CopySaveSlotData
0x08152EC8	thumb	GetSaveValidStatus
0x081530DC	thumb	TryLoadSaveSector
0x0815314C	thumb	ReadFlashSector
0x08153164	thumb	CalculateChecksum
0x08153190	thumb	UpdateSaveAddresses
0x08153204	thumb	HandleSavingData
0x08153338	thumb	TrySavingData
0x08153380	thumb	LinkFullSave_Init
0x081533AC	thumb	LinkFullSave_WriteSector
0x081533E0	thumb	LinkFullSave_ReplaceLastSector
0x08153408	thumb	LinkFullSave_SetLastSectorSignature
0x08153430	thumb	WriteSaveBlock2
0x08153474	thumb	WriteSaveBlock1Sector
0x081534D0	thumb	LoadGameSave
0x0815355C	thumb	GetSaveBlocksPointersBaseOffset
0x081535DC	thumb	TryReadSpecialSaveSector
0x08153634	thumb	TryWriteSpecialSaveSector
0x08153688	thumb	Task_LinkFullSave
0x081537CC	thumb	CheckCompatibility
0x08153804	thumb	SetIncompatible
0x08153820	thumb	InitMysteryEventScript
0x08153850	thumb	RunMysteryEventScriptCommand
0x08153870	thumb	InitMysteryEventScriptContext
0x08153884	thumb	RunMysteryEventScriptContextCommand
0x081538A0	thumb	RunMysteryEventScript
0x081538C4	thumb	SetMysteryEventScriptStatus
0x081538D0	thumb	CalcRecordMixingGiftChecksum
0x081538F8	thumb	IsRecordMixingGiftValid
0x08153944	thumb	ClearRecordMixingGift
0x08153970	thumb	SetRecordMixingGift
0x081539D4	thumb	GetRecordMixingGift
0x08153A24	thumb	MEScrCmd_end
0x08153A30	thumb	MEScrCmd_checkcompat
0x08153A80	thumb	MEScrCmd_nop
0x08153A84	thumb	MEScrCmd_setstatus
0x08153A94	thumb	MEScrCmd_setmsg
0x08153ACC	thumb	MEScrCmd_runscript
0x08153AE8	thumb	MEScrCmd_setenigmaberry
0x08153BB0	thumb	MEScrCmd_giveribbon
0x08153BE4	thumb	MEScrCmd_initramscript
0x08153C4C	thumb	MEScrCmd_givenationaldex
0x08153C70	thumb	MEScrCmd_addrareword
0x08153C9C	thumb	MEScrCmd_setrecordmixinggift
0x08153CC8	thumb	MEScrCmd_givepokemon
0x08153DD4	thumb	MEScrCmd_addtrainer
0x08153E1C	thumb	MEScrCmd_enableresetrtc
0x08153E40	thumb	MEScrCmd_checksum
0x08153E88	thumb	MEScrCmd_crc
0x08153ED4	thumb	SetUpReflection
0x08153F98	thumb	GetReflectionVerticalOffset
0x08153FAC	thumb	LoadObjectReflectionPalette
0x0815401C	thumb	LoadObjectRegularReflectionPalette
0x08154078	thumb	LoadObjectHighBridgeReflectionPalette
0x081540A8	thumb	UpdateObjectReflectionSprite
0x08154228	thumb	CreateWarpArrowSprite
0x08154278	thumb	SetSpriteInvisible
0x08154298	thumb	ShowWarpArrowSprite
0x08154340	thumb	FldEff_Shadow
0x081543E4	thumb	UpdateShadowFieldEffect
0x081544AC	thumb	FldEff_TallGrass
0x08154550	thumb	UpdateTallGrassFieldEffect
0x08154658	thumb	FldEff_JumpTallGrass
0x081546C8	thumb	FindTallGrassFieldEffectSpriteId
0x08154758	thumb	FldEff_LongGrass
0x08154800	thumb	UpdateLongGrassFieldEffect
0x081548FC	thumb	FldEff_JumpLongGrass
0x0815496C	thumb	FldEff_ShortGrass
0x08154A10	thumb	UpdateShortGrassFieldEffect
0x08154B04	thumb	FldEff_SandFootprints
0x08154B78	thumb	FldEff_DeepSandFootprints
0x08154BEC	thumb	FldEff_BikeTireTracks
0x08154C60	thumb	UpdateFootprintsTireTracksFieldEffect
0x08154C7C	thumb	FadeFootprintsTireTracks_Step0
0x08154CA0	thumb	FadeFootprintsTireTracks_Step1
0x08154CEC	thumb	FldEff_Splash
0x08154D90	thumb	UpdateSplashFieldEffect
0x08154E1C	thumb	FldEff_JumpSmallSplash
0x08154E8C	thumb	FldEff_JumpBigSplash
0x08154EFC	thumb	FldEff_FeetInFlowingWater
0x08154FB4	thumb	UpdateFeetInFlowingWaterFieldEffect
0x08155054	thumb	FldEff_Ripple
0x081550B4	thumb	FldEff_HotSpringsWater
0x08155158	thumb	UpdateHotSpringsWaterFieldEffect
0x081551F0	thumb	FldEff_UnusedGrass
0x0815525C	thumb	FldEff_UnusedGrass2
0x081552C8	thumb	FldEff_UnusedSand
0x08155334	thumb	FldEff_WaterSurfacing
0x081553A0	thumb	StartAshFieldEffect
0x081553D4	thumb	FldEff_Ash
0x08155460	thumb	UpdateAshFieldEffect
0x0815547C	thumb	UpdateAshFieldEffect_Wait
0x081554AC	thumb	UpdateAshFieldEffect_Show
0x0815550C	thumb	UpdateAshFieldEffect_End
0x08155534	thumb	FldEff_SurfBlob
0x081555AC	thumb	SetSurfBlob_BobState
0x081555D8	thumb	SetSurfBlob_DontSyncAnim
0x08155604	thumb	SetSurfBlob_PlayerOffset
0x08155638	thumb	GetSurfBlob_BobState
0x08155640	thumb	GetSurfBlob_DontSyncAnim
0x0815564C	thumb	GetSurfBlob_HasPlayerOffset
0x08155658	thumb	UpdateSurfBlobFieldEffect
0x081556B0	thumb	SynchronizeSurfAnim
0x081556E8	thumb	SynchronizeSurfPosition
0x0815577C	thumb	UpdateBobbingEffect
0x08155800	thumb	StartUnderwaterSurfBlobBobbing
0x08155850	thumb	SpriteCB_UnderwaterSurfBlob
0x08155890	thumb	FldEff_Dust
0x08155900	thumb	FldEff_SandPile
0x081559BC	thumb	UpdateSandPileFieldEffect
0x08155A88	thumb	FldEff_Bubbles
0x08155AEC	thumb	UpdateBubblesFieldEffect
0x08155B2C	thumb	FldEff_BerryTreeGrowthSparkle
0x08155BA0	thumb	ShowTreeDisguiseFieldEffect
0x08155BB0	thumb	ShowMountainDisguiseFieldEffect
0x08155BC0	thumb	ShowSandDisguiseFieldEffect
0x08155BD0	thumb	ShowDisguiseFieldEffect
0x08155C88	thumb	UpdateDisguiseFieldEffect
0x08155D78	thumb	StartRevealDisguise
0x08155DA0	thumb	UpdateRevealDisguise
0x08155DDC	thumb	FldEff_Sparkle
0x08155E50	thumb	UpdateSparkleFieldEffect
0x08155EA0	thumb	InitRayquazaForFigure8Anim
0x08155EA8	thumb	AnimateRayquazaInFigure8
0x08155F80	thumb	UpdateRayquazaSpotlightEffect
0x08156194	thumb	UpdateJumpImpactEffect
0x081561D0	thumb	WaitFieldEffectSpriteAnim
0x081561FC	thumb	UpdateGrassFieldEffectSubpriority
0x081562C4	thumb	ContestAI_ResetAI
0x08156324	thumb	ContestAI_GetActionToUse
0x081563B0	thumb	ContestAI_DoAIProcessing
0x081564AC	thumb	GetContestantIdByTurn
0x081564DC	thumb	ContestAICmd_score
0x08156530	thumb	ContestAICmd_get_appeal_num
0x08156550	thumb	ContestAICmd_if_appeal_num_less_than
0x08156594	thumb	ContestAICmd_if_appeal_num_more_than
0x081565D8	thumb	ContestAICmd_if_appeal_num_eq
0x0815661C	thumb	ContestAICmd_if_appeal_num_not_eq
0x08156660	thumb	ContestAICmd_get_excitement
0x08156684	thumb	ContestAICmd_if_excitement_less_than
0x081566C8	thumb	ContestAICmd_if_excitement_more_than
0x0815670C	thumb	ContestAICmd_if_excitement_eq
0x08156750	thumb	ContestAICmd_if_excitement_not_eq
0x08156794	thumb	ContestAICmd_get_user_order
0x081567BC	thumb	ContestAICmd_if_user_order_less_than
0x08156800	thumb	ContestAICmd_if_user_order_more_than
0x08156844	thumb	ContestAICmd_if_user_order_eq
0x08156888	thumb	ContestAICmd_if_user_order_not_eq
0x081568CC	thumb	ContestAICmd_get_user_condition
0x0815690C	thumb	ContestAICmd_if_user_condition_less_than
0x08156950	thumb	ContestAICmd_if_user_condition_more_than
0x08156994	thumb	ContestAICmd_if_user_condition_eq
0x081569D8	thumb	ContestAICmd_if_user_condition_not_eq
0x08156A1C	thumb	ContestAICmd_get_points
0x08156A48	thumb	ContestAICmd_if_points_less_than
0x08156A98	thumb	ContestAICmd_if_points_more_than
0x08156AE8	thumb	ContestAICmd_if_points_eq
0x08156B38	thumb	ContestAICmd_if_points_not_eq
0x08156B88	thumb	ContestAICmd_get_preliminary_points
0x08156BB4	thumb	ContestAICmd_if_preliminary_points_less_than
0x08156C04	thumb	ContestAICmd_if_preliminary_points_more_than
0x08156C54	thumb	ContestAICmd_if_preliminary_points_eq
0x08156CA4	thumb	ContestAICmd_if_preliminary_points_not_eq
0x08156CF4	thumb	ContestAICmd_get_contest_type
0x08156D18	thumb	ContestAICmd_if_contest_type_eq
0x08156D5C	thumb	ContestAICmd_if_contest_type_not_eq
0x08156DA0	thumb	ContestAICmd_get_move_excitement
0x08156DE4	thumb	ContestAICmd_if_move_excitement_less_than
0x08156E2C	thumb	ContestAICmd_if_move_excitement_more_than
0x08156E74	thumb	ContestAICmd_if_move_excitement_eq
0x08156EBC	thumb	ContestAICmd_if_move_excitement_not_eq
0x08156F04	thumb	ContestAICmd_get_move_effect
0x08156F44	thumb	ContestAICmd_if_move_effect_eq
0x08156F88	thumb	ContestAICmd_if_move_effect_not_eq
0x08156FCC	thumb	ContestAICmd_get_move_effect_type
0x08157018	thumb	ContestAICmd_if_move_effect_type_eq
0x0815705C	thumb	ContestAICmd_if_move_effect_type_not_eq
0x081570A0	thumb	ContestAICmd_check_most_appealing_move
0x0815712C	thumb	ContestAICmd_if_most_appealing_move
0x08157174	thumb	ContestAICmd_check_most_jamming_move
0x08157200	thumb	ContestAICmd_if_most_jamming_move
0x08157248	thumb	ContestAICmd_get_num_move_hearts
0x081572A4	thumb	ContestAICmd_if_num_move_hearts_less_than
0x081572E8	thumb	ContestAICmd_if_num_move_hearts_more_than
0x0815732C	thumb	ContestAICmd_if_num_move_hearts_eq
0x08157370	thumb	ContestAICmd_if_num_move_hearts_not_eq
0x081573B4	thumb	ContestAICmd_get_num_move_jam_hearts
0x08157410	thumb	ContestAICmd_if_num_move_jam_hearts_less_than
0x08157454	thumb	ContestAICmd_if_num_move_jam_hearts_more_than
0x08157498	thumb	ContestAICmd_if_num_move_jam_hearts_eq
0x081574DC	thumb	ContestAICmd_if_num_move_jam_hearts_not_eq
0x08157520	thumb	ContestAICmd_get_move_used_count
0x08157578	thumb	ContestAICmd_if_most_used_count_less_than
0x081575BC	thumb	ContestAICmd_if_most_used_count_more_than
0x08157600	thumb	ContestAICmd_if_most_used_count_eq
0x08157644	thumb	ContestAICmd_if_most_used_count_not_eq
0x08157688	thumb	ContestAICmd_check_combo_starter
0x08157700	thumb	ContestAICmd_if_combo_starter
0x08157748	thumb	ContestAICmd_if_not_combo_starter
0x08157790	thumb	ContestAICmd_check_combo_finisher
0x08157808	thumb	ContestAICmd_if_combo_finisher
0x08157850	thumb	ContestAICmd_if_not_combo_finisher
0x08157898	thumb	ContestAICmd_check_would_finish_combo
0x081578F8	thumb	ContestAICmd_if_would_finish_combo
0x08157940	thumb	ContestAICmd_if_would_not_finish_combo
0x08157988	thumb	ContestAICmd_get_condition
0x081579CC	thumb	ContestAICmd_if_condition_less_than
0x08157A10	thumb	ContestAICmd_if_condition_more_than
0x08157A54	thumb	ContestAICmd_if_condition_eq
0x08157A98	thumb	ContestAICmd_if_condition_not_eq
0x08157ADC	thumb	ContestAICmd_get_used_combo_starter
0x08157B38	thumb	ContestAICmd_if_used_combo_starter_less_than
0x08157B7C	thumb	ContestAICmd_if_used_combo_starter_more_than
0x08157BC0	thumb	ContestAICmd_if_used_combo_starter_eq
0x08157C04	thumb	ContestAICmd_if_used_combo_starter_not_eq
0x08157C48	thumb	ContestAICmd_check_can_participate
0x08157C94	thumb	ContestAICmd_if_can_participate
0x08157CDC	thumb	ContestAICmd_if_cannot_participate
0x08157D24	thumb	ContestAICmd_get_completed_combo
0x08157D60	thumb	ContestAICmd_if_completed_combo
0x08157DA8	thumb	ContestAICmd_if_not_completed_combo
0x08157DF0	thumb	ContestAICmd_get_points_diff
0x08157E3C	thumb	ContestAICmd_if_points_more_than_mon
0x08157E84	thumb	ContestAICmd_if_points_less_than_mon
0x08157ECC	thumb	ContestAICmd_if_points_eq_mon
0x08157F14	thumb	ContestAICmd_if_points_not_eq_mon
0x08157F5C	thumb	ContestAICmd_get_preliminary_points_diff
0x08157FA0	thumb	ContestAICmd_if_preliminary_points_more_than_mon
0x08157FE8	thumb	ContestAICmd_if_preliminary_points_less_than_mon
0x08158030	thumb	ContestAICmd_if_preliminary_points_eq_mon
0x08158078	thumb	ContestAICmd_if_preliminary_points_not_eq_mon
0x081580C0	thumb	ContestAICmd_get_used_moves_effect
0x08158108	thumb	ContestAICmd_if_used_moves_effect_less_than
0x0815814C	thumb	ContestAICmd_if_used_moves_effect_more_than
0x08158190	thumb	ContestAICmd_if_used_moves_effect_eq
0x081581D4	thumb	ContestAICmd_if_used_moves_effect_not_eq
0x08158218	thumb	ContestAICmd_get_used_moves_excitement
0x08158254	thumb	ContestAICmd_if_used_moves_excitement_less_than
0x08158298	thumb	ContestAICmd_if_used_moves_excitement_more_than
0x081582DC	thumb	ContestAICmd_if_used_moves_excitement_eq
0x08158320	thumb	ContestAICmd_if_used_moves_excitement_not_eq
0x08158364	thumb	ContestAICmd_get_used_moves_effect_type
0x081583B8	thumb	ContestAICmd_if_used_moves_effect_type_eq
0x081583FC	thumb	ContestAICmd_if_used_moves_effect_type_not_eq
0x08158440	thumb	ContestAICmd_save_result
0x0815846C	thumb	ContestAICmd_setvar
0x0815849C	thumb	ContestAICmd_add
0x081584D4	thumb	ContestAICmd_addvar
0x08158508	thumb	ContestAICmd_addvar_duplicate
0x0815853C	thumb	ContestAICmd_if_less_than
0x0815858C	thumb	ContestAICmd_if_greater_than
0x081585DC	thumb	ContestAICmd_if_eq
0x0815862C	thumb	ContestAICmd_if_not_eq
0x0815867C	thumb	ContestAICmd_if_less_than_var
0x081586D0	thumb	ContestAICmd_if_greater_than_var
0x08158724	thumb	ContestAICmd_if_eq_var
0x08158778	thumb	ContestAICmd_if_not_eq_var
0x081587CC	thumb	ContestAICmd_if_random_less_than
0x0815881C	thumb	ContestAICmd_if_random_greater_than
0x0815886C	thumb	ContestAICmd_goto
0x0815888C	thumb	ContestAICmd_call
0x081588BC	thumb	ContestAICmd_end
0x081588E0	thumb	AIStackPushVar
0x08158908	thumb	AIStackPop
0x08158948	thumb	ContestAICmd_check_user_has_exciting_move
0x081589A4	thumb	ContestAICmd_if_user_has_exciting_move
0x081589EC	thumb	ContestAICmd_if_user_doesnt_have_exciting_move
0x08158A34	thumb	ContestAICmd_check_user_has_move
0x08158AA0	thumb	ContestAICmd_if_user_has_move
0x08158AE8	thumb	ContestAICmd_if_user_doesnt_have_move
0x08158B30	thumb	SoundTask_FireBlast
0x08158B98	thumb	SoundTask_FireBlast_Step1
0x08158C04	thumb	SoundTask_FireBlast_Step2
0x08158C58	thumb	SoundTask_LoopSEAdjustPanning
0x08158D08	thumb	SoundTask_LoopSEAdjustPanning_Step
0x08158D8C	thumb	SoundTask_PlayCryHighPitch
0x08158E9C	thumb	SoundTask_PlayDoubleCry
0x08158FF4	thumb	SoundTask_PlayDoubleCry_Step
0x08159078	thumb	SoundTask_WaitForCry
0x081590B8	thumb	SoundTask_PlayCryWithEcho
0x0815913C	thumb	SoundTask_PlayCryWithEcho_Step
0x08159210	thumb	SoundTask_PlaySE1WithPanning
0x08159244	thumb	SoundTask_PlaySE2WithPanning
0x08159278	thumb	SoundTask_AdjustPanningVar
0x08159308	thumb	SoundTask_AdjustPanningVar_Step
0x08159368	thumb	SpriteCB_Null4
0x0815936C	thumb	SetControllerToSafari
0x08159388	thumb	SafariBufferRunCommand
0x081593D8	thumb	HandleInputChooseAction
0x0815955C	thumb	CompleteOnBattlerSpriteCallbackDummy
0x08159594	thumb	CompleteOnInactiveTextPrinter
0x081595AC	thumb	CompleteOnHealthboxSpriteCallbackDummy
0x081595E4	thumb	SafariSetBattleEndCallbacks
0x08159624	thumb	CompleteOnSpecialAnimDone
0x08159660	thumb	SafariOpenPokeblockCase
0x08159698	thumb	CompleteWhenChosePokeblock
0x081596D4	thumb	CompleteOnFinishedBattleAnimation
0x08159704	thumb	SafariBufferExecCompleted
0x0815977C	thumb	CompleteOnFinishedStatusAnimation
0x081597AC	thumb	SafariHandleGetMonData
0x081597B8	thumb	SafariHandleGetRawMonData
0x081597C4	thumb	SafariHandleSetMonData
0x081597D0	thumb	SafariHandleSetRawMonData
0x081597DC	thumb	SafariHandleLoadMonSprite
0x081597E8	thumb	SafariHandleSwitchInAnim
0x081597F4	thumb	SafariHandleReturnMonToBall
0x08159800	thumb	SafariHandleDrawTrainerPic
0x081598E0	thumb	SafariHandleTrainerSlide
0x081598EC	thumb	SafariHandleTrainerSlideBack
0x081598F8	thumb	SafariHandleFaintAnimation
0x08159904	thumb	SafariHandlePaletteFade
0x08159910	thumb	SafariHandleSuccessBallThrowAnim
0x08159964	thumb	SafariHandleBallThrowAnim
0x081599C4	thumb	SafariHandlePause
0x081599D0	thumb	SafariHandleMoveAnimation
0x081599DC	thumb	SafariHandlePrintString
0x08159A30	thumb	SafariHandlePrintSelectionString
0x08159A54	thumb	HandleChooseActionAfterDma3
0x08159A94	thumb	SafariHandleChooseAction
0x08159AFC	thumb	SafariHandleYesNoBox
0x08159B08	thumb	SafariHandleChooseMove
0x08159B14	thumb	SafariHandleChooseItem
0x08159B54	thumb	SafariHandleChoosePokemon
0x08159B60	thumb	SafariHandleCmd23
0x08159B6C	thumb	SafariHandleHealthBarUpdate
0x08159B78	thumb	SafariHandleExpUpdate
0x08159B84	thumb	SafariHandleStatusIconUpdate
0x08159BC0	thumb	SafariHandleStatusAnimation
0x08159BCC	thumb	SafariHandleStatusXor
0x08159BD8	thumb	SafariHandleDataTransfer
0x08159BE4	thumb	SafariHandleDMA3Transfer
0x08159BF0	thumb	SafariHandlePlayBGM
0x08159BFC	thumb	SafariHandleCmd32
0x08159C08	thumb	SafariHandleTwoReturnValues
0x08159C14	thumb	SafariHandleChosenMonReturnValue
0x08159C20	thumb	SafariHandleOneReturnValue
0x08159C2C	thumb	SafariHandleOneReturnValue_Duplicate
0x08159C38	thumb	SafariHandleClearUnkVar
0x08159C44	thumb	SafariHandleSetUnkVar
0x08159C50	thumb	SafariHandleClearUnkFlag
0x08159C5C	thumb	SafariHandleToggleUnkFlag
0x08159C68	thumb	SafariHandleHitAnimation
0x08159C74	thumb	SafariHandleCantSwitch
0x08159C80	thumb	SafariHandlePlaySE
0x08159CC4	thumb	SafariHandlePlayFanfareOrBGM
0x08159D20	thumb	SafariHandleFaintingCry
0x08159D5C	thumb	SafariHandleIntroSlide
0x08159D90	thumb	SafariHandleIntroTrainerBallThrow
0x08159DEC	thumb	SafariHandleDrawPartyStatusSummary
0x08159DF8	thumb	SafariHandleHidePartyStatusSummary
0x08159E04	thumb	SafariHandleEndBounceEffect
0x08159E10	thumb	SafariHandleSpriteInvisibility
0x08159E1C	thumb	SafariHandleBattleAnimation
0x08159E78	thumb	SafariHandleLinkStandbyMsg
0x08159E84	thumb	SafariHandleResetActionMoveSelection
0x08159E90	thumb	SafariHandleEndLinkBattle
0x08159EEC	thumb	SafariCmdEnd
0x08159EF0	thumb	SetUpFieldMove_SweetScent
0x08159F10	thumb	FieldCallback_SweetScent
0x08159F2C	thumb	FldEff_SweetScent
0x08159F5C	thumb	StartSweetScentFieldEffect
0x08159FEC	thumb	TrySweetScentEncounter
0x0815A090	thumb	FailSweetScentEncounter
0x0815A0D4	thumb	AnimBlackSmoke
0x0815A114	thumb	AnimBlackSmoke_Step
0x0815A160	thumb	AnimTask_SmokescreenImpact
0x0815A1B0	thumb	AnimWhiteHalo
0x0815A1F4	thumb	AnimWhiteHalo_Step1
0x0815A234	thumb	AnimWhiteHalo_Step2
0x0815A254	thumb	AnimTealAlert
0x0815A2F0	thumb	AnimMeanLookEye
0x0815A31C	thumb	AnimMeanLookEye_Step1
0x0815A3AC	thumb	AnimMeanLookEye_Step2
0x0815A3F0	thumb	AnimMeanLookEye_Step3
0x0815A49C	thumb	AnimMeanLookEye_Step4
0x0815A504	thumb	AnimTask_SetPsychicBackground
0x0815A52C	thumb	SetPsychicBackground_Step
0x0815A5C8	thumb	AnimTask_FadeScreenToWhite
0x0815A5F0	thumb	FadeScreenToWhite_Step
0x0815A6C4	thumb	AnimSpikes
0x0815A73C	thumb	AnimSpikes_Step1
0x0815A76C	thumb	AnimSpikes_Step2
0x0815A7B0	thumb	AnimLeer
0x0815A7EC	thumb	AnimLetterZ
0x0815A8AC	thumb	AnimFang
0x0815A8C8	thumb	AnimTask_IsTargetPlayerSide
0x0815A904	thumb	AnimTask_IsHealingMove
0x0815A934	thumb	AnimSpotlight
0x0815A9A0	thumb	AnimSpotlight_Step1
0x0815AA6C	thumb	AnimSpotlight_Step2
0x0815AAA4	thumb	AnimClappingHand
0x0815AB5C	thumb	AnimClappingHand_Step
0x0815ABD0	thumb	AnimClappingHand2
0x0815ABEC	thumb	AnimTask_CreateSpotlight
0x0815AC8C	thumb	AnimTask_RemoveSpotlight
0x0815ACD0	thumb	AnimRapidSpin
0x0815AD4C	thumb	AnimRapidSpin_Step
0x0815ADB0	thumb	AnimTask_RapinSpinMonElevation
0x0815AED8	thumb	RapinSpinMonElevation_Step
0x0815AFF0	thumb	AnimTask_TormentAttacker
0x0815B054	thumb	TormentAttacker_Step
0x0815B23C	thumb	TormentAttacker_Callback
0x0815B27C	thumb	AnimTriAttackTriangle
0x0815B338	thumb	AnimTask_DefenseCurlDeformMon
0x0815B394	thumb	AnimBatonPassPokeball
0x0815B49C	thumb	AnimWishStar
0x0815B4D4	thumb	AnimWishStar_Step
0x0815B570	thumb	AnimMiniTwinklingStar
0x0815B5D0	thumb	AnimMiniTwinklingStar_Step
0x0815B65C	thumb	AnimTask_StockpileDeformMon
0x0815B6B4	thumb	AnimTask_SpitUpDeformMon
0x0815B70C	thumb	AnimSwallowBlueOrb
0x0815B778	thumb	AnimTask_SwallowDeformMon
0x0815B7D0	thumb	AnimTask_TransformMon
0x0815BB18	thumb	AnimTask_IsMonInvisible
0x0815BB58	thumb	AnimTask_CastformGfxDataChange
0x0815BB84	thumb	AnimTask_MorningSunLightBeam
0x0815BE04	thumb	AnimGreenStar
0x0815BF44	thumb	AnimGreenStar_Step1
0x0815BFF4	thumb	AnimGreenStar_Step2
0x0815C050	thumb	AnimGreenStar_Callback
0x0815C0A4	thumb	AnimTask_DoomDesireLightBeam
0x0815C3A8	thumb	AnimTask_StrongFrustrationGrowAndShrink
0x0815C400	thumb	AnimWeakFrustrationAngerMark
0x0815C478	thumb	AnimTask_RockMonBackAndForth
0x0815C548	thumb	AnimTask_RockMonBackAndForth_Step
0x0815C6B0	thumb	AnimSweetScentPetal
0x0815C700	thumb	AnimSweetScentPetal_Step
0x0815C770	thumb	AnimTask_FlailMovement
0x0815C7C4	thumb	AnimTask_FlailMovement_Step
0x0815C95C	thumb	AnimPainSplitProjectile
0x0815CA20	thumb	AnimTask_PainSplitMovement
0x0815CB88	thumb	AnimFlatterConfetti
0x0815CC34	thumb	AnimFlatterConfetti_Step
0x0815CC94	thumb	AnimFlatterSpotlight
0x0815CD0C	thumb	AnimFlatterSpotlight_Step
0x0815CDB4	thumb	AnimReversalOrb
0x0815CDFC	thumb	AnimReversalOrb_Step
0x0815CED8	thumb	AnimTask_RolePlaySilhouette
0x0815D160	thumb	AnimTask_RolePlaySilhouette_Step1
0x0815D1BC	thumb	AnimTask_RolePlaySilhouette_Step2
0x0815D240	thumb	AnimTask_AcidArmor
0x0815D398	thumb	AnimTask_AcidArmor_Step
0x0815D64C	thumb	AnimTask_DeepInhale
0x0815D694	thumb	AnimTask_DeepInhale_Step
0x0815D72C	thumb	InitYawnCloudPosition
0x0815D794	thumb	UpdateYawnCloudPosition
0x0815D7B4	thumb	AnimYawnCloud
0x0815D804	thumb	AnimYawnCloud_Step
0x0815D870	thumb	AnimSmokeBallEscapeCloud
0x0815D8D8	thumb	AnimTask_SlideMonForFocusBand_Step2
0x0815DA20	thumb	AnimTask_SlideMonForFocusBand_Step1
0x0815DB90	thumb	AnimTask_SlideMonForFocusBand
0x0815DCA4	thumb	AnimTask_SquishAndSweatDroplets
0x0815DD48	thumb	AnimTask_SquishAndSweatDroplets_Step
0x0815DDE0	thumb	CreateSweatDroplets
0x0815DEBC	thumb	AnimFacadeSweatDrop
0x0815DF0C	thumb	AnimTask_FacadeColorBlend
0x0815DF64	thumb	AnimTask_FacadeColorBlend_Step
0x0815DFCC	thumb	AnimTask_StatusClearedEffect
0x0815E01C	thumb	AnimRoarNoiseLine
0x0815E0DC	thumb	AnimRoarNoiseLine_Step
0x0815E114	thumb	AnimTask_GlareEyeDots
0x0815E20C	thumb	AnimTask_GlareEyeDots_Step
0x0815E34C	thumb	GetGlareEyeDotCoords
0x0815E404	thumb	AnimGlareEyeDot
0x0815E444	thumb	AnimAssistPawprint
0x0815E47C	thumb	AnimTask_BarrageBall
0x0815E5CC	thumb	AnimTask_BarrageBall_Step
0x0815E6D8	thumb	AnimSmellingSaltsHand
0x0815E784	thumb	AnimSmellingSaltsHand_Step
0x0815E840	thumb	AnimTask_SmellingSaltsSquish
0x0815E898	thumb	AnimTask_SmellingSaltsSquish_Step
0x0815E954	thumb	AnimSmellingSaltExclamation
0x0815E9BC	thumb	AnimSmellingSaltExclamation_Step
0x0815EA14	thumb	AnimHelpingHandClap
0x0815EA60	thumb	AnimHelpingHandClap_Step
0x0815EC48	thumb	AnimTask_HelpingHandAttackerMovement
0x0815ECE4	thumb	AnimTask_HelpingHandAttackerMovement_Step
0x0815EE84	thumb	AnimForesightMagnifyingGlass
0x0815EF08	thumb	AnimForesightMagnifyingGlass_Step
0x0815F10C	thumb	AnimMeteorMashStar_Step
0x0815F18C	thumb	AnimMeteorMashStar
0x0815F20C	thumb	AnimTask_MonToSubstitute
0x0815F330	thumb	AnimTask_MonToSubstituteDoll
0x0815F48C	thumb	AnimBlockX
0x0815F4F0	thumb	AnimBlockX_Step
0x0815F620	thumb	AnimTask_OdorSleuthMovement
0x0815F79C	thumb	AnimTask_OdorSleuthMovementWaitFinish
0x0815F7C4	thumb	MoveOdorSleuthClone
0x0815F8A0	thumb	AnimTask_GetReturnPowerLevel
0x0815F8F4	thumb	AnimTask_SnatchOpposingMonMove
0x0815FE80	thumb	AnimUnusedItemBagSteal
0x0815FFC4	thumb	AnimTask_SnatchPartnerMove
0x08160164	thumb	AnimTask_TeeterDanceMovement
0x081601DC	thumb	AnimTask_TeeterDanceMovement_Step
0x081602E0	thumb	AnimKnockOffStrike_Step
0x08160338	thumb	AnimKnockOffStrike
0x081603A8	thumb	AnimRecycle
0x081603F4	thumb	AnimRecycle_Step
0x081604F0	thumb	AnimTask_GetWeather
0x08160544	thumb	AnimTask_SlackOffSquish
0x0816058C	thumb	AnimTask_SlackOffSquish_Step
0x08160624	thumb	VBlankCB_MoveRelearner
0x08160638	thumb	TeachMoveRelearnerMove
0x08160664	thumb	Task_WaitForFadeOut
0x081606A0	thumb	CB2_InitLearnMove
0x08160740	thumb	CB2_InitLearnMoveReturnFromSelectMove
0x081607EC	thumb	InitMoveRelearnerBackgroundLayers
0x0816082C	thumb	CB2_MoveRelearnerMain
0x0816084C	thumb	PrintMessageWithPlaceholders
0x08160868	thumb	DoMoveRelearnerMain
0x08160EA0	thumb	FreeMoveRelearnerResources
0x08160EE0	thumb	HideHeartSpritesAndShowTeachMoveText
0x08160F50	thumb	HandleInput
0x08161054	thumb	GetCurrentSelectedMove
0x08161074	thumb	ShowTeachMoveText
0x081610B8	thumb	CreateUISprites
0x081611AC	thumb	AddScrollArrows
0x08161234	thumb	RemoveScrollArrows
0x08161280	thumb	CreateLearnableMovesList
0x0816137C	thumb	MoveRelearnerShowHideHearts
0x08161508	thumb	SetUpFieldMove_SoftBoiled
0x08161560	thumb	ChooseMonForSoftboiled
0x081615A8	thumb	Task_TryUseSoftboiledOnPartyMon
0x0816166C	thumb	Task_SoftboiledRestoreHealth
0x081616C0	thumb	Task_DisplayHPRestoredMessage
0x08161724	thumb	Task_FinishSoftboiled
0x08161784	thumb	Task_ChooseNewMonForSoftboiled
0x081617B8	thumb	CantUseSoftboiledOnMon
0x081617F4	thumb	SetDecorationInventoriesPointers
0x08161880	thumb	ClearDecorationInventory
0x081618B4	thumb	ClearDecorationInventories
0x081618D0	thumb	GetFirstEmptyDecorSlot
0x08161918	thumb	CheckHasDecoration
0x08161960	thumb	DecorationAdd
0x081619A8	thumb	DecorationCheckSpace
0x081619DC	thumb	DecorationRemove
0x08161A38	thumb	CondenseDecorationsInCategory
0x08161AD0	thumb	GetNumOwnedDecorationsInCategory
0x08161B10	thumb	GetNumOwnedDecorations
0x08161B34	thumb	ClearRoamerData
0x08161B60	thumb	ClearRoamerLocationData
0x08161B94	thumb	CreateInitialRoamerMon
0x08161CBC	thumb	InitRoamer
0x08161CD8	thumb	UpdateLocationHistoryForRoamer
0x08161D00	thumb	RoamerMoveToOtherLocationSet
0x08161D54	thumb	RoamerMove
0x08161DE8	thumb	IsRoamerAt
0x08161E28	thumb	CreateRoamerMonInstance
0x08161EDC	thumb	TryStartRoamerEncounter
0x08161F18	thumb	UpdateRoamerHPStatus
0x08161F4C	thumb	SetRoamerInactive
0x08161F64	thumb	GetRoamerLocation
0x08161F74	thumb	CallBattleTowerFunc
0x08161F94	thumb	InitTowerChallenge
0x08162054	thumb	GetTowerData
0x081620F4	thumb	SetTowerData
0x081621C0	thumb	SetTowerBattleWon
0x0816222C	thumb	ChooseSpecialBattleTowerTrainer
0x081623F0	thumb	SetNextFacilityOpponent
0x08162548	thumb	GetRandomScaledFrontierTrainerId
0x081625B4	thumb	GetRandomScaledFrontierTrainerIdRange
0x08162614	thumb	SetBattleFacilityTrainerGfxId
0x08162794	thumb	SetEReaderTrainerGfxId
0x081627A4	thumb	GetBattleFacilityTrainerGfxId
0x081628A0	thumb	PutNewBattleTowerRecord
0x08162AA0	thumb	GetFrontierTrainerFrontSpriteId
0x08162BD8	thumb	GetFrontierOpponentClass
0x08162D34	thumb	GetFrontierTrainerFacilityClass
0x08162E20	thumb	GetFrontierTrainerName
0x08162F68	thumb	IsFrontierTrainerFemale
0x08163048	thumb	FillFrontierTrainerParty
0x0816306C	thumb	FillFrontierTrainersParties
0x081630A0	thumb	FillTentTrainerParty
0x081630C4	thumb	FillTrainerParty
0x08163444	thumb	Unused_CreateApprenticeMons
0x08163524	thumb	GetRandomFrontierMonFromSet
0x08163590	thumb	FillFactoryTrainerParty
0x081635D4	thumb	FillFactoryFrontierTrainerParty
0x0816379C	thumb	FillFactoryTentTrainerParty
0x081638AC	thumb	FrontierSpeechToString
0x08163914	thumb	GetOpponentIntroSpeech
0x081639AC	thumb	HandleSpecialTrainerBattleEnd
0x08163A8C	thumb	Task_StartBattleAfterTransition
0x08163AC4	thumb	DoSpecialTrainerBattle
0x08163E90	thumb	SaveCurrentWinStreak
0x08163EE4	thumb	SaveBattleTowerRecord
0x08164040	thumb	SaveTowerChallenge
0x081640D8	thumb	BattleTowerNop1
0x081640DC	thumb	BattleTowerNop2
0x081640E0	thumb	GetApprenticeMultiPartnerParty
0x08164188	thumb	GetRecordMixFriendMultiPartnerParty
0x081642A0	thumb	LoadMultiPartnerCandidatesData
0x081646BC	thumb	GetPotentialPartnerMoveAndSpecies
0x08164828	thumb	ShowPartnerCandidateMessage
0x08164B74	thumb	LoadLinkMultiOpponentsData
0x08164DCC	thumb	TowerTryCloseLink
0x08164DE4	thumb	SetMultiPartnerGfx
0x08164E04	thumb	SetTowerInterviewData
0x08164ED8	thumb	ValidateBattleTowerRecordChecksums
0x08164F70	thumb	CalcEmeraldBattleTowerChecksum
0x08164F94	thumb	CalcRubyBattleTowerChecksum
0x08164FB8	thumb	ClearBattleTowerRecord
0x08164FCC	thumb	GetCurrentBattleTowerWinStreak
0x08164FFC	thumb	GetMonCountForBattleMode
0x0816502C	thumb	AwardBattleTowerRibbons
0x0816515C	thumb	FillEReaderTrainerWithPlayerData
0x08165244	thumb	GetEreaderTrainerFrontSpriteId
0x08165264	thumb	GetEreaderTrainerClassId
0x08165284	thumb	GetEreaderTrainerName
0x081652B4	thumb	ValidateEReaderTrainer
0x08165328	thumb	SetEReaderTrainerChecksum
0x0816534C	thumb	ClearEReaderTrainer
0x08165360	thumb	CopyEReaderTrainerGreeting
0x0816537C	thumb	CopyEReaderTrainerFarewellMessage
0x081653CC	thumb	TryHideBattleTowerReporter
0x08165404	thumb	FillPartnerParty
0x0816587C	thumb	RubyBattleTowerRecordToEmerald
0x081659DC	thumb	EmeraldBattleTowerRecordToRuby
0x08165AE8	thumb	CalcApprenticeChecksum
0x08165B08	thumb	ClearApprentice
0x08165B20	thumb	ValidateApprenticesChecksums
0x08165B88	thumb	GetBattleTowerTrainerLanguage
0x08165C40	thumb	SetFacilityPtrsGetLevel
0x08165C90	thumb	GetFrontierEnemyMonLevel
0x08165CB4	thumb	GetHighestLevelInPlayerParty
0x08165D08	thumb	GetFrontierTrainerFixedIvs
0x08165D40	thumb	GetBattleTentTrainerId
0x08165D78	thumb	SetTentPtrsGetLevel
0x08165E18	thumb	SetNextBattleTentOpponent
0x08165EA4	thumb	FillTentTrainerParty_
0x081660B8	thumb	FacilityClassToGraphicsId
0x08166124	thumb	ValidateBattleTowerRecord
0x08166188	thumb	TrySetLinkBattleTowerEnemyPartyLevel
0x08166204	thumb	ChooseMonToGivePokeblock
0x0816624C	thumb	CB2_ReturnAndChooseMonToGivePokeblock
0x081662C0	thumb	CB2_ReturnToUsePokeblockMenu
0x08166304	thumb	CB2_ShowUsePokeblockMenuForResults
0x0816631C	thumb	CB2_UsePokeblockMenu
0x08166340	thumb	VBlankCB_UsePokeblockMenu
0x0816636C	thumb	SetUsePokeblockCallback
0x08166380	thumb	LoadUsePokeblockMenu
0x08166564	thumb	ShowUsePokeblockMenu
0x08166634	thumb	UsePokeblockMenu
0x0816681C	thumb	FeedPokeblockToMon
0x081668F8	thumb	ShowUsePokeblockMenuForResults
0x08166A34	thumb	ShowPokeblockResults
0x08166BEC	thumb	CloseUsePokeblockMenu
0x08166D44	thumb	AskUsePokeblock
0x08166DE4	thumb	HandleAskUsePokeblockInput
0x08166E24	thumb	PrintFirstEnhancement
0x08166EDC	thumb	TryPrintNextEnhancement
0x08166F50	thumb	PrintWontEatAnymore
0x08166F94	thumb	EraseMenuWindow
0x08166FB0	thumb	PrintMenuWindowText
0x08166FD4	thumb	BufferEnhancedText
0x08167024	thumb	GetMonConditions
0x08167054	thumb	AddPokeblockToConditions
0x08167104	thumb	CalculateConditionEnhancements
0x08167184	thumb	CalculatePokeblockEffectiveness
0x08167268	thumb	IsSheenMaxed
0x081672A4	thumb	GetPartyIdFromSelectionId
0x081672E4	thumb	GetSelectionIdFromPartyId
0x08167324	thumb	GetPartyIdFromSelectionId_
0x08167338	thumb	LoadAndCreateUpDownSprites
0x081673DC	thumb	SpriteCB_UpDown
0x08167420	thumb	LoadPartyInfo
0x081674BC	thumb	LoadInitialMonInfo
0x0816753C	thumb	LoadMonInfo
0x08167608	thumb	UpdateMonPic
0x08167760	thumb	LoadAndCreateSelectionIcons
0x08167930	thumb	LoadUsePokeblockMenuGfx
0x08167BA0	thumb	UpdateMonInfoText
0x08167CA0	thumb	UpdateSelection
0x08167EA4	thumb	LoadNewSelection_CancelToMon
0x08167FA4	thumb	LoadNewSelection_MonToCancel
0x08168048	thumb	LoadNewSelection_MonToMon
0x08168168	thumb	SpriteCB_MonPic
0x08168180	thumb	SpriteCB_SelectionIconPokeball
0x081681B4	thumb	SpriteCB_SelectionIconCancel
0x081681F4	thumb	CalculateNumAdditionalSparkles
0x08168248	thumb	LoadConditionGfx
0x08168294	thumb	CreateConditionSprite
0x08168328	thumb	LoadConditionTitle
0x08168374	thumb	SpriteCB_Condition
0x081683B4	thumb	SpriteCB_Null7
0x081683B8	thumb	SetControllerToWally
0x081683F4	thumb	WallyBufferRunCommand
0x08168444	thumb	WallyHandleActions
0x0816856C	thumb	CompleteOnBattlerSpriteCallbackDummy
0x081685A4	thumb	CompleteOnInactiveTextPrinter
0x081685BC	thumb	CompleteOnFinishedAnimation
0x081685D4	thumb	OpenBagAfterPaletteFade
0x08168610	thumb	CompleteOnChosenItem
0x0816864C	thumb	Intro_TryShinyAnimShowHealthbox
0x08168818	thumb	Intro_WaitForShinyAnimAndHealthbox
0x08168934	thumb	CompleteOnHealthbarDone
0x081689A4	thumb	DoHitAnimBlinkSpriteEffect
0x08168A20	thumb	DoSwitchOutAnimation
0x08168A90	thumb	CompleteOnBankSpriteCallbackDummy2
0x08168AC8	thumb	CompleteOnFinishedBattleAnimation
0x08168AF8	thumb	WallyBufferExecCompleted
0x08168B70	thumb	CompleteOnFinishedStatusAnimation
0x08168BA0	thumb	WallyHandleGetMonData
0x08168C14	thumb	CopyWallyMonData
0x081693C0	thumb	WallyHandleGetRawMonData
0x081693CC	thumb	WallyHandleSetMonData
0x08169424	thumb	SetWallyMonData
0x08169E20	thumb	WallyHandleSetRawMonData
0x08169E2C	thumb	WallyHandleLoadMonSprite
0x08169E38	thumb	WallyHandleSwitchInAnim
0x08169E44	thumb	WallyHandleReturnMonToBall
0x08169EC8	thumb	WallyHandleDrawTrainerPic
0x08169F94	thumb	WallyHandleTrainerSlide
0x0816A060	thumb	WallyHandleTrainerSlideBack
0x0816A06C	thumb	WallyHandleFaintAnimation
0x0816A078	thumb	WallyHandlePaletteFade
0x0816A084	thumb	WallyHandleSuccessBallThrowAnim
0x0816A0D8	thumb	WallyHandleBallThrowAnim
0x0816A138	thumb	WallyHandlePause
0x0816A144	thumb	WallyHandleMoveAnimation
0x0816A26C	thumb	WallyDoMoveAnimation
0x0816A3B8	thumb	WallyHandlePrintString
0x0816A40C	thumb	WallyHandlePrintSelectionString
0x0816A430	thumb	HandleChooseActionAfterDma3
0x0816A470	thumb	WallyHandleChooseAction
0x0816A4D8	thumb	WallyHandleYesNoBox
0x0816A4E4	thumb	WallyHandleChooseMove
0x0816A57C	thumb	WallyHandleChooseItem
0x0816A5BC	thumb	WallyHandleChoosePokemon
0x0816A5C8	thumb	WallyHandleCmd23
0x0816A5D4	thumb	WallyHandleHealthBarUpdate
0x0816A6D4	thumb	WallyHandleExpUpdate
0x0816A6E0	thumb	WallyHandleStatusIconUpdate
0x0816A6EC	thumb	WallyHandleStatusAnimation
0x0816A6F8	thumb	WallyHandleStatusXor
0x0816A704	thumb	WallyHandleDataTransfer
0x0816A710	thumb	WallyHandleDMA3Transfer
0x0816A71C	thumb	WallyHandlePlayBGM
0x0816A728	thumb	WallyHandleCmd32
0x0816A734	thumb	WallyHandleTwoReturnValues
0x0816A740	thumb	WallyHandleChosenMonReturnValue
0x0816A74C	thumb	WallyHandleOneReturnValue
0x0816A758	thumb	WallyHandleOneReturnValue_Duplicate
0x0816A764	thumb	WallyHandleClearUnkVar
0x0816A770	thumb	WallyHandleSetUnkVar
0x0816A77C	thumb	WallyHandleClearUnkFlag
0x0816A788	thumb	WallyHandleToggleUnkFlag
0x0816A794	thumb	WallyHandleHitAnimation
0x0816A804	thumb	WallyHandleCantSwitch
0x0816A810	thumb	WallyHandlePlaySE
0x0816A840	thumb	WallyHandlePlayFanfareOrBGM
0x0816A89C	thumb	WallyHandleFaintingCry
0x0816A8D8	thumb	WallyHandleIntroSlide
0x0816A90C	thumb	WallyHandleIntroTrainerBallThrow
0x0816AA80	thumb	StartSendOutAnim
0x0816AC04	thumb	Task_StartSendOutAnim
0x0816AC78	thumb	WallyHandleDrawPartyStatusSummary
0x0816ACFC	thumb	WallyHandleHidePartyStatusSummary
0x0816AD08	thumb	WallyHandleEndBounceEffect
0x0816AD14	thumb	WallyHandleSpriteInvisibility
0x0816AD20	thumb	WallyHandleBattleAnimation
0x0816AD7C	thumb	WallyHandleLinkStandbyMsg
0x0816AD88	thumb	WallyHandleResetActionMoveSelection
0x0816AD94	thumb	WallyHandleEndLinkBattle
0x0816ADF0	thumb	WallyCmdEnd
0x0816ADF4	thumb	NewGameInitPCItems
0x0816AE58	thumb	BedroomPC
0x0816AE98	thumb	PlayerPC
0x0816AED8	thumb	InitPlayerPCMenu
0x0816AF98	thumb	PlayerPCProcessMenuInput
0x0816B060	thumb	ReshowPlayerPC
0x0816B07C	thumb	PlayerPC_ItemStorage
0x0816B0A8	thumb	PlayerPC_Mailbox
0x0816B138	thumb	PlayerPC_Decoration
0x0816B148	thumb	PlayerPC_TurnOff
0x0816B190	thumb	InitItemStorageMenu
0x0816B21C	thumb	ItemStorageMenuPrint
0x0816B248	thumb	ItemStorageMenuProcessInput
0x0816B2C8	thumb	ItemStorage_Deposit
0x0816B2F0	thumb	Task_ItemStorage_Deposit
0x0816B31C	thumb	CB2_PlayerPCExitBagMenu
0x0816B33C	thumb	ItemStorage_ReshowAfterBagMenu
0x0816B368	thumb	ItemStorage_HandleReturnToProcessInput
0x0816B398	thumb	ItemStorage_Withdraw
0x0816B3E4	thumb	ItemStorage_Toss
0x0816B430	thumb	ItemStorage_Enter
0x0816B4A4	thumb	ItemStorage_Exit
0x0816B4C0	thumb	SetPlayerPCListCount
0x0816B4DC	thumb	ItemStorage_EraseMainMenu
0x0816B510	thumb	GetMailboxMailCount
0x0816B54C	thumb	Mailbox_CompactMailList
0x0816B5F8	thumb	Mailbox_DrawMailboxMenu
0x0816B674	thumb	Mailbox_ProcessInput
0x0816B730	thumb	Mailbox_PrintWhatToDoWithPlayerMailText
0x0816B798	thumb	Mailbox_ReturnToPlayerPC
0x0816B7DC	thumb	Mailbox_PrintMailOptions
0x0816B82C	thumb	Mailbox_MailOptionsProcessInput
0x0816B878	thumb	Mailbox_DoMailRead
0x0816B8A4	thumb	Mailbox_FadeAndReadMail
0x0816B900	thumb	Mailbox_ReturnToFieldFromReadMail
0x0816B920	thumb	Mailbox_ReshowAfterMail
0x0816B964	thumb	Mailbox_HandleReturnToProcessInput
0x0816B994	thumb	Mailbox_MoveToBag
0x0816B9B0	thumb	Mailbox_AskConfirmMoveToBag
0x0816B9D8	thumb	Mailbox_HandleConfirmMoveToBag
0x0816BA18	thumb	Mailbox_DoMailMoveToBag
0x0816BAAC	thumb	Mailbox_CancelMoveToBag
0x0816BABC	thumb	Mailbox_Give
0x0816BAF8	thumb	Mailbox_DoGiveMailPokeMenu
0x0816BB28	thumb	Mailbox_ReturnToMailListAfterDeposit
0x0816BB48	thumb	Mailbox_UpdateMailListAfterDeposit
0x0816BBB8	thumb	Mailbox_NoPokemonForMail
0x0816BBD4	thumb	Mailbox_Cancel
0x0816BC14	thumb	ItemStorage_Init
0x0816BC58	thumb	ItemStorage_Free
0x0816BC7C	thumb	ItemStorage_AddWindow
0x0816BCC4	thumb	ItemStorage_RemoveWindow
0x0816BD04	thumb	ItemStorage_RefreshListMenu
0x0816BDC8	thumb	CopyItemName_PlayerPC
0x0816BDDC	thumb	ItemStorage_MoveCursor
0x0816BE44	thumb	ItemStorage_PrintMenuItem
0x0816BEF0	thumb	ItemStorage_PrintDescription
0x0816BF60	thumb	ItemStorage_AddScrollIndicator
0x0816BF9C	thumb	ItemStorage_RemoveScrollIndicator
0x0816BFB8	thumb	ItemStorage_SetSwapArrow
0x0816BFE0	thumb	ItemStorage_DrawSwapArrow
0x0816C060	thumb	ItemStorage_DrawItemIcon
0x0816C0C8	thumb	ItemStorage_EraseItemIcon
0x0816C110	thumb	ItemStorage_CompactList
0x0816C140	thumb	ItemStorage_CompactCursor
0x0816C158	thumb	ItemStorage_CreateListMenu
0x0816C228	thumb	ItemStorage_GetMessage
0x0816C2C0	thumb	ItemStorage_PrintMessage
0x0816C30C	thumb	ItemStorage_ProcessInput
0x0816C3A4	thumb	ItemStorage_ReturnToMenuSelect
0x0816C400	thumb	ItemStorage_ExitItemList
0x0816C450	thumb	ItemStorage_StartItemSwap
0x0816C4FC	thumb	ItemStorage_ProcessItemSwapInput
0x0816C5A0	thumb	ItemStorage_FinishItemSwap
0x0816C690	thumb	ItemStorage_UpdateSwapLinePos
0x0816C6BC	thumb	ItemStorage_PrintItemQuantity
0x0816C71C	thumb	ItemStorage_DoItemAction
0x0816C818	thumb	ItemStorage_HandleQuantityRolling
0x0816C8FC	thumb	ItemStorage_DoItemWithdraw
0x0816C9B8	thumb	ItemStorage_DoItemToss
0x0816CA94	thumb	ItemStorage_TossItemYes
0x0816CAC8	thumb	ItemStorage_TossItemNo
0x0816CB04	thumb	ItemStorage_HandleRemoveItem
0x0816CB74	thumb	ItemStorage_HandleErrorMessageInput
0x0816CBC0	thumb	ItemStorage_ReturnToListInput
0x0816CBE8	thumb	VBlankCB_Intro
0x0816CC00	thumb	MainCB2_Intro
0x0816CC54	thumb	MainCB2_EndIntro
0x0816CC70	thumb	LoadCopyrightGraphics
0x0816CCB8	thumb	SerialCB_CopyrightScreen
0x0816CCC8	thumb	SetUpCopyrightScreen
0x0816CEAC	thumb	CB2_InitCopyrightScreenAfterBootup
0x0816CF0C	thumb	CB2_InitCopyrightScreenAfterTitleScreen
0x0816CF18	thumb	Task_Scene1_Load
0x0816D12C	thumb	Task_Scene1_FadeIn
0x0816D190	thumb	Task_Scene1_WaterDrops
0x0816D2A0	thumb	Task_CreateSparkles
0x0816D338	thumb	SpriteCB_Sparkle
0x0816D354	thumb	Task_Scene1_PanUp
0x0816D458	thumb	Task_Scene1_End
0x0816D48C	thumb	Task_Scene2_Load
0x0816D4E4	thumb	Task_Scene2_CreateSprites
0x0816D650	thumb	Task_Scene2_BikeRide
0x0816D7E8	thumb	Task_Scene2_End
0x0816D81C	thumb	SpriteCB_Volbeat
0x0816D9C0	thumb	SpriteCB_Torchic
0x0816DAE8	thumb	SpriteCB_Manectric
0x0816DBAC	thumb	Task_Scene3_Load
0x0816DC64	thumb	Task_Scene3_SpinPokeball
0x0816DCFC	thumb	Task_Scene3_WaitGroudon
0x0816DD28	thumb	Task_Scene3_LoadGroudon
0x0816DDD8	thumb	Task_Scene3_InitGroudonBg
0x0816DE7C	thumb	Task_Scene3_NarrowWindow
0x0816DED0	thumb	Task_Scene3_EndNarrowWindow
0x0816DEEC	thumb	Task_Scene3_StartGroudon
0x0816DF2C	thumb	Task_Scene3_Groudon
0x0816E190	thumb	CreateGroudonRockSprites
0x0816E1F8	thumb	SpriteCB_GroudonRocks
0x0816E2A0	thumb	Task_Scene3_LoadKyogre
0x0816E358	thumb	Task_Scene3_Kyogre
0x0816E6D4	thumb	CreateKyogreBubbleSprites_Body
0x0816E74C	thumb	CreateKyogreBubbleSprites_Fins
0x0816E7B4	thumb	SpriteCB_KyogreBubbles
0x0816E888	thumb	Task_Scene3_LoadClouds1
0x0816E954	thumb	Task_Scene3_LoadClouds2
0x0816E998	thumb	Task_Scene3_InitClouds
0x0816E9DC	thumb	Task_Scene3_Clouds
0x0816EAB8	thumb	Task_Scene3_LoadLightning
0x0816EB44	thumb	Task_Scene3_Lightning
0x0816EC6C	thumb	SpriteCB_Lightning
0x0816ED20	thumb	Task_Scene3_LoadRayquazaAttack
0x0816EDB4	thumb	Task_Scene3_Rayquaza
0x0816EE90	thumb	Task_EndIntroMovie
0x0816EEA8	thumb	Task_RayquazaAttack
0x0816F0C0	thumb	IntroResetGpuRegs
0x0816F128	thumb	Task_BlendLogoIn
0x0816F1E0	thumb	Task_BlendLogoOut
0x0816F2A8	thumb	PanFadeAndZoomScreen
0x0816F318	thumb	SpriteCB_WaterDrop_Ripple
0x0816F3A4	thumb	SpriteCB_WaterDropHalf
0x0816F454	thumb	SpriteCB_WaterDrop
0x0816F46C	thumb	SpriteCB_WaterDrop_Slide
0x0816F5B4	thumb	SpriteCB_WaterDrop_ReachLeafEnd
0x0816F660	thumb	SpriteCB_WaterDrop_DangleFromLeaf
0x0816F6D0	thumb	SpriteCB_WaterDrop_Fall
0x0816F750	thumb	SpriteCB_WaterDropShort
0x0816F7D0	thumb	CreateWaterDrop
0x0816F9D4	thumb	SpriteCB_PlayerOnBicycle
0x0816FAB0	thumb	SpriteCB_Flygon
0x0816FB38	thumb	SpriteCB_LogoLetter
0x0816FD44	thumb	SpriteCB_GameFreakLogo
0x0816FDB8	thumb	CreateGameFreakLogoSprites
0x0816FEDC	thumb	SpriteCB_FlygonSilhouette
0x08170040	thumb	SpriteCB_RayquazaOrb
0x081700F8	thumb	ReloadSave
0x0817018C	thumb	FieldInitRegionMap
0x081701C4	thumb	MCB2_InitRegionMapRegisters
0x08170260	thumb	VBCB_FieldUpdateRegionMap
0x08170274	thumb	MCB2_FieldUpdateRegionMap
0x08170290	thumb	FieldUpdateRegionMap
0x08170428	thumb	PrintRegionMapSecName
0x08170478	thumb	AnimTask_UnusedLevelUpHealthBox
0x08170660	thumb	AnimTask_UnusedLevelUpHealthBox_Step
0x08170834	thumb	LoadHealthboxPalsForLevelUp
0x08170920	thumb	AnimTask_LoadHealthboxPalsForLevelUp
0x0817094C	thumb	FreeHealthboxPalsForLevelUp
0x081709EC	thumb	AnimTask_FreeHealthboxPalsForLevelUp
0x08170A0C	thumb	AnimTask_FlashHealthboxOnLevelUp
0x08170A38	thumb	AnimTask_FlashHealthboxOnLevelUp_Step
0x08170B04	thumb	AnimTask_SwitchOutShrinkMon
0x08170BB0	thumb	AnimTask_SwitchOutBallEffect
0x08170CFC	thumb	AnimTask_LoadBallGfx
0x08170D24	thumb	AnimTask_FreeBallGfx
0x08170D4C	thumb	AnimTask_IsBallBlockedByTrainer
0x08170D84	thumb	ItemIdToBallId
0x08170E04	thumb	AnimTask_ThrowBall
0x08170EF0	thumb	AnimTask_ThrowBall_Step
0x08170F2C	thumb	AnimTask_ThrowBall_StandingTrainer
0x08171030	thumb	AnimTask_ThrowBall_StandingTrainer_Step
0x081710A8	thumb	Task_PlayerThrow_Wait
0x08171104	thumb	SpriteCB_Ball_Throw
0x08171134	thumb	SpriteCB_Ball_Arc
0x081711E8	thumb	SpriteCB_Ball_MonShrink
0x08171240	thumb	SpriteCB_Ball_MonShrink_Step
0x0817138C	thumb	SpriteCB_Ball_Bounce
0x081713D0	thumb	SpriteCB_Ball_Bounce_Step
0x081714D4	thumb	SpriteCB_Ball_Wobble
0x08171520	thumb	SpriteCB_Ball_Wobble_Step
0x081717B4	thumb	SpriteCB_Ball_Release
0x081717D8	thumb	SpriteCB_Ball_Capture
0x081717F8	thumb	SpriteCB_Ball_Capture_Step
0x081718D8	thumb	SpriteCB_Ball_FadeOut
0x081719C0	thumb	DestroySpriteAfterOneFrame
0x081719EC	thumb	MakeCaptureStars
0x08171AAC	thumb	SpriteCB_CaptureStar_Flicker
0x08171AE4	thumb	SpriteCB_Ball_Release_Step
0x08171BAC	thumb	SpriteCB_Ball_Release_Wait
0x08171CAC	thumb	SpriteCB_Ball_Block
0x08171CE8	thumb	SpriteCB_Ball_Block_Step
0x08171D60	thumb	LoadBallParticleGfx
0x08171D98	thumb	AnimateBallOpenParticles
0x08171E20	thumb	IncrBallParticleCount
0x08171E50	thumb	PokeBallOpenParticleAnimation
0x08171F68	thumb	PokeBallOpenParticleAnimation_Step1
0x08171F88	thumb	PokeBallOpenParticleAnimation_Step2
0x08171FC4	thumb	TimerBallOpenParticleAnimation
0x081720C8	thumb	DiveBallOpenParticleAnimation
0x081721CC	thumb	SafariBallOpenParticleAnimation
0x081722CC	thumb	UltraBallOpenParticleAnimation
0x081723D4	thumb	GreatBallOpenParticleAnimation
0x08172508	thumb	FanOutBallOpenParticles_Step1
0x08172560	thumb	RepeatBallOpenParticleAnimation
0x0817265C	thumb	RepeatBallOpenParticleAnimation_Step1
0x081726BC	thumb	MasterBallOpenParticleAnimation
0x081727E8	thumb	PremierBallOpenParticleAnimation
0x081728E0	thumb	PremierBallOpenParticleAnimation_Step1
0x08172944	thumb	DestroyBallOpenAnimationParticle
0x081729E8	thumb	LaunchBallFadeMonTask
0x08172AB0	thumb	Task_FadeMon_ToBallColor
0x08172B40	thumb	Task_FadeMon_ToNormal
0x08172B90	thumb	Task_FadeMon_ToNormal_Step
0x08172BF0	thumb	AnimTask_SwapMonSpriteToFromSubstitute
0x08172D98	thumb	AnimTask_SubstituteFadeToInvisible
0x08172E9C	thumb	AnimTask_IsAttackerBehindSubstitute
0x08172ED0	thumb	AnimTask_SetTargetToEffectBattler
0x08172EF0	thumb	TryShinyAnimation
0x08172FEC	thumb	Task_ShinyStars
0x081731B0	thumb	Task_ShinyStars_Wait
0x081731FC	thumb	SpriteCB_ShinyStars_Encircle
0x08173250	thumb	SpriteCB_ShinyStars_Diagonal
0x081732B0	thumb	AnimTask_LoadPokeblockGfx
0x081732E4	thumb	AnimTask_FreePokeblockGfx
0x0817330C	thumb	SpriteCB_PokeBlock_Throw
0x0817339C	thumb	SpriteCB_PokeBlock_LiftArm
0x081733D4	thumb	SpriteCB_PokeBlock_Arc
0x08173400	thumb	SpriteCB_ThrowPokeBlock_Free
0x0817345C	thumb	AnimTask_SetAttackerTargetLeftPos
0x081734B4	thumb	AnimTask_GetTrappedMoveAnimId
0x0817351C	thumb	AnimTask_GetBattlersFromArg
0x0817354C	thumb	VBlankCB_HallOfFame
0x08173560	thumb	CB2_HallOfFame
0x0817357C	thumb	InitHallOfFameScreen
0x08173694	thumb	CB2_DoHallOfFameScreen
0x081736D8	thumb	CB2_DoHallOfFameScreenDontSaveData
0x0817371C	thumb	Task_Hof_InitMonData
0x081738BC	thumb	Task_Hof_InitTeamSaveData
0x081739C4	thumb	Task_Hof_TrySaveData
0x08173A5C	thumb	Task_Hof_WaitToDisplayMon
0x08173A8C	thumb	Task_Hof_SetMonDisplayTask
0x08173AA8	thumb	Task_Hof_DisplayMon
0x08173BC0	thumb	Task_Hof_PrintMonInfoAfterAnimating
0x08173C34	thumb	Task_Hof_TryDisplayAnotherMon
0x08173D24	thumb	Task_Hof_PaletteFadeAndPrintWelcomeText
0x08173DC0	thumb	Task_Hof_DoConfetti
0x08173EA4	thumb	Task_Hof_WaitToDisplayPlayer
0x08173EE4	thumb	Task_Hof_DisplayPlayer
0x08173F84	thumb	Task_Hof_WaitAndPrintPlayerInfo
0x08174028	thumb	Task_Hof_ExitOnKeyPressed
0x08174060	thumb	Task_Hof_HandlePaletteOnExit
0x081740B0	thumb	Task_Hof_HandleExit
0x08174184	thumb	StartCredits
0x08174194	thumb	CB2_DoHallOfFamePC
0x08174324	thumb	Task_HofPC_CopySaveData
0x081743EC	thumb	Task_HofPC_DrawSpritesPrintText
0x081745FC	thumb	Task_HofPC_PrintMonInfo
0x08174728	thumb	Task_HofPC_HandleInput
0x08174898	thumb	Task_HofPC_HandlePaletteOnExit
0x081748F0	thumb	Task_HofPC_HandleExit
0x081749A0	thumb	Task_HofPC_PrintDataIsCorrupted
0x08174A08	thumb	Task_HofPC_ExitOnButtonPress
0x08174A38	thumb	HallOfFame_PrintWelcomeText
0x08174A88	thumb	HallOfFame_PrintMonInfo
0x08174C98	thumb	HallOfFame_PrintPlayerInfo
0x08174EC4	thumb	ClearVramOamPltt_LoadHofPal
0x08174F70	thumb	LoadHofGfx
0x08174FAC	thumb	InitHofBgs
0x08175024	thumb	LoadHofBgs
0x08175120	thumb	SpriteCB_GetOnScreenAndAnimate
0x081751A4	thumb	SpriteCB_HofConfetti
0x081751FC	thumb	CreateHofConfettiSprite
0x08175280	thumb	DoDomeConfetti
0x081752C0	thumb	StopDomeConfetti
0x081752F4	thumb	UpdateDomeConfetti
0x08175364	thumb	Task_DoDomeConfetti
0x081754C8	thumb	VBlankCB_Credits
0x081754DC	thumb	CB2_Credits
0x08175548	thumb	InitCreditsBgsAndWindows
0x081755A4	thumb	FreeCreditsBgsAndWindows
0x081755BC	thumb	PrintCreditsText
0x08175620	thumb	CB2_StartCreditsSequence
0x08175744	thumb	Task_WaitPaletteFade
0x08175774	thumb	Task_CreditsMain
0x08175808	thumb	Task_ReadyBikeScene
0x08175848	thumb	Task_SetBikeScene
0x081758A4	thumb	Task_ReadyShowMons
0x081758E4	thumb	Task_LoadShowMons
0x08175A9C	thumb	Task_CreditsTheEnd1
0x08175AE4	thumb	Task_CreditsTheEnd2
0x08175B1C	thumb	Task_CreditsTheEnd3
0x08175B90	thumb	Task_CreditsTheEnd4
0x08175BD8	thumb	Task_CreditsTheEnd5
0x08175C34	thumb	Task_CreditsTheEnd6
0x08175CC8	thumb	Task_CreditsSoftReset
0x08175CE4	thumb	ResetGpuAndVram
0x08175DA0	thumb	Task_UpdatePage
0x0817603C	thumb	CheckChangeScene
0x081760FC	thumb	Task_ShowMons
0x0817624C	thumb	Task_BikeScene
0x0817651C	thumb	Task_CycleSceneryPalette
0x0817664C	thumb	SetBikeScene
0x08176AB0	thumb	LoadBikeScene
0x08176CA0	thumb	ResetCreditsTasks
0x08176D1C	thumb	LoadTheEndScreen
0x08176D78	thumb	GetLetterMapTile
0x08176DBC	thumb	DrawLetterMapTiles
0x08176E40	thumb	DrawTheEnd
0x08176EE8	thumb	SpriteCB_Player
0x08176F90	thumb	SpriteCB_Rival
0x08177050	thumb	SpriteCB_CreditsMon
0x08177224	thumb	CreateCreditsMonSprite
0x081772B8	thumb	SpriteCB_CreditsMonBg
0x08177388	thumb	DeterminePokemonToShow
0x08177558	thumb	ResetLotteryCorner
0x08177584	thumb	SetRandomLotteryNumber
0x081775CC	thumb	RetrieveLotteryNumber
0x081775E0	thumb	PickLotteryCornerTicket
0x0817778C	thumb	GetMatchingDigits
0x08177814	thumb	SetLotteryNumber
0x0817783C	thumb	GetLotteryNumber
0x08177864	thumb	SetLotteryNumber16_Unused
0x08177874	thumb	VBlankCB
0x08177888	thumb	CB2_ShowDiploma
0x08177A08	thumb	MainCB2
0x08177A20	thumb	Task_DiplomaFadeIn
0x08177A50	thumb	Task_DiplomaWaitForKeyPress
0x08177A98	thumb	Task_DiplomaFadeOut
0x08177AD4	thumb	DisplayDiplomaText
0x08177B44	thumb	InitDiplomaBg
0x08177B9C	thumb	InitDiplomaWindow
0x08177BCC	thumb	PrintDiplomaText
0x08177C14	thumb	DoBerryTagScreen
0x08177C54	thumb	CB2_BerryTagScreen
0x08177C70	thumb	VblankCB
0x08177C84	thumb	CB2_InitBerryTagScreen
0x08177CB0	thumb	InitBerryTagScreen
0x08177E14	thumb	HandleInitBackgrounds
0x08177E88	thumb	LoadBerryTagGfx
0x08178008	thumb	HandleInitWindows
0x0817804C	thumb	PrintTextInBerryTagScreen
0x08178090	thumb	AddBerryTagTextToBg0
0x081780F4	thumb	PrintAllBerryData
0x08178110	thumb	PrintBerryNumberAndName
0x08178174	thumb	PrintBerrySize
0x08178250	thumb	PrintBerryFirmness
0x081782D0	thumb	PrintBerryDescription1
0x08178304	thumb	PrintBerryDescription2
0x08178338	thumb	CreateBerrySprite
0x0817836C	thumb	DestroyBerrySprite
0x0817839C	thumb	CreateFlavorCircleSprites
0x08178404	thumb	SetFlavorCirclesVisiblity
0x08178594	thumb	DestroyFlavorCircleSprites
0x081785D0	thumb	PrepareToCloseBerryTagScreen
0x08178610	thumb	Task_CloseBerryTagScreen
0x08178654	thumb	Task_HandleInput
0x081786AC	thumb	TryChangeDisplayedBerry
0x08178728	thumb	HandleBagCursorPositionChange
0x081787AC	thumb	Task_DisplayAnotherBerry
0x08178944	thumb	VBlankCB
0x08178958	thumb	CheckLanguageMatch
0x08178974	thumb	CB2_InitMysteryEventMenu
0x08178A40	thumb	GetEventLoadMessage
0x08178A78	thumb	CB2_MysteryEventMenu
0x08178EC4	thumb	PrintMysteryMenuText
0x08178F44	thumb	SaveFailedScreenTextPrint
0x08178F90	thumb	DoSaveFailedScreen
0x08178FC8	thumb	VBlankCB
0x08178FDC	thumb	CB2_SaveFailedScreen
0x08179288	thumb	CB2_WipeSave
0x08179390	thumb	CB2_GameplayCannotBeContinued
0x081793E0	thumb	CB2_FadeAndReturnToTitleScreen
0x08179428	thumb	CB2_ReturnToTitleScreen
0x08179454	thumb	VBlankCB_UpdateClockGraphics
0x08179514	thumb	VerifySectorWipe
0x08179554	thumb	WipeSector
0x081795AC	thumb	WipeSectors
0x081795E8	thumb	ShouldDoBrailleDigEffect
0x0817963C	thumb	DoBrailleDigEffect
0x081796AC	thumb	CheckRelicanthWailord
0x081796FC	thumb	ShouldDoBrailleRegirockEffectOld
0x08179700	thumb	DoSealedChamberShakingEffect_Long
0x0817973C	thumb	DoSealedChamberShakingEffect_Short
0x08179778	thumb	Task_SealedChamberShakingEffect
0x081797DC	thumb	ShouldDoBrailleRegirockEffect
0x08179834	thumb	SetUpPuzzleEffectRegirock
0x08179850	thumb	UseRegirockHm_Callback
0x08179860	thumb	DoBrailleRegirockEffect
0x081798D0	thumb	ShouldDoBrailleRegisteelEffect
0x08179918	thumb	SetUpPuzzleEffectRegisteel
0x08179934	thumb	UseRegisteelHm_Callback
0x08179944	thumb	DoBrailleRegisteelEffect
0x081799B4	thumb	DoBrailleWait
0x081799B8	thumb	FldEff_UsePuzzleEffect
0x08179A04	thumb	ShouldDoBrailleRegicePuzzle
0x08179B68	thumb	CB2_PokeblockFeed
0x08179B84	thumb	VBlankCB_PokeblockFeed
0x08179B98	thumb	LoadPokeblockFeedScene
0x08179D70	thumb	PreparePokeblockFeedScene
0x08179D9C	thumb	HandleInitBackgrounds
0x08179DF4	thumb	LoadMonAndSceneGfx
0x08179FAC	thumb	HandleInitWindows
0x08179FEC	thumb	SetPokeblockSpritePal
0x0817A030	thumb	Task_HandlePokeblockFeed
0x0817A168	thumb	LaunchPokeblockFeedTask
0x0817A194	thumb	Task_WaitForAtePokeblockMessage
0x0817A1C4	thumb	Task_PrintAtePokeblockMessage
0x0817A2C0	thumb	Task_ExitPokeblockFeed
0x0817A320	thumb	Task_FadeOutPokeblockFeed
0x0817A358	thumb	CreateMonSprite
0x0817A434	thumb	StartMonJumpForPokeblock
0x0817A468	thumb	SpriteCB_MonJumpForPokeblock
0x0817A4A4	thumb	CreatePokeblockCaseSpriteForFeeding
0x0817A4F8	thumb	DoPokeblockCaseThrowEffect
0x0817A56C	thumb	CreatePokeblockSprite
0x0817A5A0	thumb	SpriteCB_ThrownPokeblock
0x0817A5CC	thumb	CalculateMonAnimLength
0x0817A634	thumb	UpdateMonAnim
0x0817A91C	thumb	InitMonAnimStage
0x0817A9E4	thumb	DoMonAnimStep
0x0817AA3C	thumb	FreeMonSpriteOamMatrix
0x0817AA54	thumb	CalculateMonAnimMovementEnd
0x0817AB68	thumb	CalculateMonAnimMovement
0x0817ACC8	thumb	CB2_InitClearSaveDataScreen
0x0817ACE4	thumb	Task_DoClearSaveDataScreenYesNo
0x0817AD40	thumb	Task_ClearSaveDataScreenYesNoChoice
0x0817ADC0	thumb	Task_ClearSaveData
0x0817ADE4	thumb	MainCB
0x0817ADF4	thumb	VBlankCB
0x0817AE00	thumb	SetupClearSaveDataScreen
0x0817AFD4	thumb	CB2_FadeAndDoReset
0x0817B02C	thumb	InitClearSaveDataScreenWindows
0x0817B064	thumb	LoadIntroPart2Graphics
0x0817B150	thumb	SetIntroPart2BgCnt
0x0817B1C8	thumb	LoadCreditsSceneGraphics
0x0817B3A8	thumb	SetCreditsSceneBgCnt
0x0817B3DC	thumb	CreateBicycleBgAnimationTask
0x0817B458	thumb	Task_BicycleBgAnimation
0x0817B540	thumb	CycleSceneryPalette
0x0817B62C	thumb	SpriteCB_MovingScenery
0x0817B698	thumb	CreateMovingScenerySprites
0x0817B76C	thumb	CreateCloudSprites
0x0817B788	thumb	CreateTreeSprites
0x0817B7A4	thumb	CreateHouseSprites
0x0817B7C0	thumb	SpriteCB_Player
0x0817B7C4	thumb	SpriteCB_Bicycle
0x0817B834	thumb	CreateIntroBrendanSprite
0x0817B88C	thumb	CreateIntroMaySprite
0x0817B8E4	thumb	SpriteCB_FlygonLeftHalf
0x0817B8E8	thumb	SpriteCB_FlygonRightHalf
0x0817B948	thumb	CreateIntroFlygonSprite_Unused
0x0817B9C4	thumb	CreateIntroFlygonSprite
0x0817BA40	thumb	SpriteCB_Sparkle_Dummy
0x0817BA44	thumb	SetEvoSparklesMatrices
0x0817BA7C	thumb	SpriteCB_Sparkle_SpiralUpward
0x0817BB38	thumb	CreateSparkle_SpiralUpward
0x0817BB94	thumb	SpriteCB_Sparkle_ArcDown
0x0817BC08	thumb	CreateSparkle_ArcDown
0x0817BC70	thumb	SpriteCB_Sparkle_CircleInward
0x0817BCB8	thumb	CreateSparkle_CircleInward
0x0817BD20	thumb	SpriteCB_Sparkle_Spray
0x0817BDF0	thumb	CreateSparkle_Spray
0x0817BE78	thumb	LoadEvoSparkleSpriteAndPal
0x0817BE94	thumb	EvolutionSparkles_SpiralUpward
0x0817BEC4	thumb	Task_Sparkles_SpiralUpward_Init
0x0817BF14	thumb	Task_Sparkles_SpiralUpward
0x0817BF84	thumb	Task_Sparkles_SpiralUpward_End
0x0817BFB4	thumb	EvolutionSparkles_ArcDown
0x0817BFCC	thumb	Task_Sparkles_ArcDown_Init
0x0817C000	thumb	Task_Sparkles_ArcDown
0x0817C058	thumb	Task_Sparkles_ArcDown_End
0x0817C068	thumb	EvolutionSparkles_CircleInward
0x0817C080	thumb	Task_Sparkles_CircleInward_Init
0x0817C0B4	thumb	Task_Sparkles_CircleInward
0x0817C134	thumb	Task_Sparkles_CircleInward_End
0x0817C144	thumb	EvolutionSparkles_SprayAndFlash
0x0817C174	thumb	Task_Sparkles_SprayAndFlash_Init
0x0817C1D4	thumb	Task_Sparkles_SprayAndFlash
0x0817C260	thumb	Task_Sparkles_SprayAndFlash_End
0x0817C280	thumb	EvolutionSparkles_SprayAndFlash_Trade
0x0817C2B0	thumb	Task_Sparkles_SprayAndFlashTrade_Init
0x0817C310	thumb	Task_Sparkles_SprayAndFlashTrade
0x0817C39C	thumb	SpriteCB_EvolutionMonSprite
0x0817C3A0	thumb	CycleEvolutionMonSprite
0x0817C4EC	thumb	Task_CycleEvolutionMonSprite_Init
0x0817C510	thumb	Task_CycleEvolutionMonSprite_TryEnd
0x0817C560	thumb	Task_CycleEvolutionMonSprite_UpdateSize
0x0817C67C	thumb	EndOnPostEvoMon
0x0817C72C	thumb	EndOnPreEvoMon
0x0817C7DC	thumb	GetWordPitch
0x0817C7F4	thumb	GetWordSoundTemplates
0x0817C858	thumb	CalcWordSounds
0x0817C8BC	thumb	SetUpFieldMove_Teleport
0x0817C8FC	thumb	FieldCallback_Teleport
0x0817C91C	thumb	FldEff_UseTeleport
0x0817C94C	thumb	StartTeleportFieldEffect
0x0817C95C	thumb	BattleTv_SetDataBasedOnString
0x0817E0B8	thumb	IsNotSpecialBattleString
0x0817E0FC	thumb	BattleTv_SetDataBasedOnMove
0x0817E32C	thumb	BattleTv_SetDataBasedOnAnimation
0x0817E3F4	thumb	TryPutLinkBattleTvShowOnAir
0x0817E684	thumb	AddMovePoints
0x0817EA80	thumb	AddPointsOnFainting
0x0817EECC	thumb	TrySetBattleSeminarShow
0x0817F21C	thumb	ShouldCalculateDamage
0x0817F2A8	thumb	BattleTv_ClearExplosionFaintCause
0x0817F33C	thumb	GetBattlerMoveSlotId
0x0817F394	thumb	AddPointsBasedOnWeather
0x0817F3EC	thumb	MonAnimDummySpriteCallback
0x0817F3F0	thumb	SetPosForRotation
0x0817F474	thumb	GetSpeciesBackAnimSet
0x0817F498	thumb	Task_HandleMonAnimation
0x0817F544	thumb	LaunchAnimationTaskForFrontSprite
0x0817F578	thumb	StartMonSummaryAnimation
0x0817F594	thumb	LaunchAnimationTaskForBackSprite
0x0817F60C	thumb	SetSpriteCB_MonAnimDummy
0x0817F618	thumb	SetAffineData
0x0817F670	thumb	HandleStartAffineAnim
0x0817F6D4	thumb	HandleSetAffineData
0x0817F70C	thumb	TryFlipX
0x0817F724	thumb	InitAnimData
0x0817F758	thumb	AddNewAnim
0x0817F77C	thumb	ResetSpriteAfterAnim
0x0817F808	thumb	Anim_CircularStretchTwice
0x0817F898	thumb	Anim_HorizontalVibrate
0x0817F8FC	thumb	HorizontalSlide
0x0817F95C	thumb	Anim_HorizontalSlide
0x0817F978	thumb	VerticalSlide
0x0817F9D8	thumb	Anim_VerticalSlide
0x0817F9F4	thumb	VerticalJumps
0x0817FA6C	thumb	Anim_VerticalJumps_Big
0x0817FA88	thumb	Anim_VerticalJumpsHorizontalJumps
0x0817FB64	thumb	Anim_GrowVibrate
0x0817FC20	thumb	Zigzag
0x0817FCC4	thumb	Anim_ZigzagFast
0x0817FCDC	thumb	HorizontalShake
0x0817FD24	thumb	Anim_HorizontalShake
0x0817FD44	thumb	VerticalShake
0x0817FD88	thumb	Anim_VerticalShake
0x0817FDA4	thumb	Anim_CircularVibrate
0x0817FE30	thumb	Twist
0x0817FF00	thumb	Anim_Twist
0x0817FF3C	thumb	Spin
0x0817FFB8	thumb	Anim_Spin_Long
0x0817FFF0	thumb	CircleCounterclockwise
0x08180090	thumb	Anim_CircleCounterclockwise
0x081800D0	thumb	Anim_GlowBlack
0x08180134	thumb	Anim_HorizontalStretch
0x08180210	thumb	Anim_VerticalStretch
0x0818031C	thumb	VerticalShakeTwice
0x081803A0	thumb	Anim_VerticalShakeTwice
0x081803BC	thumb	Anim_TipMoveForward
0x08180474	thumb	Anim_HorizontalPivot
0x081804F8	thumb	VerticalSlideWobble
0x08180594	thumb	Anim_VerticalSlideWobble
0x081805B0	thumb	RisingWobble
0x08180654	thumb	Anim_RisingWobble
0x08180670	thumb	Anim_HorizontalSlideWobble
0x08180714	thumb	VerticalSquishBounce
0x0818080C	thumb	Anim_VerticalSquishBounce
0x08180828	thumb	ShrinkGrow
0x081808D8	thumb	Anim_ShrinkGrow
0x08180900	thumb	BounceRotateToSides
0x08180A50	thumb	Anim_BounceRotateToSides
0x08180A8C	thumb	Anim_GlowOrange
0x08180AF8	thumb	Anim_GlowRed
0x08180B5C	thumb	Anim_GlowBlue
0x08180BC4	thumb	Anim_GlowYellow
0x08180C30	thumb	Anim_GlowPurple
0x08180C9C	thumb	Anim_BackAndLunge
0x08180CB4	thumb	BackAndLunge_0
0x08180CE8	thumb	BackAndLunge_1
0x08180D44	thumb	BackAndLunge_2
0x08180DC0	thumb	BackAndLunge_3
0x08180E28	thumb	BackAndLunge_4
0x08180E5C	thumb	Anim_BackFlip
0x08180E78	thumb	BackFlip_0
0x08180ED0	thumb	BackFlip_1
0x08180F2C	thumb	BackFlip_2
0x08180FA8	thumb	Anim_Flicker
0x0818100C	thumb	Anim_BackFlipBig
0x08181024	thumb	BackFlipBig_0
0x08181068	thumb	BackFlipBig_1
0x081810C4	thumb	BackFlipBig_2
0x081810F8	thumb	Anim_FrontFlip
0x08181110	thumb	FrontFlip_0
0x08181144	thumb	FrontFlip_1
0x081811A4	thumb	FrontFlip_2
0x081811E0	thumb	Anim_TumblingFrontFlip
0x08181214	thumb	TumblingFrontFlip
0x08181354	thumb	Anim_Figure8
0x08181370	thumb	Figure8
0x08181418	thumb	Anim_FlashYellow
0x081814D4	thumb	SwingConcave
0x081815A0	thumb	Anim_SwingConcave_FastShort
0x081815D4	thumb	SwingConvex
0x081816A0	thumb	Anim_SwingConvex_FastShort
0x081816D4	thumb	Anim_RotateUpSlamDown
0x08181708	thumb	RotateUpSlamDown_0
0x08181770	thumb	RotateUpSlamDown_1
0x08181794	thumb	RotateUpSlamDown_2
0x08181810	thumb	DeepVerticalSquishBounce
0x08181960	thumb	Anim_DeepVerticalSquishBounce
0x08181994	thumb	Anim_HorizontalJumps
0x08181A78	thumb	Anim_HorizontalJumpsVerticalStretch
0x08181ABC	thumb	HorizontalJumpsVerticalStretch_0
0x08181B4C	thumb	HorizontalJumpsVerticalStretch_1
0x08181C2C	thumb	HorizontalJumpsVerticalStretch_2
0x08181CE8	thumb	RotateToSides
0x08181DB0	thumb	Anim_RotateToSides_Fast
0x08181DE4	thumb	Anim_RotateUpToSides
0x08181E90	thumb	Anim_FlickerIncreasing
0x08181EF8	thumb	Anim_TipHopForward
0x08181F14	thumb	TipHopForward_0
0x08181F50	thumb	TipHopForward_1
0x08181FC0	thumb	TipHopForward_2
0x0818201C	thumb	Anim_PivotShake
0x081820E0	thumb	Anim_TipAndShake
0x081820FC	thumb	TipAndShake_0
0x0818216C	thumb	TipAndShake_1
0x081821CC	thumb	TipAndShake_2
0x08182248	thumb	TipAndShake_3
0x081822B0	thumb	Anim_VibrateToCorners
0x08182370	thumb	Anim_GrowInStages
0x081824A0	thumb	Anim_VerticalSpring
0x08182548	thumb	Anim_VerticalRepeatedSpring
0x081825DC	thumb	Anim_SpringRising
0x081825F8	thumb	SpringRising_0
0x08182648	thumb	SpringRising_1
0x081826F8	thumb	SpringRising_2
0x08182764	thumb	HorizontalSpring
0x081827FC	thumb	Anim_HorizontalSpring
0x08182830	thumb	HorizontalRepeatedSpring
0x081828C8	thumb	Anim_HorizontalRepeatedSpring_Slow
0x081828FC	thumb	Anim_HorizontalSlideShrink
0x081829AC	thumb	Anim_LungeGrow
0x08182A6C	thumb	Anim_CircleIntoBackground
0x08182B24	thumb	Anim_RapidHorizontalHops
0x08182C18	thumb	Anim_FourPetal
0x08182D24	thumb	Anim_VerticalSquishBounce_Slow
0x08182D40	thumb	Anim_HorizontalSlide_Slow
0x08182D5C	thumb	Anim_VerticalSlide_Slow
0x08182D78	thumb	Anim_BounceRotateToSides_Small
0x08182DB4	thumb	Anim_BounceRotateToSides_Slow
0x08182DC4	thumb	Anim_BounceRotateToSides_SmallSlow
0x08182DD4	thumb	Anim_ZigzagSlow
0x08182E00	thumb	Anim_HorizontalShake_Slow
0x08182E20	thumb	Anim_VertialShake_Slow
0x08182E3C	thumb	Anim_Twist_Twice
0x08182E7C	thumb	Anim_CircleCounterclockwise_Slow
0x08182EBC	thumb	Anim_VerticalShakeTwice_Slow
0x08182ED8	thumb	Anim_VerticalSlideWobble_Small
0x08182EF4	thumb	Anim_VerticalJumps_Small
0x08182F10	thumb	Anim_Spin
0x08182F48	thumb	Anim_TumblingFrontFlip_Twice
0x08182F80	thumb	Anim_DeepVerticalSquishBounce_Twice
0x08182FB8	thumb	Anim_HorizontalJumpsVerticalStretch_Twice
0x08182FFC	thumb	Anim_RotateToSides
0x08183030	thumb	Anim_RotateToSides_Twice
0x08183068	thumb	Anim_SwingConcave
0x0818309C	thumb	Anim_SwingConcave_Fast
0x081830D4	thumb	Anim_SwingConvex
0x08183108	thumb	Anim_SwingConvex_Fast
0x08183140	thumb	VerticalShakeBack
0x08183194	thumb	Anim_VerticalShakeBack
0x081831B4	thumb	Anim_VerticalShakeBack_Slow
0x081831D4	thumb	Anim_VerticalShakeHorizontalSlide_Slow
0x081832C8	thumb	VerticalStretchBothEnds
0x081833E8	thumb	Anim_VerticalStretchBothEnds_Slow
0x08183418	thumb	HorizontalStretchFar
0x08183544	thumb	Anim_HorizontalStretchFar_Slow
0x08183574	thumb	VerticalShakeLowTwice
0x08183618	thumb	Anim_VerticalShakeLowTwice
0x08183638	thumb	Anim_HorizontalShake_Fast
0x08183658	thumb	Anim_HorizontalSlide_Fast
0x08183674	thumb	Anim_HorizontalVibrate_Fast
0x081836D8	thumb	Anim_HorizontalVibrate_Fastest
0x0818373C	thumb	Anim_VerticalShakeBack_Fast
0x0818375C	thumb	Anim_VerticalShakeLowTwice_Slow
0x0818377C	thumb	Anim_VerticalShakeLowTwice_Fast
0x0818379C	thumb	Anim_CircleCounterclockwise_Long
0x081837DC	thumb	GrowStutter
0x0818393C	thumb	Anim_GrowStutter_Slow
0x0818396C	thumb	Anim_VerticalShakeHorizontalSlide
0x08183A60	thumb	Anim_VerticalShakeHorizontalSlide_Fast
0x08183B4C	thumb	TriangleDown
0x08183C0C	thumb	Anim_TriangleDown_Slow
0x08183C2C	thumb	Anim_TriangleDown
0x08183C4C	thumb	Anim_TriangleDown_Fast
0x08183C6C	thumb	Grow
0x08183CF0	thumb	Anim_Grow
0x08183D28	thumb	Anim_Grow_Twice
0x08183D60	thumb	Anim_HorizontalSpring_Fast
0x08183D94	thumb	Anim_HorizontalSpring_Slow
0x08183DC8	thumb	Anim_HorizontalRepeatedSpring_Fast
0x08183DFC	thumb	Anim_HorizontalRepeatedSpring
0x08183E30	thumb	Anim_ShrinkGrow_Fast
0x08183E58	thumb	Anim_ShrinkGrow_Slow
0x08183E80	thumb	Anim_VerticalStretchBothEnds
0x08183EB0	thumb	Anim_VerticalStretchBothEnds_Twice
0x08183EE0	thumb	Anim_HorizontalStretchFar_Twice
0x08183F14	thumb	Anim_HorizontalStretchFar
0x08183F44	thumb	Anim_GrowStutter_Twice
0x08183F78	thumb	Anim_GrowStutter
0x08183FA8	thumb	ConcaveArc
0x08184048	thumb	Anim_ConcaveArcLarge_Slow
0x08184070	thumb	Anim_ConcaveArcLarge
0x08184098	thumb	Anim_ConcaveArcLarge_Twice
0x081840C4	thumb	ConvexDoubleArc
0x08184190	thumb	Anim_ConvexDoubleArc_Slow
0x081841BC	thumb	Anim_ConvexDoubleArc
0x081841E8	thumb	Anim_ConvexDoubleArc_Twice
0x08184214	thumb	Anim_ConcaveArcSmall_Slow
0x0818423C	thumb	Anim_ConcaveArcSmall
0x08184264	thumb	Anim_ConcaveArcSmall_Twice
0x08184290	thumb	SetHorizontalDip
0x081842DC	thumb	Anim_HorizontalDip
0x08184360	thumb	Anim_HorizontalDip_Fast
0x081843E4	thumb	Anim_HorizontalDip_Twice
0x08184468	thumb	ShrinkGrowVibrate
0x08184550	thumb	Anim_ShrinkGrowVibrate_Fast
0x0818457C	thumb	Anim_ShrinkGrowVibrate
0x081845A8	thumb	Anim_ShrinkGrowVibrate_Slow
0x081845D4	thumb	JoltRight
0x08184610	thumb	JoltRight_0
0x08184640	thumb	JoltRight_1
0x08184678	thumb	JoltRight_2
0x081846B8	thumb	JoltRight_3
0x081846EC	thumb	Anim_JoltRight_Fast
0x08184718	thumb	Anim_JoltRight
0x08184744	thumb	Anim_JoltRight_Slow
0x08184770	thumb	SetShakeFlashYellowPos
0x08184798	thumb	ShakeFlashYellow
0x08184834	thumb	Anim_ShakeFlashYellow_Fast
0x0818486C	thumb	Anim_ShakeFlashYellow
0x081848A4	thumb	Anim_ShakeFlashYellow_Slow
0x081848E0	thumb	ShakeGlow_Blend
0x08184934	thumb	ShakeGlow_Move
0x081849D4	thumb	Anim_ShakeGlowRed_Fast
0x08184A3C	thumb	Anim_ShakeGlowRed
0x08184AA4	thumb	Anim_ShakeGlowRed_Slow
0x08184B0C	thumb	Anim_ShakeGlowGreen_Fast
0x08184B78	thumb	Anim_ShakeGlowGreen
0x08184BE0	thumb	Anim_ShakeGlowGreen_Slow
0x08184C48	thumb	Anim_ShakeGlowBlue_Fast
0x08184CB0	thumb	Anim_ShakeGlowBlue
0x08184D1C	thumb	Anim_ShakeGlowBlue_Slow
0x08184D88	thumb	WaitAnimEnd
0x08184DA4	thumb	RecordedBattle_Init
0x08184E58	thumb	RecordedBattle_SetTrainerInfo
0x08184FBC	thumb	RecordedBattle_SetBattlerAction
0x08185008	thumb	RecordedBattle_ClearBattlerAction
0x08185054	thumb	RecordedBattle_GetBattlerAction
0x081850D0	thumb	GetRecordedBattleMode
0x081850DC	thumb	RecordedBattle_BufferNewBattlerData
0x081851A8	thumb	RecordedBattle_RecordAllBattlerData
0x08185278	thumb	GetNextRecordedDataByte
0x08185290	thumb	CanCopyRecordedBattleSaveData
0x081852B0	thumb	IsRecordedBattleSaveValid
0x081852F0	thumb	RecordedBattleToSave
0x08185338	thumb	MoveRecordedBattleToSaveData
0x08185A54	thumb	TryCopyRecordedBattleSaveData
0x08185A88	thumb	CopyRecordedBattleFromSave
0x08185AB0	thumb	CB2_RecordedBattleEnd
0x08185B1C	thumb	Task_StartAfterCountdown
0x08185B60	thumb	SetVariablesForRecordedBattle
0x08185E24	thumb	PlayRecordedBattle
0x08185E8C	thumb	CB2_RecordedBattle
0x08185EA0	thumb	GetRecordedBattleFrontierFacility
0x08185EAC	thumb	GetRecordedBattleFronterBrainSymbol
0x08185EB8	thumb	RecordedBattle_SaveParties
0x08185EFC	thumb	RecordedBattle_RestoreSavedParties
0x08185F40	thumb	GetActiveBattlerLinkPlayerGender
0x08185F84	thumb	RecordedBattle_ClearFrontierPassFlag
0x08185F90	thumb	RecordedBattle_SetFrontierPassFlagFromHword
0x08185FAC	thumb	RecordedBattle_GetFrontierPassFlag
0x08185FB8	thumb	GetBattleSceneInRecordedBattle
0x08185FC4	thumb	GetTextSpeedInRecordedBattle
0x08185FD0	thumb	RecordedBattle_CopyBattlerMoves
0x0818603C	thumb	RecordedBattle_CheckMovesetChanges
0x08186438	thumb	GetAiScriptsInRecordedBattle
0x08186444	thumb	RecordedBattle_SetPlaybackFinished
0x08186450	thumb	RecordedBattle_CanStopPlayback
0x08186468	thumb	GetRecordedBattleRecordMixFriendName
0x0818649C	thumb	GetRecordedBattleRecordMixFriendClass
0x081864A8	thumb	GetRecordedBattleApprenticeId
0x081864B4	thumb	GetRecordedBattleRecordMixFriendLanguage
0x081864C0	thumb	GetRecordedBattleApprenticeLanguage
0x081864CC	thumb	RecordedBattle_SaveBattleOutcome
0x081864E0	thumb	GetRecordedBattleEasyChatSpeech
0x081864E8	thumb	RecordedOpponentDummy
0x081864EC	thumb	SetControllerToRecordedOpponent
0x08186508	thumb	RecordedOpponentBufferRunCommand
0x08186558	thumb	CompleteOnBattlerSpriteCallbackDummy
0x08186590	thumb	CompleteOnBankSpriteCallbackDummy2
0x081865C8	thumb	FreeTrainerSpriteAfterSlide
0x08186630	thumb	Intro_DelayAndEnd
0x08186678	thumb	Intro_WaitForShinyAnimAndHealthbox
0x0818686C	thumb	Intro_TryShinyAnimShowHealthbox
0x08186C48	thumb	TryShinyAnimAfterMonAnim
0x08186D04	thumb	CompleteOnHealthbarDone
0x08186D58	thumb	HideHealthboxAfterMonFaint
0x08186D9C	thumb	FreeMonSpriteAfterSwitchOutAnim
0x08186E10	thumb	CompleteOnInactiveTextPrinter
0x08186E28	thumb	DoHitAnimBlinkSpriteEffect
0x08186EA4	thumb	SwitchIn_ShowSubstitute
0x08186F14	thumb	SwitchIn_HandleSoundAndEnd
0x08186F94	thumb	SwitchIn_ShowHealthbox
0x08187084	thumb	SwitchIn_TryShinyAnim
0x0818714C	thumb	CompleteOnFinishedStatusAnimation
0x0818717C	thumb	CompleteOnFinishedBattleAnimation
0x081871AC	thumb	RecordedOpponentBufferExecCompleted
0x08187224	thumb	RecordedOpponentHandleGetMonData
0x08187298	thumb	CopyRecordedOpponentMonData
0x08187A44	thumb	RecordedOpponentHandleGetRawMonData
0x08187A50	thumb	RecordedOpponentHandleSetMonData
0x08187AA8	thumb	SetRecordedOpponentMonData
0x081883C8	thumb	RecordedOpponentHandleSetRawMonData
0x0818843C	thumb	RecordedOpponentHandleLoadMonSprite
0x0818858C	thumb	RecordedOpponentHandleSwitchInAnim
0x081885D8	thumb	StartSendOutAnim
0x08188768	thumb	RecordedOpponentHandleReturnMonToBall
0x08188800	thumb	DoSwitchOutAnimation
0x0818888C	thumb	RecordedOpponentHandleDrawTrainerPic
0x08188A40	thumb	RecordedOpponentHandleTrainerSlide
0x08188A4C	thumb	RecordedOpponentHandleTrainerSlideBack
0x08188AF8	thumb	RecordedOpponentHandleFaintAnimation
0x08188BA4	thumb	RecordedOpponentHandlePaletteFade
0x08188BB0	thumb	RecordedOpponentHandleSuccessBallThrowAnim
0x08188BBC	thumb	RecordedOpponentHandleBallThrowAnim
0x08188BC8	thumb	RecordedOpponentHandlePause
0x08188BD4	thumb	RecordedOpponentHandleMoveAnimation
0x08188D0C	thumb	RecordedOpponentDoMoveAnimation
0x08188E90	thumb	RecordedOpponentHandlePrintString
0x08188EE4	thumb	RecordedOpponentHandlePrintSelectionString
0x08188EF0	thumb	RecordedOpponentHandleChooseAction
0x08188F14	thumb	RecordedOpponentHandleYesNoBox
0x08188F20	thumb	RecordedOpponentHandleChooseMove
0x08188F7C	thumb	RecordedOpponentHandleChooseItem
0x08188F88	thumb	RecordedOpponentHandleChoosePokemon
0x08188FC4	thumb	RecordedOpponentHandleCmd23
0x08188FD0	thumb	RecordedOpponentHandleHealthBarUpdate
0x081890C0	thumb	RecordedOpponentHandleExpUpdate
0x081890CC	thumb	RecordedOpponentHandleStatusIconUpdate
0x08189144	thumb	RecordedOpponentHandleStatusAnimation
0x081891AC	thumb	RecordedOpponentHandleStatusXor
0x081891B8	thumb	RecordedOpponentHandleDataTransfer
0x081891C4	thumb	RecordedOpponentHandleDMA3Transfer
0x081891D0	thumb	RecordedOpponentHandlePlayBGM
0x081891DC	thumb	RecordedOpponentHandleCmd32
0x081891E8	thumb	RecordedOpponentHandleTwoReturnValues
0x081891F4	thumb	RecordedOpponentHandleChosenMonReturnValue
0x08189200	thumb	RecordedOpponentHandleOneReturnValue
0x0818920C	thumb	RecordedOpponentHandleOneReturnValue_Duplicate
0x08189218	thumb	RecordedOpponentHandleClearUnkVar
0x08189234	thumb	RecordedOpponentHandleSetUnkVar
0x0818926C	thumb	RecordedOpponentHandleClearUnkFlag
0x08189284	thumb	RecordedOpponentHandleToggleUnkFlag
0x081892AC	thumb	RecordedOpponentHandleHitAnimation
0x0818931C	thumb	RecordedOpponentHandleCantSwitch
0x08189328	thumb	RecordedOpponentHandlePlaySE
0x0818936C	thumb	RecordedOpponentHandlePlayFanfareOrBGM
0x081893C8	thumb	RecordedOpponentHandleFaintingCry
0x08189404	thumb	RecordedOpponentHandleIntroSlide
0x08189438	thumb	RecordedOpponentHandleIntroTrainerBallThrow
0x08189548	thumb	Task_StartSendOutAnim
0x0818962C	thumb	SpriteCB_FreeOpponentSprite
0x08189648	thumb	RecordedOpponentHandleDrawPartyStatusSummary
0x0818975C	thumb	EndDrawPartyStatusSummary
0x081897A4	thumb	RecordedOpponentHandleHidePartyStatusSummary
0x081897F4	thumb	RecordedOpponentHandleEndBounceEffect
0x08189800	thumb	RecordedOpponentHandleSpriteInvisibility
0x08189860	thumb	RecordedOpponentHandleBattleAnimation
0x081898C8	thumb	RecordedOpponentHandleLinkStandbyMsg
0x081898D4	thumb	RecordedOpponentHandleResetActionMoveSelection
0x081898E0	thumb	RecordedOpponentHandleEndLinkBattle
0x08189944	thumb	RecordedOpponentCmdEnd
0x08189948	thumb	RecordedPlayerDummy
0x0818994C	thumb	SetControllerToRecordedPlayer
0x08189968	thumb	RecordedPlayerBufferRunCommand
0x081899B8	thumb	CompleteOnBattlerSpriteCallbackDummy
0x081899F0	thumb	FreeTrainerSpriteAfterSlide
0x08189A58	thumb	Intro_DelayAndEnd
0x08189AA0	thumb	Intro_WaitForShinyAnimAndHealthbox
0x08189D40	thumb	Intro_TryShinyAnimShowHealthbox
0x0818A064	thumb	WaitForMonAnimAfterLoad
0x0818A0A4	thumb	CompleteOnHealthbarDone
0x0818A114	thumb	FreeMonSpriteAfterFaintAnim
0x0818A1B0	thumb	FreeMonSpriteAfterSwitchOutAnim
0x0818A220	thumb	CompleteOnInactiveTextPrinter
0x0818A238	thumb	DoHitAnimBlinkSpriteEffect
0x0818A2B4	thumb	SwitchIn_ShowSubstitute
0x0818A328	thumb	SwitchIn_WaitAndEnd
0x0818A37C	thumb	SwitchIn_ShowHealthbox
0x0818A470	thumb	SwitchIn_TryShinyAnim
0x0818A514	thumb	RecordedPlayerBufferExecCompleted
0x0818A58C	thumb	CompleteOnFinishedStatusAnimation
0x0818A5BC	thumb	CompleteOnFinishedBattleAnimation
0x0818A5EC	thumb	RecordedPlayerHandleGetMonData
0x0818A660	thumb	CopyRecordedPlayerMonData
0x0818AE0C	thumb	RecordedPlayerHandleGetRawMonData
0x0818AE18	thumb	RecordedPlayerHandleSetMonData
0x0818AE70	thumb	SetRecordedPlayerMonData
0x0818B86C	thumb	RecordedPlayerHandleSetRawMonData
0x0818B8E0	thumb	RecordedPlayerHandleLoadMonSprite
0x0818B9FC	thumb	RecordedPlayerHandleSwitchInAnim
0x0818BA6C	thumb	StartSendOutAnim
0x0818BBE8	thumb	RecordedPlayerHandleReturnMonToBall
0x0818BC78	thumb	DoSwitchOutAnimation
0x0818BD04	thumb	RecordedPlayerHandleDrawTrainerPic
0x0818BFAC	thumb	RecordedPlayerHandleTrainerSlide
0x0818BFB8	thumb	RecordedPlayerHandleTrainerSlideBack
0x0818C064	thumb	RecordedPlayerHandleFaintAnimation
0x0818C150	thumb	RecordedPlayerHandlePaletteFade
0x0818C15C	thumb	RecordedPlayerHandleSuccessBallThrowAnim
0x0818C168	thumb	RecordedPlayerHandleBallThrowAnim
0x0818C174	thumb	RecordedPlayerHandlePause
0x0818C180	thumb	RecordedPlayerHandleMoveAnimation
0x0818C2B8	thumb	RecordedPlayerDoMoveAnimation
0x0818C43C	thumb	RecordedPlayerHandlePrintString
0x0818C490	thumb	RecordedPlayerHandlePrintSelectionString
0x0818C49C	thumb	ChooseActionInBattlePalace
0x0818C4D8	thumb	RecordedPlayerHandleChooseAction
0x0818C52C	thumb	RecordedPlayerHandleYesNoBox
0x0818C538	thumb	RecordedPlayerHandleChooseMove
0x0818C594	thumb	RecordedPlayerHandleChooseItem
0x0818C5A0	thumb	RecordedPlayerHandleChoosePokemon
0x0818C5DC	thumb	RecordedPlayerHandleCmd23
0x0818C5E8	thumb	RecordedPlayerHandleHealthBarUpdate
0x0818C6E8	thumb	RecordedPlayerHandleExpUpdate
0x0818C6F4	thumb	RecordedPlayerHandleStatusIconUpdate
0x0818C76C	thumb	RecordedPlayerHandleStatusAnimation
0x0818C7D4	thumb	RecordedPlayerHandleStatusXor
0x0818C7E0	thumb	RecordedPlayerHandleDataTransfer
0x0818C7EC	thumb	RecordedPlayerHandleDMA3Transfer
0x0818C7F8	thumb	RecordedPlayerHandlePlayBGM
0x0818C804	thumb	RecordedPlayerHandleCmd32
0x0818C810	thumb	RecordedPlayerHandleTwoReturnValues
0x0818C81C	thumb	RecordedPlayerHandleChosenMonReturnValue
0x0818C828	thumb	RecordedPlayerHandleOneReturnValue
0x0818C834	thumb	RecordedPlayerHandleOneReturnValue_Duplicate
0x0818C840	thumb	RecordedPlayerHandleClearUnkVar
0x0818C85C	thumb	RecordedPlayerHandleSetUnkVar
0x0818C894	thumb	RecordedPlayerHandleClearUnkFlag
0x0818C8AC	thumb	RecordedPlayerHandleToggleUnkFlag
0x0818C8D4	thumb	RecordedPlayerHandleHitAnimation
0x0818C944	thumb	RecordedPlayerHandleCantSwitch
0x0818C950	thumb	RecordedPlayerHandlePlaySE
0x0818C994	thumb	RecordedPlayerHandlePlayFanfareOrBGM
0x0818C9F0	thumb	RecordedPlayerHandleFaintingCry
0x0818CA30	thumb	RecordedPlayerHandleIntroSlide
0x0818CA64	thumb	RecordedPlayerHandleIntroTrainerBallThrow
0x0818CC24	thumb	Task_StartSendOutAnim
0x0818CD30	thumb	RecordedPlayerHandleDrawPartyStatusSummary
0x0818CDF4	thumb	EndDrawPartyStatusSummary
0x0818CE3C	thumb	RecordedPlayerHandleHidePartyStatusSummary
0x0818CE8C	thumb	RecordedPlayerHandleEndBounceEffect
0x0818CE98	thumb	RecordedPlayerHandleSpriteInvisibility
0x0818CEF8	thumb	RecordedPlayerHandleBattleAnimation
0x0818CF60	thumb	RecordedPlayerHandleLinkStandbyMsg
0x0818CF6C	thumb	RecordedPlayerHandleResetActionMoveSelection
0x0818CF78	thumb	RecordedPlayerHandleEndLinkBattle
0x0818CFC4	thumb	RecordedPlayerCmdEnd
0x0818CFC8	thumb	DummyPicSpriteCallback
0x0818CFCC	thumb	ResetAllPicSprites
0x0818CFF4	thumb	DecompressPic
0x0818D09C	thumb	DecompressPic_HandleDeoxys
0x0818D0C4	thumb	LoadPicPaletteByTagOrSlot
0x0818D180	thumb	LoadPicPaletteBySlot
0x0818D1C0	thumb	AssignSpriteAnimsTable
0x0818D1EC	thumb	CreatePicSprite
0x0818D384	thumb	CreatePicSprite_HandleDeoxys
0x0818D3E4	thumb	CreateMonPicSprite_Affine
0x0818D5B0	thumb	FreeAndDestroyPicSpriteInternal
0x0818D65C	thumb	LoadPicSpriteInWindow
0x0818D6CC	thumb	CreateTrainerCardSprite
0x0818D778	thumb	CreateMonPicSprite
0x0818D7D8	thumb	CreateMonPicSprite_HandleDeoxys
0x0818D820	thumb	FreeAndDestroyMonPicSprite
0x0818D834	thumb	LoadMonPicInWindow
0x0818D864	thumb	CreateTrainerCardMonIconSprite
0x0818D8AC	thumb	CreateTrainerPicSprite
0x0818D8F0	thumb	FreeAndDestroyTrainerPicSprite
0x0818D904	thumb	LoadTrainerPicInWindow
0x0818D938	thumb	CreateTrainerCardTrainerPicSprite
0x0818D97C	thumb	PlayerGenderToFrontTrainerPicId_Debug
0x0818D9AC	thumb	GetLilycoveLadyId
0x0818D9C0	thumb	SetLilycoveLadyGfx
0x0818DA30	thumb	InitLilycoveLady
0x0818DA78	thumb	ResetLilycoveLadyForRecordMix
0x0818DAAC	thumb	InitLilycoveLadyRandomly
0x0818DAEC	thumb	Script_GetLilycoveLadyId
0x0818DB04	thumb	GetNumAcceptedItems
0x0818DB20	thumb	FavorLadyPickFavorAndBestItem
0x0818DB7C	thumb	InitLilycoveFavorLady
0x0818DBC4	thumb	ResetFavorLadyForRecordMix
0x0818DBE8	thumb	GetFavorLadyState
0x0818DC1C	thumb	GetFavorLadyRequest
0x0818DC2C	thumb	BufferFavorLadyRequest
0x0818DC60	thumb	HasAnotherPlayerGivenFavorLadyItem
0x0818DCAC	thumb	BufferItemName
0x0818DCC8	thumb	BufferFavorLadyItemName
0x0818DCF4	thumb	SetFavorLadyPlayerName
0x0818DD14	thumb	BufferFavorLadyPlayerName
0x0818DD54	thumb	DidFavorLadyLikeItem
0x0818DD78	thumb	Script_FavorLadyOpenBagMenu
0x0818DD84	thumb	DoesFavorLadyLikeItem
0x0818DE44	thumb	Script_DoesFavorLadyLikeItem
0x0818DE5C	thumb	IsFavorLadyThresholdMet
0x0818DE88	thumb	FavorLadyBufferPrizeName
0x0818DEA0	thumb	FavorLadyGetPrize
0x0818DEDC	thumb	SetFavorLadyState_Complete
0x0818DEF4	thumb	FieldCallback_FavorLadyEnableScriptContexts
0x0818DF00	thumb	QuizLadyPickQuestion
0x0818DF68	thumb	InitLilycoveQuizLady
0x0818E004	thumb	ResetQuizLadyForRecordMix
0x0818E038	thumb	GetQuizLadyState
0x0818E06C	thumb	GetQuizAuthor
0x0818E13C	thumb	BufferQuizAuthorName
0x0818E1F4	thumb	IsQuizTrainerIdNotPlayer
0x0818E258	thumb	GetPlayerNameLength
0x0818E274	thumb	BufferQuizPrizeName
0x0818E298	thumb	BufferQuizAuthorNameAndCheckIfLady
0x0818E2D8	thumb	IsQuizLadyWaitingForChallenger
0x0818E2FC	thumb	QuizLadyGetPlayerAnswer
0x0818E308	thumb	IsQuizAnswerCorrect
0x0818E358	thumb	BufferQuizPrizeItem
0x0818E37C	thumb	SetQuizLadyState_Complete
0x0818E39C	thumb	SetQuizLadyState_GivePrize
0x0818E3BC	thumb	ClearQuizLadyPlayerAnswer
0x0818E3E0	thumb	Script_QuizLadyOpenBagMenu
0x0818E3EC	thumb	QuizLadyPickNewQuestion
0x0818E430	thumb	ClearQuizLadyQuestionAndAnswer
0x0818E47C	thumb	QuizLadySetCustomQuestion
0x0818E490	thumb	QuizLadyTakePrizeForCustomQuiz
0x0818E4A4	thumb	QuizLadyRecordCustomQuizData
0x0818E510	thumb	QuizLadySetWaitingForChallenger
0x0818E538	thumb	BufferQuizCorrectAnswer
0x0818E564	thumb	FieldCallback_QuizLadyEnableScriptContexts
0x0818E570	thumb	QuizLadyClearQuestionForRecordMix
0x0818E604	thumb	ResetContestLadyContestData
0x0818E638	thumb	InitLilycoveContestLady
0x0818E674	thumb	ResetContestLadyForRecordMix
0x0818E6B0	thumb	ContestLadySavePlayerNameIfHighSheen
0x0818E704	thumb	GivePokeblockToContestLady
0x0818E794	thumb	BufferContestLadyCategoryAndMonName
0x0818E7E0	thumb	BufferContestLadyMonName
0x0818E81C	thumb	BufferContestLadyPlayerName
0x0818E848	thumb	BufferContestLadyLanguage
0x0818E868	thumb	BufferContestName
0x0818E880	thumb	GetContestLadyPokeblockState
0x0818E8B4	thumb	HasPlayerGivenContestLadyPokeblock
0x0818E8E0	thumb	ShouldContestLadyShowGoOnAir
0x0818E914	thumb	Script_BufferContestLadyCategoryAndMonName
0x0818E92C	thumb	OpenPokeblockCaseForContestLady
0x0818E940	thumb	SetContestLadyGivenPokeblock
0x0818E960	thumb	GetContestLadyMonSpecies
0x0818E990	thumb	GetContestLadyCategory
0x0818E9AC	thumb	CallBattleDomeFunction
0x0818E9CC	thumb	InitDomeChallenge
0x0818EA84	thumb	GetDomeData
0x0818ED28	thumb	SetDomeData
0x0818F02C	thumb	InitDomeTrainers
0x0818F720	thumb	CalcDomeMonStats
0x0818F904	thumb	SwapDomeTrainers
0x0818F9B0	thumb	BufferDomeRoundText
0x0818F9E0	thumb	BufferDomeOpponentName
0x0818FA20	thumb	InitDomeOpponentParty
0x0818FA74	thumb	CreateDomeOpponentMon
0x0818FBDC	thumb	CreateDomeOpponentMons
0x0818FC78	thumb	GetDomeTrainerSelectedMons
0x0818FCBC	thumb	SelectOpponentMons_Good
0x0818FDB8	thumb	SelectOpponentMons_Bad
0x0818FEB4	thumb	SelectOpponentMonsFromParty
0x0818FFC0	thumb	GetTypeEffectivenessPoints
0x08190168	thumb	GetDomeTrainerMonIvs
0x081901A0	thumb	TournamentIdOfOpponent
0x08190298	thumb	SetDomeOpponentId
0x081902AC	thumb	TrainerIdOfPlayerOpponent
0x081902E4	thumb	SetDomeOpponentGraphicsId
0x081902F8	thumb	SaveDomeChallenge
0x0819033C	thumb	IncrementDomeStreaks
0x081903B8	thumb	ShowDomeOpponentInfo
0x08190400	thumb	Task_ShowTourneyInfoCard
0x08190790	thumb	SpriteCB_TrainerIconCardScrollUp
0x081907F8	thumb	SpriteCB_TrainerIconCardScrollDown
0x08190860	thumb	SpriteCB_TrainerIconCardScrollLeft
0x081908CC	thumb	SpriteCB_TrainerIconCardScrollRight
0x08190938	thumb	SpriteCB_MonIconDomeInfo
0x08190950	thumb	SpriteCB_MonIconCardScrollUp
0x081909CC	thumb	SpriteCB_MonIconCardScrollDown
0x08190A48	thumb	SpriteCB_MonIconCardScrollLeft
0x08190AC4	thumb	SpriteCB_MonIconCardScrollRight
0x08190B40	thumb	SpriteCB_HorizontalScrollArrow
0x08190C6C	thumb	SpriteCB_VerticalScrollArrow
0x08190CD4	thumb	Task_HandleInfoCardInput
0x0819221C	thumb	Task_GetInfoCardInput
0x081924E0	thumb	DisplayTrainerInfoOnCard
0x08192F08	thumb	BufferDomeWinString
0x0819314C	thumb	DisplayMatchInfoOnCard
0x081938A4	thumb	ShowDomeTourneyTree
0x081938E0	thumb	ShowPreviousDomeTourneyTree
0x0819395C	thumb	Task_HandleTourneyTreeInput
0x08193BDC	thumb	UpdateTourneyTreeCursor
0x08193D40	thumb	ShowNonInteractiveDomeTourneyTree
0x08193D7C	thumb	ResolveDomeRoundWinners
0x08193ED0	thumb	GetWinningMove
0x08194220	thumb	Task_ShowTourneyTree
0x081948EC	thumb	DrawTourneyAdvancementLine
0x08194950	thumb	Task_HandleStaticTourneyTreeInput
0x08194B54	thumb	CB2_TourneyTree
0x08194B70	thumb	VblankCb_TourneyInfoCard
0x08194BEC	thumb	HblankCb_TourneyTree
0x08194CE4	thumb	VblankCb_TourneyTree
0x08194D48	thumb	SetFacilityTrainerAndMonPtrs
0x08194D68	thumb	ResetSketchedMoves
0x08194E44	thumb	RestoreDomePlayerPartyHeldItems
0x08194EB4	thumb	ReduceDomePlayerPartyToSelectedMons
0x08194EC0	thumb	GetPlayerSeededBeforeOpponent
0x08194EF8	thumb	BufferLastDomeWinnerName
0x08194F58	thumb	InitRandomTourneyTreeResults
0x08195358	thumb	TrainerIdToTournamentId
0x081953A0	thumb	TrainerIdToDomeTournamentId
0x081953E8	thumb	GetOpposingNPCTournamentIdByRound
0x08195438	thumb	DecideRoundWinners
0x08195898	thumb	CopyDomeTrainerName
0x08195910	thumb	GetDomeBrainTrainerPicId
0x08195924	thumb	GetDomeBrainTrainerClass
0x08195938	thumb	CopyDomeBrainTrainerName
0x08195960	thumb	CallBattlePalaceFunction
0x08195980	thumb	InitPalaceChallenge
0x08195A38	thumb	GetPalaceData
0x08195AE4	thumb	SetPalaceData
0x08195BB0	thumb	GetPalaceCommentId
0x08195C20	thumb	SetPalaceOpponent
0x08195C50	thumb	BufferOpponentIntroSpeech
0x08195C7C	thumb	IncrementPalaceStreak
0x08195CE4	thumb	SavePalaceChallenge
0x08195D28	thumb	SetRandomPalacePrize
0x08195DB8	thumb	GivePalacePrize
0x08195E10	thumb	InitMatchCallCounters
0x08195E34	thumb	GetCurrentTotalMinutes
0x08195E58	thumb	UpdateMatchCallMinutesCounter
0x08195E8C	thumb	CheckMatchCallChance
0x08195ED8	thumb	MapAllowsMatchCall
0x08195F40	thumb	UpdateMatchCallStepCounter
0x08195F68	thumb	SelectMatchCallTrainer
0x08195FCC	thumb	GetNumRegisteredTrainers
0x08195FF8	thumb	GetActiveMatchCallTrainerId
0x08196034	thumb	TryStartMatchCall
0x08196080	thumb	StartMatchCallFromScript
0x08196094	thumb	IsMatchCallTaskActive
0x081960A8	thumb	StartMatchCall
0x081960E0	thumb	ExecuteMatchCall
0x0819612C	thumb	MatchCall_LoadGfx
0x081961F0	thumb	MatchCall_DrawWindow
0x08196274	thumb	MatchCall_ReadyIntro
0x081962B0	thumb	MatchCall_SlideWindowIn
0x081962D8	thumb	MatchCall_PrintIntro
0x08196330	thumb	MatchCall_PrintMessage
0x08196390	thumb	MatchCall_SlideWindowOut
0x081963F0	thumb	MatchCall_EndCall
0x0819645C	thumb	DrawMatchCallTextBoxBorder_Internal
0x081965D8	thumb	InitMatchCallTextPrinter
0x08196648	thumb	RunMatchCallTextPrinter
0x08196694	thumb	Task_SpinPokenavIcon
0x08196710	thumb	TrainerIsEligibleForRematch
0x0819672C	thumb	GetRematchTrainerLocation
0x08196748	thumb	GetNumRematchTrainersFought
0x08196774	thumb	GetNthRematchTrainerFought
0x081967AC	thumb	SelectMatchCallMessage
0x08196844	thumb	GetTrainerMatchCallId
0x08196864	thumb	GetSameRouteMatchCallText
0x08196890	thumb	GetDifferentRouteMatchCallText
0x081968BC	thumb	GetBattleMatchCallText
0x08196910	thumb	GetGeneralMatchCallText
0x081969E0	thumb	BuildMatchCallString
0x081969FC	thumb	PopulateMatchCallStringVars
0x08196A2C	thumb	PopulateMatchCallStringVar
0x08196A44	thumb	PopulateTrainerName
0x08196A9C	thumb	PopulateMapName
0x08196AB8	thumb	GetLandEncounterSlot
0x08196B50	thumb	GetWaterEncounterSlot
0x08196B98	thumb	PopulateSpeciesFromTrainerLocation
0x08196C70	thumb	PopulateSpeciesFromTrainerParty
0x08196CF4	thumb	PopulateBattleFrontierFacilityName
0x08196D14	thumb	PopulateBattleFrontierStreak
0x08196D4C	thumb	GetNumOwnedBadges
0x08196D74	thumb	ShouldTrainerRequestBattle
0x08196E04	thumb	GetFrontierStreakInfo
0x08196F90	thumb	GetPokedexRatingLevel
0x08197080	thumb	BufferPokedexRatingForMatchCall
0x08197184	thumb	LoadMatchCallWindowGfx
0x081971C4	thumb	DrawMatchCallTextBoxBorder
0x081971D0	thumb	InitStandardTextBoxWindows
0x081971F4	thumb	FreeAllOverworldWindowBuffers
0x08197200	thumb	InitTextBoxGfxAndPrinters
0x08197224	thumb	RunTextPrintersAndIsPrinter0Active
0x08197238	thumb	AddTextPrinterParameterized2
0x081972C4	thumb	AddTextPrinterForMessage
0x08197310	thumb	AddTextPrinterForMessage_2
0x0819735C	thumb	AddTextPrinterWithCustomSpeedForMessage
0x081973A4	thumb	LoadMessageBoxAndBorderGfx
0x081973C4	thumb	DrawDialogueFrame
0x081973FC	thumb	DrawStdWindowFrame
0x08197434	thumb	ClearDialogWindowAndFrame
0x0819746C	thumb	ClearStdWindowAndFrame
0x081974A4	thumb	WindowFunc_DrawStandardFrame
0x081975F4	thumb	WindowFunc_DrawDialogueFrame
0x081977BC	thumb	WindowFunc_ClearStdWindowAndFrame
0x08197804	thumb	WindowFunc_ClearDialogWindowAndFrame
0x08197854	thumb	SetStandardWindowBorderStyle
0x0819786C	thumb	LoadMessageBoxAndFrameGfx
0x0819789C	thumb	Menu_LoadStdPal
0x081978B0	thumb	Menu_LoadStdPalAt
0x081978C8	thumb	Menu_GetStdPal
0x081978D0	thumb	Menu_GetStdPalColor
0x081978EC	thumb	DisplayItemMessageOnField
0x08197930	thumb	DisplayYesNoMenuDefaultYes
0x08197948	thumb	DisplayYesNoMenuWithDefault
0x08197964	thumb	GetPlayerTextSpeed
0x08197990	thumb	GetPlayerTextSpeedDelay
0x081979C4	thumb	AddStartMenuWindow
0x08197A08	thumb	GetStartMenuWindowId
0x08197A14	thumb	RemoveStartMenuWindow
0x08197A30	thumb	GetDialogFrameBaseTileNum
0x08197A38	thumb	GetStandardFrameBaseTileNum
0x08197A40	thumb	AddMapNamePopUpWindow
0x08197A74	thumb	GetMapNamePopUpWindowId
0x08197A80	thumb	RemoveMapNamePopUpWindow
0x08197A9C	thumb	AddTextPrinterWithCallbackForMessage
0x08197AE8	thumb	EraseFieldMessageBox
0x08197B1C	thumb	DrawDialogFrameWithCustomTileAndPalette
0x08197B64	thumb	DrawDialogFrameWithCustomTile
0x08197BB4	thumb	WindowFunc_DrawDialogFrameWithCustomTileAndPalette
0x08197DF8	thumb	ClearDialogWindowAndFrameToTransparent
0x08197E30	thumb	WindowFunc_ClearDialogWindowAndFrameNullPalette
0x08197E80	thumb	DrawStdFrameWithCustomTileAndPalette
0x08197EC8	thumb	DrawStdFrameWithCustomTile
0x08197F18	thumb	WindowFunc_DrawStdFrameWithCustomTileAndPalette
0x08198070	thumb	ClearStdWindowAndFrameToTransparent
0x081980A8	thumb	WindowFunc_ClearStdWindowAndFrameToTransparent
0x081980F0	thumb	HofPCTopBar_AddWindow
0x08198180	thumb	HofPCTopBar_Print
0x08198204	thumb	HofPCTopBar_PrintPair
0x081982D8	thumb	HofPCTopBar_CopyToVram
0x081982F0	thumb	HofPCTopBar_Clear
0x08198314	thumb	HofPCTopBar_RemoveWindow
0x08198348	thumb	InitMenu
0x081983AC	thumb	InitMenuNormal
0x081983EC	thumb	InitMenuDefaultCursorHeight
0x08198448	thumb	RedrawMenuCursor
0x081984D8	thumb	Menu_MoveCursor
0x0819851C	thumb	Menu_MoveCursorNoWrapAround
0x08198560	thumb	Menu_GetCursorPos
0x0819856C	thumb	Menu_ProcessInput
0x081985D8	thumb	Menu_ProcessInputNoWrap
0x08198658	thumb	ProcessMenuInput_other
0x081986C4	thumb	Menu_ProcessInputNoWrapAround_other
0x08198740	thumb	PrintMenuActionTextsAtPos
0x081987BC	thumb	PrintMenuActionTextsWithSpacing
0x08198854	thumb	PrintMenuActionTextsAtTop
0x081988A4	thumb	PrintMenuActionTexts
0x081989B8	thumb	PrintMenuActionTextsAtTopById
0x08198A24	thumb	SetWindowTemplateFields
0x08198A50	thumb	CreateWindowTemplate
0x08198AA4	thumb	AddWindowParameterized
0x08198AF8	thumb	CreateYesNoMenuAtPos
0x08198C34	thumb	CreateYesNoMenuInTopLeft
0x08198C58	thumb	Menu_ProcessInputNoWrapClearOnChoose
0x08198C78	thumb	EraseYesNoWindow
0x08198C94	thumb	PrintMenuActionGridText
0x08198D54	thumb	PrintMenuActionGridTextAtTop
0x08198DBC	thumb	PrintMenuActionGrid
0x08198EF8	thumb	PrintMenuActionGrid_TopLeft
0x08198F58	thumb	InitMenuGrid
0x08198FD4	thumb	InitMenuGridDefaultCursorHeight
0x08199060	thumb	MoveMenuGridCursor
0x08199134	thumb	ChangeMenuGridCursorPosition
0x081991F8	thumb	ChangeGridMenuCursorPosition
0x08199284	thumb	Menu_ProcessGridInput_NoSoundLimit
0x08199334	thumb	Menu_ProcessGridInput
0x081993D8	thumb	Menu_ProcessGridInputRepeat_NoSoundLimit
0x08199484	thumb	Menu_ProcessGridInputRepeat
0x08199524	thumb	InitMenuInUpperLeftCorner
0x08199570	thumb	InitMenuInUpperLeftCornerNormal
0x0819958C	thumb	PrintMenuTable
0x081995E4	thumb	PrintMenuActionTextsInUpperLeftCorner
0x081996C0	thumb	CreateYesNoMenu
0x081997AC	thumb	PrintMenuGridTable
0x0819983C	thumb	PrintMenuActionGridTextNoSpacing
0x08199944	thumb	InitMenuActionGrid
0x081999A8	thumb	ClearScheduledBgCopiesToVram
0x081999BC	thumb	ScheduleBgCopyTilemapToVram
0x081999D0	thumb	DoScheduledBgTilemapCopiesToVram
0x08199A20	thumb	ResetTempTileDataBuffers
0x08199A44	thumb	FreeTempTileDataBuffersIfPossible
0x08199A90	thumb	DecompressAndCopyTileDataToVram
0x08199B08	thumb	DecompressAndLoadBgGfxUsingHeap
0x08199B84	thumb	task_free_buf_after_copying_tile_data_to_vram
0x08199BC0	thumb	malloc_and_decompress
0x08199BF0	thumb	copy_decompressed_tile_data_to_vram
0x08199C30	thumb	SetBgTilemapPalette
0x08199CBC	thumb	CopyToBufferFromBgTilemap
0x08199D3C	thumb	AddValToTilemapBuffer
0x08199D98	thumb	ResetBgPositions
0x08199DF0	thumb	BgDmaFill
0x08199E64	thumb	AddTextPrinterParameterized3
0x08199EEC	thumb	AddTextPrinterParameterized4
0x08199F74	thumb	AddTextPrinterParameterized5
0x0819A024	thumb	PrintPlayerNameOnWindow
0x0819A080	thumb	UnusedBlitBitmapRect
0x0819A25C	thumb	LoadMonIconPalAtOffset
0x0819A27C	thumb	DrawMonIconAtPos
0x0819A2BC	thumb	ListMenuLoadStdPalAt
0x0819A2F8	thumb	BlitMenuInfoIcon
0x0819A344	thumb	BufferSaveMenuText
0x0819A44C	thumb	SpriteCB_Pokeball
0x0819A4C8	thumb	CB2_SelectScreen
0x0819A4E4	thumb	VBlankCB_SelectScreen
0x0819A4F8	thumb	DoBattleFactorySelectScreen
0x0819A514	thumb	CB2_InitSelectScreen
0x0819A9AC	thumb	Select_InitMonsData
0x0819AA18	thumb	Select_InitAllSprites
0x0819AB40	thumb	Select_DestroyAllSprites
0x0819ABA8	thumb	Select_UpdateBallCursorPosition
0x0819AC10	thumb	Select_UpdateMenuCursorPosition
0x0819AC78	thumb	Select_UpdateYesNoCursorPosition
0x0819ACE0	thumb	Select_HandleMonSelectionChange
0x0819ADAC	thumb	Select_SetBallSpritePaletteNum
0x0819AE08	thumb	Select_Task_OpenSummaryScreen
0x0819AF68	thumb	Select_Task_Exit
0x0819B02C	thumb	Select_Task_HandleYesNo
0x0819B124	thumb	Select_Task_HandleMenu
0x0819B378	thumb	Select_Task_HandleChooseMons
0x0819B484	thumb	CreateFrontierFactorySelectableMons
0x0819B63C	thumb	CreateSlateportTentSelectableMons
0x0819B764	thumb	Select_CopyMonsToPlayerParty
0x0819B844	thumb	Select_ShowMenuOptions
0x0819B8D4	thumb	Select_ShowYesNoOptions
0x0819B958	thumb	Select_ErasePopupMenu
0x0819B9B4	thumb	Select_PrintRentalPkmnString
0x0819B9E8	thumb	Select_PrintMonSpecies
0x0819BA64	thumb	Select_PrintSelectMonString
0x0819BAC8	thumb	Select_PrintCantSelectSameMon
0x0819BAFC	thumb	Select_PrintMenuOptions
0x0819BBA8	thumb	Select_PrintYesNoOptions
0x0819BC04	thumb	Select_RunMenuOptionFunc
0x0819BC30	thumb	Select_OptionRentDeselect
0x0819BC9C	thumb	Select_DeclineChosenMons
0x0819BCCC	thumb	Select_OptionSummary
0x0819BCD0	thumb	Select_OptionOthers
0x0819BCF8	thumb	Select_PrintMonCategory
0x0819BD70	thumb	Select_CreateMonSprite
0x0819BE20	thumb	Select_SetMonPicAnimating
0x0819BE34	thumb	Select_ReshowMonSprite
0x0819BF2C	thumb	Select_CreateChosenMonsSprites
0x0819C040	thumb	SpriteCB_OpenChosenMonPics
0x0819C100	thumb	SpriteCB_CloseChosenMonPics
0x0819C1D0	thumb	Select_Task_OpenChosenMonPics
0x0819C2D4	thumb	Select_Task_CloseChosenMonPics
0x0819C4B4	thumb	Select_ShowChosenMons
0x0819C568	thumb	Select_HideChosenMons
0x0819C5D0	thumb	Select_SetWinRegs
0x0819C634	thumb	Select_AreSpeciesValid
0x0819C69C	thumb	Select_Task_FadeSpeciesName
0x0819C7E0	thumb	Swap_CB2
0x0819C7FC	thumb	Swap_VblankCb
0x0819C810	thumb	CopySwappedMonData
0x0819C90C	thumb	Swap_Task_OpenSummaryScreen
0x0819CA08	thumb	Swap_Task_Exit
0x0819CB1C	thumb	Swap_Task_HandleYesNo
0x0819CBDC	thumb	Swap_HandleQuitSwappingResponse
0x0819CC24	thumb	Swap_AskQuitSwapping
0x0819CC74	thumb	Swap_HandleAcceptMonResponse
0x0819CCD4	thumb	Swap_AskAcceptMon
0x0819CD34	thumb	Swap_Task_HandleMenu
0x0819CE40	thumb	Swap_Task_HandleChooseMons
0x0819CF54	thumb	Swap_Task_FadeSpeciesName
0x0819D064	thumb	Swap_Task_FadeOutSpeciesName
0x0819D12C	thumb	Swap_Task_SlideCycleBalls
0x0819D324	thumb	Swap_Task_SlideButtonOnOffScreen
0x0819D588	thumb	Swap_Task_ScreenInfoTransitionOut
0x0819D770	thumb	Swap_Task_ScreenInfoTransitionIn
0x0819D9EC	thumb	Swap_Task_SwitchPartyScreen
0x0819DBD8	thumb	Swap_InitStruct
0x0819DC00	thumb	DoBattleFactorySwapScreen
0x0819DC1C	thumb	CB2_InitSwapScreen
0x0819E0C0	thumb	Swap_InitAllSprites
0x0819E538	thumb	Swap_DestroyAllSprites
0x0819E608	thumb	Swap_HandleActionCursorChange
0x0819E694	thumb	Swap_UpdateBallCursorPosition
0x0819E6E8	thumb	Swap_UpdateActionCursorPosition
0x0819E758	thumb	Swap_UpdateYesNoCursorPosition
0x0819E7C0	thumb	Swap_UpdateMenuCursorPosition
0x0819E838	thumb	Swap_HighlightActionButton
0x0819E8EC	thumb	Swap_HideActionButtonHighlights
0x0819E944	thumb	Swap_ShowMenuOptions
0x0819E9E0	thumb	Swap_ShowYesNoOptions
0x0819EA64	thumb	Swap_ErasePopupMenu
0x0819EAC0	thumb	Swap_EraseSpeciesWindow
0x0819EADC	thumb	Swap_EraseSpeciesAtFadeWindow
0x0819EAF8	thumb	Swap_EraseActionFadeWindow
0x0819EB18	thumb	Swap_PrintPkmnSwap
0x0819EB4C	thumb	Swap_PrintMonSpecies
0x0819EBEC	thumb	Swap_PrintOnInfoWindow
0x0819EC20	thumb	Swap_PrintMenuOptions
0x0819EC94	thumb	Swap_PrintYesNoOptions
0x0819ECF0	thumb	Swap_PrintActionString
0x0819ED34	thumb	Swap_PrintActionStrings
0x0819ED78	thumb	Swap_PrintActionStrings2
0x0819EDBC	thumb	Swap_PrintOneActionString
0x0819EE08	thumb	Swap_PrintMonSpeciesAtFade
0x0819EEF0	thumb	Swap_PrintMonSpeciesForTransition
0x0819EFA8	thumb	Swap_PrintMonCategory
0x0819F048	thumb	Swap_InitActions
0x0819F0A0	thumb	Swap_RunMenuOptionFunc
0x0819F0CC	thumb	Swap_OptionSwap
0x0819F114	thumb	Swap_OptionSummary
0x0819F134	thumb	Swap_OptionRechoose
0x0819F184	thumb	Swap_RunActionFunc
0x0819F1AC	thumb	Swap_ActionCancel
0x0819F1DC	thumb	Swap_ActionPkmnForSwap
0x0819F20C	thumb	Swap_ActionMon
0x0819F2B4	thumb	OpenMonPic
0x0819F304	thumb	Swap_ShowSummaryMonSprite
0x0819F3F8	thumb	CloseMonPic
0x0819F444	thumb	HideMonPic
0x0819F488	thumb	Swap_TaskCantHaveSameMons
0x0819F59C	thumb	Swap_AlreadyHasSameSpecies
0x0819F600	thumb	SpriteCB_OpenMonPic
0x0819F654	thumb	SpriteCB_CloseMonPic
0x0819F69C	thumb	Task_OpenMonPic
0x0819F7B4	thumb	Task_CloseMonPic
0x0819F8E0	thumb	Swap_CreateMonSprite
0x0819F99C	thumb	BufferApprenticeChallengeText
0x0819FA50	thumb	Apprentice_ScriptContext_Enable
0x0819FA5C	thumb	ResetApprenticeStruct
0x0819FAA0	thumb	ResetAllApprenticeData
0x0819FBB0	thumb	GivenApprenticeLvlMode
0x0819FBC8	thumb	SetApprenticeId
0x0819FC40	thumb	SetPlayersApprenticeLvlMode
0x0819FC60	thumb	ShuffleApprenticeSpecies
0x0819FCF8	thumb	GetMonIdForQuestion
0x0819FD64	thumb	SetRandomQuestionData
0x0819FF98	thumb	GetRandomAlternateMove
0x081A0194	thumb	TrySetMove
0x081A01E8	thumb	GetLatestLearnedMoves
0x081A0284	thumb	GetDefaultMove
0x081A0390	thumb	SaveApprenticeParty
0x081A04E4	thumb	CreateApprenticeMenu
0x081A070C	thumb	Task_ChooseAnswer
0x081A0784	thumb	CreateAndShowWindow
0x081A07E8	thumb	RemoveAndHideWindow
0x081A0804	thumb	CreateChooseAnswerTask
0x081A085C	thumb	CallApprenticeFunction
0x081A087C	thumb	Script_ResetPlayerApprentice
0x081A093C	thumb	Script_GivenApprenticeLvlMode
0x081A0964	thumb	Script_SetApprenticeLvlMode
0x081A0978	thumb	Script_SetApprenticeId
0x081A0984	thumb	Script_SetRandomQuestionData
0x081A0990	thumb	IncrementQuestionsAnswered
0x081A09B4	thumb	GetNumApprenticePartyMonsAssigned
0x081A09D0	thumb	IsFinalQuestion
0x081A0A20	thumb	Script_CreateApprenticeMenu
0x081A0A34	thumb	Task_WaitForPrintingMessage
0x081A0A70	thumb	PrintApprenticeMessage
0x081A0C9C	thumb	Script_PrintApprenticeMessage
0x081A0CC0	thumb	ApprenticeGetQuestion
0x081A0D40	thumb	SetApprenticePartyMon
0x081A0D80	thumb	SetApprenticeMonMove
0x081A0DD4	thumb	InitQuestionData
0x081A0FE4	thumb	FreeQuestionData
0x081A0FFC	thumb	ApprenticeBufferString
0x081A11F8	thumb	SetLeadApprenticeMon
0x081A1218	thumb	Script_ApprenticeOpenBagMenu
0x081A1224	thumb	TrySetApprenticeHeldItem
0x081A1370	thumb	ShiftSavedApprentices
0x081A1438	thumb	SaveApprentice
0x081A150C	thumb	SetSavedApprenticeTrainerGfxId
0x081A15A4	thumb	SetPlayerApprenticeTrainerGfxId
0x081A1638	thumb	GetShouldCheckApprenticeGone
0x081A1644	thumb	GetShouldApprenticeLeave
0x081A1650	thumb	GetApprenticeNameInLanguage
0x081A16B4	thumb	Task_SwitchToFollowupFuncAfterButtonPress
0x081A16DC	thumb	Task_ExecuteFuncAfterButtonPress
0x081A172C	thumb	ExecuteFuncAfterButtonPress
0x081A175C	thumb	ExecuteFollowupFuncAfterButtonPress
0x081A1780	thumb	CallFrontierUtilFunc
0x081A17A0	thumb	GetChallengeStatus
0x081A1830	thumb	GetFrontierData
0x081A1968	thumb	SetFrontierData
0x081A1AD4	thumb	SetSelectedPartyOrder
0x081A1B1C	thumb	DoSoftReset_
0x081A1B28	thumb	SetFrontierTrainers
0x081A1B38	thumb	SaveSelectedParty
0x081A1B98	thumb	ShowFacilityResultsWindow
0x081A1C24	thumb	IsWinStreakActive
0x081A1C4C	thumb	PrintAligned
0x081A1C90	thumb	PrintHyphens
0x081A1CD8	thumb	TowerPrintStreak
0x081A1D78	thumb	TowerPrintRecordStreak
0x081A1DBC	thumb	TowerGetWinStreak
0x081A1DEC	thumb	TowerPrintPrevOrCurrentStreak
0x081A1EA8	thumb	ShowTowerResultsWindow
0x081A1FD8	thumb	DomeGetWinStreak
0x081A2008	thumb	PrintTwoStrings
0x081A2094	thumb	DomePrintPrevOrCurrentStreak
0x081A2134	thumb	ShowDomeResultsWindow
0x081A22B8	thumb	PalacePrintStreak
0x081A2358	thumb	PalacePrintRecordStreak
0x081A239C	thumb	PalaceGetWinStreak
0x081A23CC	thumb	PalacePrintPrevOrCurrentStreak
0x081A2460	thumb	ShowPalaceResultsWindow
0x081A2560	thumb	PikeGetWinStreak
0x081A258C	thumb	PikePrintCleared
0x081A2618	thumb	PikePrintPrevOrCurrentStreak
0x081A2698	thumb	ShowPikeResultsWindow
0x081A27E8	thumb	ArenaPrintStreak
0x081A2888	thumb	ArenaPrintRecordStreak
0x081A28CC	thumb	ArenaGetWinStreak
0x081A28F8	thumb	ArenaPrintPrevOrCurrentStreak
0x081A2968	thumb	ShowArenaResultsWindow
0x081A2A28	thumb	FactoryPrintStreak
0x081A2B04	thumb	FactoryPrintRecordStreak
0x081A2B70	thumb	FactoryGetWinStreak
0x081A2BA0	thumb	FactoryGetRentsCount
0x081A2BD0	thumb	FactoryPrintPrevOrCurrentStreak
0x081A2C94	thumb	ShowFactoryResultsWindow
0x081A2DB4	thumb	PyramidPrintStreak
0x081A2E54	thumb	PyramidPrintRecordStreak
0x081A2E98	thumb	PyramidGetWinStreak
0x081A2EC4	thumb	PyramidPrintPrevOrCurrentStreak
0x081A2F38	thumb	ShowPyramidResultsWindow
0x081A2FF8	thumb	ShowLinkContestResultsWindow
0x081A31FC	thumb	CheckPutFrontierTVShowOnAir
0x081A35EC	thumb	Script_GetFrontierBrainStatus
0x081A3610	thumb	GetFrontierBrainStatus
0x081A36D0	thumb	CopyFrontierTrainerText
0x081A3908	thumb	ResetWinStreaks
0x081A39C4	thumb	GetCurrentFacilityWinStreak
0x081A3ACC	thumb	ResetFrontierTrainerIds
0x081A3B00	thumb	IsTrainerFrontierBrain
0x081A3B30	thumb	GetPlayerSymbolCountForFacility
0x081A3B64	thumb	GiveBattlePoints
0x081A3D30	thumb	GetFacilitySymbolCount
0x081A3D58	thumb	GiveFacilitySymbol
0x081A3DA0	thumb	CheckBattleTypeFlag
0x081A3DD0	thumb	AppendCaughtBannedMonSpeciesName
0x081A3EF0	thumb	AppendIfValid
0x081A3FD4	thumb	CheckPartyIneligibility
0x081A4224	thumb	ValidateVisitingTrainer
0x081A4230	thumb	IncrementWinStreak
0x081A43A8	thumb	RestoreHeldItems
0x081A4410	thumb	SaveRecordBattle
0x081A443C	thumb	BufferFrontierTrainerName
0x081A447C	thumb	ResetSketchedMoves
0x081A457C	thumb	SetFacilityBrainObjectEvent
0x081A4594	thumb	Print1PRecord
0x081A4684	thumb	Print2PRecord
0x081A47E0	thumb	Fill1PRecords
0x081A48B4	thumb	Fill2PRecords
0x081A4998	thumb	PrintHallRecords
0x081A4AA0	thumb	ShowRankingHallRecordsWindow
0x081A4AE8	thumb	ScrollRankingHallRecordsWindow
0x081A4B14	thumb	ClearRankingHallRecords
0x081A4C30	thumb	SaveGameFrontier
0x081A4CB0	thumb	GetFrontierBrainTrainerPicIndex
0x081A4D00	thumb	GetFrontierBrainTrainerClass
0x081A4D50	thumb	CopyFrontierBrainTrainerName
0x081A4DB8	thumb	IsFrontierBrainFemale
0x081A4DD8	thumb	SetFrontierBrainObjEventGfx_2
0x081A4E04	thumb	CreateFrontierBrainPokemon
0x081A4FF0	thumb	GetFrontierBrainMonSpecies
0x081A5030	thumb	SetFrontierBrainObjEventGfx
0x081A5060	thumb	GetFrontierBrainMonMove
0x081A50B0	thumb	GetFrontierBrainMonNature
0x081A50F0	thumb	GetFrontierBrainMonEvs
0x081A513C	thumb	GetFronterBrainSymbol
0x081A51A8	thumb	CopyFrontierBrainText
0x081A5238	thumb	CallBattleArenaFunction
0x081A5258	thumb	BattleArena_ShowJudgmentWindow
0x081A5558	thumb	ShowJudgmentSprite
0x081A5698	thumb	SpriteCB_JudgmentIcon
0x081A56B4	thumb	BattleArena_InitPoints
0x081A56E8	thumb	BattleArena_AddMindPoints
0x081A5718	thumb	BattleArena_AddSkillPoints
0x081A57E4	thumb	BattleArena_DeductSkillPoints
0x081A586C	thumb	UpdateHPAtStart
0x081A58B4	thumb	InitArenaChallenge
0x081A5964	thumb	GetArenaData
0x081A59FC	thumb	SetArenaData
0x081A5AC4	thumb	SaveArenaChallenge
0x081A5B08	thumb	SetArenaPrize
0x081A5B88	thumb	GiveArenaPrize
0x081A5BE0	thumb	BufferArenaOpponentName
0x081A5BF8	thumb	DrawArenaRefereeTextBox
0x081A5D44	thumb	EraseArenaRefereeTextBox
0x081A5E74	thumb	CallBattleFactoryFunction
0x081A5E94	thumb	InitFactoryChallenge
0x081A5FA8	thumb	GetBattleFactoryData
0x081A6054	thumb	SetBattleFactoryData
0x081A613C	thumb	SaveFactoryChallenge
0x081A6180	thumb	FactoryDummy1
0x081A6184	thumb	FactoryDummy2
0x081A6188	thumb	SelectInitialRentalMons
0x081A6198	thumb	SwapRentalMons
0x081A61A4	thumb	SetPerformedRentalSwap
0x081A61B0	thumb	GenerateOpponentMons
0x081A63B8	thumb	SetOpponentGfxVar
0x081A63CC	thumb	SetRentalsToOpponentParty
0x081A64C4	thumb	SetPlayerAndOpponentParties
0x081A67EC	thumb	GenerateInitialRentalMons
0x081A6A08	thumb	GetOpponentMostCommonMonType
0x081A6AEC	thumb	GetOpponentBattleStyle
0x081A6BA4	thumb	GetMoveBattleStyle
0x081A6BF4	thumb	InBattleFactory
0x081A6C1C	thumb	RestorePlayerPartyHeldItems
0x081A6CA8	thumb	GetFactoryMonFixedIV
0x081A6CD0	thumb	FillFactoryBrainParty
0x081A6EF0	thumb	GetFactoryMonId
0x081A6F70	thumb	GetNumPastRentalsRank
0x081A6FB4	thumb	GetAiScriptsInBattleFactory
0x081A7024	thumb	SetMonMoveAvoidReturn
0x081A703C	thumb	CallBattlePikeFunction
0x081A705C	thumb	SetRoomType
0x081A7070	thumb	SetupRoomObjectEvents
0x081A7140	thumb	GetBattlePikeData
0x081A7248	thumb	SetBattlePikeData
0x081A73B8	thumb	IsNextRoomFinal
0x081A73EC	thumb	GetRoomType
0x081A7400	thumb	SetInWildMonRoom
0x081A740C	thumb	ClearInWildMonRoom
0x081A7418	thumb	SavePikeChallenge
0x081A7460	thumb	PikeDummy1
0x081A7464	thumb	PikeDummy2
0x081A7468	thumb	GetRoomInflictedStatus
0x081A74CC	thumb	GetRoomInflictedStatusMon
0x081A74E0	thumb	HealOneOrTwoMons
0x081A7508	thumb	BufferNPCMessage
0x081A7580	thumb	StatusInflictionScreenFlash
0x081A7594	thumb	HealMon
0x081A7628	thumb	DoesAbilityPreventStatus
0x081A767C	thumb	DoesTypePreventStatus
0x081A7728	thumb	TryInflictRandomStatus
0x081A7974	thumb	AtLeastOneHealthyMon
0x081A79EC	thumb	GetNextRoomType
0x081A7B58	thumb	GetNPCRoomGraphicsId
0x081A7B84	thumb	GetInWildMonRoom
0x081A7B90	thumb	TryGenerateBattlePikeWildMon
0x081A7D00	thumb	GetBattlePikeWildMonHeaderId
0x081A7D54	thumb	DoStatusInflictionScreenFlash
0x081A7D8C	thumb	StatusInflictionFadeOut
0x081A7DE8	thumb	StatusInflictionFadeIn
0x081A7E60	thumb	StartStatusInflictionScreenFlash
0x081A7EC4	thumb	IsStatusInflictionScreenFlashTaskFinished
0x081A7EE4	thumb	Task_DoStatusInflictionScreenFlash
0x081A7F38	thumb	TryHealMons
0x081A8090	thumb	GetInBattlePike
0x081A80A8	thumb	InBattlePike
0x081A80DC	thumb	SetHintedRoom
0x081A825C	thumb	GetHintedRoomIndex
0x081A827C	thumb	GetRoomTypeHint
0x081A82A4	thumb	PrepareOneTrainer
0x081A8374	thumb	PrepareTwoTrainers
0x081A84B4	thumb	ClearPikeTrainerIds
0x081A84EC	thumb	BufferTrainerIntro
0x081A8554	thumb	AtLeastTwoAliveMons
0x081A8590	thumb	GetPikeQueenFightType
0x081A863C	thumb	GetCurrentRoomPikeQueenFightType
0x081A8658	thumb	HealSomeMonsBeforePikeQueen
0x081A869C	thumb	SetHealingroomTypesDisabled
0x081A86C0	thumb	IsPartyFullHealed
0x081A8794	thumb	SaveMonHeldItems
0x081A87E8	thumb	RestoreMonHeldItems
0x081A8830	thumb	InitPikeChallenge
0x081A88B0	thumb	CanEncounterWildMon
0x081A890C	thumb	SpeciesToPikeMonId
0x081A8934	thumb	InitRotatingTilePuzzle
0x081A895C	thumb	FreeRotatingTilePuzzle
0x081A89A0	thumb	MoveRotatingTileObjects
0x081A8AF8	thumb	TurnRotatingTileObjects
0x081A8D60	thumb	SaveRotatingTileObject
0x081A8D94	thumb	TurnUnsavedRotatingTileObject
0x081A8E7C	thumb	CallBattlePyramidFunction
0x081A8E9C	thumb	InitPyramidChallenge
0x081A8F38	thumb	GetBattlePyramidData
0x081A9048	thumb	SetBattlePyramidData
0x081A9134	thumb	SavePyramidChallenge
0x081A917C	thumb	SetBattlePyramidPrize
0x081A91FC	thumb	GiveBattlePyramidPrize
0x081A9254	thumb	SeedPyramidFloor
0x081A9290	thumb	SetPickupItem
0x081A93C8	thumb	HidePyramidItem
0x081A9414	thumb	SetPyramidFacilityTrainers
0x081A9424	thumb	ShowPostBattleHintText
0x081A9618	thumb	UpdatePyramidWinStreak
0x081A966C	thumb	GetCurrentBattlePyramidLocation
0x081A9684	thumb	UpdatePyramidLightRadius
0x081A975C	thumb	ClearPyramidPartyHeldItems
0x081A97C8	thumb	SetPyramidFloorPalette
0x081A97DC	thumb	Task_SetPyramidFloorPalette
0x081A9828	thumb	BattlePyramidStartMenu
0x081A9834	thumb	RestorePyramidPlayerParty
0x081A9998	thumb	GetPostBattleDirectionHintTextIndex
0x081A9AA8	thumb	LocalIdToPyramidTrainerId
0x081A9AC4	thumb	GetBattlePyramidTrainerFlag
0x081A9B04	thumb	MarkApproachingPyramidTrainersAsBattled
0x081A9B44	thumb	MarkPyramidTrainerAsBattled
0x081A9C04	thumb	GenerateBattlePyramidWildMon
0x081A9E28	thumb	GetPyramidRunMultiplier
0x081A9E40	thumb	CurrentBattlePyramidLocation
0x081A9E6C	thumb	InBattlePyramid_
0x081A9E90	thumb	PausePyramidChallenge
0x081A9EC8	thumb	SoftResetInBattlePyramid
0x081A9EDC	thumb	CopyPyramidTrainerSpeechBefore
0x081A9EFC	thumb	CopyPyramidTrainerWinSpeech
0x081A9F1C	thumb	CopyPyramidTrainerLoseSpeech
0x081A9F3C	thumb	GetTrainerEncounterMusicIdInBattlePyramid
0x081A9F80	thumb	BattlePyramidRetireChallenge
0x081A9F90	thumb	GetUniqueTrainerId
0x081AA078	thumb	GenerateBattlePyramidFloorLayout
0x081AA1D8	thumb	LoadBattlePyramidObjectEventTemplates
0x081AA2F8	thumb	LoadBattlePyramidFloorObjectEventScripts
0x081AA33C	thumb	GetPyramidEntranceAndExitSquareIds
0x081AA398	thumb	SetPyramidObjectPositionsUniformly
0x081AA4D8	thumb	SetPyramidObjectPositionsInAndNearSquare
0x081AA648	thumb	SetPyramidObjectPositionsNearSquare
0x081AA760	thumb	TrySetPyramidObjectEventPositionInSquare
0x081AA810	thumb	TrySetPyramidObjectEventPositionAtCoords
0x081AA96C	thumb	GetPyramidFloorLayoutOffsets
0x081AA9E4	thumb	GetPyramidFloorTemplateId
0x081AAA40	thumb	GetNumBattlePyramidObjectEvents
0x081AAA7C	thumb	InitPyramidBagItems
0x081AAAE0	thumb	GetBattlePyramidPickupItemId
0x081AAB70	thumb	ResetBagScrollPositions
0x081AAB9C	thumb	CB2_BagMenuFromStartMenu
0x081AABB0	thumb	CB2_BagMenuFromBattle
0x081AABDC	thumb	CB2_ChooseBerry
0x081AABF0	thumb	ChooseBerryForMachine
0x081AAC00	thumb	CB2_GoToSellMenu
0x081AAC14	thumb	CB2_GoToItemDepositMenu
0x081AAC28	thumb	ApprenticeOpenBagMenu
0x081AAC50	thumb	FavorLadyOpenBagMenu
0x081AAC70	thumb	QuizLadyOpenBagMenu
0x081AAC90	thumb	GoToBagMenu
0x081AAD5C	thumb	CB2_BagMenuRun
0x081AAD78	thumb	VBlankCB_BagMenuRun
0x081AAD8C	thumb	CB2_Bag
0x081AADB8	thumb	SetupBagMenu
0x081AB050	thumb	BagMenu_InitBGs
0x081AB0BC	thumb	LoadBagMenu_Graphics
0x081AB1F0	thumb	CreateBagInputHandlerTask
0x081AB218	thumb	AllocateBagItemListBuffers
0x081AB240	thumb	LoadBagItemListBuffers
0x081AB39C	thumb	GetItemNameFromPocket
0x081AB450	thumb	BagMenu_MoveCursorCallback
0x081AB520	thumb	BagMenu_ItemPrintCallback
0x081AB6B0	thumb	PrintItemDescription
0x081AB73C	thumb	BagMenu_PrintCursor
0x081AB75C	thumb	BagMenu_PrintCursorAtPos
0x081AB7BC	thumb	CreatePocketScrollArrowPair
0x081AB824	thumb	BagDestroyPocketScrollArrowPair
0x081AB854	thumb	CreatePocketSwitchArrowPair
0x081AB89C	thumb	DestroyPocketSwitchArrowPair
0x081AB8C8	thumb	FreeBagMenu
0x081AB8F8	thumb	Task_FadeAndCloseBagMenu
0x081AB930	thumb	Task_CloseBagMenu
0x081AB9A8	thumb	UpdatePocketItemList
0x081ABA6C	thumb	UpdatePocketItemLists
0x081ABA88	thumb	UpdatePocketListPosition
0x081ABAC4	thumb	InitPocketListPositions
0x081ABAE0	thumb	InitPocketScrollPositions
0x081ABB2C	thumb	GetItemListPosition
0x081ABB4C	thumb	DisplayItemMessage
0x081ABBBC	thumb	CloseItemMessage
0x081ABC3C	thumb	AddItemQuantityWindow
0x081ABC54	thumb	PrintItemQuantity
0x081ABCC0	thumb	PrintItemSoldAmount
0x081ABD28	thumb	Task_BagMenu_HandleInput
0x081ABECC	thumb	ReturnToItemList
0x081ABF10	thumb	GetSwitchBagPocketDirection
0x081ABF70	thumb	ChangeBagPocketId
0x081ABFA8	thumb	SwitchBagPocket
0x081AC10C	thumb	Task_SwitchBagPocket
0x081AC23C	thumb	DrawItemListBgRow
0x081AC26C	thumb	DrawPocketIndicatorSquare
0x081AC2C0	thumb	CanSwapItems
0x081AC2E8	thumb	StartItemSwap
0x081AC3C0	thumb	Task_HandleSwappingItemsInput
0x081AC498	thumb	DoItemSwap
0x081AC590	thumb	CancelItemSwap
0x081AC644	thumb	OpenContextMenu
0x081ACAF8	thumb	PrintContextMenuItems
0x081ACB54	thumb	PrintContextMenuItemGrid
0x081ACBB0	thumb	Task_ItemContext_Normal
0x081ACC04	thumb	Task_ItemContext_SingleRow
0x081ACC78	thumb	Task_ItemContext_MultipleRows
0x081ACDFC	thumb	IsValidContextMenuPos
0x081ACE38	thumb	RemoveContextWindow
0x081ACE7C	thumb	ItemMenu_UseOutOfBattle
0x081ACEF4	thumb	ItemMenu_Toss
0x081ACF88	thumb	AskTossItems
0x081AD010	thumb	CancelToss
0x081AD044	thumb	Task_ChooseHowManyToToss
0x081AD0CC	thumb	ConfirmToss
0x081AD150	thumb	Task_RemoveItemFromBag
0x081AD1EC	thumb	ItemMenu_Register
0x081AD278	thumb	ItemMenu_Give
0x081AD2F0	thumb	PrintThereIsNoPokemon
0x081AD30C	thumb	PrintItemCantBeHeld
0x081AD350	thumb	HandleErrorMessage
0x081AD378	thumb	ItemMenu_CheckTag
0x081AD398	thumb	ItemMenu_Cancel
0x081AD3DC	thumb	ItemMenu_UseInBattle
0x081AD40C	thumb	CB2_ReturnToBagMenuPocket
0x081AD41C	thumb	Task_ItemContext_GiveToParty
0x081AD4B4	thumb	Task_ItemContext_GiveToPC
0x081AD520	thumb	UseRegisteredKeyItemOnField
0x081AD5DC	thumb	Task_ItemContext_Sell
0x081AD680	thumb	DisplaySellItemPriceAndConfirm
0x081AD6E4	thumb	AskSellItems
0x081AD6FC	thumb	CancelSell
0x081AD730	thumb	InitSellHowManyInput
0x081AD794	thumb	Task_ChooseHowManyToSell
0x081AD84C	thumb	ConfirmSell
0x081AD8C8	thumb	SellItem
0x081AD9C0	thumb	WaitAfterItemSell
0x081AD9EC	thumb	Task_ItemContext_Deposit
0x081ADA7C	thumb	Task_ChooseHowManyToDeposit
0x081ADB14	thumb	TryDepositItem
0x081ADC0C	thumb	WaitDepositErrorMessage
0x081ADC54	thumb	IsWallysBag
0x081ADC70	thumb	PrepareBagForWallyTutorial
0x081ADD00	thumb	RestoreBagAfterWallyTutorial
0x081ADD70	thumb	DoWallyTutorialBagMenu
0x081ADD98	thumb	Task_WallyTutorialBagMenu
0x081ADE38	thumb	ItemMenu_Show
0x081ADE6C	thumb	CB2_ApprenticeExitBagMenu
0x081ADE8C	thumb	ItemMenu_GiveFavorLady
0x081ADEBC	thumb	CB2_FavorLadyExitBagMenu
0x081ADEDC	thumb	ItemMenu_ConfirmQuizLady
0x081ADF00	thumb	CB2_QuizLadyExitBagMenu
0x081ADF20	thumb	PrintPocketNames
0x081ADFF8	thumb	CopyPocketNameToWindow
0x081AE054	thumb	LoadBagMenuTextWindows
0x081AE0BC	thumb	BagMenu_Print
0x081AE124	thumb	BagMenu_GetWindowId
0x081AE13C	thumb	BagMenu_AddWindow
0x081AE184	thumb	BagMenu_RemoveWindow
0x081AE1C4	thumb	AddItemMessageWindow
0x081AE1F8	thumb	RemoveItemMessageWindow
0x081AE238	thumb	BagMenu_YesNo
0x081AE268	thumb	DisplayCurrentMoneyWindow
0x081AE2A4	thumb	RemoveMoneyWindow
0x081AE2B4	thumb	PrepareTMHMMoveWindow
0x081AE2FC	thumb	PrintTMHMMoveData
0x081AE458	thumb	ListMenuDummyTask
0x081AE45C	thumb	DoMysteryGiftListMenu
0x081AE584	thumb	ListMenuInit
0x081AE5B0	thumb	ListMenuInitInRect
0x081AE604	thumb	ListMenu_ProcessInput
0x081AE6C8	thumb	DestroyListMenuTask
0x081AE70C	thumb	RedrawListMenu
0x081AE750	thumb	ChangeListMenuPals
0x081AE794	thumb	ChangeListMenuCoords
0x081AE7D0	thumb	ListMenuTestInput
0x081AE838	thumb	ListMenuGetCurrentItemArrayId
0x081AE860	thumb	ListMenuGetScrollAndRow
0x081AE88C	thumb	ListMenuGetYCoordForPrintingArrowCursor
0x081AE8D4	thumb	ListMenuInitInternal
0x081AE9B4	thumb	ListMenuPrint
0x081AEA68	thumb	ListMenuPrintEntries
0x081AEB20	thumb	ListMenuDrawCursor
0x081AEC18	thumb	ListMenuAddCursorObject
0x081AEC78	thumb	ListMenuErasePrintedCursor
0x081AED00	thumb	ListMenuUpdateSelectedRowIndexAndScrollOffset
0x081AEDF0	thumb	ListMenuScroll
0x081AEF28	thumb	ListMenuChangeSelection
0x081AF000	thumb	ListMenuCallSelectionChangedCallback
0x081AF028	thumb	ListMenuOverrideSetColors
0x081AF078	thumb	ListMenuDefaultCursorMoveFunc
0x081AF08C	thumb	ListMenuGetTemplateField
0x081AF15C	thumb	ListMenuSetTemplateField
0x081AF264	thumb	SpriteCallback_ScrollIndicatorArrow
0x081AF2F0	thumb	AddScrollIndicatorArrowObject
0x081AF380	thumb	AddScrollIndicatorArrowPair
0x081AF4A0	thumb	AddScrollIndicatorArrowPairParameterized
0x081AF504	thumb	Task_ScrollIndicatorArrowPair
0x081AF59C	thumb	Task_ScrollIndicatorArrowPairOnMainMenu
0x081AF620	thumb	RemoveScrollIndicatorArrowPair
0x081AF680	thumb	ListMenuAddCursorObjectInternal
0x081AF69C	thumb	ListMenuUpdateCursorObject
0x081AF6C4	thumb	ListMenuRemoveCursorObject
0x081AF6E4	thumb	Task_RedOutlineCursor
0x081AF6E8	thumb	ListMenuGetRedOutlineCursorSpriteCount
0x081AF724	thumb	ListMenuSetUpRedOutlineCursorSpriteOamTable
0x081AF828	thumb	ListMenuAddRedOutlineCursorObject
0x081AF994	thumb	ListMenuUpdateRedOutlineCursorObject
0x081AF9D8	thumb	ListMenuRemoveRedOutlineCursorObject
0x081AFA30	thumb	SpriteCallback_RedArrowCursor
0x081AFA5C	thumb	Task_RedArrowCursor
0x081AFA60	thumb	ListMenuAddRedArrowCursorObject
0x081AFB68	thumb	ListMenuUpdateRedArrowCursorObject
0x081AFBA0	thumb	ListMenuRemoveRedArrowCursorObject
0x081AFBF0	thumb	DynamicPlaceholderTextUtil_Reset
0x081AFC0C	thumb	DynamicPlaceholderTextUtil_SetPlaceholderPtr
0x081AFC28	thumb	DynamicPlaceholderTextUtil_ExpandPlaceholders
0x081AFC74	thumb	DynamicPlaceholderTextUtil_GetPlaceholderPtr
0x081AFC84	thumb	IsCurMapInLocationList
0x081AFCCC	thumb	IsCurMapPokeCenter
0x081AFCDC	thumb	IsCurMapReloadLocation
0x081AFCEC	thumb	IsCurMapInEmptyList
0x081AFCFC	thumb	TrySetPokeCenterWarpStatus
0x081AFD2C	thumb	TrySetReloadWarpStatus
0x081AFD5C	thumb	TrySetUnknownWarpStatus
0x081AFD8C	thumb	TrySetMapSaveWarpStatus
0x081AFDA0	thumb	SetUnlockedPokedexFlags
0x081AFDD0	thumb	SetChampionSaveWarp
0x081AFDE4	thumb	AllocItemIconTemporaryBuffers
0x081AFE24	thumb	FreeItemIconTemporaryBuffers
0x081AFE44	thumb	CopyItemIconPicTo4x4Buffer
0x081AFE70	thumb	AddItemIconSprite
0x081AFF34	thumb	AddCustomItemIconSprite
0x081AFFFC	thumb	GetItemIconPicOrPalette
0x081B0038	thumb	InitPartyMenu
0x081B01B0	thumb	CB2_UpdatePartyMenu
0x081B01CC	thumb	VBlankCB_PartyMenu
0x081B01E0	thumb	CB2_InitPartyMenu
0x081B020C	thumb	ShowPartyMenu
0x081B04BC	thumb	ExitPartyMenu
0x081B04F8	thumb	Task_ExitPartyMenu
0x081B052C	thumb	ResetPartyMenu
0x081B0550	thumb	AllocPartyMenuBg
0x081B05C8	thumb	AllocPartyMenuBgGfx
0x081B06C0	thumb	PartyPaletteBufferCopy
0x081B06F4	thumb	FreePartyPointers
0x081B0740	thumb	InitPartyMenuBoxes
0x081B07E0	thumb	RenderPartyMenuBox
0x081B0948	thumb	DisplayPartyPokemonData
0x081B0A10	thumb	DisplayPartyPokemonDescriptionData
0x081B0A9C	thumb	DisplayPartyPokemonDataForChooseHalf
0x081B0B08	thumb	DisplayPartyPokemonDataForContest
0x081B0B60	thumb	DisplayPartyPokemonDataForRelearner
0x081B0B98	thumb	DisplayPartyPokemonDataForWirelessMinigame
0x081B0BC4	thumb	DisplayPartyPokemonDataForBattlePyramidHeldItem
0x081B0BFC	thumb	DisplayPartyPokemonDataForMoveTutorOrEvolutionItem
0x081B0C94	thumb	DisplayPartyPokemonDataToTeachMove
0x081B0CEC	thumb	DisplayPartyPokemonDataForMultiBattle
0x081B0DA0	thumb	RenderPartyMenuBoxes
0x081B0DD4	thumb	GetPartyMenuBgTile
0x081B0DE8	thumb	CreatePartyMonSprites
0x081B0EF4	thumb	CreatePartyMonSpritesLoop
0x081B0F28	thumb	CreateCancelConfirmPokeballSprites
0x081B0FCC	thumb	AnimatePartySlot
0x081B10F8	thumb	GetPartyBoxPaletteFlags
0x081B118C	thumb	PartyBoxPal_ParnterOrDisqualifiedInArena
0x081B120C	thumb	DrawCancelConfirmButtons
0x081B1250	thumb	IsMultiBattle
0x081B1288	thumb	SwapPartyPokemon
0x081B12C0	thumb	Task_ClosePartyMenu
0x081B12F8	thumb	Task_ClosePartyMenuAndSetCB2
0x081B1354	thumb	GetCursorSelectionMonId
0x081B1360	thumb	GetPartyMenuType
0x081B1370	thumb	Task_HandleChooseMonInput
0x081B13EC	thumb	GetCurrentPartySlotPtr
0x081B140C	thumb	HandleChooseMonSelection
0x081B15A4	thumb	IsSelectedMonNotEgg
0x081B15D0	thumb	HandleChooseMonCancel
0x081B1660	thumb	DisplayCancelChooseMonYesNo
0x081B16D4	thumb	Task_CancelChooseMonYesNo
0x081B1708	thumb	Task_HandleCancelChooseMonYesNoInput
0x081B1760	thumb	PartyMenuButtonHandler
0x081B17F8	thumb	UpdateCurrentPartySelection
0x081B1854	thumb	UpdatePartySelectionSingleLayout
0x081B195C	thumb	UpdatePartySelectionDoubleLayout
0x081B1B00	thumb	GetNewSlotDoubleLayout
0x081B1B44	thumb	GetMonNickname
0x081B1B5C	thumb	DisplayPartyMenuMessage
0x081B1B8C	thumb	Task_PrintAndWaitForText
0x081B1BD4	thumb	IsPartyMenuTextPrinterActive
0x081B1BE8	thumb	Task_WaitForLinkAndReturnToChooseMon
0x081B1C1C	thumb	Task_ReturnToChooseMonAfterText
0x081B1C84	thumb	DisplayGaveHeldItemMessage
0x081B1CD0	thumb	DisplayTookHeldItemMessage
0x081B1D1C	thumb	DisplayAlreadyHoldingItemSwitchMessage
0x081B1D68	thumb	DisplaySwitchedHeldItemMessage
0x081B1DB8	thumb	GiveItemToMon
0x081B1E00	thumb	TryTakeMonItem
0x081B1E48	thumb	BufferBagFullCantTakeItemMessage
0x081B1E60	thumb	Task_PartyMenuModifyHP
0x081B1F18	thumb	PartyMenuModifyHP
0x081B1FA8	thumb	ResetHPTaskData
0x081B2014	thumb	GetAilmentFromStatus
0x081B205C	thumb	GetMonAilment
0x081B209C	thumb	SetPartyMonsAllowedInMinigame
0x081B2134	thumb	IsMonAllowedInPokemonJump
0x081B2164	thumb	IsMonAllowedInDodrioBerryPicking
0x081B218C	thumb	IsMonAllowedInMinigame
0x081B21AC	thumb	TryEnterMonForMinigame
0x081B2210	thumb	CancelParticipationPrompt
0x081B2248	thumb	Task_CancelParticipationYesNo
0x081B227C	thumb	Task_HandleCancelParticipationYesNoInput
0x081B22D8	thumb	CanMonLearnTMTutor
0x081B2360	thumb	GetTutorMove
0x081B2370	thumb	CanLearnTutorMove
0x081B239C	thumb	InitPartyMenuWindows
0x081B2428	thumb	CreateCancelConfirmWindows
0x081B2564	thumb	GetPartyMenuPalBufferPtr
0x081B2578	thumb	BlitBitmapToPartyWindow
0x081B2658	thumb	BlitBitmapToPartyWindow_LeftColumn
0x081B26BC	thumb	BlitBitmapToPartyWindow_RightColumn
0x081B2720	thumb	DrawEmptySlot
0x081B2748	thumb	LoadPartyBoxPalette
0x081B2A3C	thumb	DisplayPartyPokemonBarDetail
0x081B2A70	thumb	DisplayPartyPokemonNickname
0x081B2AC8	thumb	DisplayPartyPokemonLevelCheck
0x081B2B40	thumb	DisplayPartyPokemonLevel
0x081B2B8C	thumb	DisplayPartyPokemonGenderNidoranCheck
0x081B2BF4	thumb	DisplayPartyPokemonGender
0x081B2CD4	thumb	DisplayPartyPokemonHPCheck
0x081B2D3C	thumb	DisplayPartyPokemonHP
0x081B2D74	thumb	DisplayPartyPokemonMaxHPCheck
0x081B2DDC	thumb	DisplayPartyPokemonMaxHP
0x081B2E28	thumb	DisplayPartyPokemonHPBarCheck
0x081B2E64	thumb	DisplayPartyPokemonHPBar
0x081B2FA8	thumb	DisplayPartyPokemonDescriptionText
0x081B302C	thumb	PartyMenuRemoveWindow
0x081B3054	thumb	DisplayPartyMenuStdMessage
0x081B314C	thumb	ShouldUseChooseMonText
0x081B31B0	thumb	DisplaySelectionWindow
0x081B3300	thumb	PrintMessage
0x081B334C	thumb	PartyMenuDisplayYesNoMenu
0x081B3364	thumb	CreateLevelUpStatsWindow
0x081B3394	thumb	RemoveLevelUpStatsWindow
0x081B33B4	thumb	SetPartyMonSelectionActions
0x081B3414	thumb	SetPartyMonFieldSelectionActions
0x081B353C	thumb	GetPartyMenuActionsType
0x081B3608	thumb	CreateSelectionWindow
0x081B36FC	thumb	Task_TryCreateSelectionWindow
0x081B3730	thumb	Task_HandleSelectionMenuInput
0x081B37FC	thumb	CursorCb_Summary
0x081B3828	thumb	CB2_ShowPokemonSummaryScreen
0x081B3894	thumb	CB2_ReturnToPartyMenuFromSummaryScreen
0x081B38DC	thumb	CursorCb_Switch
0x081B3938	thumb	SwitchSelectedMons
0x081B3AD8	thumb	TryMovePartySlot
0x081B3B40	thumb	MoveAndBufferPartySlot
0x081B3C0C	thumb	MovePartyMenuBoxSprites
0x081B3C60	thumb	SlidePartyMenuBoxSpritesOneStep
0x081B3CC0	thumb	SlidePartyMenuBoxOneStep
0x081B3D48	thumb	Task_SlideSelectedSlotsOffscreen
0x081B3E60	thumb	Task_SlideSelectedSlotsOnscreen
0x081B3F10	thumb	SwitchMenuBoxSprites
0x081B3FDC	thumb	SwitchPartyMon
0x081B407C	thumb	FinishTwoMonAction
0x081B40D4	thumb	CursorCb_Cancel1
0x081B4134	thumb	CursorCb_Item
0x081B4198	thumb	CursorCb_Give
0x081B41C4	thumb	CB2_SelectBagItemToGive
0x081B41F0	thumb	CB2_GiveHoldItem
0x081B42D0	thumb	Task_GiveHoldItem
0x081B4350	thumb	Task_SwitchHoldItemsPrompt
0x081B43A8	thumb	Task_SwitchItemsYesNo
0x081B43DC	thumb	Task_HandleSwitchItemsYesNoInput
0x081B44FC	thumb	Task_WriteMailToGiveMonAfterText
0x081B452C	thumb	CB2_WriteMailToGiveMon
0x081B4578	thumb	CB2_ReturnToPartyMenuFromWritingMail
0x081B4624	thumb	Task_DisplayGaveMailFromPartyMessage
0x081B469C	thumb	Task_UpdateHeldItemSprite
0x081B4724	thumb	CursorCb_TakeItem
0x081B47E0	thumb	CursorCb_Toss
0x081B48A8	thumb	Task_TossHeldItemYesNo
0x081B48DC	thumb	Task_HandleTossHeldItemYesNoInput
0x081B4988	thumb	Task_TossHeldItem
0x081B4A08	thumb	CursorCb_Mail
0x081B4A6C	thumb	CursorCb_Read
0x081B4A98	thumb	CB2_ReadHeldMail
0x081B4AE0	thumb	CB2_ReturnToPartyMenuFromReadingMail
0x081B4B20	thumb	CursorCb_TakeMail
0x081B4B6C	thumb	Task_SendMailToPCYesNo
0x081B4BA0	thumb	Task_HandleSendMailToPCYesNoInput
0x081B4C60	thumb	Task_LoseMailMessageYesNo
0x081B4C94	thumb	Task_HandleLoseMailMessageYesNoInput
0x081B4D78	thumb	CursorCb_Cancel2
0x081B4E2C	thumb	CursorCb_SendMon
0x081B4E8C	thumb	CursorCb_Enter
0x081B4F88	thumb	MoveCursorToConfirm
0x081B4FA8	thumb	CursorCb_NoEntry
0x081B50AC	thumb	CursorCb_Store
0x081B50C8	thumb	CursorCb_Register
0x081B51D4	thumb	CursorCb_Trade1
0x081B52E4	thumb	CursorCb_Trade2
0x081B53FC	thumb	Task_SpinTradeYesNo
0x081B5430	thumb	Task_HandleSpinTradeYesNoInput
0x081B5470	thumb	CursorCb_FieldMove
0x081B5674	thumb	DisplayFieldMoveExitAreaMessage
0x081B56A4	thumb	Task_FieldMoveExitAreaYesNo
0x081B56D8	thumb	Task_HandleFieldMoveExitAreaYesNoInput
0x081B5738	thumb	FieldCallback_PrepareFadeInFromMenu
0x081B5750	thumb	Task_FieldMoveWaitForFade
0x081B578C	thumb	GetFieldMoveMonSpecies
0x081B57B4	thumb	Task_CancelAfterAorBPress
0x081B57DC	thumb	DisplayCantUseFlashMessage
0x081B5804	thumb	FieldCallback_Surf
0x081B5820	thumb	SetUpFieldMove_Surf
0x081B5864	thumb	DisplayCantUseSurfMessage
0x081B5884	thumb	SetUpFieldMove_Fly
0x081B58A8	thumb	CB2_ReturnToPartyMenuFromFlyMap
0x081B58D4	thumb	FieldCallback_Waterfall
0x081B58F0	thumb	SetUpFieldMove_Waterfall
0x081B5958	thumb	FieldCallback_Dive
0x081B5974	thumb	SetUpFieldMove_Dive
0x081B59B4	thumb	CreatePartyMonIconSprite
0x081B5A2C	thumb	CreatePartyMonIconSpriteParameterized
0x081B5A8C	thumb	UpdateHPBar
0x081B5B38	thumb	UpdatePartyMonHPBar
0x081B5B6C	thumb	AnimateSelectedPartyIcon
0x081B5BDC	thumb	SpriteCB_BouncePartyMonIcon
0x081B5C08	thumb	SpriteCB_UpdatePartyMonIcon
0x081B5C14	thumb	CreatePartyMonHeldItemSprite
0x081B5C48	thumb	CreatePartyMonHeldItemSpriteParameterized
0x081B5C94	thumb	UpdatePartyMonHeldItemSprite
0x081B5CB0	thumb	ShowOrHideHeldItemSprite
0x081B5D30	thumb	LoadHeldItemIcons
0x081B5D4C	thumb	DrawHeldItemIconsForTrade
0x081B5DF0	thumb	CreateHeldItemSpriteForTrade
0x081B5E74	thumb	SpriteCB_HeldItem
0x081B5ECC	thumb	CreatePartyMonPokeballSprite
0x081B5EF4	thumb	CreatePartyMonPokeballSpriteParameterized
0x081B5F34	thumb	CreatePokeballButtonSprite
0x081B5F74	thumb	CreateSmallPokeballButtonSprite
0x081B5F98	thumb	PartyMenuStartSpriteAnim
0x081B5FBC	thumb	SpriteCB_BounceConfirmCancelButton
0x081B6040	thumb	LoadPartyMenuPokeballGfx
0x081B6064	thumb	CreatePartyMonStatusSprite
0x081B6098	thumb	CreatePartyMonStatusSpriteParameterized
0x081B60E4	thumb	SetPartyMonAilmentGfx
0x081B60FC	thumb	UpdatePartyMonAilmentGfx
0x081B6160	thumb	LoadPartyMenuAilmentGfx
0x081B617C	thumb	CB2_ShowPartyMenuForItemUse
0x081B6254	thumb	CB2_ReturnToBagMenu
0x081B6280	thumb	Task_SetSacredAshCB
0x081B62D0	thumb	IsHPRecoveryItem
0x081B6310	thumb	GetMedicineItemEffectMessage
0x081B64D0	thumb	NotUsingHPEVItemOnShedinja
0x081B6504	thumb	IsItemFlute
0x081B6520	thumb	ExecuteTableBasedItemEffect_
0x081B6588	thumb	ItemUseCB_Medicine
0x081B672C	thumb	Task_DisplayHPRestoredMessage
0x081B6794	thumb	Task_ClosePartyMenuAfterText
0x081B67C8	thumb	ItemUseCB_ReduceEV
0x081B691C	thumb	ItemEffectToMonEv
0x081B699C	thumb	ItemEffectToStatString
0x081B6A10	thumb	ShowMoveSelectWindow
0x081B6AB4	thumb	Task_HandleWhichMoveInput
0x081B6AFC	thumb	ItemUseCB_PPRecovery
0x081B6B80	thumb	SetSelectedMoveForPPItem
0x081B6BB4	thumb	ReturnToUseOnWhichMon
0x081B6BEC	thumb	TryUsePPItem
0x081B6CC0	thumb	ItemUseCB_PPUp
0x081B6CFC	thumb	ItemIdToBattleMoveId
0x081B6D14	thumb	IsMoveHm
0x081B6D44	thumb	MonKnowsMove
0x081B6D74	thumb	DisplayLearnMoveMessage
0x081B6D98	thumb	DisplayLearnMoveMessageAndClose
0x081B6DC4	thumb	ItemUseCB_TMHM
0x081B6EB4	thumb	Task_LearnedMove
0x081B6F60	thumb	Task_DoLearnedMoveFanfareAfterText
0x081B6F98	thumb	Task_LearnNextMoveOrClosePartyMenu
0x081B6FF4	thumb	Task_ReplaceMoveYesNo
0x081B7028	thumb	Task_HandleReplaceMoveYesNoInput
0x081B7088	thumb	Task_ShowSummaryScreenToForgetMove
0x081B70B8	thumb	CB2_ShowSummaryScreenToForgetMove
0x081B70F0	thumb	CB2_ReturnToPartyMenuWhileLearningMove
0x081B711C	thumb	Task_ReturnToPartyMenuWhileLearningMove
0x081B7154	thumb	DisplayPartyMenuForgotMoveMessage
0x081B71D4	thumb	Task_PartyMenuReplaceMove
0x081B7230	thumb	StopLearningMovePrompt
0x081B7294	thumb	Task_StopLearningMoveYesNo
0x081B72C8	thumb	Task_HandleStopLearningMoveYesNoInput
0x081B73E4	thumb	Task_TryLearningNextMoveAfterText
0x081B7404	thumb	ItemUseCB_RareCandy
0x081B754C	thumb	UpdateMonDisplayInfoAfterRareCandy
0x081B75D4	thumb	Task_DisplayLevelUpStatsPg1
0x081B7634	thumb	Task_DisplayLevelUpStatsPg2
0x081B767C	thumb	DisplayLevelUpStatsPg1
0x081B76C8	thumb	DisplayLevelUpStatsPg2
0x081B7704	thumb	Task_TryLearnNewMoves
0x081B77AC	thumb	Task_TryLearningNextMove
0x081B7810	thumb	PartyMenuTryEvolution
0x081B787C	thumb	DisplayMonNeedsToReplaceMove
0x081B7910	thumb	DisplayMonLearnedMove
0x081B79A0	thumb	BufferMonStatsToTaskData
0x081B79E8	thumb	ItemUseCB_SacredAsh
0x081B7A28	thumb	UseSacredAsh
0x081B7B4C	thumb	Task_SacredAshLoop
0x081B7C10	thumb	Task_SacredAshDisplayHPRestored
0x081B7C74	thumb	ItemUseCB_EvolutionStone
0x081B7CEC	thumb	GetItemEffectType
0x081B7E4C	thumb	TryTutorSelectedMon
0x081B7F34	thumb	CB2_PartyMenuFromStartMenu
0x081B7F60	thumb	CB2_ChooseMonToGiveItem
0x081B7FAC	thumb	TryGiveItemOrMailToSelectedMon
0x081B8044	thumb	GiveItemOrMailToSelectedMon
0x081B8088	thumb	GiveItemToSelectedMon
0x081B8104	thumb	Task_UpdateHeldItemSpriteAndClosePartyMenu
0x081B814C	thumb	CB2_WriteMailToGiveMonFromBag
0x081B81A8	thumb	CB2_ReturnToPartyOrBagMenuFromWritingMail
0x081B8230	thumb	Task_DisplayGaveMailFromBagMessage
0x081B82A0	thumb	Task_SwitchItemsFromBagYesNo
0x081B82D4	thumb	Task_HandleSwitchItemsFromBagYesNoInput
0x081B83B8	thumb	DisplayItemMustBeRemovedFirstMessage
0x081B83F0	thumb	RemoveItemToGiveFromBag
0x081B841C	thumb	ReturnGiveItemToBagOrPC
0x081B8448	thumb	ChooseMonToGiveMailFromMailbox
0x081B8474	thumb	TryGiveMailToSelectedMon
0x081B8518	thumb	InitChooseHalfPartyForBattle
0x081B8558	thumb	ClearSelectedPartyOrder
0x081B856C	thumb	GetPartySlotEntryStatus
0x081B85AC	thumb	GetBattleEntryEligibility
0x081B865C	thumb	CheckBattleEntriesAndGetMessage
0x081B8770	thumb	HasPartySlotAlreadyBeenSelected
0x081B879C	thumb	Task_ValidateChosenHalfParty
0x081B87E8	thumb	Task_ContinueChoosingHalfParty
0x081B8830	thumb	GetMaxBattleEntries
0x081B885C	thumb	GetMinBattleEntries
0x081B8888	thumb	GetBattleEntryLevelCap
0x081B88BC	thumb	GetFacilityCancelString
0x081B8904	thumb	ChooseMonForTradingBoard
0x081B892C	thumb	ChooseMonForMoveTutor
0x081B8958	thumb	ChooseMonForWirelessMinigame
0x081B8984	thumb	GetPartyLayoutFromBattleType
0x081B89AC	thumb	OpenPartyMenuInBattle
0x081B89F0	thumb	ChooseMonForInBattleItem
0x081B8A2C	thumb	GetPartyMenuActionsTypeInBattle
0x081B8A7C	thumb	TrySwitchInPokemon
0x081B8C68	thumb	BufferBattlePartyCurrentOrder
0x081B8C88	thumb	BufferBattlePartyOrder
0x081B8D64	thumb	BufferBattlePartyCurrentOrderBySide
0x081B8D88	thumb	BufferBattlePartyOrderBySide
0x081B8E80	thumb	SwitchPartyOrderLinkMulti
0x081B8F38	thumb	GetPartyIdFromBattleSlot
0x081B8F6C	thumb	SetPartyIdAtBattleSlot
0x081B8FB0	thumb	SwitchPartyMonSlots
0x081B8FEC	thumb	GetPartyIdFromBattlePartyId
0x081B9030	thumb	UpdatePartyToBattleOrder
0x081B9080	thumb	UpdatePartyToFieldOrder
0x081B90D0	thumb	SwitchAliveMonIntoLeadSlot
0x081B9140	thumb	CB2_SetUpExitToBattleScreen
0x081B9150	thumb	ShowPartyMenuToShowcaseMultiBattleParty
0x081B917C	thumb	Task_InitMultiPartnerPartySlideIn
0x081B91B4	thumb	Task_MultiPartnerPartySlideIn
0x081B9240	thumb	Task_WaitAfterMultiPartnerPartySlideIn
0x081B9270	thumb	MoveMultiPartyMenuBoxSprite
0x081B9294	thumb	SlideMultiPartyMenuBoxSpritesOneStep
0x081B9328	thumb	ChooseMonForDaycare
0x081B9354	thumb	ChoosePartyMonByMenuType
0x081B9390	thumb	BufferMonSelection
0x081B93C8	thumb	CB2_FadeFromPartyMenu
0x081B93E0	thumb	Task_PartyMenuWaitForFade
0x081B9404	thumb	ChooseContestMon
0x081B9424	thumb	Task_ChooseContestMon
0x081B9470	thumb	CB2_ChooseContestMon
0x081B94B0	thumb	ChoosePartyMon
0x081B94D0	thumb	Task_ChoosePartyMon
0x081B951C	thumb	ChooseMonForMoveRelearner
0x081B953C	thumb	Task_ChooseMonForMoveRelearner
0x081B9588	thumb	CB2_ChooseMonForMoveRelearner
0x081B95E0	thumb	DoBattlePyramidMonsHaveHeldItem
0x081B9620	thumb	BattlePyramidChooseMonHeldItems
0x081B9640	thumb	Task_BattlePyramidChooseMonHeldItems
0x081B968C	thumb	MoveDeleterChooseMoveToForget
0x081B96D0	thumb	GetNumMovesSelectedMonHas
0x081B9718	thumb	BufferMoveDeleterNicknameAndMove
0x081B9770	thumb	MoveDeleterForgetMove
0x081B97DC	thumb	ShiftMoveSlot
0x081B98DC	thumb	IsSelectedMonEgg
0x081B9918	thumb	IsLastMonThatKnowsSurf
0x081B99B4	thumb	CallVerdanturfTentFunction
0x081B99D4	thumb	InitVerdanturfTentChallenge
0x081B9A28	thumb	GetVerdanturfTentPrize
0x081B9A44	thumb	SetVerdanturfTentPrize
0x081B9A60	thumb	SetVerdanturfTentTrainerGfx
0x081B9A90	thumb	BufferVerdanturfTentTrainerIntro
0x081B9ABC	thumb	SaveVerdanturfTentChallenge
0x081B9B00	thumb	SetRandomVerdanturfTentPrize
0x081B9B28	thumb	GiveVerdanturfTentPrize
0x081B9B80	thumb	CallFallarborTentFunction
0x081B9BA0	thumb	InitFallarborTentChallenge
0x081B9BF4	thumb	GetFallarborTentPrize
0x081B9C10	thumb	SetFallarborTentPrize
0x081B9C2C	thumb	SaveFallarborTentChallenge
0x081B9C70	thumb	SetRandomFallarborTentPrize
0x081B9C98	thumb	GiveFallarborTentPrize
0x081B9CF0	thumb	BufferFallarborTentTrainerName
0x081B9D08	thumb	CallSlateportTentFunction
0x081B9D28	thumb	InitSlateportTentChallenge
0x081B9D7C	thumb	GetSlateportTentPrize
0x081B9D98	thumb	SetSlateportTentPrize
0x081B9DB4	thumb	SaveSlateportTentChallenge
0x081B9DF8	thumb	SetRandomSlateportTentPrize
0x081B9E20	thumb	GiveSlateportTentPrize
0x081B9E78	thumb	SelectInitialRentalMons
0x081B9E88	thumb	SwapRentalMons
0x081B9E94	thumb	InSlateportBattleTent
0x081B9EC0	thumb	GenerateInitialRentalMons
0x081BA040	thumb	GenerateOpponentMons
0x081BA250	thumb	FontFunc_Braille
0x081BA668	thumb	DecompressGlyph_Braille
0x081BA6CC	thumb	GetGlyphWidth_Braille
0x081BA6D0	thumb	MultiBootInit
0x081BA70C	thumb	MultiBootMain
0x081BAAFC	thumb	MultiBootSend
0x081BAB48	thumb	MultiBootStartProbe
0x081BAB6C	thumb	MultiBootStartMaster
0x081BAC30	thumb	MultiBootCheckComplete
0x081BAC44	thumb	MultiBootHandShake
0x081BAD30	thumb	MultiBootWaitCycles
0x081BAD48	thumb	MultiBootWaitSendDone
0x081BAD84	thumb	LoadBerryFixGraphics
0x081BADF0	thumb	PlayerPartnerDummy
0x081BADF4	thumb	SetControllerToPlayerPartner
0x081BAE10	thumb	PlayerPartnerBufferRunCommand
0x081BAE60	thumb	CompleteOnBattlerSpriteCallbackDummy
0x081BAE98	thumb	FreeTrainerSpriteAfterSlide
0x081BAF00	thumb	Intro_DelayAndEnd
0x081BAF48	thumb	Intro_WaitForHealthbox
0x081BB02C	thumb	Intro_ShowHealthbox
0x081BB1D4	thumb	WaitForMonAnimAfterLoad
0x081BB214	thumb	CompleteOnHealthbarDone
0x081BB284	thumb	CompleteOnInactiveTextPrinter
0x081BB29C	thumb	Task_GiveExpToMon
0x081BB414	thumb	Task_PrepareToGiveExpWithExpBar
0x081BB4E4	thumb	Task_GiveExpWithExpBar
0x081BB628	thumb	Task_LaunchLvlUpAnim
0x081BB688	thumb	Task_UpdateLvlInHealthbox
0x081BB740	thumb	DestroyExpTaskAndCompleteOnInactiveTextPrinter
0x081BB78C	thumb	FreeMonSpriteAfterFaintAnim
0x081BB828	thumb	FreeMonSpriteAfterSwitchOutAnim
0x081BB898	thumb	CompleteOnInactiveTextPrinter2
0x081BB8B0	thumb	DoHitAnimBlinkSpriteEffect
0x081BB92C	thumb	SwitchIn_ShowSubstitute
0x081BB9A0	thumb	SwitchIn_WaitAndEnd
0x081BB9F4	thumb	SwitchIn_ShowHealthbox
0x081BBAE8	thumb	SwitchIn_TryShinyAnim
0x081BBB8C	thumb	PlayerPartnerBufferExecCompleted
0x081BBC04	thumb	CompleteOnFinishedStatusAnimation
0x081BBC34	thumb	CompleteOnFinishedBattleAnimation
0x081BBC64	thumb	PlayerPartnerHandleGetMonData
0x081BBCD8	thumb	CopyPlayerPartnerMonData
0x081BC484	thumb	PlayerPartnerHandleGetRawMonData
0x081BC490	thumb	PlayerPartnerHandleSetMonData
0x081BC4E8	thumb	SetPlayerPartnerMonData
0x081BCEE4	thumb	PlayerPartnerHandleSetRawMonData
0x081BCF58	thumb	PlayerPartnerHandleLoadMonSprite
0x081BD074	thumb	PlayerPartnerHandleSwitchInAnim
0x081BD0E4	thumb	StartSendOutAnim
0x081BD260	thumb	PlayerPartnerHandleReturnMonToBall
0x081BD2F0	thumb	DoSwitchOutAnimation
0x081BD37C	thumb	PlayerPartnerHandleDrawTrainerPic
0x081BD5BC	thumb	PlayerPartnerHandleTrainerSlide
0x081BD5C8	thumb	PlayerPartnerHandleTrainerSlideBack
0x081BD674	thumb	PlayerPartnerHandleFaintAnimation
0x081BD760	thumb	PlayerPartnerHandlePaletteFade
0x081BD76C	thumb	PlayerPartnerHandleSuccessBallThrowAnim
0x081BD778	thumb	PlayerPartnerHandleBallThrowAnim
0x081BD784	thumb	PlayerPartnerHandlePause
0x081BD790	thumb	PlayerPartnerHandleMoveAnimation
0x081BD8C8	thumb	PlayerPartnerDoMoveAnimation
0x081BDA4C	thumb	PlayerPartnerHandlePrintString
0x081BDAA0	thumb	PlayerPartnerHandlePrintSelectionString
0x081BDAAC	thumb	PlayerPartnerHandleChooseAction
0x081BDABC	thumb	PlayerPartnerHandleYesNoBox
0x081BDAC8	thumb	PlayerPartnerHandleChooseMove
0x081BDB70	thumb	PlayerPartnerHandleChooseItem
0x081BDB7C	thumb	PlayerPartnerHandleChoosePokemon
0x081BDC04	thumb	PlayerPartnerHandleCmd23
0x081BDC10	thumb	PlayerPartnerHandleHealthBarUpdate
0x081BDD00	thumb	PlayerPartnerHandleExpUpdate
0x081BDD9C	thumb	PlayerPartnerHandleStatusIconUpdate
0x081BDE14	thumb	PlayerPartnerHandleStatusAnimation
0x081BDE7C	thumb	PlayerPartnerHandleStatusXor
0x081BDE88	thumb	PlayerPartnerHandleDataTransfer
0x081BDE94	thumb	PlayerPartnerHandleDMA3Transfer
0x081BDEA0	thumb	PlayerPartnerHandlePlayBGM
0x081BDEAC	thumb	PlayerPartnerHandleCmd32
0x081BDEB8	thumb	PlayerPartnerHandleTwoReturnValues
0x081BDEC4	thumb	PlayerPartnerHandleChosenMonReturnValue
0x081BDED0	thumb	PlayerPartnerHandleOneReturnValue
0x081BDEDC	thumb	PlayerPartnerHandleOneReturnValue_Duplicate
0x081BDEE8	thumb	PlayerPartnerHandleClearUnkVar
0x081BDF04	thumb	PlayerPartnerHandleSetUnkVar
0x081BDF3C	thumb	PlayerPartnerHandleClearUnkFlag
0x081BDF54	thumb	PlayerPartnerHandleToggleUnkFlag
0x081BDF7C	thumb	PlayerPartnerHandleHitAnimation
0x081BDFEC	thumb	PlayerPartnerHandleCantSwitch
0x081BDFF8	thumb	PlayerPartnerHandlePlaySE
0x081BE03C	thumb	PlayerPartnerHandlePlayFanfareOrBGM
0x081BE098	thumb	PlayerPartnerHandleFaintingCry
0x081BE0D8	thumb	PlayerPartnerHandleIntroSlide
0x081BE10C	thumb	PlayerPartnerHandleIntroTrainerBallThrow
0x081BE2C8	thumb	Task_StartSendOutAnim
0x081BE3D4	thumb	PlayerPartnerHandleDrawPartyStatusSummary
0x081BE498	thumb	EndDrawPartyStatusSummary
0x081BE4E0	thumb	PlayerPartnerHandleHidePartyStatusSummary
0x081BE530	thumb	PlayerPartnerHandleEndBounceEffect
0x081BE53C	thumb	PlayerPartnerHandleSpriteInvisibility
0x081BE59C	thumb	PlayerPartnerHandleBattleAnimation
0x081BE604	thumb	PlayerPartnerHandleLinkStandbyMsg
0x081BE610	thumb	PlayerPartnerHandleResetActionMoveSelection
0x081BE61C	thumb	PlayerPartnerHandleEndLinkBattle
0x081BE668	thumb	PlayerPartnerCmdEnd
0x081BE66C	thumb	IsMirageTowerVisible
0x081BE698	thumb	UpdateMirageTowerPulseBlend
0x081BE6AC	thumb	ClearMirageTowerPulseBlend
0x081BE6B8	thumb	TryStartMirageTowerPulseBlendEffect
0x081BE72C	thumb	ClearMirageTowerPulseBlendEffect
0x081BE79C	thumb	SetMirageTowerVisibility
0x081BE7F4	thumb	StartPlayerDescendMirageTower
0x081BE808	thumb	PlayerDescendMirageTower
0x081BE89C	thumb	StartScreenShake
0x081BE900	thumb	DoScreenShake
0x081BE968	thumb	IncrementCeilingCrumbleFinishedCount
0x081BE994	thumb	DoMirageTowerCeilingCrumble
0x081BE9C0	thumb	WaitCeilingCrumble
0x081BEA00	thumb	FinishCeilingCrumbleTask
0x081BEA20	thumb	CreateCeilingCrumbleSprites
0x081BEAD8	thumb	SpriteCB_CeilingCrumble
0x081BEB24	thumb	SetInvisibleMirageTowerMetatiles
0x081BEB54	thumb	StartMirageTowerDisintegration
0x081BEB68	thumb	StartMirageTowerShake
0x081BEB7C	thumb	StartMirageTowerFossilFallAndSink
0x081BEB90	thumb	SetBgShakeOffsets
0x081BEBB4	thumb	UpdateBgShake
0x081BEBF4	thumb	InitMirageTowerShake
0x081BED50	thumb	DoMirageTowerDisintegration
0x081BF028	thumb	Task_FossilFallAndSink
0x081BF248	thumb	SpriteCB_FallingFossil
0x081BF2B8	thumb	UpdateDisintegrationEffect
0x081BF384	thumb	CB2_InitBerryFixProgram
0x081BF3DC	thumb	BerryFix_Main
0x081BF5A4	thumb	BerryFix_GpuSet
0x081BF7A4	thumb	BerryFix_TrySetScene
0x081BF7E8	thumb	BerryFix_SetScene
0x081BF8D8	thumb	BerryFix_HideScene
0x081BF8EC	thumb	ShowPokemonSummaryScreen
0x081BFA38	thumb	ShowSelectMovePokemonSummaryScreen
0x081BFA80	thumb	ShowPokemonSummaryScreenHandleDeoxys
0x081BFAB4	thumb	MainCB2
0x081BFAD0	thumb	VBlank
0x081BFAE4	thumb	CB2_InitSummaryScreen
0x081BFB10	thumb	LoadGraphics
0x081BFE24	thumb	InitBGs
0x081BFEB0	thumb	DecompressGraphics
0x081C0098	thumb	CopyMonToSummaryStruct
0x081C00F0	thumb	ExtractMonDataToSummaryStruct
0x081C0348	thumb	SetDefaultTilemaps
0x081C0434	thumb	FreeSummaryScreen
0x081C044C	thumb	BeginCloseSummaryScreen
0x081C0484	thumb	CloseSummaryScreen
0x081C0510	thumb	Task_HandleInput
0x081C0604	thumb	ChangeSummaryPokemon
0x081C0704	thumb	Task_ChangeSummaryMon
0x081C08F8	thumb	AdvanceMonIndex
0x081C09B4	thumb	AdvanceMultiBattleMonIndex
0x081C0A50	thumb	IsValidToViewInMulti
0x081C0A8C	thumb	ChangePage
0x081C0B8C	thumb	PssScrollRight
0x081C0C68	thumb	PssScrollRightEnd
0x081C0CC4	thumb	PssScrollLeft
0x081C0D44	thumb	PssScrollLeftEnd
0x081C0E24	thumb	TryDrawExperienceProgressBar
0x081C0E48	thumb	SwitchToMoveSelection
0x081C0F44	thumb	Task_HandleInput_MoveSelect
0x081C1040	thumb	HasMoreThanOneMove
0x081C1070	thumb	ChangeSelectedMove
0x081C11F4	thumb	CloseMoveSelectMode
0x081C129C	thumb	SwitchToMovePositionSwitchMode
0x081C12E4	thumb	Task_HandleInput_MovePositionSwitch
0x081C13B0	thumb	ExitMovePositionSwitchMode
0x081C14BC	thumb	SwapMonMoves
0x081C15EC	thumb	SwapBoxMonMoves
0x081C171C	thumb	Task_SetHandleReplaceMoveInput
0x081C174C	thumb	Task_HandleReplaceMoveInput
0x081C18A8	thumb	CanReplaceMove
0x081C18F4	thumb	ShowCantForgetHMsWindow
0x081C1940	thumb	Task_HandleInputCantForgetHMsMoves
0x081C1B94	thumb	GetMoveSlotToReplace
0x081C1BA0	thumb	DrawPagination
0x081C1CB0	thumb	CopyNColumnsToTilemap
0x081C1DA4	thumb	PositionPowerAccSlidingWindow
0x081C1E20	thumb	Task_SlidePowerAccWindow
0x081C1EFC	thumb	PositionAppealJamSlidingWindow
0x081C1F80	thumb	Task_SlideAppealJamWindow
0x081C2074	thumb	PositionStatusSlidingWindow
0x081C20F0	thumb	Task_SlideStatusWindow
0x081C2194	thumb	TilemapFiveMovesDisplay
0x081C2228	thumb	DrawPokerusCuredSymbol
0x081C228C	thumb	SetMonPicBackgroundPalette
0x081C22CC	thumb	DrawExperienceProgressBar
0x081C240C	thumb	DrawContestMoveHearts
0x081C2524	thumb	LimitEggSummaryPageDisplay
0x081C2554	thumb	ResetWindows
0x081C25A4	thumb	PrintTextOnWindow
0x081C25E8	thumb	PrintMonInfo
0x081C2628	thumb	PrintNotEggInfo
0x081C2794	thumb	PrintEggInfo
0x081C27DC	thumb	PrintGenderSymbol
0x081C2838	thumb	PrintAOrBButtonIcon
0x081C286C	thumb	PrintPageNamesAndStats
0x081C2AFC	thumb	PutPageWindowTilemaps
0x081C2C38	thumb	ClearPageWindowTilemaps
0x081C2D2C	thumb	AddWindowFromTemplateList
0x081C2D68	thumb	RemoveWindowByIndex
0x081C2D9C	thumb	PrintPageSpecificText
0x081C2DE4	thumb	CreateTextPrinterTask
0x081C2E00	thumb	PrintInfoPageText
0x081C2E40	thumb	Task_PrintInfoPage
0x081C2EC4	thumb	PrintMonOTName
0x081C2F5C	thumb	PrintMonOTID
0x081C2FD8	thumb	PrintMonAbilityName
0x081C302C	thumb	PrintMonAbilityDescription
0x081C307C	thumb	BufferMonTrainerMemo
0x081C3194	thumb	PrintMonTrainerMemo
0x081C31C0	thumb	BufferNatureString
0x081C31F0	thumb	GetMetLevelString
0x081C3220	thumb	DoesMonOTMatchOwner
0x081C32BC	thumb	DidMonComeFromGBAGames
0x081C32E0	thumb	DidMonComeFromRSE
0x081C3304	thumb	IsInGamePartnerMon
0x081C335C	thumb	PrintEggOTName
0x081C33CC	thumb	PrintEggOTID
0x081C3428	thumb	PrintEggState
0x081C349C	thumb	PrintEggMemo
0x081C3530	thumb	PrintSkillsPageText
0x081C3554	thumb	Task_PrintSkillsPage
0x081C35E4	thumb	PrintHeldItemName
0x081C3690	thumb	PrintRibbonCount
0x081C3710	thumb	BufferLeftColumnStats
0x081C37D8	thumb	PrintLeftColumnStats
0x081C3808	thumb	BufferRightColumnStats
0x081C3890	thumb	PrintRightColumnStats
0x081C38C0	thumb	PrintExpPointsNextLevel
0x081C3984	thumb	PrintBattleMoves
0x081C39F0	thumb	Task_PrintBattleMoves
0x081C3B08	thumb	PrintMoveNameAndPP
0x081C3C5C	thumb	PrintMovePowerAndAccuracy
0x081C3D08	thumb	PrintContestMoves
0x081C3D54	thumb	Task_PrintContestMoves
0x081C3E2C	thumb	PrintContestMoveDescription
0x081C3E9C	thumb	PrintMoveDetails
0x081C3F44	thumb	PrintNewMoveDetailsOrCancelText
0x081C4064	thumb	AddAndFillMoveNamesWindow
0x081C40A0	thumb	SwapMovesNamesPP
0x081C4154	thumb	PrintHMMovesCantBeForgotten
0x081C4190	thumb	ResetSpriteIds
0x081C41C0	thumb	DestroySpriteInArray
0x081C4204	thumb	SetSpriteInvisibility
0x081C424C	thumb	HidePageSpecificSprites
0x081C4280	thumb	SetTypeIcons
0x081C42C8	thumb	CreateMoveTypeIcons
0x081C4318	thumb	SetTypeSpritePosAndPal
0x081C43A0	thumb	SetMonTypeIcons
0x081C4420	thumb	SetMoveTypeIcons
0x081C4484	thumb	SetContestMoveTypeIcons
0x081C44F0	thumb	SetNewMoveTypeIcon
0x081C4568	thumb	SwapMovesTypeSprites
0x081C45F4	thumb	LoadMonGfxAndSprite
0x081C4778	thumb	PlayMonCry
0x081C47B4	thumb	CreateMonSprite
0x081C4844	thumb	SpriteCB_Pokemon
0x081C488C	thumb	SummaryScreen_SetAnimDelayTaskId
0x081C4898	thumb	SummaryScreen_DestroyAnimDelayTask
0x081C48B4	thumb	IsMonAnimationFinished
0x081C48F0	thumb	StopPokemonAnimations
0x081C4984	thumb	CreateMonMarkingsSprite
0x081C49E0	thumb	RemoveAndCreateMonMarkingsSprite
0x081C4A08	thumb	CreateCaughtBallSprite
0x081C4A88	thumb	CreateSetStatusSprite
0x081C4AF8	thumb	CreateMoveSelectorSprites
0x081C4BE4	thumb	SpriteCB_MoveSelector
0x081C4C60	thumb	DestroyMoveSelectorSprites
0x081C4C84	thumb	SetMainMoveSelectorColor
0x081C4D18	thumb	KeepMoveSelectorVisible
0x081C4D70	thumb	LoadPokedexAreaMapGfx
0x081C4E90	thumb	TryShowPokedexAreaMap
0x081C4EB4	thumb	FreePokedexAreaMapBgNum
0x081C4ED0	thumb	PokedexAreaMapChangeBgY
0x081C4EEC	thumb	InitBattlePyramidBagCursorPosition
0x081C4EFC	thumb	CB2_PyramidBagMenuFromStartMenu
0x081C4F10	thumb	OpenBattlePyramidBagInBattle
0x081C4F24	thumb	ChooseItemsToTossFromPyramidBag
0x081C4F44	thumb	Task_ChooseItemsToTossFromPyramidBag
0x081C4F84	thumb	CB2_ReturnToPyramidBagMenu
0x081C4F98	thumb	GoToBattlePyramidBagMenu
0x081C501C	thumb	CB2_PyramidBag
0x081C5038	thumb	VBlankCB_PyramidBag
0x081C504C	thumb	CB2_LoadPyramidBagMenu
0x081C5078	thumb	LoadPyramidBagMenu
0x081C51DC	thumb	InitPyramidBagBgs
0x081C5238	thumb	LoadPyramidBagGfx
0x081C5314	thumb	SetBagItemsListTemplate
0x081C540C	thumb	CopyBagItemName
0x081C5460	thumb	BagCursorMoved
0x081C5518	thumb	PrintItemQuantity
0x081C55D8	thumb	PrintItemDescription
0x081C5674	thumb	AddScrollArrows
0x081C56CC	thumb	RemoveScrollArrow
0x081C56F8	thumb	CreatePyramidBagInputTask
0x081C5738	thumb	SwapItems
0x081C57A8	thumb	MovePyramidBagItemSlotInList
0x081C586C	thumb	CompactItems
0x081C5924	thumb	UpdatePyramidBagList
0x081C59BC	thumb	UpdatePyramidBagCursorPos
0x081C5A20	thumb	InitPyramidBagScroll
0x081C5A98	thumb	PrintSelectorArrow
0x081C5AB8	thumb	PrintSelectorArrowAtPos
0x081C5B14	thumb	CloseBattlePyramidBag
0x081C5B4C	thumb	Task_ClosePyramidBag
0x081C5BC8	thumb	Task_HandlePyramidBagInput
0x081C5D20	thumb	OpenContextMenu
0x081C5EAC	thumb	PrintMenuActionText_SingleRow
0x081C5F08	thumb	PrintMenuActionText_MultiRow
0x081C5F68	thumb	HandleMenuActionInput_SingleRow
0x081C5FE4	thumb	HandleMenuActionInput_2x2
0x081C616C	thumb	IsValidMenuAction
0x081C61A8	thumb	CloseMenuActionWindow
0x081C61E0	thumb	BagAction_UseOnField
0x081C6258	thumb	BagAction_Cancel
0x081C629C	thumb	SetTaskToMainPyramidBagInputHandler
0x081C62C4	thumb	BagAction_Toss
0x081C6350	thumb	AskConfirmToss
0x081C63D0	thumb	DontTossItem
0x081C6404	thumb	ShowNumToToss
0x081C645C	thumb	UpdateNumToToss
0x081C64B4	thumb	Task_ChooseHowManyToToss
0x081C654C	thumb	TossItem
0x081C65CC	thumb	Task_TossItem
0x081C6648	thumb	BagAction_Give
0x081C66AC	thumb	ShowCantHoldMessage
0x081C66EC	thumb	Task_WaitCloseErrorMessage
0x081C6714	thumb	Task_CloseBattlePyramidBagMessage
0x081C674C	thumb	TryCloseBagToGiveItem
0x081C679C	thumb	BagAction_UseInBattle
0x081C67CC	thumb	Task_BeginItemSwap
0x081C68B0	thumb	Task_ItemSwapHandleInput
0x081C6964	thumb	PerformItemSwap
0x081C6A14	thumb	CancelItemSwap
0x081C6A94	thumb	TryStoreHeldItemsInPyramidBag
0x081C6BD8	thumb	InitPyramidBagWindows
0x081C6C3C	thumb	PyramidBagPrint
0x081C6C94	thumb	PyramidBagPrint_Quantity
0x081C6CEC	thumb	DrawTossNumberWindow
0x081C6D08	thumb	GetMenuActionWindowId
0x081C6D24	thumb	OpenMenuActionWindowById
0x081C6D6C	thumb	CloseMenuActionWindowById
0x081C6DAC	thumb	CreatePyramidBagYesNo
0x081C6DD8	thumb	DisplayItemMessageInBattlePyramid
0x081C6E1C	thumb	CloseBattlePyramidBagTextWindow
0x081C6E38	thumb	FreeItemIconSprite
0x081C6E98	thumb	LoadPyramidBagPalette
0x081C6EF4	thumb	CreatePyramidBagSprite
0x081C6F20	thumb	ShakePyramidBag
0x081C6F68	thumb	SpriteCB_BagWaitForShake
0x081C6F90	thumb	ShowItemIcon
0x081C6FF8	thumb	FreeItemIconSpriteByAltId
0x081C700C	thumb	CreateSwapLine
0x081C7028	thumb	SetSwapLineInvisibility
0x081C704C	thumb	UpdateSwapLinePos
0x081C7078	thumb	CreateLoopedTask
0x081C70D8	thumb	IsLoopedTaskActive
0x081C7124	thumb	FuncIsActiveLoopedTask
0x081C7170	thumb	Task_RunLoopedTask
0x081C71E4	thumb	Task_RunLoopedTask_LinkMode
0x081C7250	thumb	CB2_InitPokeNav
0x081C72A4	thumb	OpenPokenavForTutorial
0x081C72BC	thumb	CB2_InitPokenavForTutorial
0x081C7334	thumb	FreePokenavResources
0x081C7360	thumb	InitPokenavResources
0x081C7388	thumb	AnyMonHasRibbon
0x081C7400	thumb	CB2_Pokenav
0x081C7418	thumb	VBlankCB_Pokenav
0x081C742C	thumb	Task_Pokenav
0x081C756C	thumb	SetActivePokenavMenu
0x081C75D4	thumb	IsActiveMenuLoopTaskActive_
0x081C75E0	thumb	GetCurrentMenuCB
0x081C75F4	thumb	InitKeys_
0x081C7600	thumb	SetVBlankCallback_
0x081C760C	thumb	SetPokenavVBlankCallback
0x081C761C	thumb	AllocSubstruct
0x081C763C	thumb	GetSubstructPtr
0x081C7650	thumb	FreePokenavSubstruct
0x081C767C	thumb	GetPokenavMode
0x081C7688	thumb	SetPokenavMode
0x081C7694	thumb	SetSelectedConditionSearch
0x081C76AC	thumb	GetSelectedConditionSearch
0x081C76B8	thumb	CanViewRibbonsMenu
0x081C76C4	thumb	InitPokenavMainMenu
0x081C76FC	thumb	PokenavMainMenuLoopedTaskIsActive
0x081C7710	thumb	ShutdownPokenav
0x081C7738	thumb	WaitForPokenavShutdownFade
0x081C7764	thumb	LoopedTask_InitPokenavMenu
0x081C7834	thumb	SetActiveMenuLoopTasks
0x081C7850	thumb	RunMainMenuLoopedTask
0x081C786C	thumb	IsActiveMenuLoopTaskActive
0x081C7880	thumb	SlideMenuHeaderUp
0x081C78A0	thumb	SlideMenuHeaderDown
0x081C78C0	thumb	MainMenuLoopedTaskIsBusy
0x081C78D4	thumb	LoopedTask_SlideMenuHeaderUp
0x081C791C	thumb	LoopedTask_SlideMenuHeaderDown
0x081C7944	thumb	CopyPaletteIntoBufferUnfaded
0x081C795C	thumb	Pokenav_AllocAndLoadPalettes
0x081C7990	thumb	PokenavFillPalette
0x081C79BC	thumb	PokenavCopyPalette
0x081C7AC0	thumb	PokenavFadeScreen
0x081C7B34	thumb	IsPaletteFadeActive
0x081C7B40	thumb	FadeToBlackExceptPrimary
0x081C7B54	thumb	InitBgTemplates
0x081C7B74	thumb	InitHelpBar
0x081C7BA4	thumb	PrintHelpBarText
0x081C7BE8	thumb	WaitForHelpBar
0x081C7BF8	thumb	DrawHelpBar
0x081C7C28	thumb	InitPokenavMainMenuResources
0x081C7C94	thumb	CleanupPokenavMainMenuResources
0x081C7CB4	thumb	SpriteCB_SpinningPokenav
0x081C7CCC	thumb	GetSpinningPokenavSprite
0x081C7CE4	thumb	HideSpinningPokenavSprite
0x081C7D28	thumb	CreateLeftHeaderSprites
0x081C7DFC	thumb	LoadLeftHeaderGfxForIndex
0x081C7E14	thumb	UpdateRegionMapRightHeaderTiles
0x081C7E58	thumb	LoadLeftHeaderGfxForMenu
0x081C7F24	thumb	LoadLeftHeaderGfxForSubMenu
0x081C7FA0	thumb	ShowLeftHeaderGfx
0x081C7FC4	thumb	HideMainOrSubMenuLeftHeader
0x081C7FDC	thumb	SetLeftHeaderSpritesInvisibility
0x081C8010	thumb	AreLeftHeaderSpritesMoving
0x081C803C	thumb	ShowLeftHeaderSprites
0x081C8088	thumb	ShowLeftHeaderSubmenuSprites
0x081C80D4	thumb	HideLeftHeaderSprites
0x081C8110	thumb	HideLeftHeaderSubmenuSprites
0x081C814C	thumb	MoveLeftHeader
0x081C817C	thumb	SpriteCB_MoveLeftHeader
0x081C81D4	thumb	CreatePokenavList
0x081C8224	thumb	IsCreatePokenavListTaskActive
0x081C8234	thumb	DestroyPokenavList
0x081C8254	thumb	LoopedTask_CreatePokenavList
0x081C82E4	thumb	InitPokenavListBg
0x081C835C	thumb	InitPokenavListWindow
0x081C837C	thumb	InitListItems
0x081C83AC	thumb	PrintListItems
0x081C83E0	thumb	IsPrintListItemsTaskActive
0x081C83F0	thumb	LoopedTask_PrintListItems
0x081C84A4	thumb	ShouldShowUpArrow
0x081C84C0	thumb	ShouldShowDownArrow
0x081C84E8	thumb	MoveListWindow
0x081C8568	thumb	CreateMoveListWindowTask
0x081C85A0	thumb	LoopedTask_MoveListWindow
0x081C8630	thumb	PokenavList_IsMoveWindowTaskActive
0x081C8644	thumb	GetPokenavListWindowState
0x081C8658	thumb	PokenavList_MoveCursorUp
0x081C868C	thumb	PokenavList_MoveCursorDown
0x081C86CC	thumb	PokenavList_PageUp
0x081C870C	thumb	PokenavList_PageDown
0x081C875C	thumb	PokenavList_GetSelectedIndex
0x081C8770	thumb	PokenavList_GetTopIndex
0x081C877C	thumb	PokenavList_EraseListForCheckPage
0x081C87AC	thumb	PrintCheckPageInfo
0x081C87F0	thumb	PokenavList_ReshowListFromCheckPage
0x081C8820	thumb	PokenavList_IsTaskActive
0x081C8838	thumb	PokenavList_DrawCurrentItemIcon
0x081C8870	thumb	LoopedTask_EraseListForCheckPage
0x081C8958	thumb	LoopedTask_PrintCheckPageInfo
0x081C8A28	thumb	LoopedTask_ReshowListFromCheckPage
0x081C8B70	thumb	EraseListEntry
0x081C8C64	thumb	SetListMarginTile
0x081C8CB4	thumb	PrintCheckPageTrainerName
0x081C8D4C	thumb	PrintMatchCallListTrainerName
0x081C8DBC	thumb	PrintMatchCallFieldNames
0x081C8E54	thumb	PrintMatchCallFlavorText
0x081C8ED0	thumb	LoadListArrowGfx
0x081C8EF8	thumb	CreateListArrowSprites
0x081C8FE0	thumb	DestroyListArrows
0x081C9008	thumb	ToggleListArrows
0x081C9080	thumb	SpriteCB_RightArrow
0x081C90A0	thumb	SpriteCB_DownArrow
0x081C90F4	thumb	SpriteCB_UpArrow
0x081C9148	thumb	PokenavList_ToggleVerticalArrows
0x081C9160	thumb	InitPokenavListWindowState
0x081C91AC	thumb	CopyPokenavListMenuTemplate
0x081C9268	thumb	GetPokenavMainMenuType
0x081C9298	thumb	PokenavCallback_Init_MainMenuCursorOnMap
0x081C92CC	thumb	PokenavCallback_Init_MainMenuCursorOnMatchCall
0x081C9304	thumb	PokenavCallback_Init_MainMenuCursorOnRibbons
0x081C9338	thumb	PokenavCallback_Init_ConditionMenu
0x081C9368	thumb	PokenavCallback_Init_ConditionSearchMenu
0x081C939C	thumb	SetMenuInputHandler
0x081C93EC	thumb	GetMainMenuInputHandler
0x081C941C	thumb	GetMenuHandlerCallback
0x081C9430	thumb	FreeMenuHandlerSubstruct1
0x081C943C	thumb	HandleMainMenuInput
0x081C9520	thumb	HandleMainMenuInputTutorial
0x081C9588	thumb	HandleMainMenuInputEndTutorial
0x081C9600	thumb	HandleCantOpenRibbonsInput
0x081C963C	thumb	HandleConditionMenuInput
0x081C96FC	thumb	HandleConditionSearchMenuInput
0x081C9798	thumb	CB2_ReturnToMainMenu
0x081C97A4	thumb	CB2_ReturnToConditionMenu
0x081C97B0	thumb	SetMenuIdAndCB
0x081C97BC	thumb	GetMenuId
0x081C97C0	thumb	ReturnToMainMenu
0x081C97F8	thumb	ReturnToConditionMenu
0x081C9814	thumb	UpdateMenuCursorPos
0x081C9894	thumb	GetPokenavMenuType
0x081C98A4	thumb	GetPokenavCursorPos
0x081C98B4	thumb	GetCurrentMenuItemId
0x081C98C4	thumb	GetHelpBarTextId
0x081C98D4	thumb	AreAnyTrainerRematchesNearby
0x081C9924	thumb	OpenPokenavMenuInitial
0x081C9940	thumb	OpenPokenavMenuNotInitial
0x081C9958	thumb	OpenPokenavMenu
0x081C9990	thumb	CreateMenuHandlerLoopedTask
0x081C99C0	thumb	IsMenuHandlerLoopedTaskActive
0x081C99D4	thumb	FreeMenuHandlerSubstruct2
0x081C99FC	thumb	GetCurrentLoopedTaskActive
0x081C9A10	thumb	LoopedTask_OpenMenu
0x081C9C6C	thumb	LoopedTask_MoveMenuCursor
0x081C9CA8	thumb	LoopedTask_OpenConditionMenu
0x081C9D44	thumb	LoopedTask_ReturnToMainMenu
0x081C9DD8	thumb	LoopedTask_OpenConditionSearchMenu
0x081C9E58	thumb	LoopedTask_ReturnToConditionMenu
0x081C9EC8	thumb	LoopedTask_SelectRibbonsNoWinners
0x081C9EF8	thumb	LoopedTask_ReShowDescription
0x081C9F28	thumb	LoopedTask_OpenPokenavFeature
0x081C9FC4	thumb	LoadPokenavOptionPalettes
0x081C9FEC	thumb	FreeAndDestroyMainMenuSprites
0x081CA02C	thumb	CreateMenuOptionSprites
0x081CA094	thumb	DestroyMenuOptionSprites
0x081CA0C8	thumb	DrawCurrentMenuOptionLabels
0x081CA0EC	thumb	DrawOptionLabelGfx
0x081CA20C	thumb	StartOptionAnimations_Enter
0x081CA278	thumb	StartOptionAnimations_CursorMoved
0x081CA2DC	thumb	StartOptionAnimations_Exit
0x081CA324	thumb	AreMenuOptionSpritesMoving
0x081CA35C	thumb	StartOptionSlide
0x081CA3B4	thumb	StartOptionZoom
0x081CA448	thumb	SetOptionInvisibility
0x081CA474	thumb	SpriteCB_OptionSlide
0x081CA4AC	thumb	SpriteCB_OptionZoom
0x081CA580	thumb	Task_OptionBlend
0x081CA640	thumb	CreateMatchCallBlueLightSprite
0x081CA698	thumb	DestroyRematchBlueLightSprite
0x081CA6AC	thumb	SpriteCB_BlinkingBlueLight
0x081CA6E0	thumb	AddOptionDescriptionWindow
0x081CA714	thumb	PrintCurrentOptionDescription
0x081CA770	thumb	PrintNoRibbonWinners
0x081CA7C4	thumb	IsDma3ManagerBusyWithBgCopy_
0x081CA7D4	thumb	CreateMovingBgDotsTask
0x081CA7F4	thumb	DestroyMovingDotsBgTask
0x081CA808	thumb	Task_MoveBgDots
0x081CA818	thumb	CreateBgDotPurplePalTask
0x081CA850	thumb	ChangeBgDotsColorToPurple
0x081CA864	thumb	CreateBgDotLightBluePalTask
0x081CA89C	thumb	IsTaskActive_UpdateBgDotsPalette
0x081CA8B0	thumb	Task_UpdateBgDotsPalette
0x081CA914	thumb	VBlankCB_PokenavMainMenu
0x081CA92C	thumb	SetupPokenavMenuScanlineEffects
0x081CA994	thumb	DestroyMenuOptionGlowTask
0x081CA9C8	thumb	ResetBldCnt
0x081CA9D8	thumb	InitMenuOptionGlow
0x081CA9EC	thumb	Task_CurrentMenuOptionGlow
0x081CAA3C	thumb	SetMenuOptionGlow
0x081CAADC	thumb	ResetBldCnt_
0x081CAAE8	thumb	PokenavCallback_Init_MatchCall
0x081CAB24	thumb	GetMatchCallCallback
0x081CAB38	thumb	FreeMatchCallSubstruct1
0x081CAB44	thumb	CB2_HandleMatchCallInput
0x081CABFC	thumb	GetExitMatchCallMenuId
0x081CAC04	thumb	CB2_HandleMatchCallOptionsInput
0x081CACB8	thumb	CB2_HandleCheckPageInput
0x081CACF8	thumb	CB2_HandleCallExitInput
0x081CAD20	thumb	LoopedTask_BuildMatchCallList
0x081CAE08	thumb	IsRematchEntryRegistered
0x081CAE28	thumb	IsMatchCallListInitFinished
0x081CAE38	thumb	GetNumberRegistered
0x081CAE48	thumb	GetNumSpecialTrainers
0x081CAE58	thumb	GetNumNormalTrainers
0x081CAE6C	thumb	GetNormalTrainerHeaderId
0x081CAE94	thumb	GetMatchCallList
0x081CAEA4	thumb	GetMatchCallMapSec
0x081CAEBC	thumb	ShouldDrawRematchPokeballIcon
0x081CAF04	thumb	GetMatchCallTrainerPic
0x081CAF78	thumb	GetMatchCallMessageText
0x081CAFD8	thumb	GetMatchCallFlavorText
0x081CB01C	thumb	GetMatchCallOptionCursorPos
0x081CB02C	thumb	GetMatchCallOptionId
0x081CB050	thumb	BufferMatchCallNameAndDesc
0x081CB0C8	thumb	GetMatchTableMapSectionId
0x081CB0E4	thumb	GetIndexDeltaOfNextCheckPageDown
0x081CB128	thumb	GetIndexDeltaOfNextCheckPageUp
0x081CB16C	thumb	HasRematchEntry
0x081CB1D0	thumb	ShouldDoNearbyMessage
0x081CB260	thumb	OpenMatchCall
0x081CB29C	thumb	CreateMatchCallLoopedTask
0x081CB2CC	thumb	IsMatchCallLoopedTaskActive
0x081CB2E0	thumb	FreeMatchCallSubstruct2
0x081CB310	thumb	GetCurrentLoopedTaskActive
0x081CB324	thumb	LoopedTask_OpenMatchCall
0x081CB510	thumb	MatchCallListCursorDown
0x081CB588	thumb	MatchCallListCursorUp
0x081CB600	thumb	MatchCallListPageDown
0x081CB678	thumb	MatchCallListPageUp
0x081CB6F0	thumb	SelectMatchCallEntry
0x081CB734	thumb	MoveMatchCallOptionsCursor
0x081CB75C	thumb	CancelMatchCallSelection
0x081CB7A0	thumb	DoMatchCallMessage
0x081CB824	thumb	DoTrainerCloseByMessage
0x081CB888	thumb	CloseMatchCallMessage
0x081CB93C	thumb	ShowCheckPage
0x081CB9C8	thumb	ShowCheckPageDown
0x081CBA68	thumb	ExitCheckPage
0x081CBAD4	thumb	ShowCheckPageUp
0x081CBB74	thumb	ExitMatchCall
0x081CBBB8	thumb	CreateMatchCallList
0x081CBC1C	thumb	DestroyMatchCallList
0x081CBC38	thumb	SetPokeballIconsFlashing
0x081CBC64	thumb	Task_FlashPokeballIcons
0x081CBCEC	thumb	TryDrawRematchPokeballIcon
0x081CBD48	thumb	ClearRematchPokeballIcon
0x081CBD78	thumb	DrawMatchCallLeftColumnWindows
0x081CBDC0	thumb	UpdateMatchCallInfoBox
0x081CBDF4	thumb	PrintNumberRegisteredLabel
0x081CBE0C	thumb	PrintNumberRegistered
0x081CBE38	thumb	PrintNumberOfBattlesLabel
0x081CBE50	thumb	PrintNumberOfBattles
0x081CBE88	thumb	PrintMatchCallInfoLabel
0x081CBEB4	thumb	PrintMatchCallInfoNumber
0x081CBEF8	thumb	PrintMatchCallLocation
0x081CBF60	thumb	PrintMatchCallSelectionOptions
0x081CBFC4	thumb	ShowOptionsCursor
0x081CBFF0	thumb	UpdateWindowsReturnToTrainerList
0x081CC004	thumb	IsDma3ManagerBusyWithBgCopy1
0x081CC014	thumb	UpdateWindowsToShowCheckPage
0x081CC034	thumb	LoadCallWindowAndFade
0x081CC058	thumb	DrawMsgBoxForMatchCallMsg
0x081CC09C	thumb	DrawMsgBoxForCloseByMsg
0x081CC0D0	thumb	IsDma3ManagerBusyWithBgCopy2
0x081CC0E0	thumb	PrintCallingDots
0x081CC104	thumb	WaitForCallingDotsText
0x081CC11C	thumb	PrintTrainerIsCloseBy
0x081CC140	thumb	WaitForTrainerIsCloseByText
0x081CC158	thumb	PrintMatchCallMessage
0x081CC194	thumb	WaitForMatchCallMessageText
0x081CC1DC	thumb	EraseCallMessageBox
0x081CC204	thumb	WaitForCallMessageBoxErase
0x081CC214	thumb	AllocMatchCallSprites
0x081CC2B4	thumb	FreeMatchCallSprites
0x081CC2F0	thumb	CreateOptionsCursorSprite
0x081CC330	thumb	CloseMatchCallSelectOptionsWindow
0x081CC344	thumb	UpdateCursorGfxPos
0x081CC34C	thumb	SpriteCB_OptionsCursor
0x081CC370	thumb	CreateTrainerPicSprite
0x081CC39C	thumb	LoadCheckPageTrainerPic
0x081CC420	thumb	TrainerPicSlideOffscreen
0x081CC42C	thumb	WaitForTrainerPic
0x081CC440	thumb	SpriteCB_TrainerPicSlideOnscreen
0x081CC4A4	thumb	SpriteCB_TrainerPicSlideOffscreen
0x081CC4D4	thumb	PokenavCallback_Init_RegionMap
0x081CC524	thumb	FreeRegionMapSubstruct1
0x081CC554	thumb	GetRegionMapCallback
0x081CC568	thumb	HandleRegionMapInput
0x081CC5B4	thumb	HandleRegionMapInputZoomDisabled
0x081CC5DC	thumb	GetExitRegionMapMenuId
0x081CC5E4	thumb	GetZoomDisabled
0x081CC5F4	thumb	OpenPokenavRegionMap
0x081CC62C	thumb	CreateRegionMapLoopedTask
0x081CC65C	thumb	IsRegionMapLoopedTaskActive
0x081CC670	thumb	FreeRegionMapSubstruct2
0x081CC6A4	thumb	VBlankCB_RegionMap
0x081CC6BC	thumb	GetCurrentLoopedTaskActive
0x081CC6D0	thumb	ShouldOpenRegionMapZoomed
0x081CC6F4	thumb	LoopedTask_OpenRegionMap
0x081CC848	thumb	LoopedTask_UpdateInfoAfterCursorMove
0x081CC878	thumb	LoopedTask_RegionMapZoomOut
0x081CC8D8	thumb	LoopedTask_RegionMapZoomIn
0x081CC95C	thumb	LoopedTask_ExitRegionMap
0x081CC9C0	thumb	LoadCityZoomViewGfx
0x081CC9EC	thumb	FreeCityZoomViewGfx
0x081CCA1C	thumb	LoadPokenavRegionMapGfx
0x081CCAFC	thumb	TryFreeTempTileDataBuffers
0x081CCB0C	thumb	UpdateMapSecInfoWindow
0x081CCC4C	thumb	IsDma3ManagerBusyWithBgCopy_
0x081CCC5C	thumb	ChangeBgYForZoom
0x081CCC88	thumb	IsChangeBgYForZoomActive
0x081CCC9C	thumb	Task_ChangeBgYForZoom
0x081CCD10	thumb	DecompressCityMaps
0x081CCD24	thumb	IsDecompressCityMapsActive
0x081CCD34	thumb	LoopedTask_DecompressCityMaps
0x081CCD70	thumb	DrawCityMap
0x081CCDE8	thumb	PrintLandmarkNames
0x081CCE58	thumb	CreateCityZoomTextSprites
0x081CCEF4	thumb	SpriteCB_CityZoomText
0x081CCF78	thumb	UpdateCityZoomTextPosition
0x081CCFA4	thumb	SetCityZoomTextInvisibility
0x081CCFD8	thumb	PokenavCallback_Init_ConditionGraph_Party
0x081CD024	thumb	PokenavCallback_Init_ConditionGraph_Search
0x081CD070	thumb	GetConditionGraphMenuCallback
0x081CD08C	thumb	HandleConditionMenuInput
0x081CD110	thumb	OpenMarkingsMenu
0x081CD19C	thumb	GetConditionReturnCallback
0x081CD1C0	thumb	FreeConditionGraphMenuSubstruct1
0x081CD1E4	thumb	ConditionGraphHandleDpadInput
0x081CD258	thumb	SwitchConditionSummaryIndex
0x081CD3C4	thumb	LoadConditionGraphMenuGfx
0x081CD548	thumb	LoadNextConditionMenuMonData
0x081CD5CC	thumb	CopyStringLeftAlignedToConditionData
0x081CD624	thumb	CopyConditionMonNameGender
0x081CD824	thumb	CopyMonNameGenderLocation
0x081CD970	thumb	InitPartyConditionListParameters
0x081CD9F8	thumb	InitSearchResultsConditionList
0x081CDA1C	thumb	GetMonConditionGraphData
0x081CDB98	thumb	ConditionGraphDrawMonPic
0x081CDC50	thumb	GetMonListCount
0x081CDC60	thumb	GetConditionGraphCurrentListIndex
0x081CDC70	thumb	GetConditionGraphPtr
0x081CDC84	thumb	GetConditionGraphMenuCurrentLoadIndex
0x081CDC9C	thumb	GetConditionGraphMenuToLoadListIndex
0x081CDCB4	thumb	GetConditionMonPicGfx
0x081CDCD4	thumb	GetConditionMonPal
0x081CDCEC	thumb	GetConditionGraphMenuToLoadId
0x081CDD04	thumb	GetConditionMonNameText
0x081CDD24	thumb	GetConditionMonLocationText
0x081CDD48	thumb	GetConditionMonDataBuffer
0x081CDD5C	thumb	IsConditionMenuSearchMode
0x081CDD7C	thumb	TryGetMonMarkId
0x081CDDB0	thumb	GetNumConditionMonSparkles
0x081CDDD4	thumb	OpenConditionGraphMenu
0x081CDE2C	thumb	CreateConditionGraphMenuLoopedTask
0x081CDE64	thumb	IsConditionGraphMenuLoopedTaskActive
0x081CDE80	thumb	GetConditionGraphMenuLoopedTaskActive
0x081CDE94	thumb	LoopedTask_OpenConditionGraphMenu
0x081CE2D0	thumb	LoopedTask_ExitConditionGraphMenu
0x081CE37C	thumb	LoopedTask_TransitionMons
0x081CE4D8	thumb	LoopedTask_MoveCursorNoTransition
0x081CE5E4	thumb	LoopedTask_SlideMonOut
0x081CE6BC	thumb	LoopedTask_OpenMonMarkingsWindow
0x081CE700	thumb	LoopedTask_CloseMonMarkingsWindow
0x081CE738	thumb	UnusedPrintNumberString
0x081CE754	thumb	UpdateConditionGraphMenuWindows
0x081CE934	thumb	CopyUnusedConditionWindowsToVram
0x081CE964	thumb	SpriteCB_PartyPokeball
0x081CE990	thumb	HighlightCurrentPartyIndexPokeball
0x081CE9C8	thumb	MonMarkingsCallback
0x081CE9E4	thumb	CreateMonMarkingsOrPokeballIndicators
0x081CEBF4	thumb	FreeConditionMenuGfx
0x081CECA0	thumb	FreeConditionGraphMenuSubstruct2
0x081CED10	thumb	MonPicGfxSpriteCallback
0x081CED30	thumb	CreateConditionMonPic
0x081CEE44	thumb	VBlankCB_PokenavConditionGraph
0x081CEE68	thumb	SetExitVBlank
0x081CEE74	thumb	ToggleGraphData
0x081CEE90	thumb	DoConditionGraphEnterTransition
0x081CEEC8	thumb	DoConditionGraphExitTransition
0x081CEF14	thumb	GetMonMarkingsData
0x081CEF3C	thumb	PokenavCallback_Init_ConditionSearch
0x081CEF98	thumb	PokenavCallback_Init_ReturnToMonSearchList
0x081CEFDC	thumb	GetConditionSearchResultsCallback
0x081CEFF0	thumb	FreeSearchResultSubstruct1
0x081CF010	thumb	HandleConditionSearchInput_WaitSetup
0x081CF030	thumb	HandleConditionSearchInput
0x081CF0B0	thumb	ReturnToConditionSearchList
0x081CF0B8	thumb	OpenConditionGraphFromSearchList
0x081CF0C0	thumb	GetReturningFromGraph
0x081CF0D0	thumb	GetSearchResultsMonDataList
0x081CF0E0	thumb	GetSearchResultsMonListCount
0x081CF0F0	thumb	GetSearchResultsSelectedMonRank
0x081CF10C	thumb	GetSearchResultsCurrentListIndex
0x081CF11C	thumb	GetConditionSearchLoopedTask
0x081CF134	thumb	BuildPartyMonSearchResults
0x081CF1C4	thumb	InitBoxMonSearchResults
0x081CF1D8	thumb	BuildBoxMonSearchResults
0x081CF278	thumb	ConvertConditionsToListRanks
0x081CF2C4	thumb	InsertMonListItem
0x081CF330	thumb	OpenConditionSearchResults
0x081CF368	thumb	OpenConditionSearchListFromGraph
0x081CF3A0	thumb	CreateSearchResultsLoopedTask
0x081CF3D0	thumb	IsSearchResultLoopedTaskActive
0x081CF3E4	thumb	GetSearchResultCurrentLoopedTaskActive
0x081CF3F8	thumb	FreeSearchResultSubstruct2
0x081CF418	thumb	LoopedTask_OpenConditionSearchResults
0x081CF578	thumb	LoopedTask_MoveSearchListCursorUp
0x081CF5F0	thumb	LoopedTask_MoveSearchListCursorDown
0x081CF668	thumb	LoopedTask_MoveSearchListPageUp
0x081CF6E0	thumb	LoopedTask_MoveSearchListPageDown
0x081CF758	thumb	LoopedTask_ExitConditionSearchMenu
0x081CF798	thumb	LoopedTask_SelectSearchResult
0x081CF7C8	thumb	AddSearchResultListMenuWindow
0x081CF7F4	thumb	PrintSearchResultListMenuItems
0x081CF88C	thumb	CreateSearchResultsList
0x081CF8E4	thumb	BufferSearchMonListItem
0x081CF9BC	thumb	PokenavCallback_Init_MonRibbonList
0x081CFA04	thumb	PokenavCallback_Init_RibbonsMonListFromSummary
0x081CFA34	thumb	GetRibbonsMonListCallback
0x081CFA48	thumb	FreeRibbonsMonList
0x081CFA68	thumb	HandleRibbonsMonListInput_WaitListInit
0x081CFA88	thumb	HandleRibbonsMonListInput
0x081CFB08	thumb	RibbonsMonMenu_ReturnToMainMenu
0x081CFB10	thumb	RibbonsMonMenu_ToSummaryScreen
0x081CFB18	thumb	UpdateMonListBgs
0x081CFB28	thumb	GetMonRibbonMonListData
0x081CFB38	thumb	GetRibbonsMonListCount
0x081CFB48	thumb	GetMonRibbonSelectedMonData
0x081CFB64	thumb	GetRibbonListMenuCurrIndex
0x081CFB74	thumb	GetMonRibbonListLoopTaskFunc
0x081CFB8C	thumb	BuildPartyMonRibbonList
0x081CFC2C	thumb	InitBoxMonRibbonList
0x081CFC40	thumb	BuildBoxMonRibbonList
0x081CFCEC	thumb	InsertMonListItem
0x081CFD58	thumb	PlayerHasRibbonsMon
0x081CFDD0	thumb	OpenRibbonsMonList
0x081CFE08	thumb	OpenRibbonsMonListFromRibbonsSummary
0x081CFE40	thumb	CreateRibbonsMonListLoopedTask
0x081CFE70	thumb	IsRibbonsMonListLoopedTaskActive
0x081CFE84	thumb	GetRibbonsMonCurrentLoopedTaskActive
0x081CFE98	thumb	FreeRibbonsMonMenu
0x081CFEB8	thumb	LoopedTask_OpenRibbonsMonList
0x081CFFFC	thumb	LoopedTask_RibbonsListMoveCursorUp
0x081D0074	thumb	LoopedTask_RibbonsListMoveCursorDown
0x081D00EC	thumb	LoopedTask_RibbonsListMovePageUp
0x081D0164	thumb	LoopedTask_RibbonsListMovePageDown
0x081D01DC	thumb	LoopedTask_RibbonsListReturnToMainMenu
0x081D021C	thumb	LoopedTask_RibbonsListOpenSummary
0x081D024C	thumb	AddRibbonsMonListWindow
0x081D0288	thumb	UpdateIndexNumberDisplay
0x081D02B0	thumb	DrawListIndexNumber
0x081D0304	thumb	CreateRibbonMonsList
0x081D035C	thumb	BufferRibbonMonInfoText
0x081D0450	thumb	PokenavCallback_Init_RibbonsSummaryMenu
0x081D04A0	thumb	GetRibbonsSummaryMenuCallback
0x081D04B8	thumb	FreeRibbonsSummaryScreen1
0x081D04C4	thumb	RibbonsSummaryHandleInput
0x081D0548	thumb	HandleExpandedRibbonInput
0x081D05D4	thumb	ReturnToRibbonsListFromSummary
0x081D05DC	thumb	TrySelectRibbonUp
0x081D061C	thumb	TrySelectRibbonDown
0x081D0664	thumb	TrySelectRibbonLeft
0x081D0688	thumb	TrySelectRibbonRight
0x081D06C4	thumb	GetRibbonsSummaryCurrentIndex
0x081D06D4	thumb	GetRibbonsSummaryMonListCount
0x081D06E4	thumb	GetMonNicknameLevelGender
0x081D0760	thumb	GetMonSpeciesPersonalityOtId
0x081D07D8	thumb	GetCurrMonRibbonCount
0x081D0814	thumb	GetMonRibbons
0x081D0914	thumb	GetNormalRibbonIds
0x081D092C	thumb	GetGiftRibbonIds
0x081D0944	thumb	GetSelectedPosition
0x081D0954	thumb	GetRibbonId
0x081D0978	thumb	OpenRibbonsSummaryMenu
0x081D09B0	thumb	CreateRibbonsSummaryLoopedTask
0x081D09E0	thumb	IsRibbonsSummaryLoopedTaskActive
0x081D09F4	thumb	FreeRibbonsSummaryScreen2
0x081D0A58	thumb	GetCurrentLoopedTaskActive
0x081D0A6C	thumb	LoopedTask_OpenRibbonsSummaryMenu
0x081D0C54	thumb	LoopedTask_ExitRibbonsSummaryMenu
0x081D0C84	thumb	LoopedTask_SwitchRibbonsSummaryMon
0x081D0D2C	thumb	LoopedTask_ExpandSelectedRibbon
0x081D0D8C	thumb	LoopedTask_MoveRibbonsCursorExpanded
0x081D0E00	thumb	LoopedTask_ShrinkExpandedRibbon
0x081D0E60	thumb	AddRibbonCountWindow
0x081D0E84	thumb	PrintCurrentMonRibbonCount
0x081D0EFC	thumb	PrintRibbonNameAndDescription
0x081D0FCC	thumb	AddRibbonSummaryMonNameWindow
0x081D0FF0	thumb	PrintRibbbonsSummaryMonInfo
0x081D10A4	thumb	AddRibbonListIndexWindow
0x081D10D0	thumb	PrintRibbonsMonListIndex
0x081D1148	thumb	ResetSpritesAndDrawMonFrontPic
0x081D1178	thumb	DestroyRibbonsMonFrontPic
0x081D1184	thumb	DrawRibbonsMonFrontPic
0x081D11D8	thumb	SlideMonSpriteOff
0x081D11FC	thumb	SlideMonSpriteOn
0x081D1234	thumb	IsMonSpriteAnimating
0x081D1258	thumb	StartMonSpriteSlide
0x081D1284	thumb	SpriteCB_MonSpriteSlide
0x081D12D8	thumb	DrawAllRibbonsSmall
0x081D1350	thumb	ClearRibbonsSummaryBg
0x081D1370	thumb	DrawRibbonSmall
0x081D13BC	thumb	BufferSmallRibbonGfxData
0x081D13FC	thumb	CreateBigRibbonSprite
0x081D1448	thumb	UpdateAndZoomInSelectedRibbon
0x081D1500	thumb	ZoomOutSelectedRibbon
0x081D1524	thumb	IsRibbonAnimating
0x081D1538	thumb	SpriteCB_WaitForRibbonAnimation
0x081D1574	thumb	MatchCallGetFunctionIndex
0x081D15BC	thumb	GetTrainerIdxByRematchIdx
0x081D15CC	thumb	GetRematchIdxByTrainerIdx
0x081D15F4	thumb	MatchCall_GetEnabled
0x081D1628	thumb	MatchCall_GetEnabled_NPC
0x081D164C	thumb	MatchCall_GetEnabled_Trainer
0x081D1670	thumb	MatchCall_GetEnabled_Wally
0x081D1694	thumb	MatchCall_GetEnabled_Rival
0x081D16CC	thumb	MatchCall_GetEnabled_Birch
0x081D16DC	thumb	MatchCall_GetMapSec
0x081D1714	thumb	MatchCall_GetMapSec_NPC
0x081D1718	thumb	MatchCall_GetMapSec_Trainer
0x081D171C	thumb	MatchCall_GetMapSec_Wally
0x081D1750	thumb	MatchCall_GetMapSec_Rival
0x081D1754	thumb	MatchCall_GetMapSec_Birch
0x081D1758	thumb	MatchCall_IsRematchable
0x081D178C	thumb	MatchCall_IsRematchable_NPC
0x081D1790	thumb	MatchCall_IsRematchable_Trainer
0x081D17C0	thumb	MatchCall_IsRematchable_Wally
0x081D17E0	thumb	MatchCall_IsRematchable_Rival
0x081D17E4	thumb	MatchCall_IsRematchable_Birch
0x081D17E8	thumb	MatchCall_HasCheckPage
0x081D1840	thumb	MatchCall_HasCheckPage_NPC
0x081D1844	thumb	MatchCall_HasCheckPage_Trainer
0x081D1848	thumb	MatchCall_HasCheckPage_Wally
0x081D184C	thumb	MatchCall_HasCheckPage_Rival
0x081D1850	thumb	MatchCall_HasCheckPage_Birch
0x081D1854	thumb	MatchCall_GetRematchTableIdx
0x081D1888	thumb	MatchCall_GetRematchTableIdx_NPC
0x081D188C	thumb	MatchCall_GetRematchTableIdx_Trainer
0x081D1890	thumb	MatchCall_GetRematchTableIdx_Wally
0x081D1894	thumb	MatchCall_GetRematchTableIdx_Rival
0x081D1898	thumb	MatchCall_GetRematchTableIdx_Birch
0x081D189C	thumb	MatchCall_GetMessage
0x081D18D0	thumb	MatchCall_GetMessage_NPC
0x081D18DC	thumb	MatchCall_GetMessage_Trainer
0x081D18FC	thumb	MatchCall_GetMessage_Wally
0x081D1908	thumb	MatchCall_GetMessage_Rival
0x081D1914	thumb	MatchCall_GetMessage_Birch
0x081D1920	thumb	MatchCall_BufferCallMessageText
0x081D199C	thumb	MatchCall_BufferCallMessageTextByRematchTeam
0x081D1A78	thumb	MatchCall_GetNameAndDesc
0x081D1AB0	thumb	MatchCall_GetNameAndDesc_NPC
0x081D1ABC	thumb	MatchCall_GetNameAndDesc_Trainer
0x081D1ADC	thumb	MatchCall_GetNameAndDesc_Wally
0x081D1AF4	thumb	MatchCall_GetNameAndDesc_Rival
0x081D1B00	thumb	MatchCall_GetNameAndDesc_Birch
0x081D1B0C	thumb	MatchCall_GetNameAndDescByRematchIdx
0x081D1B40	thumb	MatchCall_GetOverrideFlavorText
0x081D1BD0	thumb	MatchCall_GetOverrideFacilityClass
0x081D1BF8	thumb	MatchCall_HasRematchId
0x081D1C20	thumb	SetMatchCallRegisteredFlag
0x081D1C44	thumb	MailboxMenu_Alloc
0x081D1C84	thumb	MailboxMenu_AddWindow
0x081D1D04	thumb	MailboxMenu_RemoveWindow
0x081D1D34	thumb	MailboxMenu_GetWindowId
0x081D1D44	thumb	MailboxMenu_ItemPrintFunc
0x081D1DC0	thumb	MailboxMenu_CreateList
0x081D1E7C	thumb	MailboxMenu_MoveCursorFunc
0x081D1E90	thumb	MailboxMenu_AddScrollArrows
0x081D1EC0	thumb	MailboxMenu_Free
0x081D1ED4	thumb	ConditionGraph_Init
0x081D1F84	thumb	ConditionGraph_SetNewPositions
0x081D2074	thumb	ConditionGraph_TryUpdate
0x081D20AC	thumb	ConditionGraph_InitResetScanline
0x081D20BC	thumb	ConditionGraph_ResetScanline
0x081D2108	thumb	ConditionGraph_Draw
0x081D21DC	thumb	ConditionGraph_InitWindow
0x081D2230	thumb	ConditionGraph_Update
0x081D2278	thumb	ConditionGraph_CalcLine
0x081D24A4	thumb	ConditionGraph_CalcRightHalf
0x081D2634	thumb	ConditionGraph_CalcLeftHalf
0x081D2754	thumb	ConditionGraph_CalcPositions
0x081D2824	thumb	InitMoveRelearnerWindows
0x081D28C4	thumb	MoveRelearnerDummy
0x081D28C8	thumb	LoadMoveRelearnerMovesList
0x081D28FC	thumb	MoveRelearnerLoadBattleMoveDescription
0x081D2ACC	thumb	MoveRelearnerMenuLoadContestMoveDescription
0x081D2BD0	thumb	MoveRelearnerCursorCallback
0x081D2BF4	thumb	MoveRelearnerPrintMessage
0x081D2C3C	thumb	MoveRelearnerRunTextPrinters
0x081D2C50	thumb	MoveRelearnerCreateYesNoMenu
0x081D2C68	thumb	GetBoxOrPartyMonData
0x081D2CD0	thumb	GetConditionMenuMonString
0x081D2E7C	thumb	BufferConditionMenuSpacedStringN
0x081D2ED4	thumb	GetConditionMenuMonNameAndLocString
0x081D2F78	thumb	GetConditionMenuMonConditions
0x081D3094	thumb	GetConditionMenuMonGfx
0x081D312C	thumb	MoveConditionMonOnscreen
0x081D3150	thumb	MoveConditionMonOffscreen
0x081D3178	thumb	ConditionMenu_UpdateMonEnter
0x081D31A4	thumb	ConditionMenu_UpdateMonExit
0x081D31D0	thumb	LoadConditionMonPicTemplate
0x081D321C	thumb	LoadConditionSelectionIcons
0x081D32B0	thumb	LoadConditionSparkle
0x081D32D4	thumb	SpriteCB_ConditionSparkle_DoNextAfterDelay
0x081D32F4	thumb	SpriteCB_ConditionSparkle_WaitForAllAnim
0x081D3314	thumb	SetConditionSparklePosition
0x081D338C	thumb	InitConditionSparkles
0x081D3408	thumb	SetNextConditionSparkle
0x081D3464	thumb	ResetConditionSparkleSprites
0x081D3480	thumb	CreateConditionSparkleSprites
0x081D3520	thumb	DestroyConditionSparkleSprites
0x081D354C	thumb	FreeConditionSparkles
0x081D3564	thumb	SpriteCB_ConditionSparkle
0x081D35E8	thumb	ShowAllConditionSparkles
0x081D3640	thumb	DrawLevelUpWindowPg1
0x081D3784	thumb	DrawLevelUpWindowPg2
0x081D388C	thumb	GetMonLevelUpWindowStats
0x081D38D4	thumb	GetTrainerHillUnkVal
0x081D38FC	thumb	ValidateTrainerChecksum
0x081D3920	thumb	ValidateTrainerHillData
0x081D396C	thumb	ValidateTrainerHillChecksum
0x081D3998	thumb	TryWriteTrainerHill_Internal
0x081D3AB0	thumb	TryWriteTrainerHill
0x081D3AD8	thumb	TryReadTrainerHill_Internal
0x081D3B0C	thumb	TryReadTrainerHill
0x081D3B34	thumb	ReadTrainerHillAndValidate
0x081D3B54	thumb	EReader_Send
0x081D3BE8	thumb	EReader_Recv
0x081D3C7C	thumb	CloseSerial
0x081D3CBC	thumb	OpenSerialMulti
0x081D3D34	thumb	OpenSerial32
0x081D3D70	thumb	EReaderHandleTransfer
0x081D3EE8	thumb	DetermineSendRecvState
0x081D3F1C	thumb	SetUpTransferManager
0x081D3F68	thumb	StartTm3
0x081D3F9C	thumb	EReaderHelper_Timer3Callback
0x081D3FAC	thumb	EReaderHelper_SerialCallback
0x081D413C	thumb	EnableSio
0x081D414C	thumb	DisableTm3
0x081D4170	thumb	GetKeyInput
0x081D41A0	thumb	EReaderHelper_SaveRegsState
0x081D41F4	thumb	EReaderHelper_RestoreRegsState
0x081D4238	thumb	EReaderHelper_ClearSendRecvMgr
0x081D4258	thumb	GetMewObjectEventId
0x081D427C	thumb	GetMewMoveDirection
0x081D4834	thumb	CanMewMoveToCoords
0x081D4890	thumb	GetValidMewMoveDirection
0x081D4998	thumb	UpdateFarawayIslandStepCounter
0x081D49E8	thumb	ObjectEventIsFarawayIslandMew
0x081D4A14	thumb	IsMewPlayingHideAndSeek
0x081D4A58	thumb	ShouldMewShakeGrass
0x081D4A90	thumb	SetMewAboveGrass
0x081D4BEC	thumb	DestroyMewEmergingGrassSprite
0x081D4C14	thumb	ShouldMewMoveNorth
0x081D4C58	thumb	ShouldMewMoveEast
0x081D4C9C	thumb	ShouldMewMoveSouth
0x081D4CE0	thumb	ShouldMewMoveWest
0x081D4D24	thumb	GetRandomMewDirectionCandidate
0x081D4D50	thumb	EReader_Load
0x081D4DB8	thumb	EReader_Reset
0x081D4DE8	thumb	EReader_Transfer
0x081D4E30	thumb	OpenEReaderLink
0x081D4E60	thumb	ValidateEReaderConnection
0x081D4EC0	thumb	IsChildConnected
0x081D4EE4	thumb	TryReceiveCard
0x081D5014	thumb	CreateEReaderTask
0x081D505C	thumb	ResetTimer
0x081D5064	thumb	UpdateTimer
0x081D5084	thumb	Task_EReader
0x081D5494	thumb	CallTrainerHillFunction
0x081D54BC	thumb	ResetTrainerHillResults
0x081D5520	thumb	GetFloorId
0x081D5530	thumb	GetTrainerHillOpponentClass
0x081D5554	thumb	GetTrainerHillTrainerName
0x081D5588	thumb	GetTrainerHillTrainerFrontSpriteId
0x081D55D0	thumb	InitTrainerHillBattleStruct
0x081D5694	thumb	FreeTrainerHillBattleStruct
0x081D56B0	thumb	SetUpDataStruct
0x081D5710	thumb	FreeDataStruct
0x081D572C	thumb	CopyTrainerHillTrainerText
0x081D581C	thumb	TrainerHillStartChallenge
0x081D58D8	thumb	GetOwnerState
0x081D5924	thumb	GiveChallengePrize
0x081D59D0	thumb	CheckFinalTime
0x081D5A70	thumb	TrainerHillResumeTimer
0x081D5AB4	thumb	TrainerHillSetPlayerLost
0x081D5AD0	thumb	TrainerHillGetChallengeStatus
0x081D5B2C	thumb	BufferChallengeTime
0x081D5BBC	thumb	GetAllFloorsUsed
0x081D5C00	thumb	GetInEReaderMode
0x081D5C18	thumb	InTrainerHillChallenge
0x081D5C5C	thumb	IsTrainerHillChallengeActive
0x081D5C84	thumb	TrainerHillDummy_Unused
0x081D5C88	thumb	TrainerHillDummy
0x081D5C8C	thumb	PrintOnTrainerHillRecordsWindow
0x081D5DF0	thumb	GetTimerValue
0x081D5DF4	thumb	SetTimerValue
0x081D5DF8	thumb	LoadTrainerHillObjectEventTemplates
0x081D5F48	thumb	LoadTrainerHillFloorObjectEventScripts
0x081D5F58	thumb	GetMapDataForFloor
0x081D5FB4	thumb	GenerateTrainerHillFloorLayout
0x081D6074	thumb	InTrainerHill
0x081D609C	thumb	GetCurrentTrainerHillMapId
0x081D6100	thumb	OnTrainerHillRoof
0x081D6120	thumb	SetWarpDestinationTrainerHill4F
0x081D6134	thumb	SetWarpDestinationTrainerHillFinalFloor
0x081D6180	thumb	LocalIdToHillTrainerId
0x081D619C	thumb	GetHillTrainerFlag
0x081D61E8	thumb	SetHillTrainerFlag
0x081D62AC	thumb	GetTrainerHillTrainerScript
0x081D62B4	thumb	ShowTrainerHillPostBattleText
0x081D62CC	thumb	CreateNPCTrainerHillParty
0x081D6384	thumb	FillHillTrainerParty
0x081D639C	thumb	FillHillTrainersParties
0x081D63C4	thumb	GetTrainerHillAIFlags
0x081D63C8	thumb	GetTrainerEncounterMusicIdInTrainerHill
0x081D642C	thumb	SetTrainerHillMonLevel
0x081D6490	thumb	GetNumFloorsInTrainerHillChallenge
0x081D64AC	thumb	SetAllTrainerFlags
0x081D64C0	thumb	TryLoadTrainerHillEReaderPalette
0x081D64DC	thumb	GetGameSaved
0x081D64FC	thumb	SetGameSaved
0x081D6518	thumb	ClearGameSaved
0x081D6534	thumb	OnTrainerHillEReaderChallengeFloor
0x081D6568	thumb	GetChallengeWon
0x081D65A0	thumb	TrainerHillSetMode
0x081D65E8	thumb	GetPrizeListId
0x081D6640	thumb	GetPrizeItemId
0x081D6720	thumb	DoRayquazaScene
0x081D6774	thumb	CB2_InitRayquazaScene
0x081D67D0	thumb	CB2_RayquazaScene
0x081D67EC	thumb	VBlankCB_RayquazaScene
0x081D6800	thumb	Task_EndAfterFadeScreen
0x081D6840	thumb	Task_SetNextAnim
0x081D68C8	thumb	SetWindowsHideVertBorders
0x081D6904	thumb	ResetWindowDimensions
0x081D691C	thumb	Task_HandleDuoFightPre
0x081D6984	thumb	DuoFightPre_CreateGroudonSprites
0x081D6A20	thumb	SpriteCB_DuoFightPre_Groudon
0x081D6B7C	thumb	DuoFightPre_CreateKyogreSprites
0x081D6D20	thumb	SpriteCB_DuoFightPre_Kyogre
0x081D6FD0	thumb	VBlankCB_DuoFight
0x081D6FE0	thumb	InitDuoFightSceneBgs
0x081D706C	thumb	LoadDuoFightSceneGfx
0x081D7134	thumb	Task_DuoFightAnim
0x081D7228	thumb	Task_DuoFight_AnimateClouds
0x081D736C	thumb	Task_HandleDuoFight
0x081D7438	thumb	DuoFight_Lightning1
0x081D7480	thumb	DuoFight_Lightning2
0x081D74C8	thumb	DuoFight_LightningLong
0x081D750C	thumb	DuoFight_AnimateRain
0x081D752C	thumb	DuoFight_PanOffScene
0x081D75B4	thumb	DuoFightEnd
0x081D7600	thumb	Task_DuoFightEnd
0x081D7664	thumb	DuoFight_CreateGroudonSprites
0x081D7700	thumb	SpriteCB_DuoFight_Groudon
0x081D7860	thumb	DuoFight_SlideGroudonDown
0x081D78BC	thumb	DuoFight_CreateKyogreSprites
0x081D7A60	thumb	SpriteCB_DuoFight_Kyogre
0x081D7D14	thumb	DuoFight_SlideKyogreDown
0x081D7E10	thumb	InitTakesFlightSceneBgs
0x081D7E9C	thumb	LoadTakesFlightSceneGfx
0x081D7F4C	thumb	Task_RayTakesFlightAnim
0x081D7FC0	thumb	Task_HandleRayTakesFlight
0x081D8164	thumb	Task_RayTakesFlightEnd
0x081D81A4	thumb	Task_TakesFlight_CreateSmoke
0x081D8260	thumb	SpriteCB_TakesFlight_Smoke
0x081D82B0	thumb	InitDescendsSceneBgs
0x081D8358	thumb	LoadDescendsSceneGfx
0x081D844C	thumb	HBlankCB_RayDescends
0x081D84EC	thumb	Task_RayDescendsAnim
0x081D857C	thumb	Task_HandleRayDescends
0x081D8684	thumb	Task_RayDescendsEnd
0x081D86CC	thumb	CreateDescendsRayquazaSprite
0x081D874C	thumb	SpriteCB_Descends_Rayquaza
0x081D8828	thumb	InitChargesSceneBgs
0x081D88D0	thumb	LoadChargesSceneGfx
0x081D8980	thumb	Task_RayChargesAnim
0x081D89E0	thumb	Task_HandleRayCharges
0x081D8AD8	thumb	Task_RayCharges_ShakeRayquaza
0x081D8B2C	thumb	Task_RayCharges_FlyOffscreen
0x081D8BB4	thumb	RayCharges_AnimateBg
0x081D8BEC	thumb	Task_RayChargesEnd
0x081D8C38	thumb	InitChasesAwaySceneBgs
0x081D8CC4	thumb	LoadChasesAwaySceneGfx
0x081D8DB4	thumb	Task_RayChasesAwayAnim
0x081D8E80	thumb	Task_HandleRayChasesAway
0x081D8FB0	thumb	Task_ChasesAway_AnimateBg
0x081D9034	thumb	Task_RayChasesAwayEnd
0x081D90A8	thumb	ChasesAway_CreateTrioSprites
0x081D9274	thumb	ChasesAway_PushDuoBack
0x081D9338	thumb	SpriteCB_ChasesAway_DuoRingPush
0x081D93D8	thumb	ChasesAway_GroudonStartLeave
0x081D9420	thumb	SpriteCB_ChasesAway_GroudonLeave
0x081D94D4	thumb	ChasesAway_KyogreStartLeave
0x081D9528	thumb	SpriteCB_ChasesAway_KyogreLeave
0x081D961C	thumb	SpriteCB_ChasesAway_Rayquaza
0x081D97E0	thumb	SpriteCB_ChasesAway_RayquazaFloat
0x081D9868	thumb	ChasesAway_SetRayquazaAnim
0x081D98B4	thumb	Task_ChasesAway_AnimateRing
0x081D99BC	thumb	TryBufferWaldaPhrase
0x081D99E4	thumb	DoWaldaNamingScreen
0x081D9A1C	thumb	CB2_HandleGivenWaldaPhrase
0x081D9A98	thumb	GetWaldaPhraseInputCase
0x081D9AC4	thumb	TryGetWallpaperWithWaldaPhrase
0x081D9B40	thumb	GetLetterTableId
0x081D9B68	thumb	TryCalculateWallpaper
0x081D9C90	thumb	RotateWallpaperDataLeft
0x081D9CDC	thumb	MaskWallpaperData
0x081D9D0C	thumb	GetWallpaperDataBit
0x081D9D28	thumb	SetWallpaperDataBit
0x081D9D40	thumb	ClearWallpaperDataBit
0x081D9D5C	thumb	SetWallpaperDataFromLetter
0x081D9DAC	thumb	GetWallpaperDataBits
0x081D9DE4	thumb	Task_LinkContest_StartCommunicationEm
0x081D9F14	thumb	Task_LinkContest_StartCommunicateRngEm
0x081D9F30	thumb	Task_LinkContest_StartCommunicateLeaderIdsEm
0x081D9F4C	thumb	Task_LinkContest_StartCommunicateCategoryEm
0x081D9F68	thumb	Task_LinkContest_SetUpContestEm
0x081DA10C	thumb	Task_LinkContest_CalculateRound1Em
0x081DA138	thumb	Task_LinkContest_CalculateTurnOrderEm
0x081DA160	thumb	Task_LinkContest_CommunicateMonsEm
0x081DA244	thumb	Task_LinkContest_CommunicateRngEm
0x081DA2E8	thumb	Task_LinkContest_CommunicateLeaderIdsEm
0x081DA3B8	thumb	Task_LinkContest_CommunicateCategoryEm
0x081DA488	thumb	Task_LinkContest_CommunicateAIMonsEm
0x081DA57C	thumb	UpdateGymLeaderRematch
0x081DA5D4	thumb	UpdateGymLeaderRematchFromArray
0x081DA6CC	thumb	GetRematchIndex
0x081DA700	thumb	LoadLogoGfx
0x081DA74C	thumb	CreateSlidingLogoCircleSprite
0x081DA848	thumb	SpriteCB_LogoCircleSlide
0x081DA8BC	thumb	CreateSpiralingLogoCircleSprite
0x081DA9BC	thumb	SpriteCB_LogoCircleSpiral
0x081DAA20	thumb	DestroyLogoCirclesGfx
0x081DAA74	thumb	IsLogoCirclesAnimFinished
0x081DAACC	thumb	Circles_Init
0x081DAB4C	thumb	FadeInCenterLogoCircle
0x081DABBC	thumb	WaitForLogoCirclesAnim
0x081DABDC	thumb	Task_FrontierCirclesMeet
0x081DAC14	thumb	CirclesMeet_CreateSprites
0x081DAC80	thumb	CirclesMeet_End
0x081DACB4	thumb	Task_FrontierCirclesCross
0x081DACEC	thumb	CirclesCross_CreateSprites
0x081DAD58	thumb	CirclesCross_End
0x081DAD8C	thumb	Task_FrontierCirclesAsymmetricSpiral
0x081DADC4	thumb	CirclesAsymmetricSpiral_CreateSprites
0x081DAE44	thumb	CirclesAsymmetricSpiral_End
0x081DAE78	thumb	Task_FrontierCirclesSymmetricSpiral
0x081DAEB0	thumb	CirclesSymmetricSpiral_CreateSprites
0x081DAF34	thumb	CirclesSymmetricSpiral_End
0x081DAF68	thumb	Task_FrontierCirclesMeetInSeq
0x081DAFA0	thumb	CirclesMeetInSeq_CreateSprites
0x081DB02C	thumb	CirclesMeetInSeq_End
0x081DB060	thumb	Task_FrontierCirclesCrossInSeq
0x081DB098	thumb	CirclesCrossInSeq_CreateSprites
0x081DB124	thumb	CirclesCrossInSeq_End
0x081DB158	thumb	Task_FrontierCirclesAsymmetricSpiralInSeq
0x081DB190	thumb	CirclesAsymmetricSpiralInSeq_CreateSprites
0x081DB224	thumb	CirclesAsymmetricSpiralInSeq_End
0x081DB258	thumb	Task_FrontierCirclesSymmetricSpiralInSeq
0x081DB290	thumb	CirclesSymmetricSpiralInSeq_CreateSprites
0x081DB328	thumb	CirclesSymmetricSpiralInSeq_End
0x081DB35C	thumb	GetStringCenterAlignXOffset
0x081DB368	thumb	GetStringRightAlignXOffset
0x081DB374	thumb	GetStringCenterAlignXOffsetWithLetterSpacing
0x081DB384	thumb	GetStringWidthDifference
0x081DB3A8	thumb	GetMaxWidthInMenuTable
0x081DB3D8	thumb	GetMaxWidthInSubsetOfMenuTable
0x081DB41C	thumb	Intl_GetListMenuWidth
0x081DB468	thumb	CopyMonCategoryText
0x081DB494	thumb	GetStringClearToWidth
0x081DB4DC	thumb	PadNameString
0x081DB52C	thumb	ConvertInternationalPlayerName
0x081DB554	thumb	ConvertInternationalPlayerNameStripChar
0x081DB5AC	thumb	ConvertInternationalContestantName
0x081DB5E8	thumb	TVShowConvertInternationalString
0x081DB604	thumb	GetNicknameLanguage
0x081DB620	thumb	FillWindowTilesByRow
0x082DED70	thumb	GameCubeMultiBoot_Hash
0x082DED84	thumb	GameCubeMultiBoot_Main
0x082DEE84	thumb	GameCubeMultiBoot_ExecuteProgram
0x082DEE98	thumb	GameCubeMultiBoot_Init
0x082DEEE2	thumb	GameCubeMultiBoot_HandleSerialInterrupt
0x082DF012	thumb	GameCubeMultiBoot_Quit
0x082DF04C	thumb	umul3232H32
0x082DF05C	thumb	SoundMain
0x082DF0E0	thumb	SoundMainRAM
0x082DF49C	arm	SoundMainRAM_Unk1
0x082DF758	arm	SoundMainRAM_Unk2
0x082DF7E4	thumb	SoundMainBTM
0x082DF7FC	thumb	RealClearChain
0x082DF81C	thumb	ply_fine
0x082DF84C	thumb	MPlayJumpTableCopy
0x082DF864	thumb	ldrb_r3_r2
0x082DF866	thumb	chk_adr_r2
0x082DF880	thumb	ld_r3_tp_adr_i
0x082DF88C	thumb	ply_goto
0x082DF8AC	thumb	ply_patt
0x082DF8C8	thumb	ply_pend
0x082DF8DC	thumb	ply_rept
0x082DF90C	thumb	ply_prio
0x082DF918	thumb	ply_tempo
0x082DF92C	thumb	ply_keysh
0x082DF940	thumb	ply_voice
0x082DF970	thumb	ply_vol
0x082DF984	thumb	ply_pan
0x082DF998	thumb	ply_bend
0x082DF9AC	thumb	ply_bendr
0x082DF9C0	thumb	ply_lfodl
0x082DF9CC	thumb	ply_modt
0x082DF9E4	thumb	ply_tune
0x082DF9F8	thumb	ply_port
0x082DFA10	thumb	m4aSoundVSync
0x082DFA5C	thumb	MPlayMain
0x082DFCC4	thumb	TrackStop
0x082DFD08	thumb	ChnVolSetAsm
0x082DFD38	thumb	ply_note
0x082DFF3C	thumb	ply_endtie
0x082DFF7C	thumb	clear_modM
0x082DFF98	thumb	ld_r3_tp_adr_i_unchecked
0x082DFFA4	thumb	ply_lfos
0x082DFFB8	thumb	ply_mod
0x082DFFCC	thumb	MidiKeyToFreq
0x082E0030	thumb	UnusedDummyFunc
0x082E0034	thumb	MPlayContinue
0x082E0050	thumb	MPlayFadeOut
0x082E0070	thumb	m4aSoundInit
0x082E0124	thumb	m4aSoundMain
0x082E0130	thumb	m4aSongNumStart
0x082E015C	thumb	m4aSongNumStartOrChange
0x082E01A8	thumb	m4aSongNumStartOrContinue
0x082E01FC	thumb	m4aSongNumStop
0x082E0230	thumb	m4aSongNumContinue
0x082E0264	thumb	m4aMPlayAllStop
0x082E02A8	thumb	m4aMPlayContinue
0x082E02B4	thumb	m4aMPlayAllContinue
0x082E02F8	thumb	m4aMPlayFadeOut
0x082E0308	thumb	m4aMPlayFadeOutTemporarily
0x082E0328	thumb	m4aMPlayFadeIn
0x082E0350	thumb	m4aMPlayImmInit
0x082E0398	thumb	MPlayExtender
0x082E04B0	thumb	MusicPlayerJumpTableCopy
0x082E04B4	thumb	ClearChain
0x082E04C8	thumb	Clear64byte
0x082E04DC	thumb	SoundInit
0x082E05D4	thumb	SampleFreqSet
0x082E0678	thumb	m4aSoundMode
0x082E0710	thumb	SoundClear
0x082E0764	thumb	m4aSoundVSyncOff
0x082E07E0	thumb	m4aSoundVSyncOn
0x082E081C	thumb	MPlayOpen
0x082E0894	thumb	MPlayStart
0x082E0978	thumb	m4aMPlayStop
0x082E09B8	thumb	FadeOutBody
0x082E0A80	thumb	TrkVolPitSet
0x082E0B34	thumb	MidiKeyToCgbFreq
0x082E0BDC	thumb	CgbOscOff
0x082E0C2C	thumb	CgbModVol
0x082E0CA8	thumb	CgbSound
0x082E10F4	thumb	m4aMPlayTempoControl
0x082E111C	thumb	m4aMPlayVolumeControl
0x082E1184	thumb	m4aMPlayPitchControl
0x082E11F8	thumb	m4aMPlayPanpotControl
0x082E1260	thumb	ClearModM
0x082E1280	thumb	m4aMPlayModDepthSet
0x082E12F4	thumb	m4aMPlayLFOSpeedSet
0x082E1368	thumb	ply_memacc
0x082E14C0	thumb	ply_xcmd
0x082E14E0	thumb	ply_xxx
0x082E14F4	thumb	ply_xwave
0x082E153C	thumb	ply_xtype
0x082E1550	thumb	ply_xatta
0x082E1564	thumb	ply_xdeca
0x082E1578	thumb	ply_xsust
0x082E158C	thumb	ply_xrele
0x082E15A0	thumb	ply_xiecv
0x082E15AC	thumb	ply_xiecl
0x082E15B8	thumb	ply_xleng
0x082E15CC	thumb	ply_xswee
0x082E15E0	thumb	ply_xwait
0x082E1628	thumb	ply_xcmd_0D
0x082E1670	thumb	DummyFunc
0x082E1674	thumb	SetPokemonCryTone
0x082E1744	thumb	SetPokemonCryVolume
0x082E1758	thumb	SetPokemonCryPanpot
0x082E1770	thumb	SetPokemonCryPitch
0x082E17A8	thumb	SetPokemonCryLength
0x082E17B4	thumb	SetPokemonCryRelease
0x082E17C0	thumb	SetPokemonCryProgress
0x082E17CC	thumb	IsPokemonCryPlaying
0x082E17E4	thumb	SetPokemonCryChorus
0x082E1810	thumb	SetPokemonCryStereo
0x082E1850	thumb	SetPokemonCryPriority
0x082E185C	thumb	SwitchFlashBank
0x082E1880	thumb	ReadFlashId
0x082E191C	thumb	FlashTimerIntr
0x082E1944	thumb	SetFlashTimerIntr
0x082E1980	thumb	StartFlashTimer
0x082E1A28	thumb	StopFlashTimer
0x082E1A6C	thumb	ReadFlash1
0x082E1A70	thumb	SetReadFlash1
0x082E1AB0	thumb	ReadFlash_Core
0x082E1AD4	thumb	ReadFlash
0x082E1B70	thumb	VerifyFlashSector_Core
0x082E1BA0	thumb	VerifyFlashSector
0x082E1C38	thumb	VerifyFlashSectorNBytes
0x082E1CD0	thumb	ProgramFlashSectorAndVerify
0x082E1D14	thumb	ProgramFlashSectorAndVerifyNBytes
0x082E1D5C	thumb	IdentifyFlash
0x082E1DFC	thumb	WaitForFlashWrite_Common
0x082E1E9C	thumb	EraseFlashChip_MX
0x082E1F10	thumb	EraseFlashSector_MX
0x082E1FE0	thumb	ProgramFlashByte_MX
0x082E2074	thumb	ProgramByte
0x082E20AC	thumb	ProgramFlashSector_MX
0x082E2150	thumb	SiiRtcUnprotect
0x082E2168	thumb	SiiRtcProtect
0x082E2180	thumb	SiiRtcProbe
0x082E2258	thumb	SiiRtcReset
0x082E22DC	thumb	SiiRtcGetStatus
0x082E23A8	thumb	SiiRtcSetStatus
0x082E2450	thumb	SiiRtcGetDateTime
0x082E2500	thumb	SiiRtcSetDateTime
0x082E259C	thumb	SiiRtcGetTime
0x082E2650	thumb	SiiRtcSetTime
0x082E26EC	thumb	SiiRtcSetAlarm
0x082E2820	thumb	WriteCommand
0x082E28C4	thumb	WriteData
0x082E2964	thumb	ReadData
0x082E29F0	thumb	EnableGpioPortRead
0x082E2A04	thumb	DisableGpioPortRead
0x082E2A18	thumb	STWI_init_all
0x082E2AF0	thumb	STWI_init_timer
0x082E2B2C	thumb	AgbRFU_SoftReset
0x082E2BE0	thumb	STWI_set_MS_mode
0x082E2BF4	thumb	STWI_read_status
0x082E2C54	thumb	STWI_init_Callback_M
0x082E2C60	thumb	STWI_init_Callback_S
0x082E2C6C	thumb	STWI_set_Callback_M
0x082E2C78	thumb	STWI_set_Callback_S
0x082E2C84	thumb	STWI_set_Callback_ID
0x082E2C90	thumb	STWI_poll_CommandEnd
0x082E2CB8	thumb	STWI_send_ResetREQ
0x082E2CDC	thumb	STWI_send_LinkStatusREQ
0x082E2D00	thumb	STWI_send_VersionStatusREQ
0x082E2D24	thumb	STWI_send_SystemStatusREQ
0x082E2D48	thumb	STWI_send_SlotStatusREQ
0x082E2D6C	thumb	STWI_send_ConfigStatusREQ
0x082E2D90	thumb	STWI_send_GameConfigREQ
0x082E2DE8	thumb	STWI_send_SystemConfigREQ
0x082E2E28	thumb	STWI_send_SC_StartREQ
0x082E2E4C	thumb	STWI_send_SC_PollingREQ
0x082E2E70	thumb	STWI_send_SC_EndREQ
0x082E2E94	thumb	STWI_send_SP_StartREQ
0x082E2EB8	thumb	STWI_send_SP_PollingREQ
0x082E2EDC	thumb	STWI_send_SP_EndREQ
0x082E2F00	thumb	STWI_send_CP_StartREQ
0x082E2F30	thumb	STWI_send_CP_PollingREQ
0x082E2F54	thumb	STWI_send_CP_EndREQ
0x082E2F78	thumb	STWI_send_DataTxREQ
0x082E2FC0	thumb	STWI_send_DataTxAndChangeREQ
0x082E3008	thumb	STWI_send_DataRxREQ
0x082E302C	thumb	STWI_send_MS_ChangeREQ
0x082E3050	thumb	STWI_send_DataReadyAndChangeREQ
0x082E30A0	thumb	STWI_send_DisconnectedAndChangeREQ
0x082E30E0	thumb	STWI_send_ResumeRetransmitAndChangeREQ
0x082E3104	thumb	STWI_send_DisconnectREQ
0x082E3134	thumb	STWI_send_TestModeREQ
0x082E316C	thumb	STWI_send_CPR_StartREQ
0x082E31A8	thumb	STWI_send_CPR_PollingREQ
0x082E31CC	thumb	STWI_send_CPR_EndREQ
0x082E31F0	thumb	STWI_send_StopModeREQ
0x082E3214	thumb	STWI_intr_timer
0x082E3278	thumb	STWI_set_timer
0x082E3324	thumb	STWI_stop_timer
0x082E3350	thumb	STWI_init
0x082E3428	thumb	STWI_start_Command
0x082E349C	thumb	STWI_restart_Command
0x082E351C	thumb	STWI_reset_ClockCounter
0x082E3554	arm	IntrSIO32
0x082E35B8	arm	sio32intr_clock_master
0x082E3848	arm	sio32intr_clock_slave
0x082E3C54	arm	handshake_wait
0x082E3CBC	arm	STWI_set_timer_in_RAM
0x082E3DCC	arm	STWI_stop_timer_in_RAM
0x082E3E1C	arm	STWI_init_slave
0x082E3EA8	arm	Callback_Dummy_M
0x082E3EAC	arm	Callback_Dummy_S
0x082E3EB0	arm	Callback_Dummy_ID
0x082E3EB4	thumb	rfu_initializeAPI
0x082E3FDC	thumb	rfu_STC_clearAPIVariables
0x082E4064	thumb	rfu_REQ_PARENT_resumeRetransmitAndChange
0x082E4078	thumb	rfu_UNI_PARENT_getDRAC_ACK
0x082E40C0	thumb	rfu_setTimerInterrupt
0x082E40D4	thumb	rfu_getSTWIRecvBuffer
0x082E40E4	thumb	rfu_setMSCCallback
0x082E40F0	thumb	rfu_setREQCallback
0x082E410C	thumb	rfu_enableREQCallback
0x082E4138	thumb	rfu_STC_REQ_callback
0x082E4178	thumb	rfu_CB_defaultCallback
0x082E41E8	thumb	rfu_waitREQComplete
0x082E41FC	thumb	rfu_REQ_RFUStatus
0x082E4210	thumb	rfu_getRFUStatus
0x082E424C	thumb	rfu_MBOOT_CHILD_inheritanceLinkStatus
0x082E42C4	thumb	rfu_REQ_stopMode
0x082E436C	thumb	rfu_CB_stopMode
0x082E4398	thumb	rfu_REQBN_softReset_and_checkID
0x082E43D4	thumb	rfu_REQ_reset
0x082E43E8	thumb	rfu_CB_reset
0x082E440C	thumb	rfu_REQ_configSystem
0x082E4474	thumb	rfu_REQ_configGameData
0x082E4500	thumb	rfu_CB_configGameData
0x082E459C	thumb	rfu_REQ_startSearchChild
0x082E460C	thumb	rfu_CB_startSearchChild
0x082E4634	thumb	rfu_STC_clearLinkStatus
0x082E4698	thumb	rfu_REQ_pollSearchChild
0x082E46AC	thumb	rfu_REQ_endSearchChild
0x082E46C0	thumb	rfu_CB_pollAndEndSearchChild
0x082E4748	thumb	rfu_STC_readChildList
0x082E4804	thumb	rfu_REQ_startSearchParent
0x082E4818	thumb	rfu_CB_startSearchParent
0x082E483C	thumb	rfu_REQ_pollSearchParent
0x082E4850	thumb	rfu_CB_pollSearchParent
0x082E4874	thumb	rfu_REQ_endSearchParent
0x082E4888	thumb	rfu_STC_readParentCandidateList
0x082E4998	thumb	rfu_REQ_startConnectParent
0x082E4A00	thumb	rfu_REQ_pollConnectParent
0x082E4A14	thumb	rfu_CB_pollConnectParent
0x082E4B34	thumb	rfu_getConnectParentStatus
0x082E4B68	thumb	rfu_REQ_endConnectParent
0x082E4BA0	thumb	rfu_syncVBlank
0x082E4C80	thumb	rfu_REQBN_watchLink
0x082E506C	thumb	rfu_STC_removeLinkData
0x082E512C	thumb	rfu_REQ_disconnect
0x082E51BC	thumb	rfu_CB_disconnect
0x082E529C	thumb	rfu_REQ_CHILD_startConnectRecovery
0x082E52F8	thumb	rfu_REQ_CHILD_pollConnectRecovery
0x082E530C	thumb	rfu_CB_CHILD_pollConnectRecovery
0x082E53B0	thumb	rfu_CHILD_getConnectRecoveryStatus
0x082E53E0	thumb	rfu_REQ_CHILD_endConnectRecovery
0x082E53F4	thumb	rfu_STC_fastCopy
0x082E5424	thumb	rfu_REQ_changeMasterSlave
0x082E5450	thumb	rfu_getMasterSlave
0x082E5488	thumb	rfu_clearAllSlot
0x082E5528	thumb	rfu_STC_releaseFrame
0x082E5594	thumb	rfu_clearSlot
0x082E5750	thumb	rfu_setRecvBuffer
0x082E57B0	thumb	rfu_NI_setSendData
0x082E57DC	thumb	rfu_UNI_setSendData
0x082E5818	thumb	rfu_NI_CHILD_setSendGameName
0x082E584C	thumb	rfu_STC_setSendData_org
0x082E5A54	thumb	rfu_changeSendTarget
0x082E5BBC	thumb	rfu_NI_stopReceivingData
0x082E5C34	thumb	rfu_UNI_changeAndReadySendData
0x082E5CC8	thumb	rfu_UNI_readySendData
0x082E5CF4	thumb	rfu_UNI_clearRecvNewDataFlag
0x082E5D14	thumb	rfu_REQ_sendData
0x082E5E58	thumb	rfu_CB_sendData
0x082E5EF0	thumb	rfu_CB_sendData2
0x082E5F00	thumb	rfu_CB_sendData3
0x082E5F28	thumb	rfu_constructSendLLFrame
0x082E6060	thumb	rfu_STC_NI_constructLLSF
0x082E6220	thumb	rfu_STC_UNI_constructLLSF
0x082E62F4	thumb	rfu_REQ_recvData
0x082E6334	thumb	rfu_CB_recvData
0x082E6420	thumb	rfu_STC_PARENT_analyzeRecvPacket
0x082E64B8	thumb	rfu_STC_CHILD_analyzeRecvPacket
0x082E6510	thumb	rfu_STC_analyzeLLSF
0x082E6754	thumb	rfu_STC_UNI_receive
0x082E6808	thumb	rfu_STC_NI_receive_Sender
0x082E69F4	thumb	rfu_STC_NI_receive_Receiver
0x082E6B70	thumb	rfu_STC_NI_initSlot_asRecvControllData
0x082E6C00	thumb	rfu_STC_NI_initSlot_asRecvDataEntity
0x082E6CB8	thumb	rfu_NI_checkCommFailCounter
0x082E6D54	thumb	rfu_REQ_noise
0x082E6D6C	thumb	AgbRFU_checkID
0x082E6E20	thumb	Sio32IDInit
0x082E6E94	thumb	Sio32IDMain
0x082E6F88	thumb	Sio32IDIntr
0x082E7078	thumb	ArcTan2
0x082E707C	thumb	BgAffineSet
0x082E7080	thumb	CpuFastSet
0x082E7084	thumb	CpuSet
0x082E7088	thumb	Div
0x082E708C	thumb	LZ77UnCompVram
0x082E7090	thumb	LZ77UnCompWram
0x082E7094	thumb	MultiBoot
0x082E709C	thumb	ObjAffineSet
0x082E70A0	thumb	RLUnCompVram
0x082E70A4	thumb	RLUnCompWram
0x082E70A8	thumb	RegisterRamReset
0x082E70AC	thumb	SoftReset
0x082E70C4	thumb	Sqrt
0x082E70C8	thumb	VBlankIntrWait
0x082E70D0	thumb	_call_via_r0
0x082E70D4	thumb	_call_via_r1
0x082E70D8	thumb	_call_via_r2
0x082E70DC	thumb	_call_via_r3
0x082E70E0	thumb	_call_via_r4
0x082E70E4	thumb	_call_via_r5
0x082E70E8	thumb	_call_via_r6
0x082E70EC	thumb	_call_via_r7
0x082E70F0	thumb	_call_via_r8
0x082E70F4	thumb	_call_via_r9
0x082E70F8	thumb	_call_via_sl
0x082E70FC	thumb	_call_via_fp
0x082E7100	thumb	_call_via_ip
0x082E7104	thumb	_call_via_sp
0x082E7108	thumb	_call_via_lr
0x082E710C	thumb	__divdi3
0x082E7540	thumb	__divsi3
0x082E75D4	thumb	__div0
0x082E75D8	thumb	__fixunsdfsi
0x082E761C	thumb	__fixunssfsi
0x082E7650	thumb	__modsi3
0x082E7720	thumb	__muldi3
0x082E7790	thumb	__udivdi3
0x082E7B68	thumb	__udivsi3
0x082E7BE0	thumb	__umodsi3
0x082E7CA0	thumb	__pack_d
0x082E7DE8	thumb	__unpack_d
0x082E7EC0	thumb	_fpadd_parts
0x082E812C	thumb	__adddf3
0x082E815C	thumb	__subdf3
0x082E8194	thumb	__muldf3
0x082E843C	thumb	__divdf3
0x082E85C4	thumb	__fpcmp_parts_d
0x082E86C4	thumb	__cmpdf2
0x082E86F0	thumb	__eqdf2
0x082E873C	thumb	__nedf2
0x082E8788	thumb	__gtdf2
0x082E87D4	thumb	__gedf2
0x082E8820	thumb	__ltdf2
0x082E886C	thumb	__ledf2
0x082E88B8	thumb	__floatsidf
0x082E8934	thumb	__fixdfsi
0x082E89A8	thumb	__negdf2
0x082E89D0	thumb	__make_dp
0x082E89F8	thumb	__truncdfsf2
0x082E8A3C	thumb	__pack_f
0x082E8AF4	thumb	__unpack_f
0x082E8B70	thumb	_fpadd_parts
0x082E8CEC	thumb	__addsf3
0x082E8D18	thumb	__subsf3
0x082E8D4C	thumb	__mulsf3
0x082E8EB0	thumb	__divsf3
0x082E8F9C	thumb	__fpcmp_parts_f
0x082E9080	thumb	__cmpsf2
0x082E90A8	thumb	__eqsf2
0x082E90F0	thumb	__nesf2
0x082E9138	thumb	__gtsf2
0x082E9180	thumb	__gesf2
0x082E91C8	thumb	__ltsf2
0x082E9210	thumb	__lesf2
0x082E9258	thumb	__floatsisf
0x082E92B8	thumb	__fixsfsi
0x082E9320	thumb	__negsf2
0x082E9344	thumb	__make_fp
0x082E935C	thumb	__extendsfdf2
0x082E9388	thumb	__lshrdi3
0x082E93BC	thumb	__negdi2
0x082E93D4	thumb	memcpy
0x082E9434	thumb	memset
0x082E9488	thumb	strcmp
0x082E94E4	thumb	strcpy
